All http domains,All https domains,webRequest,webRequestBlocking,tabs,storage,notifications,cookies,management,contextmenus,security_policy,dynamic_code_gen_functions,whitespace %,avg_line_length,specific_characters,word_size,string_entropy,DOM_operations,DOM_change_sinks,event_handlers,HTTP_scripts,modification_callbacks,XMLHttpRequests,keyword_density,DOM_operations_density,DOM_change_sinks_density,XMLHttpRequests_density,event_handlers_density,modification_callbacks_density,HTTP_scripts_density,num_background_image,num_behavior,num_import_rules,num_external_urls,num_iframe_tags,num_form_tags,num_script_tags,num_inline_event_handlers,num_password_inputs,num_meta_refresh,num_http_urls,num_javascript_urls,num_data_urls,num_external_iframe_src,num_external_script_src,num_script_src_attrs,Extension Name,num_external_form_actions,num_embed_tags,num_object_tags
0,0,0,0,0,1,0,0,0,0,0,11,0.1759022856411993,64.32180224537872,0.0756864347499682,7.571165755117466,3.678515018720781,325,46,15,0,0,7,0.0454016419478017,0.0022991433038335,0.000325417206081,4.952000962103044e-05,0.0001061143063307,0.0,0.0,219,0,0,6,0,0,3,0,0,0,3,0,0,0,0,3,__MSG_8969005060131950570__,,,
0,0,1,1,1,1,0,0,0,0,1,7,0.5167548013413271,43.33064254567732,0.0642422518036784,5.338048681358382,2.968782910331072,190,45,62,0,0,0,0.0570470556358381,0.0068470935889581,0.0016216800605427,0.0,0.002234314750081,0.0,0.0,29,0,0,7,0,1,4,3,0,0,0,0,0,0,0,4,__MSG_extName__,,,
0,0,0,0,1,1,0,1,0,0,0,79,0.3787016254441189,38.370793888836815,0.0805408560792981,4.284979676718026,2.6330933512886947,130,9,78,0,0,1,0.0258625578977219,0.0024369669134876,0.0001687130940106,1.8745899334520572e-05,0.0014621801480926,0.0,0.0,0,0,0,0,0,0,1,0,0,0,0,0,0,0,0,1,__MSG_extensionName__,,,
1,1,1,0,0,1,0,1,0,0,1,454,0.5050446522488317,56.903921128035726,0.0824251289966601,4.165843106566409,2.729570269456921,8007,134,251,0,3,3,0.0504448009715217,0.0131327528264039,0.0002197813012037,4.920476892620433e-06,0.0004116799000159,4.920476892620433e-06,0.0,0,0,0,0,0,0,4,0,0,0,0,0,0,0,0,4,__MSG_Honey_Title__,,,
0,0,1,1,1,1,0,0,0,0,1,60,0.3445022830191467,33.80772791456652,0.088873723987754,5.44760639776248,3.278132685378367,262,4,73,0,1,2,0.0736029396706328,0.0024500406781562,3.740520119322592e-05,1.870260059661296e-05,0.0006826449217763,9.35130029830648e-06,0.0,6,0,0,52,2,0,226,0,0,0,0,0,0,0,0,226,uBlock Origin,,,
0,0,1,1,1,1,1,1,0,0,0,69,0.5966045198263553,57.22101603997633,0.0726790929464314,3.893454145054591,2.523250650570028,667,43,108,0,5,2,0.0505368080707644,0.0049970407329991,0.0003221480532518,1.4983630383805692e-05,0.0008091160407255,3.745907595951424e-05,0.0,31,0,0,0,0,0,9,0,0,0,0,0,0,0,0,9,__MSG_extName__,,,
0,1,0,0,1,1,0,1,0,0,1,210,0.4485181096174763,40.76160317712151,0.0886663203155652,3.812029978786877,2.859925665605405,1859,53,498,0,0,16,0.047096606355334,0.0006672845360129,1.9024249816398043e-05,5.7431697558937485e-06,0.0001787561586521,0.0,0.0,480,15,0,0,0,0,24,0,0,0,0,0,0,0,0,24,__MSG_appName__,,,
0,0,1,0,1,1,0,1,0,0,1,254,0.4301161629577856,45.00315262892776,0.0825178590611997,4.566297807035257,3.117622149259589,1677,55,337,0,2,12,0.052352489802512,0.0145646245505549,0.0004776710496604,0.0001042191381077,0.002926820795192,1.7369856351287976e-05,0.0,90,0,0,0,5,4,67,0,0,0,0,0,0,0,0,67,__MSG_web2pdfExtnName__,,,
0,0,1,0,1,1,0,0,0,0,0,19,0.3868186055640057,39.450737170399776,0.0953005950920675,4.652975632200181,3.282977663885907,542,104,92,0,0,2,0.064007503229574,0.038417918911256,0.0073717039977317,0.0001417635384179,0.0065211227672242,0.0,0.0,14,1,0,13,0,7,2,0,1,0,0,0,0,0,0,2,VT4Browsers + Google TI,,,
0,0,0,0,0,1,0,0,0,0,1,48,0.4688214229589578,16.588284131871827,0.0770897405484924,6.706332000149516,3.166501699459275,43,0,7,0,0,6,0.0428456621687287,0.0004519037760238,0.0,6.305634084054103e-05,7.35657309806312e-05,0.0,0.0,40,0,0,0,0,0,4,0,0,0,0,0,0,0,0,4,Dark Reader,,,
0,1,1,0,1,1,0,0,0,0,0,10,0.4084937277445481,16.196298149074536,0.0934438057113598,5.360108115600527,3.155452019530281,154,2,29,0,1,3,0.089264675306674,0.0154077038519259,0.000200100050025,0.0003001500750375,0.0029014507253626,0.0001000500250125,0.0,1,0,0,0,0,0,8,0,0,0,0,0,0,0,0,8,Video Downloader Professional,,,
0,0,1,0,0,1,0,0,0,0,0,89,0.6514966112868512,58.41618086473648,0.059808685587092,3.688302927201267,2.4616375457415973,1017,28,56,0,0,0,0.0499752784318983,0.0055150946568114,0.0001518413474835,0.0,0.000303682694967,0.0,0.0,1,0,0,0,0,0,1,0,0,0,0,0,0,0,0,1,Avast SafePrice,,,
0,0,1,0,1,1,0,0,0,0,0,36,0.4948960013355211,44.65588193920483,0.072562940073532,4.5587386201895965,2.097507407335524,70,12,20,0,1,1,0.0450593495716625,0.0008951750067138,0.0001534585725795,1.2788214381625894e-05,0.0002557642876325,1.2788214381625894e-05,0.0,0,0,0,0,0,0,4,0,0,0,0,0,0,0,0,4,__MSG_name__,,,
0,0,1,0,0,1,0,0,0,0,0,58,0.4655722489703579,51.21219321148825,0.081347725986186,4.0466582729490685,2.989945425894147,288,7,57,0,1,2,0.0440722416972723,0.0075195822454308,0.0001827676240208,5.2219321148825065e-05,0.0014882506527415,2.6109660574412533e-05,0.0,0,0,0,0,0,0,1,0,0,0,0,0,0,0,0,1,__MSG_name__,,,
0,0,0,0,0,1,0,0,0,0,0,94,0.4546476123435393,42.59756861041549,0.1003657672775291,3.496556900398945,2.86055775094673,1013,142,168,0,0,8,0.0552775711677598,0.0064713548321152,0.0009071395717279,5.110645474523432e-05,0.0010732355496499,0.0,0.0,13,0,0,8,0,0,59,1,0,0,0,0,0,0,0,59,GoFullPage - Full Page Screen Capture,,,
0,0,1,0,1,1,1,0,0,0,1,92,0.5509587805422856,52.64271922474407,0.0634729568597824,3.7652235875176094,2.5286517646561486,1663,80,130,0,1,0,0.0298041574293593,0.0060585085066851,0.0002914495974352,0.0,0.0004736055958322,3.643119967940544e-06,0.0,4,0,0,0,0,0,10,0,0,0,0,0,0,0,0,10,VPN for Chrome: NordVPN proxy protection,,,
0,0,0,0,0,1,0,0,0,0,0,21,0.2297616956771811,110.08964511260444,0.0463325494951249,19.866661673345234,2.9380197804562744,120,35,40,0,0,0,0.0904415344476762,0.0010117958533233,0.0002951071238859,0.0,0.0003372652844411,0.0,0.0,0,0,0,10,0,0,3,0,0,0,0,0,0,0,0,3,__MSG_extensionName__,,,
0,0,1,0,1,1,0,1,0,0,1,113,0.4849970162802455,62.22684459005247,0.0633371050940278,5.598992335953237,2.806921863805748,2431,11,64,0,1,4,0.0580158032749081,0.0187839498064426,8.499524799295313e-05,3.090736290652841e-05,0.0004945178065044,7.726840726632103e-06,0.0,7,0,0,0,0,0,7,0,0,0,0,0,0,0,0,7,__MSG_appNameChrome__,,,
0,0,1,0,1,1,0,0,0,0,1,15,0.3888404953535516,19.526445872466635,0.1051602673464062,4.64738836711155,3.2766361375396933,170,1,30,0,3,0,0.0702339759433185,0.0140056022408963,8.238589553468446e-05,0.0,0.0024715768660405,0.000247157686604,0.0,6,0,0,0,0,0,99,0,0,0,0,0,0,0,0,99,__MSG_name__,,,
1,1,1,0,1,1,0,1,0,0,1,131,0.3092617810067614,81.96022115666895,0.0760114822613924,5.016772547835664,3.465234076902338,653,52,155,0,8,1,0.0305560135293794,0.0039937860847441,0.000318035032782,6.116058322732166e-06,0.0009479890400234,4.892846658185733e-05,0.0,5,0,0,1,0,0,10,0,0,0,0,0,0,0,0,10,Okta Browser Plugin,,,
1,1,0,0,1,1,0,0,0,0,0,47,0.3899320730416146,53.80825730008783,0.0637723733504448,4.940975092644655,3.001807443909013,166,55,27,0,0,1,0.0476488537034603,0.0007439009088138,0.0002464731926792,4.481330775987237e-06,0.0001209959309516,0.0,0.0,73,1,0,0,0,0,1,0,0,0,0,0,0,0,0,1,Avast Online Security & Privacy,,,
0,0,0,0,0,1,1,0,0,0,0,38,0.4337978822831271,20.1099331405176,0.0769448399835052,4.877865026522955,2.5770645445371616,98,2,40,0,0,1,0.0627096209158132,0.0009202569207076,1.8780753483829773e-05,9.390376741914886e-06,0.0003756150696765,0.0,0.0,18,3,0,0,0,0,0,0,0,0,0,0,0,0,0,0,BTRoblox - Making Roblox Better,,,
0,0,0,0,0,1,0,0,0,0,0,14,0.40600783740534,36.04187704187704,0.1013204000490267,4.561442691503516,3.024074613934738,114,8,36,0,0,1,0.0615733700817335,0.0048368619797191,0.0003394289108574,4.2428613857185285e-05,0.0015274300988586,0.0,0.0,19,0,0,2,1,7,56,0,1,0,1,0,0,0,0,56,__MSG_extension_name__,,,
0,1,0,0,0,1,1,1,0,0,1,742,0.5024201897377604,52.281616240532855,0.0744519896002999,4.0940071237703055,2.7389096458101254,6952,201,1810,0,0,23,0.0427629618660019,0.003947257104864,0.0001141252413805,1.3059107222651532e-05,0.0010276949596956,0.0,0.0,496,1,0,0,0,0,5,0,0,0,0,0,0,0,0,5,__MSG_extensionName__,,,
0,0,0,0,0,0,1,0,0,0,0,0,0.0,0.0,0.0,0.0,0.0,0,0,0,0,0,0,0.0,0.0,0.0,0.0,0.0,0.0,0.0,0,0,0,0,0,0,0,0,0,0,0,0,0,0,0,0,Kami - PDF and Document Annotation,,,
0,0,0,0,1,1,0,0,0,0,0,145,0.5431842076902486,52.07993132832245,0.0484490724531011,5.384137797859012,1.6003476053161434,3313,40,126,0,0,1,0.0553120650002333,0.0109169514256622,0.0001318074425072,3.295186062681029e-06,0.0004151934438978,0.0,0.0,4,0,0,0,0,0,3,0,0,0,0,0,0,0,0,2,__MSG_name__,,,
0,0,0,0,1,1,0,0,0,0,0,1,0.4110480274860498,41.83977035490605,0.0668388605960184,5.391391678622669,3.0965875598889534,2,3,22,0,0,0,0.0172166427546628,0.0010438413361169,0.0015657620041753,0.0,0.011482254697286,0.0,0.0,2,0,0,5,0,0,2,0,0,0,0,0,0,0,0,2,__MSG_app_name__,,,
0,0,0,0,0,0,0,0,0,0,0,0,0.0689655172413793,43.0,0.0919540229885057,5.416666666666667,4.305750340868814,1,0,0,0,0,0,0.0,0.5,0.0,0.0,0.0,0.0,0.0,0,0,0,0,0,0,1,0,0,0,0,0,0,0,0,1,__MSG_appName__,,,
1,1,0,0,1,1,1,1,0,0,1,517,0.4861947391829521,45.54255372460653,0.0856211687918272,4.147009276756641,2.8228535695158654,20340,214,868,0,0,2,0.0452981309598341,0.0175741154189102,0.0001848997394123,1.728034947778784e-06,0.0007499671673359,0.0,0.0,429,8,0,7,0,0,5,0,0,0,0,0,1,0,0,5,Grammarly: AI Writing Assistant and Grammar Checker App,,,
0,0,1,0,0,1,0,1,0,0,1,888,0.5121247375836384,51.81551329575221,0.0713285749641902,4.83628576921934,2.6400322521751947,11787,148,802,0,0,60,0.0433179004947916,0.0049376023954513,6.199755277227503e-05,2.513414301578717e-05,0.0003359597116443,0.0,0.0,0,0,0,0,0,0,10,0,0,0,0,0,0,0,0,10,Loom – Screen Recorder & Screen Capture,,,
0,0,1,0,1,1,1,0,0,0,1,32,0.3644333755756367,41.62610096670248,0.1102800207855359,4.722819342149178,2.995183960381397,217,106,56,0,0,0,0.0317443858665655,0.0010134030728996,0.0004950263858403,0.0,0.0002615233736515,0.0,0.0,0,0,0,3,0,0,8,0,0,0,0,0,0,0,0,8,Video DownloadHelper,,,
0,0,0,0,1,1,0,0,0,0,0,94,0.4024457671964266,42.61211976256224,0.0940769816392962,4.136737871158674,2.867001594741014,90,11,56,0,0,0,0.0597827865595092,0.0019569046117718,0.0002391772303276,0.0,0.0012176295362136,0.0,0.0,2,0,0,0,0,0,2,0,0,0,0,0,0,0,0,2,Simplescraper — a fast and free web scraper,,,
1,1,0,0,1,0,0,0,0,0,1,53,0.3934601178036456,35.30422395200014,0.1019784870945059,4.429807819810946,2.806704315589552,165,20,55,0,0,14,0.0715111102691848,0.0014644927086014,0.0001775142677092,0.0001242599873964,0.0004881642362004,0.0,0.0,168,0,0,0,0,0,1,0,0,0,0,0,0,0,0,1,__MSG_appName__,,,
0,0,1,0,1,1,1,1,1,0,1,46,0.393957779393724,40.3797273552077,0.0769732277170564,4.243364805390911,2.971850659070733,392,25,68,0,0,1,0.0426296811774884,0.0045019696117051,0.0002871154089097,1.1484616356390614e-05,0.0007809539122345,0.0,0.0,18,6,0,0,0,0,7,0,0,0,0,0,0,0,0,7,__MSG_app_name_chrome__,,,
0,0,0,0,0,0,0,0,0,0,0,0,0.0618556701030927,48.0,0.0824742268041237,5.6923076923076925,4.405543444877673,1,0,0,0,0,0,0.0,0.5,0.0,0.0,0.0,0.0,0.0,0,0,0,0,0,0,1,0,0,0,0,0,0,0,0,1,__MSG_appName__,,,
1,1,1,0,1,1,0,1,0,0,1,111,0.4698129061421404,49.53228888417082,0.0706362176139171,4.779509145688856,2.654554621015106,684,15,107,0,5,9,0.0586931803796375,0.0016886303825093,3.703136803748562e-05,2.2218820822491373e-05,0.0002641570920007,1.234378934582854e-05,0.0,1,0,0,6,0,0,24,0,0,0,1,0,0,0,0,24,__MSG_manifest_name__,,,
0,0,0,0,0,1,0,0,0,0,1,21,0.5821151462017665,47.951487881423226,0.0751899213279623,3.682329774899044,2.252372051662472,246,3,21,0,0,3,0.0401823197792971,0.0093016221121488,0.0001134344160018,0.0001134344160018,0.0007940409120127,0.0,0.0,0,0,0,0,0,0,1,0,0,0,0,0,0,0,0,1,__MSG_extName__,,,
0,0,1,0,1,1,0,1,0,0,0,219,0.4377075119358102,38.90081190733863,0.0911701440302727,3.741513055957769,2.8243160069594038,960,81,244,0,40,6,0.0468852537622334,0.0022884058869241,0.0001930842467092,1.43025367932759e-05,0.0005816364962598,9.5350245288506e-05,0.0,4,1,0,2,0,1,6,0,0,0,0,0,0,0,0,6,Capital One Shopping: Save Now,,,
0,0,1,0,1,1,0,1,1,0,0,0,0.4037452512117597,33.248642266824085,0.1294910953756627,2.806049643251934,3.185134478122979,21,0,4,0,0,1,0.0905939101597829,0.0049586776859504,0.0,0.0002361275088547,0.0009445100354191,0.0,0.0,0,0,0,7,0,0,2,0,0,0,6,0,0,0,0,2,IDM Integration Module,,,
1,1,1,0,1,1,1,0,0,0,1,124,0.4535558188291348,52.455986528206566,0.0688052562645713,4.936605394886463,2.4433958430091725,533,71,164,0,0,3,0.0597893196409661,0.0011967443165871,0.0001594162222845,6.7358967162503504e-06,0.0003682290204883,0.0,0.0,42,1,0,0,0,0,9,0,0,0,0,0,0,0,0,9,__MSG_extName__,,,
0,0,0,0,0,1,1,0,0,0,1,19,0.4832455562179363,55.36836656214873,0.0680767680669023,3.081084224719876,2.575272794434655,242,17,13,0,0,0,0.0268126774336683,0.0071584925752824,0.0005028693131396,0.0,0.0003845471218126,0.0,0.0,3,0,0,0,0,0,3,0,0,0,0,0,0,0,0,3,__MSG_app_name__,,,
0,0,1,0,0,1,0,0,0,0,1,65,0.4567961761080875,49.47988041017213,0.0621382435775923,5.487545088454761,2.4516485400017407,23,1,12,0,5,0,0.0229588406398844,0.0002010647690814,8.741946481803639e-06,0.0,0.0001049033577816,4.370973240901819e-05,0.0,0,0,7,0,0,0,28,0,0,0,0,0,0,0,0,28,__MSG_extension_name__,,,
0,0,0,0,0,1,0,0,0,0,1,1351,0.4331168028007933,54.55821979006389,0.0971924939293852,3.875011416152462,3.1971327307664708,4106,1020,2093,0,1,39,0.0615570801692634,0.0095290478146546,0.0023671770021791,9.050970890685158e-05,0.004857354378001,2.3207617668423483e-06,0.0,2,0,6,0,1,0,5,0,0,0,0,0,0,0,0,5,__MSG_extName__,,,
0,0,1,0,1,1,1,0,1,0,1,91,0.5929372598205254,47.79689611241941,0.0739268862824357,3.6302843538813288,2.5382507161243466,3055,21,121,0,0,1,0.0355235956267764,0.0196566678248336,0.0001351194842296,6.43426115379171e-06,0.0007785455996087,0.0,0.0,0,0,0,0,0,0,2,0,0,0,0,0,0,0,0,2,SetupVPN - Lifetime Free VPN,,,
0,0,0,0,1,1,0,0,0,0,0,40,0.5220769541883091,36.79168097822353,0.0919287626162788,3.5898609863719786,2.7216360389671026,52,5,44,0,0,2,0.0601058221718926,0.0017860822971766,0.0001717386824208,6.869547296833139e-05,0.0015113004053032,0.0,0.0,0,0,0,0,0,0,1,0,0,0,0,0,0,0,0,1,MyBib: Free Citation Generator,,,
0,0,0,0,0,1,1,0,0,0,0,175,0.4303451841060225,24.543503313166237,0.0793119815776488,5.841849921484044,3.2701562220990703,1935,328,178,0,0,0,0.0412987822388962,0.0232281763180639,0.0039373859598578,0.0,0.0021367521367521,0.0,0.0,71,0,1,16,0,0,3,0,0,0,0,0,0,0,0,3,__MSG_name__,,,
0,0,0,0,0,0,0,0,0,0,0,0,0.0,0.0,0.0,0.0,0.0,0,0,0,0,0,0,0.0,0.0,0.0,0.0,0.0,0.0,0.0,0,0,0,0,0,0,0,0,0,0,0,0,0,0,0,0,Just Black,,,
0,0,0,0,0,0,0,0,0,0,0,0,0.4780714093605184,58.46694209241761,0.0696046486406422,4.489825043458756,2.8864996051078577,6,0,3,0,0,0,0.0340576459373072,8.180962899333252e-05,0.0,0.0,4.090481449666626e-05,0.0,0.0,3,1,0,0,0,0,1,0,0,0,0,0,0,0,0,1,__MSG_EXTENSION_NAME__,,,
0,0,0,0,0,1,0,0,0,0,1,35,0.6802343815163053,41.21671012168575,0.0516906509108963,3.597912107464628,1.7211956134659856,94,21,56,0,0,7,0.0324298876970348,1.8325580053346933e-05,4.094012565109421e-06,1.3646708550364735e-06,1.091736684029179e-05,0.0,0.0,0,0,0,0,0,0,3,0,0,0,0,0,0,0,0,3,__MSG_appName__,,,
0,0,0,0,0,1,0,0,0,0,0,60,0.4484548352246106,32.63143726921668,0.0949737199199737,3.45785851334252,2.9347773424124663,72,10,54,0,0,0,0.0357227339118158,0.0010147419454858,0.0001409363813174,0.0,0.0007610564591143,0.0,0.0,4,0,0,5,0,0,1,0,0,0,0,0,0,0,0,1,7TV,,,
0,0,0,0,0,1,0,0,0,0,0,1,0.3740788659503853,27.35725677830941,0.09062271474377,4.426680783483325,3.151194762815962,45,1,4,0,0,0,0.0174695606140815,0.0717703349282296,0.0015948963317384,0.0,0.0063795853269537,0.0,0.0,0,0,0,0,0,0,1,0,0,0,0,0,0,0,0,1,JSON Formatter,,,
0,0,0,0,0,0,0,0,0,0,0,0,0.0,0.0,0.0,0.0,0.0,0,0,0,0,0,0,0.0,0.0,0.0,0.0,0.0,0.0,0.0,0,0,0,0,0,0,0,0,0,0,0,0,0,0,0,0,Desmos Graphing Calculator,,,
0,0,0,0,1,1,0,0,0,0,0,55,0.4194891340198629,46.423705248522765,0.1077216256825594,3.819099941235155,2.9775159677616614,195,24,27,0,0,1,0.0513714074863679,0.013555787278415,0.0016684045881126,6.951685783802571e-05,0.0018769551616266,0.0,0.0,16,0,0,2,0,0,15,0,0,0,1,0,0,0,0,15,ColorZilla,,,
0,1,0,0,1,1,0,0,0,0,1,3,0.341233427264748,28.59216426071741,0.0160622719083475,3.779975777149778,1.781564951571058,28,2,7,0,0,0,0.0041558811655465,0.0007655293088363,5.468066491688539e-05,0.0,0.000191382327209,0.0,0.0,2,0,0,0,0,0,4,0,0,0,0,0,0,0,0,4,Microsoft Defender Browser Protection,,,
0,0,1,0,0,1,0,0,0,0,1,109,0.453978061583971,45.13240381682715,0.0837345175871898,4.277382002579885,2.7697019254390782,995,36,92,0,3,2,0.0620545005662422,0.0086706461592087,0.0003137118208356,1.7428434490871856e-05,0.0008017079865801,2.6142651736307783e-05,0.0,35,0,0,9,0,0,4,0,0,1,0,0,0,0,0,3,__MSG_extName__,,,
0,0,1,0,0,1,0,0,0,0,1,39,0.3471746802484174,55.130820352803084,0.0906040026222059,5.903968756119653,2.76564197809202,159,50,20,0,0,19,0.0381734071197239,0.0003320843619594,0.0001044290446413,3.968303696370464e-05,4.17716178565312e-05,0.0,0.0,32,2,0,1,1,0,6,0,0,0,0,0,0,1,0,6,__MSG_brandName__,,,
0,0,1,0,1,1,0,1,0,0,0,222,0.5091442221168971,53.275859819181655,0.0801033445298493,3.8130550482054097,2.8325912211443702,1229,32,426,0,0,4,0.0445553468988758,0.0057274676111473,0.0001491285301519,1.8641066268990587e-05,0.0019852735576474,0.0,0.0,15,0,0,0,0,0,4,0,0,0,0,0,0,0,0,4,__MSG_extensionName__,,,
0,0,0,0,1,1,0,0,0,0,1,111,0.5090179259404441,35.61687516710524,0.0822172134376339,3.4964600018578427,2.751202349333686,334,12,100,0,0,0,0.0647942843064794,0.0047000548808803,0.0001688642472172,0.0,0.0014072020601438,0.0,0.0,0,0,0,2,0,0,7,0,0,0,0,0,0,0,0,7,OneTab,,,
0,1,1,0,1,1,0,1,0,0,1,292,0.1871024254166768,100.01046789205664,0.0437260113572842,17.085134297463267,2.777967663145909,1155,196,306,0,3,30,0.051157725804749,0.0040368665527256,0.0006850440210685,0.0001048536766941,0.0010695075022805,1.0485367669417329e-05,0.0,534,4,0,5,0,0,8,0,0,0,0,0,0,0,0,8,__MSG_appName__,,,
0,0,0,0,0,1,0,0,0,0,0,69,0.4275354169545114,68.27624022437563,0.1284574841243575,3.768946046089165,2.518350696641184,231,39,89,0,0,3,0.0315077117390346,0.0034279608826628,0.0005787466425274,4.451897250211465e-05,0.0013207295175627,0.0,0.0,0,0,0,0,0,0,0,0,0,0,0,0,0,0,0,0,WA Web Plus by Elbruz Technologies,,,
0,0,0,0,1,1,0,0,0,0,0,4,0.4088695440433433,36.37153419593346,0.0816643331101235,6.788961920799609,3.0353719290504637,5,12,26,0,0,0,0.0918572437394752,0.000710934167496,0.0017062420019906,0.0,0.0036968576709796,0.0,0.0,0,0,0,0,0,1,3,0,0,0,0,0,0,0,0,3,РуТрекер - официальный плагин (доступ и пр.),,,
1,1,1,0,1,1,0,1,0,0,1,265,0.4094210877612128,66.04263259571479,0.0682622827094503,5.50462960995876,3.1925699367906213,2058,188,472,0,0,11,0.0366672246898934,0.002442115455814,0.0002230892641851,1.3053095244876066e-05,0.0005600964505074,0.0,0.0,41,0,0,6,0,6,19,0,0,0,0,0,0,0,0,19,__MSG_ExtensionName__,,,
0,0,0,0,0,1,0,0,0,0,1,15,0.4989500683463964,59.19983812053794,0.0748621436808456,3.89653322655102,2.627907388787809,196,20,30,0,0,4,0.0314755981005844,0.0040677403287398,0.0004150755437489,8.301510874979246e-05,0.0006226133156234,0.0,0.0,0,0,0,0,0,0,2,0,0,0,0,0,0,0,0,2,__MSG_extensionName__,,,
0,0,1,0,1,1,0,0,0,0,0,176,0.5391443568795734,54.040027048509366,0.0730026699107076,3.616866046936909,2.787149694759732,955,38,179,0,3,3,0.0575912926699177,0.005664764571198,0.0002254042447178,1.779507195140759e-05,0.0010617726264339,1.779507195140759e-05,0.0,58,2,12,0,0,0,7,0,0,0,0,0,0,0,0,7,__MSG_appName__,,,
0,0,0,0,0,0,0,0,0,0,1,0,0.3398902969547948,20.84917355371901,0.0709523359182901,7.1035422343324255,3.7428298427697695,40,4,11,0,0,0,0.059642749016046,0.0206611570247933,0.0020661157024793,0.0,0.0056818181818181,0.0,0.0,0,0,0,6,0,1,1,0,1,0,0,0,0,0,0,1,"Signer.Digital Digital Signature, PKI",,,
1,1,1,0,1,1,0,1,0,0,1,9,0.4641891631686371,28.884004602991944,0.0714830361612816,6.324815837937385,3.20820463440972,43,1,28,0,0,0,0.0248618784530386,0.0098964326812428,0.0002301495972382,0.0,0.0064441887226697,0.0,0.0,0,0,0,9,0,1,10,0,2,0,0,0,0,0,0,10,Wappalyzer - Technology profiler,,,
0,0,1,1,1,1,0,1,0,0,1,31,0.4143667341658434,33.854870016228084,0.0834028714843671,5.532787158594471,3.114481299875709,232,15,51,0,1,6,0.1087050767571893,0.0073821872911827,0.0004772965921023,0.0001909186368409,0.0016228084131479,3.181977280682216e-05,0.0,3,0,0,27,0,0,24,0,0,0,17,6,0,0,0,24,IE Tab,,,
0,0,0,0,1,1,0,1,0,0,0,18,0.3480755060017768,31.040150011030224,0.0709538796339019,6.386695729393719,3.454705674890718,75,0,34,0,0,0,0.0723338984419149,0.0165453342157511,0.0,0.0,0.0075005515111405,0.0,0.0,1,0,10,5,0,13,8,0,0,0,0,0,0,0,0,8,Cookie-Editor,,,
0,0,0,0,0,0,0,0,0,0,0,0,0.4580551066662601,68.7571783055654,0.0366954294600115,17.482047635975828,3.3283177320225867,2,0,0,0,0,0,0.0620334162815499,0.0007089684509039,0.0,0.0,0.0,0.0,0.0,0,0,0,0,0,0,1,0,0,0,0,0,0,0,0,1,WhatFont,,,
0,1,1,0,1,1,0,1,1,0,0,58,0.5315168695494773,60.12592368181878,0.0729752123104505,3.8440662938036794,3.040800074521622,373,12,128,0,0,0,0.0406571772785677,0.0024565655501257,7.903159946785389e-05,0.0,0.0008430037276571,0.0,0.0,4,0,0,4,0,0,1,0,0,0,0,0,0,0,0,1,__MSG_extName__,,,
0,0,1,0,1,1,0,1,1,0,0,210,0.5266685786761909,53.62518731847802,0.0783153769307546,4.040044870784396,2.738924336609664,1569,62,230,0,0,9,0.0500014925506013,0.0038293510360481,0.0001513191613989,2.196568471920533e-05,0.0005613452761574,0.0,0.0,0,0,0,2,0,0,11,0,0,0,0,0,0,0,0,11,__MSG_ADBLOCKER_EXTENSION_NAME__,,,
0,0,0,0,0,0,0,0,0,0,0,0,0.0,0.0,0.0,0.0,0.0,0,0,0,0,0,0,0.0,0.0,0.0,0.0,0.0,0.0,0.0,0,0,0,0,0,0,0,0,0,0,0,0,0,0,0,0,Google Play,,,
0,0,0,0,0,0,0,0,0,0,1,252,0.3292190589698243,49.455686161390354,0.0771813183702033,4.183645962139463,3.0604341372747617,273,43,162,0,0,5,0.0395061636776687,0.0015143866733972,0.0002385297690699,2.7736019659290736e-05,0.000898647036961,0.0,0.0,11,0,0,0,0,0,3,0,0,0,0,0,0,0,0,3,Momentum,,,
0,0,0,0,0,1,0,0,0,0,0,4,0.4202856868948327,40.35579781962339,0.1167433611350781,3.4672096013716245,3.155115527458169,23,16,5,0,0,1,0.0565795113587655,0.0227948463825569,0.0158572844400396,0.0009910802775024,0.0049554013875123,0.0,0.0,6,0,0,0,0,0,1,0,0,0,0,0,0,0,0,1,__MSG_853__,,,
0,0,0,0,1,1,1,0,0,0,0,41,0.3727940411516786,38.24970125473013,0.0947417299538445,4.3725556484760055,2.994730851737314,486,11,58,0,0,1,0.0472826699406297,0.0120991834295956,0.000273849830711,2.4895439155546703e-05,0.0014439354710217,0.0,0.0,0,0,0,0,0,0,2,0,0,0,0,0,0,0,0,2,__MSG_appName__,,,
0,0,0,0,0,1,0,0,0,0,1,151,0.5036156432798131,41.62608498496314,0.0893474459871447,3.7539959862937327,2.8676278415434453,409,20,163,0,0,2,0.0503638677571591,0.0017496652535303,8.555820310661835e-05,8.555820310661836e-06,0.0006972993553189,0.0,0.0,80,0,0,28,3,1,31,0,0,0,1,0,0,0,0,31,__MSG_application_title__,,,
1,1,1,0,0,1,0,1,0,0,1,401,0.5812631494422721,48.851643379702764,0.0780135248988924,3.683406749138553,2.5785385885683016,11510,36,161,0,1,4,0.04052312657812,0.0220663793500099,6.90173463597184e-05,7.668594039968712e-06,0.0003086609101087,1.917148509992178e-06,0.0,8,6,0,0,0,0,8,0,0,0,0,0,0,0,0,8,__MSG_app_name__,,,
0,0,0,0,1,1,0,0,0,0,0,3,0.3082891299184546,25.426778242677823,0.1000712532657746,6.166236003445306,3.883321523216863,0,0,0,0,0,0,0.0422049956933677,0.0,0.0,0.0,0.0,0.0,0.0,0,0,0,0,0,0,0,0,0,0,0,0,0,0,0,0,__MSG_gmailcheck_name__,,,
0,1,0,0,0,1,0,0,0,0,0,95,0.538173037041203,53.58982538616521,0.0822332808424782,4.077983216574433,2.795673669261014,731,20,143,0,0,0,0.0446189607924677,0.0175333397294444,0.0004797083373309,0.0,0.0034299146119159,0.0,0.0,0,0,0,29,1,0,4,0,0,0,0,0,0,0,0,4,__MSG_fullName__,,,
0,1,0,0,0,1,1,0,0,0,1,130,0.5235903470117388,48.29699365372098,0.0657033635184778,5.450137432109647,2.5430176935452184,715,37,298,0,0,12,0.0398676658123067,0.0012119630071599,6.271696680407897e-05,2.0340637882403997e-05,0.0005051258407463,0.0,0.0,55,0,2,0,1,0,3,1,0,0,0,0,0,0,0,3,__MSG_appName__,,,
0,0,1,0,0,1,0,1,0,0,0,35,0.5340750919810275,51.14863615349052,0.0782747462210204,4.604123219924924,2.840764101137411,123,9,22,0,1,2,0.0365250551152952,0.0284327323162274,0.0020804438280166,0.0004623208506703,0.005085529357374,0.0002311604253351,0.0,0,0,0,1,0,0,2,0,0,0,0,0,0,0,0,2,Keepa™ - Amazon Price Tracker,,,
0,0,0,0,1,1,0,1,0,0,1,302,0.4663468596012622,59.81536622951851,0.0762612118928374,4.974635694009559,2.6904962230281564,4335,183,342,0,0,26,0.0509380214461884,0.0090889077585935,0.0003836839953454,5.4512480213018e-05,0.0007170487781866,0.0,0.0,369,0,0,5,0,0,199,0,0,0,0,0,0,0,0,198,__MSG_extName__,,,
0,0,0,0,1,1,0,0,0,0,0,4,0.415732968838236,45.07110125646711,0.1297904153190615,3.230186855670103,3.224173287404018,138,18,17,0,0,0,0.0543116408934707,0.0203991130820399,0.002660753880266,0.0,0.0025129342202512,0.0,0.0,1,0,0,0,0,0,4,0,0,0,0,0,0,0,0,4,__MSG_app_name__,,,
0,0,0,0,0,0,0,0,0,0,0,8,0.4167012330781703,45.74412455934195,0.1320751159545986,3.230550434553595,3.227839602745103,70,15,9,0,0,0,0.0513563339478535,0.0205640423031727,0.004406580493537,0.0,0.0026439482961222,0.0,0.0,0,0,0,0,0,1,3,0,0,0,0,0,0,0,0,3,TypingClub,,,
0,0,0,0,0,1,0,0,0,0,0,1,0.4370997797536365,52.40371426574541,0.062266370950204,4.26919158147609,2.630716265092761,1,0,0,0,0,0,0.043243263114473,9.84380829380224e-07,0.0,0.0,0.0,0.0,0.0,55,354,0,0,0,0,4,0,0,0,0,0,0,0,0,4,__MSG_name__,,,
0,0,1,0,1,1,0,0,0,0,0,229,0.6040625287362482,57.99526675164774,0.0608366789514738,4.420274356794984,2.4662800075371947,624,23,256,0,1,26,0.0496997409777271,0.0030830344173361,0.0001136374865364,0.000128459767389,0.0012648346327532,4.940760284192531e-06,0.0,2,0,0,15,0,0,3,0,0,0,1,0,0,0,0,2,__MSG_name__,,,
0,0,0,0,0,1,1,0,0,0,1,2,0.4766835022484137,61.19011060221644,0.0666878715640207,4.3208729295081305,2.994664667261308,0,0,13,0,0,1,0.0282319371637632,0.0,0.0,1.0983338275835555e-05,0.0001427833975858,0.0,0.0,0,0,0,0,0,0,7,0,0,0,0,0,0,0,0,7,__MSG_appName__,,,
0,0,0,0,0,1,0,0,0,0,1,21,0.4347562344787369,33.29360518573005,0.1038289971546445,3.6388127156686103,2.987899246838537,99,11,31,0,0,1,0.0582221272177604,0.0022756528135343,0.0002528503126149,2.2986392055902903e-05,0.0007125781537329,0.0,0.0,0,0,0,0,0,0,1,0,0,0,0,0,0,0,0,1,The QR Code Generator,,,
0,0,0,0,0,1,0,0,0,0,0,188,0.4541725529297749,55.57386983683475,0.0692229666766065,4.758916145787598,2.6842537311590338,2849,239,1579,0,0,0,0.0483695088170257,0.0075098189102986,0.0006299918285578,0.0,0.0041621635869994,0.0,0.0,1522,1,0,44,0,3,15,0,0,0,0,0,0,0,0,14,__MSG_appName__,,,
0,0,0,0,0,1,0,1,0,0,1,11,0.6597792548193389,62.36614445541364,0.0609982837667578,3.840983746756873,2.1898366664666,101,11,24,0,0,0,0.0460961923269525,0.0002072972745539,2.257693089201454e-05,0.0,4.925875830984991e-05,0.0,0.0,59,3,0,2,0,0,4,0,0,0,0,0,0,0,0,4,vidIQ Vision for YouTube,,,
0,0,0,0,1,1,1,1,0,0,0,205,0.4145605624880006,66.69836415212541,0.0928321365033433,4.211438182229872,3.0333080199352622,1714,463,339,0,0,27,0.0406061891124458,0.0060323650108751,0.0016295128354931,9.50255865190368e-05,0.001193099030739,0.0,0.0,109,0,0,1,0,0,5,0,0,0,0,0,0,0,0,5,__MSG_ExtensionName__,,,
0,0,0,0,0,0,0,0,0,0,0,0,0.0,0.0,0.0,0.0,0.0,0,0,0,0,0,0,0.0,0.0,0.0,0.0,0.0,0.0,0.0,0,0,0,0,0,0,0,0,0,0,0,0,0,0,0,0,__MSG_appName__,,,
0,0,0,0,0,1,0,0,0,0,1,12,0.5838656809910037,49.63036123167356,0.0845001781992159,3.4028348799874704,2.5662314837476883,252,24,25,0,0,0,0.0462430009005834,0.0086121458596767,0.0008202043675882,0.0,0.0008543795495711,0.0,0.0,0,0,0,0,0,0,5,0,0,0,0,0,0,0,0,5,My Doodle,,,
0,0,0,0,0,0,0,0,0,0,0,0,0.0,0.0,0.0,0.0,0.0,0,0,0,0,0,0,0.0,0.0,0.0,0.0,0.0,0.0,0.0,0,0,0,0,0,0,0,0,0,0,0,0,0,0,0,0,Seesaw: The Learning Journal,,,
1,1,1,0,0,1,0,0,0,0,0,39,0.4772981509508455,57.94874996678977,0.0889288711452602,3.989178052996756,2.992204018942779,348,30,42,0,1,2,0.0833455682114187,0.0092457291638991,0.0007970456175775,5.313637450516751e-05,0.0011158638646085,2.656818725258376e-05,0.0,13,0,0,6,0,0,5,0,0,0,0,0,3,0,0,5,__MSG_appName__,,,
0,0,0,0,0,0,0,0,0,0,0,0,0.0,0.0,0.0,0.0,0.0,0,0,0,0,0,0,0.0,0.0,0.0,0.0,0.0,0.0,0.0,0,0,0,0,0,0,0,0,0,0,0,0,0,0,0,0,__MSG_appName__,,,
0,0,1,0,1,1,0,0,0,0,1,115,0.4998788597163395,56.94334222170881,0.0621966058901479,4.076397978109618,2.471900108128997,754,39,247,0,0,1,0.0346227282002758,0.0024194350587049,0.0001251431926916,3.208799812606091e-06,0.0007925735537137,0.0,0.0,2,2,0,0,0,0,34,0,0,0,0,0,0,0,0,34,__MSG_appName__,,,
0,0,1,0,0,1,0,0,1,0,0,7,0.5524591958646098,46.20053920467311,0.0803488045542603,3.404021263737952,2.523048701750828,262,6,14,0,0,0,0.0387172107220042,0.0117726353628398,0.0002696023365535,0.0,0.000629072118625,0.0,0.0,0,0,0,0,0,0,2,0,0,0,0,0,0,0,0,2,__MSG_extName__,,,
0,0,0,0,1,1,0,0,0,0,0,66,0.4806794951602006,43.7840445773308,0.081577277277619,6.059004129888132,2.628745381026809,811,5,543,0,0,1,0.1062143073988578,0.0068887605327534,4.247078010328894e-05,8.494156020657787e-06,0.0046123267192171,0.0,0.0,96,0,0,21,0,1,9,0,0,0,0,0,0,0,0,9,__MSG_extName__,,,
0,0,0,0,1,1,0,0,0,0,0,143,0.1428898204937237,141.4414402796882,0.0724291911253172,2.5400494820518147,3.1339227728147714,201,30,126,0,0,6,0.0089773108573027,0.0028799862448418,0.0004298486932599,8.59697386519945e-05,0.0018053645116918,0.0,0.0,0,0,0,0,0,0,2,0,0,0,0,0,0,0,0,2,__MSG_appName__,,,
0,0,0,0,1,1,0,1,0,0,0,39,0.3222317612535491,38.632801318471614,0.0827663263804191,6.169281277621776,3.538389053552392,1102,40,247,0,0,9,0.0872171680426194,0.0238972980006071,0.0008674155354122,0.0001951684954677,0.0053562909311705,0.0,0.0,17,1,0,20,1,12,135,0,0,0,0,0,0,0,0,106,__MSG_extensionName__,2.0,,
0,0,0,0,1,1,0,0,0,0,1,15,0.339820942495556,29.00017159526397,0.0812165029829147,7.114930388063674,3.3051732872252613,994,1,327,0,0,0,0.0698697583126798,0.0189517435985433,1.906614044119049e-05,0.0,0.0062346279242692,0.0,0.0,12,0,0,17,7,10,11,0,1,0,1,0,0,0,0,11,__MSG_name__,,,
1,1,1,0,1,1,0,0,0,0,1,315,0.2087426861094118,142.12399505161096,0.0622808553273689,10.533643517203837,3.035381509227691,7729,56,622,0,0,9,0.0302298318810377,0.0079613028560362,5.768313623211694e-05,9.270504037304508e-06,0.0006406948345781,0.0,0.0,490,1,0,5,0,1,19,0,0,0,0,0,0,0,0,19,__MSG_artwork_appname__,,,
0,1,0,0,0,0,0,0,0,0,1,306,0.5485485900575009,40.93130961447793,0.0808855844537121,3.876419532841108,3.138864720865243,4966,93,559,0,0,24,0.0512811195571236,0.0051458207045194,9.636756454295352e-05,2.4869048914310585e-05,0.0005792415976291,0.0,0.0,1209,0,0,157,1,34,5,0,40,0,1,0,36,0,0,5,MEGA,,,
0,0,0,0,0,0,0,0,0,0,0,29,0.3957558071756762,41.778833214596695,0.1115673499146017,3.87561603656145,3.128160340421764,135,12,6,0,0,2,0.0727818420558994,0.0106862977914984,0.000949893137022,0.000158315522837,0.000474946568511,0.0,0.0,176,1,0,24,0,0,12,0,0,0,18,0,0,0,0,12,SEO META in 1 CLICK,,,
0,0,0,0,0,0,0,0,0,0,0,0,0.0,0.0,0.0,0.0,0.0,0,0,0,0,0,0,0.0,0.0,0.0,0.0,0.0,0.0,0.0,0,0,0,0,0,0,0,0,0,0,0,0,0,0,0,0,Audiotool,,,
0,0,0,0,0,1,0,0,0,0,0,1,0.2261637669502885,37.61046036502315,0.076091097659061,4.810922492740675,3.176095442978331,167,0,2,0,0,0,0.0331136922046012,0.045491691637156,0.0,0.0,0.0005448106782892,0.0,0.0,0,0,0,2,0,1,1,0,0,0,0,0,0,0,0,1,Lighthouse,,,
0,0,0,0,0,0,0,0,0,0,0,0,0.0,0.0,0.0,0.0,0.0,0,0,0,0,0,0,0.0,0.0,0.0,0.0,0.0,0.0,0.0,0,0,0,0,0,0,0,0,0,0,0,0,0,0,0,0,__MSG_themeName__,,,
0,1,1,0,1,1,0,0,0,0,0,198,0.3569914217893414,41.06513533625613,0.0756325276745178,4.449128204179729,2.81705580264165,1064,111,200,0,0,1,0.033621346025209,0.0047697176721626,0.0004975927270771,4.482817361055076e-06,0.000896563472211,0.0,0.0,13,2,0,0,0,0,2,0,0,0,0,0,0,0,0,2,__MSG_extensionName__,,,
1,1,1,0,1,1,0,0,0,0,0,171,0.5232102443631105,56.53047630161231,0.0775972507438633,4.39904756344712,2.7400320161292657,667,24,77,0,0,18,0.0457890961860837,0.0064861816130851,0.0002333858451484,0.0001750393838613,0.000748779586518,0.0,0.0,94,0,1,5,0,0,28,0,0,0,0,0,0,0,0,28,TrafficLight,,,
0,0,1,0,1,1,0,0,0,0,1,97,0.5023504981631776,43.89016554300003,0.0703911973544115,3.713961941725077,2.657394011487245,139,14,80,0,1,0,0.0460631118577304,0.0021998543981261,0.000221568068876,0.0,0.00126610325072,1.5826290634001204e-05,0.0,26,0,0,0,0,0,7,0,0,0,0,0,0,0,0,7,__MSG_extName__,,,
0,1,0,0,0,1,0,0,0,0,0,39,0.5877582519348223,57.52847321617119,0.0762375146076334,3.39954147561484,2.614483592284292,80,1,19,0,0,3,0.0615028989351623,0.0018770970693822,2.3463713367277507e-05,7.039114010183252e-05,0.0004458105539782,0.0,0.0,3,0,1,0,0,0,5,0,0,0,0,0,0,0,0,5,__MSG_extName__,,,
0,0,1,0,0,1,1,1,1,0,1,1115,0.3805358465193271,68.49676850216055,0.0711565512475344,4.764344596238352,2.87679679320275,1968,74,229,0,0,4,0.0415951559442449,0.0022933962308126,8.62354273781167e-05,4.661374452871173e-06,0.0002668636874268,0.0,0.0,1684,6,0,264,0,0,58,0,0,0,0,9,0,0,0,58,Steam Inventory Helper,,,
0,0,0,0,0,0,0,0,0,0,0,0,0.0,0.0,0.0,0.0,0.0,0,0,0,0,0,0,0.0,0.0,0.0,0.0,0.0,0.0,0.0,0,0,0,0,0,0,0,0,0,0,0,0,0,0,0,0,Slate,,,
0,0,0,0,1,1,0,0,0,0,0,432,0.4526435318622505,48.934219638569445,0.0713852836137149,4.952054006435126,2.630612819218663,1611,40,455,0,0,4,0.0317271874913335,0.0040717806141791,0.0001010994565904,1.0109945659042083e-05,0.001150006318716,0.0,0.0,43,6,0,0,0,0,1,0,0,0,0,0,0,0,0,1,BetterCampus (prev. BetterCanvas),,,
1,1,1,0,1,1,0,0,0,0,1,61,0.3770511706386731,46.36882967506949,0.0943606617705581,4.142384871943943,3.2276725417401737,198,62,76,0,0,4,0.0632930448884673,0.0012652161410907,0.0003961787916546,2.555992204223777e-05,0.0004856385188025,0.0,0.0,1,0,0,0,0,0,5,0,0,0,0,0,0,0,0,5,__MSG_extName__,,,
0,0,0,0,0,1,0,0,0,0,1,36,0.4100809495041322,34.76206441891128,0.1117091569484949,3.642399271741089,2.924291935343194,47,12,83,0,0,0,0.043273561736063,0.0008852891316632,0.0002260312676586,0.0,0.0015633829346392,0.0,0.0,3,0,1,0,0,0,5,0,0,0,0,0,0,0,0,5,Clear Cache,,,
0,0,1,0,0,1,0,0,0,0,1,33,0.4135514610370264,60.394055444412686,0.0797470296616734,4.803656546733243,2.797214425576142,263,40,230,0,2,2,0.0461213636603993,0.003006573306659,0.0004572735067162,2.286367533581023e-05,0.0026293226636181,2.286367533581023e-05,0.0,13,0,0,0,0,0,5,0,0,0,0,0,0,0,0,5,__MSG_1678__,,,
0,0,0,0,0,1,0,0,0,0,0,11,0.6138796718580122,54.07258942457232,0.0742421247334905,3.340736354638009,2.6579978579121124,37,3,8,0,0,2,0.0512408088235294,0.0014385692068429,0.0001166407465007,7.776049766718506e-05,0.0003110419906687,0.0,0.0,0,0,2,0,0,0,4,0,0,0,0,0,0,0,0,4,WebCRX,,,
0,0,0,0,0,1,0,0,0,0,0,35,0.4084730050484103,36.15203287197232,0.098252630077698,4.51750878099959,3.0553276439435653,126,14,18,0,0,3,0.0782459288092812,0.0068122837370242,0.0007569204152249,0.0001621972318339,0.0009731833910034,0.0,0.0,19,0,0,9,2,3,10,0,0,0,1,0,0,2,0,10,InsertLearning,,,
0,0,0,0,0,1,0,0,0,0,1,13,0.3368367215491398,57.3937974118697,0.0673938721728175,5.836848085377244,3.3534954203449696,213,4,103,0,0,0,0.0312966609359849,0.0067890610059284,0.0001274941033977,0.0,0.0032829731624912,0.0,0.0,1,0,0,4,0,0,4,0,0,0,0,0,0,0,0,4,Ruffle - Flash Emulator,,,
0,0,0,0,0,1,0,0,0,0,1,8,0.5380678328231556,49.581371610845295,0.0978721364778946,3.2279312646416,2.802184931538094,97,13,17,0,0,2,0.0542737112120299,0.0061881977671451,0.0008293460925039,0.000127591706539,0.0010845295055821,0.0,0.0,0,0,0,0,0,0,4,0,0,0,0,0,0,0,0,4,__MSG_appName__,,,
0,0,0,0,1,1,0,0,0,0,1,59,0.5109911300590714,39.42982844221599,0.0960444187654839,3.57386640418234,2.9278527516703274,1271,25,53,0,0,0,0.0600633779121447,0.0124956987661603,0.0002457847908371,0.0,0.0005210637565747,0.0,0.0,0,0,0,1,0,0,3,0,0,0,0,0,0,0,0,3,Session Buddy - Tab & Bookmark Manager,,,
0,0,0,0,0,1,0,0,0,0,0,42,0.4830988137790964,55.71088336211343,0.0869907192657981,3.9128155153817,2.96602340978602,402,53,67,0,0,3,0.0819871482531869,0.0090152721401179,0.0011885806552891,6.727815029938777e-05,0.0015025453566863,0.0,0.0,5,1,0,0,0,0,6,0,0,0,0,0,0,0,0,6,__MSG_name__,,,
0,0,0,0,0,0,0,1,0,0,0,0,0.5087175513366912,24.323529411764707,0.091824874079814,4.128571428571429,2.6615538656721025,0,0,1,0,0,0,0.0285714285714285,0.0,0.0,0.0,0.0098039215686274,0.0,0.0,0,0,0,0,0,0,0,0,0,0,0,0,0,0,0,0,__MSG_store_title__,,,
0,0,1,0,1,1,1,1,0,0,1,0,0.3810067752956632,51.13919444995587,0.1133720070428033,3.5497363112045752,2.8442958680713333,0,0,0,0,0,0,0.0587029645510656,0.0,0.0,0.0,0.0,0.0,0.0,0,0,0,3,0,0,3,0,0,0,0,0,0,0,0,3,__MSG_appName__,,,
0,0,0,0,0,0,0,0,0,0,0,462,0.547601685128339,57.63302617616589,0.0670595494802575,4.245143825142013,2.49722991425415,1385,39,222,0,0,5,0.0776621905203806,0.0058090033260213,0.0001635748228987,2.097113114087148e-05,0.0009311182226546,0.0,0.0,9,0,0,0,0,0,0,0,0,0,0,0,0,0,0,0,FrankerFaceZ,,,
0,0,1,0,1,1,1,1,0,0,1,78,0.3285488201884403,49.6585112896575,0.0663319949424314,6.220335334010247,3.330286065323471,172,52,42,0,0,1,0.0352761137796501,0.002149220907421,0.0006497644603831,1.2495470391982906e-05,0.0005248097564632,0.0,0.0,0,0,0,0,0,0,5,0,0,0,0,0,0,0,0,5,__MSG_app_name_title__,,,
0,0,0,0,0,1,0,0,0,0,1,300,0.4550302642952993,37.19827450980392,0.099068878500992,3.9419955398461313,2.8898044924590582,2198,125,344,0,0,8,0.0545465775384554,0.0078360071301247,0.0004456327985739,2.85204991087344e-05,0.0012263814616755,0.0,0.0,0,0,0,2,0,0,3,0,0,0,0,0,0,0,0,3,__MSG_appName__,,,
0,0,0,0,0,1,1,0,0,0,0,253,0.40722468774595,50.38331418679097,0.0619871279499243,6.624365602275489,1.9031831814162912,5661,186,109,0,0,11,0.0632062457712292,0.0069405705220078,0.0002280420627262,1.3486358548328366e-05,0.0001336375528879,0.0,0.0,0,0,0,0,2,0,35,0,0,0,0,0,0,0,0,35,Postman,,,
0,0,0,0,0,0,0,0,0,0,0,0,0.3537021455616323,37.97540983606557,0.1290492217080353,3.693755346449957,3.163743729913554,1,0,0,0,0,0,0.0701454234388366,0.0040983606557377,0.0,0.0,0.0,0.0,0.0,0,0,0,0,0,0,0,0,0,0,0,0,0,0,0,0,__MSG_gaoptout_name__,,,
0,0,0,0,0,0,0,0,0,0,0,0,0.0,0.0,0.0,0.0,0.0,0,0,0,0,0,0,0.0,0.0,0.0,0.0,0.0,0.0,0.0,0,0,0,0,0,0,0,0,0,0,0,0,0,0,0,0,__MSG_application_title__,,,
0,0,0,0,0,0,1,0,0,0,0,0,0.0,0.0,0.0,0.0,0.0,0,0,0,0,0,0,0.0,0.0,0.0,0.0,0.0,0.0,0.0,0,0,0,0,0,0,0,0,0,0,0,0,0,0,0,0,__MSG_appName__,,,
1,1,0,0,1,1,0,1,0,0,1,4,0.6493262441274932,42.27769661553445,0.06861901144963,2.741925455110712,2.057689274912469,51,1,5,0,0,0,0.0165463401153753,0.006208911614317,0.0001217433649866,0.0,0.000608716824933,0.0,0.0,39,0,0,14,0,0,12,0,0,0,0,0,0,0,0,12,__MSG_extName__,,,
1,1,1,0,0,1,0,0,0,0,1,197,0.4912802447336203,58.65695564675868,0.0717955853422262,3.9996600177973294,3.077856814877996,604,221,223,0,0,10,0.0281372227297318,0.0015951743335393,0.0005836647809804,2.641017108508829e-05,0.0005889468151974,0.0,0.0,48,17,0,0,0,0,14,0,0,0,0,0,0,0,0,14,Proton Pass: Free Password Manager,,,
0,0,1,0,1,0,0,0,0,0,1,133,0.5290424688526159,41.97956005531493,0.0793142913459815,4.608304811707082,2.576766882509104,348,63,48,0,0,15,0.0703212823189336,0.0014451647197086,0.0002616246475334,6.229158274606213e-05,0.0001993330647873,0.0,0.0,0,0,0,0,0,0,22,0,0,0,0,0,0,0,0,22,OneNote Web Clipper,,,
1,1,0,0,0,1,0,0,0,0,0,175,0.3861062345580496,31.26201152271957,0.0968826199648888,4.591734135556947,3.227032191260279,355,41,61,0,0,1,0.075644571866987,0.0046273364790531,0.000534424776454,1.3034750645220155e-05,0.0007951197893584,0.0,0.0,28,0,1,32,1,0,29,0,0,0,0,0,0,0,0,29,Keywords Everywhere - Keyword Tool,,,
1,1,1,0,1,1,0,0,0,0,1,3547,0.5442717214071551,49.63013385144578,0.0566226192236877,4.467065350920019,2.4063266489029966,32277,51,298,0,0,9,0.0249242413011052,0.0208067959713061,3.287624607418944e-05,5.8016904836804895e-06,0.0001921004182374,0.0,0.0,0,0,0,2,0,0,1,0,0,0,0,0,0,0,0,1,__MSG_name__,,,
0,0,0,0,1,1,1,0,0,0,0,106,0.4717878944457571,41.23289323624879,0.0940178485650262,3.7120619077279566,3.0146912354512017,373,17,99,0,0,1,0.0593829220591137,0.0040902710764102,0.0001864198613913,1.0965874199491184e-05,0.0010856215457496,0.0,0.0,4,0,2,2,0,0,4,0,0,1,0,0,0,0,0,4,Auto Refresh Plus | Page Monitor,,,
1,1,1,0,1,1,1,0,1,0,0,23,0.3303685726642167,56.82577088421383,0.0795002248825016,3.7738640866860673,3.0162665738782133,48,2,20,0,1,2,0.0146524911836875,0.0006855477955353,2.8564491480640416e-05,2.8564491480640416e-05,0.0002856449148064,1.4282245740320208e-05,0.0,0,0,0,0,0,0,4,0,0,0,0,0,0,0,0,4,__MSG_appName__,,,
0,0,1,0,1,1,0,1,0,0,1,14,0.3701786895611524,20.92395833333333,0.1162341056201869,3.94631961573413,3.3896143728840555,89,9,11,0,1,0,0.0629624821498117,0.0071314102564102,0.0007211538461538,0.0,0.0008814102564102,8.012820512820513e-05,0.0,36,0,0,0,0,0,12,0,0,0,0,0,0,0,0,12,__MSG_name__,,,
0,0,0,0,0,1,0,0,0,0,0,13,0.5383492681693668,35.24740496814375,0.0888506180715063,3.251542012172705,3.055651065430759,23,1,18,0,0,0,0.0412564846207262,0.001646502970864,7.158708568974158e-05,0.0,0.0012885675424153,0.0,0.0,16,0,0,0,0,0,2,0,0,0,0,0,0,0,0,2,Eye Dropper,,,
0,0,1,0,1,1,0,0,0,0,1,92,0.5747326159593065,52.48798487657688,0.0752442411159715,3.7291680656750494,2.582824931486533,726,15,95,0,4,8,0.0667662760635261,0.0065983204275275,0.000136328934453,7.270876504162576e-05,0.0008634165848693,3.635438252081288e-05,0.0,0,0,0,1,0,0,3,0,0,0,0,0,0,0,0,3,__MSG_name__,,,
0,0,0,0,0,0,0,0,0,0,0,0,0.0,0.0,0.0,0.0,0.0,0,0,0,0,0,0,0.0,0.0,0.0,0.0,0.0,0.0,0.0,0,0,0,0,0,0,0,0,0,0,0,0,0,0,0,0,Pixlr Editor,,,
0,0,0,0,0,1,0,0,0,0,0,22,0.3727857073358778,25.90599111935847,0.0998003549518992,4.367874349366166,3.303363113822624,147,9,87,0,0,5,0.1245458376519094,0.0048710981509709,0.000298230499039,0.0001656836105772,0.002882894824044,0.0,0.0,0,0,0,2,1,3,30,1,0,0,0,0,0,1,0,30,Boxel Rebound,,,
0,0,0,0,0,1,0,0,0,0,0,327,0.3290530666014176,64.66469579954934,0.0816025032385582,6.5467508287148615,2.957930238781004,562,134,221,0,0,8,0.0577751289837041,0.002705929934711,0.0006451861410165,3.8518575583074935e-05,0.0010640756504824,0.0,0.0,2,0,1,0,0,0,11,0,0,0,0,0,0,0,0,11,__MSG_name__,,,
0,0,1,0,0,1,0,0,0,0,0,116,0.4561066414689353,33.06510296205318,0.0973557365888102,3.6524956901195993,2.8147117243162283,573,17,140,0,0,3,0.0434198003088747,0.0045698881852838,0.0001355813248688,2.3926116153318552e-05,0.0011165520871548,0.0,0.0,0,0,0,1,0,0,2,0,0,0,0,0,0,0,1,2,Grass Lite Node,,,
0,0,0,0,0,0,0,0,0,0,0,0,0.0,0.0,0.0,0.0,0.0,0,0,0,0,0,0,0.0,0.0,0.0,0.0,0.0,0.0,0.0,0,0,0,0,0,0,0,0,0,0,0,0,0,0,0,0,__MSG_appName__,,,
0,0,1,0,1,1,0,0,0,0,0,17,0.4921180202819512,45.787158640817175,0.0877466181895952,3.5421649116544707,2.881401343122929,40,20,29,0,2,1,0.0439273603426735,0.0041692724619553,0.0020846362309776,0.0001042318115488,0.0030227225349176,0.0002084636230977,0.0,0,0,0,0,0,0,1,0,0,0,0,0,0,0,0,1,__MSG_manifest_name__,,,
0,0,1,0,1,1,0,0,1,0,1,60,0.5161137452537794,41.60933721648575,0.0869551529271018,3.7615024759818354,2.822808690388364,147,3,55,0,1,0,0.049437484311175,0.0025946518400847,5.295207836907599e-05,0.0,0.000970788103433,1.7650692789691997e-05,0.0,0,2,0,0,0,0,3,0,0,0,0,0,0,0,0,3,__MSG_extName__,,,
0,0,0,0,0,1,0,1,0,0,1,0,0.5153070035513291,55.7229460007072,0.0910831277067407,3.768864205919195,2.246656417897355,0,0,0,0,0,0,0.0612085887055393,0.0,0.0,0.0,0.0,0.0,0.0,60,0,4,5,0,0,4,0,0,0,0,0,0,0,0,4,Méliuz: Cashback e cupons em suas compras,,,
0,1,0,0,0,1,1,0,0,0,0,148,0.5293982044122235,55.23822772820717,0.0496211505005712,6.587512063185697,2.9908785519019623,236,21,79,0,0,0,0.0668983009955302,0.0012700599511349,0.0001130138092111,0.0,0.0004251471870324,0.0,0.0,3,0,0,0,0,0,0,0,0,0,0,0,0,0,0,0,Roblox+,,,
0,0,0,0,0,1,0,0,0,0,0,5,0.3401584181522979,46.18464021264477,0.1000786658592182,4.239184381778742,3.317969992648773,70,2,14,0,0,0,0.1096399132321041,0.0066451490411999,0.0001898614011771,0.0,0.0013290298082399,0.0,0.0,0,0,0,0,0,0,1,0,0,0,0,0,0,0,0,1,Page Marker - Draw on Web,,,
0,0,0,0,0,1,0,0,0,0,1,20,0.5372325605082244,49.0687823997977,0.0895217844759882,3.400010556689422,2.806087346300875,600,4,12,0,0,1,0.0371595467661341,0.025287646984448,0.0001685843132296,4.21460783074135e-05,0.0005057529396889,0.0,0.0,0,0,0,2,0,0,1,0,0,0,0,0,0,0,0,1,"Tasks for Canvas – now supporting Blackboard, D2L Brightspace",,,
0,1,1,0,1,1,0,0,0,0,1,23,0.407914310002608,43.12016460543883,0.0728750206550281,6.292119342153611,3.1543289076441057,58,21,29,0,0,2,0.0461813690105462,0.0002547255990443,9.222823413674372e-05,8.783641346356545e-06,0.0001273627995221,0.0,0.0,33,0,0,2,0,0,2,0,0,0,0,0,0,0,0,2,Reddit Enhancement Suite,,,
0,1,0,0,0,0,0,0,0,0,0,1,0.4487828285192641,35.083192567567565,0.0763236739853003,5.4529379682521455,3.0622871796190294,76,9,8,0,0,0,0.0657634124637598,0.0064189189189189,0.0007601351351351,0.0,0.0006756756756756,0.0,0.0,0,0,0,2,0,0,1,0,0,0,0,0,0,0,0,1,Jitsi Meetings,,,
0,1,1,0,0,1,0,0,0,0,0,4,0.3569601364314645,35.02495201535508,0.119750586228949,4.138318670576735,3.555457064499797,35,0,12,0,0,0,0.0239491691104594,0.0671785028790787,0.0,0.0,0.0230326295585412,0.0,0.0,0,0,0,7,0,0,3,0,0,0,0,0,0,0,0,3,Unhook - Remove YouTube Recommended & Shorts,,,
0,0,0,0,1,1,0,0,0,0,1,77,0.4612285426978195,51.41544136838992,0.0937579572160309,3.9622447304709407,2.9065885759205927,470,63,54,0,0,5,0.0517172988277777,0.0081783222258957,0.0010962431919817,8.700342793506064e-05,0.0009396370216986,0.0,0.0,4,1,0,4,0,0,2,1,0,0,0,0,0,0,0,2,NaturalReader - AI Text to Speech,,,
0,0,0,0,0,0,0,0,0,0,0,0,0.0,0.0,0.0,0.0,0.0,0,0,0,0,0,0,0.0,0.0,0.0,0.0,0.0,0.0,0.0,0,0,0,0,0,0,0,0,0,0,0,0,0,0,0,0,__MSG_extensionName__,,,
1,1,0,0,1,1,0,0,0,0,1,228,0.4197258442853748,30.67431207053434,0.1165540196674879,3.3810466711579927,3.324017726309419,535,122,318,0,0,9,0.0780216026158761,0.0004196605064164,9.569828370619058e-05,7.059709453735371e-06,0.0002494430673653,0.0,0.0,0,1,0,0,0,0,4,0,0,0,0,0,0,0,0,4,__MSG_appName__,,,
0,0,0,0,0,1,0,0,0,0,0,33,0.3911710505461023,39.21836221542644,0.0964305906502096,4.0150653216975405,2.960041436752072,308,9,80,0,0,0,0.0388818901961023,0.004186204553177,0.0001223241590214,0.0,0.001087325857968,0.0,0.0,1,0,0,0,0,0,2,0,0,0,0,0,0,0,0,2,LibKey Nomad,,,
1,1,1,0,1,1,0,0,1,0,0,9,0.5893140000667866,34.65764133360944,0.0726805089138322,3.346248234463277,2.532688227802985,20,1,3,0,0,0,0.0267390536723163,0.000517705529095,2.5885276454752537e-05,0.0,7.765582936425761e-05,0.0,0.0,0,0,0,0,0,0,3,0,0,0,0,0,0,0,0,3,__MSG_appName__,,,
0,0,0,0,0,1,0,0,0,0,0,114,0.3669263343693366,27.207956577428888,0.1016114923377271,4.437217877631029,3.0075297862750223,313,37,125,0,0,4,0.0386517069559913,0.0013231371454901,0.0001564091833326,1.690910090083235e-05,0.000528409403151,0.0,0.0,0,0,0,4,4,0,2,0,0,0,0,0,0,4,0,2,__MSG_name__,,,
0,0,1,0,1,1,1,0,0,0,0,116,0.5751286620334889,49.19344734773599,0.0733918135592818,4.294101848915696,2.5079924087248293,148,0,440,0,4,4,0.0596804359221604,0.0017626182026058,0.0,4.763832980015721e-05,0.0052402162780172,4.763832980015721e-05,0.0,0,0,1,1,0,0,6,0,0,0,0,0,0,0,0,6,__MSG_mainName__,,,
0,0,0,0,0,0,0,0,0,0,0,0,0.0,0.0,0.0,0.0,0.0,0,0,0,0,0,0,0.0,0.0,0.0,0.0,0.0,0.0,0.0,0,0,0,0,0,0,0,0,0,0,0,0,0,0,0,0,Morpheon Dark,,,
0,0,1,0,0,1,0,0,0,0,0,89,0.6514710274075531,58.3920436995009,0.0597987789728433,3.691774418711894,2.46319370947932,1034,28,56,0,0,0,0.0499979737538236,0.0056033338210509,0.0001517343781329,0.0,0.0003034687562658,0.0,0.0,1,0,0,0,0,0,1,0,0,0,0,0,0,0,0,1,AVG SafePrice,,,
0,0,0,0,0,1,1,1,0,0,1,2,0.4257638486794764,24.312521179261267,0.1157294759072638,3.4415546378467035,3.0233186458049324,98,10,19,0,0,0,0.0545060480918489,0.0083022704168078,0.0008471704506946,0.0,0.0016096238563198,0.0,0.0,0,0,0,0,0,0,5,0,0,0,0,0,1,0,0,5,__MSG_screenshotplugin_name__,,,
1,1,0,0,0,1,1,0,0,0,1,1808,0.3659304586710469,51.89154436587907,0.0949726079434949,3.686984572464517,3.241713047474765,19798,1915,999,0,0,74,0.0485903788741497,0.0034947537211854,0.0003380368408965,1.306252022263477e-05,0.0001763440230055,0.0,0.0,191,31,0,0,7,0,62,0,0,2,0,0,0,0,0,61,__MSG_wallet_intro_product_name__,,,
0,0,0,0,0,0,0,0,1,0,0,718,0.2734931438412691,86.58595118062829,0.0468994892203377,4.166749887719422,2.9604140977986435,965,117,150,0,0,0,0.0245541680857213,0.0040916009819842,0.0004960801190592,0.0,0.00063600015264,0.0,0.0,86,6,6,1,2,0,2,0,0,0,0,0,0,1,0,2,Boomerang for Gmail,,,
0,1,0,0,0,1,0,0,0,0,0,396,0.3178672990738755,59.96150290417806,0.0654276854209918,6.154626587122085,2.9021942605283,2126,116,272,0,0,2,0.0398644669574197,0.0067774781150577,0.0003697965481404,6.375802554146503e-06,0.0008671091473639,0.0,0.0,1382,1,5,320,7,2,14,2,0,0,20,0,0,1,0,0,TubeBuddy for YouTube™,,,
0,1,0,0,0,1,0,0,0,0,0,44,0.4531742570839352,36.03398099083186,0.1016620788022494,3.852331371661385,3.046182655028248,12,4,49,0,0,0,0.07324581258488,0.0010093363613424,0.0003364454537808,0.0,0.0041214568088148,0.0,0.0,2,0,0,0,0,0,2,0,0,0,0,0,0,0,0,2,Repeek (formerly FACEIT Enhancer),,,
0,0,0,0,0,0,0,0,0,0,0,0,0.0,0.0,0.0,0.0,0.0,0,0,0,0,0,0,0.0,0.0,0.0,0.0,0.0,0.0,0.0,0,0,0,0,0,0,0,0,0,0,0,0,0,0,0,0,Socrative Student,,,
0,0,0,0,0,0,0,0,0,0,0,0,0.0,0.0,0.0,0.0,0.0,0,0,0,0,0,0,0.0,0.0,0.0,0.0,0.0,0.0,0.0,0,0,0,0,0,0,0,0,0,0,0,0,0,0,0,0,OneDrive,,,
0,0,0,0,0,0,0,0,0,0,1,170,0.3916863080969531,44.953365260193664,0.0944886899375098,3.929422137375818,2.884426139542817,655,61,163,0,0,0,0.0548955677522261,0.0016783381633599,0.0001563032488014,0.0,0.0004176627795842,0.0,0.0,4,1,1,6,0,0,2,0,0,0,0,0,0,0,0,2,Vue.js devtools,,,
0,0,0,0,1,1,0,0,0,0,1,53,0.338213374018816,84.6283605804507,0.0934492986309953,5.661933428268775,3.15193302937206,817,0,10,0,0,0,0.0227246028003403,0.0021563669571735,0.0,0.0,2.6393720406040997e-05,0.0,0.0,0,0,0,2,0,0,12,0,0,0,0,0,0,0,0,12,"Helium 10 for Amazon Sellers, Influencers, and Walmart Sellers",,,
0,1,0,0,1,1,0,1,0,0,1,164,0.4942208798810892,50.19480485644313,0.0729026042315185,4.184912656543505,2.73371768110603,1043,40,332,0,0,14,0.0518820946384261,0.0030193551375355,0.0001157950196562,4.05282568796716e-05,0.0009610986631464,0.0,0.0,21,0,3,0,0,0,2,0,0,0,0,0,0,0,0,2,Wordtune: AI Paraphrasing and Grammar Tool,,,
0,0,0,0,0,1,0,0,0,0,1,55,0.3766703334970889,36.27479504902749,0.098056028833434,3.875372318307126,2.7340189918425075,346,14,195,0,0,3,0.0612650351912029,0.0046348389862294,0.000187536837593,4.018646519852114e-05,0.0026121202379038,0.0,0.0,1,1,0,0,0,0,1,0,0,0,0,0,0,0,0,1,YouTube Summary with ChatGPT & Claude,,,
1,1,0,0,1,1,0,0,0,0,0,271,0.3921758098515369,20.357892674832627,0.0943987370626888,5.84234249592559,3.208714194767305,1722,130,484,0,0,54,0.0854091798673003,0.0198425959001186,0.0014979892375234,0.0006222416832789,0.0055771291612412,0.0,0.0,18,0,0,31,0,0,128,1,0,0,0,6,0,0,0,128,__MSG_extName__,,,
0,0,0,0,0,1,1,1,0,0,0,99,0.3386623465570834,29.909287059182734,0.0782924371740161,5.123212307262516,3.3798170347862944,348,38,128,0,1,0,0.0584125129761492,0.0035418044883212,0.0003867487659661,0.0,0.0013027326853595,1.017759910437128e-05,0.0,2,1,0,42,2,0,48,0,0,0,0,1,0,0,0,48,Checker Plus for Gmail™,,,
0,0,1,0,0,0,0,0,0,0,1,83,0.4497714011278676,45.67493096899722,0.0906787174899354,4.100158871955623,2.986377777201886,496,26,194,0,0,1,0.0812573886157812,0.0057787978702333,0.0003029208561009,1.165080215772856e-05,0.0022602556185993,0.0,0.0,41,0,0,1,0,1,7,0,0,0,0,0,0,0,0,7,Instant Data Scraper,,,
0,0,0,0,1,1,0,0,0,0,1,40,0.2834167382988503,33.76187037371367,0.0825540357702126,6.234591603376718,2.878233488137403,313,1,68,0,0,2,0.0512436827691352,0.0282541975085755,9.026900162484202e-05,0.0001805380032496,0.0061382921104892,0.0,0.0,3,0,0,9,0,0,27,0,0,0,7,0,0,0,0,27,__MSG_extName__,,,
0,0,0,0,0,1,0,0,0,0,1,60,0.3077718737040207,94.9907268494568,0.0643651827258281,5.283154975325997,2.987907568651532,407,80,107,0,0,3,0.0290058811587699,0.0052638385928608,0.0010346611484738,3.879979306777031e-05,0.0013838592860838,0.0,0.0,9,0,0,0,1,0,5,0,0,0,0,0,0,0,0,5,__MSG_app_name__,,,
0,0,0,0,1,1,0,1,0,0,1,933,0.5199463599339788,55.31407382989563,0.0797738354998951,4.833821849732571,2.39784913918464,2552,203,1204,0,0,4,0.0235905983215668,0.001233494995935,9.8118920131199e-05,1.93337773657535e-06,0.0005819466987091,0.0,0.0,29,0,0,0,0,0,6,0,0,0,0,0,0,0,0,6,HubSpot Sales,,,
0,0,0,0,1,1,0,1,0,0,1,93,0.3179733566280847,49.86516638184297,0.0973894765532702,4.0201077138400265,2.9547645362456847,789,23,181,0,0,7,0.0423841937492678,0.0075750302425161,0.0002208183720885,6.720559150521324e-05,0.001737744580349,0.0,0.0,17,1,0,0,1,0,17,0,0,0,0,0,0,0,0,17,"Scribe: AI Documentation, SOPs & Screenshots",,,
0,0,1,0,0,1,0,0,1,0,1,34,0.4303154423398432,42.01387451791929,0.097530279687324,3.773304639407437,3.114799461843943,89,11,19,0,0,1,0.076632801161103,0.0041858715078543,0.0005173549054651,4.703226413319537e-05,0.0008936130185307,0.0,0.0,4,1,0,0,0,0,1,0,0,0,0,0,0,0,0,1,TunnelBear VPN,,,
0,0,0,0,1,1,0,0,0,0,1,47,0.4464427675513241,52.195793036678566,0.0751235891402364,5.2956591474476085,3.029475449129741,172,26,57,0,0,0,0.0462829385287799,0.0002557966951661,3.866694229256301e-05,0.0,8.476983502600352e-05,0.0,0.0,2,10,0,0,0,0,2,0,0,0,0,0,0,0,0,2,Slush — A Sui wallet,,,
0,1,0,0,1,1,0,0,0,0,0,16,0.4284765456535922,46.04839139737395,0.0925429332861518,4.015413754119389,2.9169103429052896,80,2,4,0,0,4,0.0450666777006437,0.0005202676777201,1.3006691943004676e-05,2.6013383886009352e-05,2.6013383886009352e-05,0.0,0.0,12,0,0,0,0,0,1,0,0,0,0,0,0,0,0,1,Brisk Teaching – AI Assistant for Teachers,,,
1,1,1,0,0,1,0,0,0,0,1,33,0.4254919122637471,35.11571502057613,0.0978234008444888,3.825002624534145,3.161870943775732,319,6,30,0,0,0,0.0464411316991234,0.008204732510288,0.0001543209876543,0.0,0.0007716049382716,0.0,0.0,0,0,1,0,0,0,1,0,0,0,0,0,0,0,0,1,__MSG_extensionName__,,,
0,0,0,0,1,1,1,0,0,0,1,104,0.4320140155752264,37.87817347883412,0.0928151236022712,3.971668498149689,2.974655604348973,577,22,143,0,0,13,0.0558876188324381,0.0040466238393132,0.0001542906836479,9.117176761017755e-05,0.0010028894437119,0.0,0.0,0,0,0,0,0,0,14,0,0,0,0,0,0,0,0,14,WeVideo Screen & Webcam Recorder,,,
0,0,0,0,0,1,0,0,0,0,0,1,0.5202105457258044,30.99040111540112,0.0681407102565607,3.55394070117776,3.02366232720074,18,8,6,0,0,0,0.0255067104902766,0.0009652509652509,0.0004290004290004,0.0,0.0003217503217503,0.0,0.0,17,1,0,0,0,0,1,0,0,0,0,0,0,0,0,1,QR Code Generator,,,
0,0,0,0,0,0,1,0,0,0,1,0,0.0,0.0,0.0,0.0,0.0,0,0,0,0,0,0,0.0,0.0,0.0,0.0,0.0,0.0,0.0,0,0,0,0,0,0,0,0,0,0,0,0,0,0,0,0,BIODIGITAL HUMAN,,,
1,1,0,0,0,1,0,0,0,0,1,344,0.3897982966224831,70.60668761785041,0.0800455885755987,4.570338783831724,2.820258752087621,1627,316,634,0,0,0,0.0548978263068587,0.0034087575948041,0.0006620574062434,0.0,0.0013283050492352,0.0,0.0,0,0,0,0,0,0,8,0,0,0,0,0,0,0,0,8,__MSG_appName__,,,
0,0,1,0,1,1,0,1,0,0,0,42,0.4862997662030087,51.59997870528109,0.0709798219364328,3.739169006362866,2.5744100587441068,2826,6,62,0,3,1,0.0336318176532154,0.0501490630323679,0.0001064735945485,1.7745599091425327e-05,0.0011002271436683,5.323679727427598e-05,0.0,0,0,0,2,0,0,1,0,0,0,0,0,0,0,0,1,Postman Interceptor,,,
0,0,0,0,0,1,0,0,0,0,0,24,0.5523356334548352,52.71043895241608,0.0833855567936569,3.569172651178845,2.57652199619722,110,14,32,0,0,0,0.0373548615971696,0.0050719291774253,0.000645518258945,0.0,0.00147547030616,0.0,0.0,0,0,0,0,0,0,1,0,0,0,0,0,0,0,0,1,__MSG_ext_name__,,,
0,0,0,0,1,1,1,0,0,0,1,536,0.4907713955179235,54.767739760985336,0.0692800356274305,5.7038392264997935,2.7303286143287653,2354,123,682,0,0,4,0.0383388328084527,0.0022668836609111,0.0001184480417553,3.851968837572104e-06,0.000656760686806,0.0,0.0,150,1,0,0,2,0,14,0,0,0,0,0,0,0,0,14,Apollo.io: Free B2B Phone Number & Email Finder,,,
1,1,0,0,1,1,1,0,0,0,1,200,0.3479375379343076,36.9905322371859,0.0692762383587583,4.104088201622671,2.7404702069408,2209,196,379,0,0,1,0.0362928952715085,0.0075448369611623,0.0006694377747341,3.415498850684637e-06,0.0012944740644094,0.0,0.0,54,0,1,9,0,0,17,0,0,0,0,0,0,0,0,17,__MSG_ext_name__,,,
0,0,0,0,0,0,0,0,0,0,0,0,0.0,0.0,0.0,0.0,0.0,0,0,0,0,0,0,0.0,0.0,0.0,0.0,0.0,0.0,0.0,0,0,0,0,0,0,0,0,0,0,0,0,0,0,0,0,Rose,,,
0,0,0,0,0,0,0,0,0,0,1,9,0.3561453424539644,38.73215210858978,0.098172396617056,6.567229436520543,3.2878049740801822,48,8,22,0,0,6,0.0927833363355003,0.0024867889337892,0.0004144648222982,0.0003108486167236,0.00113977826132,0.0,0.0,2,0,0,0,0,0,1,0,0,0,0,0,0,0,0,1,__MSG_appName__,,,
0,1,1,0,0,1,0,1,0,0,0,27,0.1479464863876543,186.14524249630077,0.0537527586960024,12.760622497072642,2.8376875732403115,61,30,19,0,0,2,0.0237586162286203,0.0002883765346595,0.0001418245252424,9.45496834949345e-06,8.982219932018778e-05,0.0,0.0,0,0,0,0,0,0,1,0,0,0,0,0,0,0,0,1,Keyword Surfer,,,
0,0,0,0,0,0,0,1,0,0,1,138,0.5010525315584488,45.04554909907711,0.0749143711227335,4.098434084382277,2.9995431614150974,2744,22,146,0,0,6,0.0545165330780624,0.0267981835050539,0.0002148542409297,5.8596611162654426e-05,0.0014258508716245,0.0,0.0,2,1,0,1,0,0,3,0,0,0,0,0,0,0,0,3,__MSG_ext_name_production__,,,
1,1,1,0,1,1,0,0,0,0,0,274,0.4482512120751322,62.90319086945164,0.0734913977159771,4.523307131860913,3.1174093236657416,1213,125,367,0,0,9,0.0529296339807935,0.0024373580886933,0.0002511704543171,1.808427271083248e-05,0.000737436453875,0.0,0.0,1,0,0,0,0,0,62,0,0,0,0,0,0,0,0,62,Solflare Wallet,,,
0,1,0,0,0,1,0,0,0,0,1,4,0.3536321648823984,41.31518300948938,0.0929866246629468,3.42048482201354,3.37571451402658,11,4,18,0,0,0,0.0502729853679842,0.0024853140533212,0.0009037505648441,0.0,0.0040668775417984,0.0,0.0,1,0,0,1,0,0,1,0,0,0,1,0,0,0,0,1,Earth View from Google Earth,,,
1,1,1,0,1,1,0,0,0,0,1,165,0.1826208959524683,100.54960613994672,0.059546472047035,18.46533775883529,2.964430844604004,1158,55,118,0,6,2,0.0837244262922232,0.013012551831084,0.0006180400265195,2.247418278252857e-05,0.0013259767841691,6.742254834758571e-05,0.0,622,3,1,15,0,0,162,0,0,0,0,0,0,0,0,162,__MSG_appName__,,,
0,0,0,0,1,1,0,0,0,0,1,15,0.496538907914053,59.90204364392103,0.0759199380939179,3.996746663141176,2.660211765217181,167,15,88,0,0,2,0.0637714767576684,0.0016527289821366,0.0001484487109703,1.9793161462714636e-05,0.0008708991043594,0.0,0.0,6,0,0,44,2,0,5,0,1,0,0,0,4,0,0,5,Glasp Web Highlighter: PDF & Web Highlight,,,
0,0,0,0,0,1,0,0,0,0,0,77,0.4846133482613932,52.4879190618533,0.0642880989447671,5.853832714405053,2.76547858744822,1125,37,226,0,0,1,0.0534352367739503,0.0051736031271556,0.0001701540584042,4.598758335249483e-06,0.0010393193837663,0.0,0.0,1,0,0,0,0,0,193,0,0,0,0,0,0,0,0,193,Calendly: Meeting Scheduling Software,,,
0,0,0,0,0,1,0,0,0,0,0,8,0.4383587037587891,50.55945765725717,0.1065514758819294,3.1883486797320053,3.0490777495719223,17,2,2,0,0,0,0.0397692665973988,0.003778617470549,0.0004445432318292,0.0,0.0004445432318292,0.0,0.0,0,0,0,0,0,0,1,0,0,0,0,0,0,0,0,1,__MSG_appName__,,,
0,0,0,0,0,1,0,0,0,0,0,11,0.5083101841838491,46.613772723202295,0.1017778922958,3.3501922287335297,2.7029983613007635,244,13,17,0,0,0,0.043932663954313,0.0218500940270439,0.0011641443538998,0.0,0.0015223426166383,0.0,0.0,0,0,1,0,0,0,4,0,0,0,0,0,0,0,0,4,Color Picker for Chrome™,,,
1,1,0,0,1,1,0,1,0,0,1,90,0.4910916095390451,53.02371235294587,0.0858220456663208,4.176739879974763,2.9308417383196272,343,39,83,0,0,4,0.0683234520352069,0.0027394196902778,0.0003114792067662,3.194658530936275e-05,0.0006628916451692,0.0,0.0,0,0,0,0,0,0,6,0,0,0,0,0,0,0,0,6,Eno® from Capital One®,,,
0,0,0,0,0,1,0,0,0,0,0,27,0.3560496153711929,36.707142857142856,0.0768509793950633,5.72124669542229,3.2948472697005453,60,15,21,0,0,1,0.041742034228468,0.0056390977443609,0.0014097744360902,9.398496240601504e-05,0.0019736842105263,0.0,0.0,3,0,0,0,0,0,8,0,0,0,0,0,1,0,0,7,__MSG_extName__,,,
0,0,0,0,0,1,1,0,0,0,0,144,0.3896180587056388,60.84719624579182,0.0766425565021842,4.266810415900356,3.191060277946914,350,90,236,0,0,39,0.0796007153638335,0.0059509640561771,0.0015302479001598,0.0006631074234025,0.0040126500493079,0.0,0.0,267,0,0,14,0,1,22,0,0,0,8,0,0,0,0,22,Videostream for Google Chromecast™,,,
0,0,0,0,0,1,0,0,0,0,0,10,0.4022925932393151,39.62267037552156,0.1144002656888222,3.812898986105896,3.1091522888432817,118,11,37,0,0,0,0.0718800851170359,0.0164116828929068,0.0015299026425591,0.0,0.0051460361613351,0.0,0.0,18,0,0,0,0,0,4,0,0,0,0,0,0,0,0,4,__MSG_appName__,,,
1,1,0,0,1,1,0,0,0,0,1,39,0.2645789019430212,117.21941736989837,0.0627504653980332,5.536111248306428,2.8039072420123468,2014,285,264,0,0,0,0.0361334561813754,0.0091473107633053,0.0012944307683922,0.0,0.0011990516591423,0.0,0.0,14,0,278,3,0,0,23,0,0,0,0,0,0,0,0,23,__MSG_res_PRODUCT_NAME_TRADEMARKED__,,,
0,0,0,0,0,1,0,1,0,0,1,259,0.4518182016184097,41.0391028185788,0.0945185201431526,3.85699275859189,2.781322876209692,5988,234,235,0,0,18,0.046222104906072,0.0127802891572436,0.0004994301374073,3.8417702877485945e-05,0.0005015644542338,0.0,0.0,0,0,0,0,0,0,4,0,0,0,0,0,0,0,0,4,__MSG_appName__,,,
0,0,1,0,1,1,1,0,0,0,0,115,0.4753248577126259,21.87267555842676,0.0729414399951042,4.994634265209684,2.898846661781065,231,73,29,0,1,4,0.0697688863830742,0.0010363252176955,0.0003274967138172,1.7945025414642245e-05,0.0001301014342561,4.486256353660561e-06,0.0,343,0,6,1,0,2,52,0,0,0,0,0,0,0,0,51,__MSG_manifest_ext_name__,,,
0,0,0,0,1,1,0,0,0,0,1,7,0.4213807074957145,31.516981359715267,0.1110536001840349,3.451003839133992,3.042250766938376,108,5,23,0,0,0,0.0406727924979545,0.0065150509742414,0.0003016227302889,0.0,0.0013874645593291,0.0,0.0,0,0,0,0,0,0,2,0,0,0,0,0,0,0,0,2,__MSG_appName__,,,
0,0,1,0,1,1,0,1,0,0,0,510,0.4341891463487231,77.09076872234564,0.0579150615460674,7.505259127257665,2.7692238725066947,1481,228,311,0,0,18,0.0463959271612227,0.0027190776066241,0.0004186020893384,3.304753336882883e-05,0.0005709879376503,0.0,0.0,0,0,0,2,0,0,5,0,0,0,0,0,0,0,0,5,__MSG_appName__,,,
0,0,1,0,1,1,0,1,1,0,1,136,0.4128617723392201,43.14463533176584,0.0860760820602987,4.342406323104916,2.866922555430958,751,22,44,0,26,1,0.0439262213223524,0.0056414840633709,0.0001652631816167,7.51196280076021e-06,0.0003305263632334,0.0001953110328197,0.0,14,0,0,0,0,0,11,0,0,0,0,0,0,0,0,11,Push Security,,,
0,0,0,0,0,0,0,0,0,0,0,7,0.1735420969001046,37.36483998867176,0.0840535418016192,4.925286121495996,3.6315416527923423,10,4,47,0,0,0,0.1034477819317319,0.0007080147267063,0.0002832058906825,0.0,0.0033276692155196,0.0,0.0,13,1,1,0,0,0,4,0,0,0,0,0,0,0,0,4,__MSG_AppName__,,,
0,0,1,0,1,1,0,1,0,0,0,189,0.3799706541687251,26.46667481629382,0.0938898458181695,5.238716278767602,3.2745306296553083,193,18,37,0,6,0,0.0662054105558352,0.0026214634013827,0.0002444888146367,0.0,0.0005025603411977,8.149627154557679e-05,0.0,75,0,0,26,2,7,16,1,7,0,0,0,0,0,0,16,Smarty,,,
0,0,0,0,0,0,0,0,0,0,0,5,0.2228067335707348,36.69554606467358,0.1136937520233085,4.487439673307759,3.724420032025834,95,19,22,0,0,1,0.1524563791609949,0.0579621720561317,0.0115924344112263,0.0006101281269066,0.0134228187919463,0.0,0.0,16,0,0,0,0,0,2,0,0,0,0,0,0,0,0,2,__MSG_appname__,,,
0,0,0,0,0,1,1,0,0,0,0,35,0.4135282557637924,21.7430452603122,0.0904107750563198,4.99406541043968,3.185473242298269,192,9,76,0,0,1,0.0726445743989603,0.0083718496555332,0.0003924304526031,4.360338362256911e-05,0.0033138571553152,0.0,0.0,1,0,0,14,0,0,22,0,0,0,0,2,0,0,0,22,__MSG_appName__,,,
1,1,0,0,0,1,0,0,0,0,0,23,0.5510639723636694,47.06145615177487,0.0878886725172452,3.6572047396241576,2.7096590335795163,394,26,33,0,0,0,0.0625858330913449,0.0034670280354094,0.0002287886520828,0.0,0.0002903855968743,0.0,0.0,31,0,0,0,0,0,2,0,0,0,0,0,0,0,0,2,__MSG_extName__,,,
1,1,0,0,1,1,0,0,0,0,1,26,0.4435768141998589,53.69943175342332,0.0845091636478373,3.557576465809148,2.711517450276961,127,38,40,0,0,1,0.0457918416066375,0.0020678313821905,0.0006187212009704,1.628213686764251e-05,0.0006512854747057,0.0,0.0,0,0,0,0,0,0,1,0,0,0,0,0,0,0,0,1,Fonts Ninja,,,
1,1,1,0,1,1,0,0,0,0,0,141,0.5222704326386485,50.19896494362639,0.0741517038485341,4.132465402896149,2.381436173663084,3170,46,113,0,0,4,0.0460944589196775,0.0195305280019715,0.000283408292773,2.464419937157292e-05,0.0006961986322469,0.0,0.0,0,0,0,0,0,0,0,0,0,0,0,0,0,0,0,0,__MSG_extName__,,,
1,1,0,0,1,1,0,1,0,0,0,232,0.4570452512375256,45.84818542451826,0.0850975667086713,3.887678931026615,2.890333984517381,6625,115,421,0,0,8,0.0428845467080659,0.0193101960750022,0.0003351958563962,2.3317972618870653e-05,0.001227108309068,0.0,0.0,25,0,0,4,0,0,4,0,0,0,0,0,0,0,0,4,wanteeed,,,
0,0,1,1,1,1,1,1,0,0,0,68,0.5964505449427856,57.16816949177866,0.0725440072989532,3.8921336265241,2.5189233899039296,671,40,111,0,5,2,0.0502784904750843,0.0050127372832607,0.0002988218946802,1.494109473401116e-05,0.0008292307577376,3.73527368350279e-05,0.0,31,0,0,0,0,0,9,0,0,0,0,0,0,0,0,9,__MSG_extNameBeta__,,,
1,1,0,0,1,1,0,0,0,0,1,103,0.4299373761168842,22.189703123698084,0.0348183235382459,3.535505734923708,2.382800904596828,572,62,64,0,0,2,0.0135481587876517,0.0012881229211565,0.0001396217152302,4.503926297750064e-06,0.000144125641528,0.0,0.0,92,1,2,0,0,0,2,0,0,0,0,0,0,0,0,2,FantasyPros: Win your Fantasy League,,,
0,1,0,0,0,1,0,0,0,0,0,25,0.4752885336100043,21.37212525510981,0.0664343828992309,5.731362107623318,3.218581951732365,164,23,29,0,0,0,0.0776251868460388,0.0024977915867068,0.0003503000395991,0.0,0.0004416826586249,0.0,0.0,12,0,0,8,0,1,27,0,0,0,0,0,0,0,0,27,__MSG_appName__,,,
0,0,1,0,1,1,0,1,0,0,1,1584,0.4324236318442225,65.45475715796665,0.0808468036292171,2.9042178214663426,2.918817846842039,715,2435,619,0,0,87,0.0508588107967995,0.000334615636612,0.0011395651400705,4.0715469070283326e-05,0.0002896882224655,0.0,0.0,20,8,7,0,0,0,1,0,0,0,0,0,0,0,0,1,Cuponomia - Cupom e Cashback,,,
0,0,0,0,0,1,0,0,0,0,0,21,0.4243117084195782,40.35911002577669,0.1136562691693264,3.737892690040712,3.071448421582219,149,16,27,0,0,2,0.0651394543355411,0.0202143535476868,0.0021706688373355,0.0002713336046669,0.0036630036630036,0.0,0.0,0,0,0,2,0,0,0,0,0,0,0,0,0,0,0,0,Ripple Tool,,,
0,0,1,1,1,1,1,1,1,0,1,85,0.43895993285464,43.59271846722461,0.1013023545017146,3.6374361618192848,2.9210172203339293,385,36,90,0,1,1,0.0663034097350199,0.0054519449990795,0.0005097922596541,1.4160896101505304e-05,0.0012744806491354,1.4160896101505304e-05,0.0,0,0,0,0,1,0,1,4,0,0,0,0,0,0,0,1,Guardio Protection for Chrome,,,
0,0,0,0,1,1,0,0,0,0,0,152,0.3270694688053566,39.5414920528853,0.0812293864299574,5.716247093469975,3.117662636950256,277,80,61,0,0,34,0.0567702310864565,0.0026442651902057,0.0007636866975323,0.0003245668464512,0.0005823111068684,0.0,0.0,7,0,0,0,0,0,10,0,0,0,0,0,0,0,0,10,Beyond 20,,,
0,0,0,0,0,0,0,0,0,0,0,0,0.0,0.0,0.0,0.0,0.0,0,0,0,0,0,0,0.0,0.0,0.0,0.0,0.0,0.0,0.0,0,0,0,0,0,0,0,0,0,0,0,0,0,0,0,0,TweetDeck by Twitter,,,
0,1,0,0,1,1,0,0,0,0,0,9,0.446353405426141,40.070530043966784,0.0917733611474978,4.645481645515714,2.890023760665952,82,12,6,0,0,0,0.0779661016949152,0.0050073277967757,0.0007327796775769,0.0,0.0003663898387884,0.0,0.0,36,0,0,17,0,1,10,0,0,0,0,0,0,0,0,10,__MSG_extension_name__,,,
0,0,1,0,0,1,1,0,1,0,1,121,0.5111073479928657,44.80699525417677,0.061140365133328,5.786632801300738,2.0462294526023066,1568,34,83,0,1,3,0.0603380764087318,0.004665486409688,0.0001011648838835,8.926313283841886e-06,0.0002469613341862,2.9754377612806284e-06,0.0,0,0,0,0,0,0,9,0,0,0,0,0,0,0,0,9,__MSG_name__,,,
0,0,0,0,0,1,0,0,0,0,0,1,0.3042141135400216,30.835978835978835,0.1241792037237137,6.28798411122145,3.49539029438206,3,0,0,0,0,0,0.0377358490566037,0.0079365079365079,0.0,0.0,0.0,0.0,0.0,0,0,0,0,0,0,1,0,0,0,0,0,0,0,0,1,__MSG_appName__,,,
0,1,0,0,0,1,0,1,0,0,1,148,0.4772254148669154,44.066923419485725,0.0926547090716247,3.8062567207574456,2.842349836437265,404,20,118,0,0,2,0.0455793808098255,0.0033317389368124,0.0001649375711293,1.6493757112932755e-05,0.000973131669663,0.0,0.0,5,1,0,0,0,0,5,0,0,0,0,0,0,0,0,5,__MSG_extensionNameRegular__,,,
0,0,0,0,0,1,1,0,0,0,1,150,0.3476703353063393,43.7443345908677,0.0821783427564282,5.013845720736732,3.2246180492646688,525,54,215,0,0,3,0.0992717418195364,0.0068297125016261,0.0007024847144529,3.90269285807207e-05,0.0027969298816183,0.0,0.0,16,0,1,90,0,1,10,0,0,0,0,0,0,0,0,10,__MSG_nassh_product_name__,,,
0,0,0,0,0,1,0,0,0,0,0,20,0.2910834157519715,107.36189797819296,0.0616835245647992,4.792424055474669,2.9554995192230487,46,3,9,0,0,2,0.0374848851269649,0.0025204098405566,0.0001643745548189,0.0001095830365459,0.0004931236644567,0.0,0.0,120,0,0,4,0,0,1,0,0,0,0,0,0,0,0,1,Emoji Keyboard by JoyPixels®,,,
0,0,0,0,0,1,0,0,0,0,1,3,0.4363340113290904,42.4643536121673,0.1140727861251448,3.457165377604808,3.172222457608815,79,9,11,0,0,1,0.0570964086900832,0.0187737642585551,0.0021387832699619,0.0002376425855513,0.0026140684410646,0.0,0.0,0,0,0,4,0,0,4,0,0,0,0,0,0,0,0,4,Unpaywall,,,
0,0,0,0,0,1,0,0,0,0,0,10,0.2696818997386421,60.17363576488731,0.067503852090239,5.2623877695844,2.8107767179108905,175,6,26,0,0,0,0.0131359723550646,0.0014055999100416,4.81919969157122e-05,0.0,0.0002088319866347,0.0,0.0,2,1,0,0,0,0,9,0,0,0,0,0,0,0,0,9,__MSG_extName__,,,
0,0,0,0,0,1,0,0,0,0,0,72,0.3430810133074067,52.968983940695466,0.0892057599559613,2.9919930538678603,3.341176995540566,223,19,203,0,0,2,0.0279830255338144,0.0003132084057832,2.6685917981533344e-05,2.8090439980561416e-06,0.0002851179658026,0.0,0.0,0,0,0,10,0,0,12,0,0,0,0,0,0,0,0,12,__MSG_extName__,,,
0,0,1,1,1,1,1,1,0,0,0,128,0.6103306866765553,39.47465595444362,0.0659320194572899,3.0822974983829186,2.270005852419504,96,1,13,0,4,10,0.027217950719641,0.0010594506307042,1.1035944069835452e-05,0.0001103594406983,0.0001434672729078,4.414377627934181e-05,0.0,0,0,0,0,0,0,8,0,0,0,0,0,0,0,0,8,__MSG_extName__,,,
0,1,0,0,0,1,0,1,0,0,1,380,0.3636589014972849,63.15612909794339,0.0901864927842377,6.653974471701653,3.0042989645359923,759,101,211,0,0,13,0.0583880147645515,0.0042930835539265,0.0005712798932102,7.353107536369601e-05,0.0011934659155184,0.0,0.0,22,0,0,2,1,0,3,0,0,0,0,0,0,0,0,3,Email Finder by ContactOut – Email Lookup Tool,,,
0,0,1,0,1,1,0,1,0,0,0,39,0.5238470146405582,48.22639343708856,0.0640790083602038,5.162173752624756,2.5047455077789147,242,31,58,0,0,0,0.0380138196949003,0.0008169879477397,0.0001046554809088,0.0,0.0001958070287971,0.0,0.0,3,0,0,2,0,0,2,0,0,0,0,0,0,0,0,2,"RetailMeNot: Codes, Cash Back and Coupons",,,
1,1,0,0,1,1,0,0,0,0,0,75,0.6019353520330158,61.01446032228641,0.0561316022124584,6.514800377982518,2.727307430940926,385,78,119,0,2,4,0.0842034805890227,0.0046822742474916,0.0009486166007905,4.86470051687443e-05,0.0014472484037701,2.432350258437215e-05,0.0,0,0,0,0,1,1,9,0,0,0,0,0,0,0,0,9,__MSG_appName__,,,
0,0,1,0,1,1,0,0,0,0,0,59,0.532085842401726,44.99969900672218,0.0849343204203783,3.7849615788646536,2.573571960366409,1536,28,89,0,2,0,0.0540708206158961,0.0256847597070332,0.0004682117654927,0.0,0.0014882445403163,3.3443697535199494e-05,0.0,24,0,2,2,0,0,6,0,0,0,0,0,0,0,0,6,__MSG_appName__,,,
0,0,1,0,1,1,1,0,0,0,1,117,0.5544355399702439,53.171720635904016,0.0713132334344215,4.67507373973078,2.5090618755682224,1251,40,206,0,3,0,0.0442963811750276,0.0034599683596818,0.0001106304831233,0.0,0.000569746988085,8.297286234248985e-06,0.0,100,0,0,7,0,0,7,0,0,0,0,0,0,0,0,7,__MSG_extName__,,,
0,1,0,0,0,1,0,0,0,0,0,5,0.305234453226528,32.708213670304424,0.0837597733228232,7.324545157424556,3.5743822716621816,378,12,33,0,0,0,0.0362239895413443,0.0542791499138426,0.0017231476163124,0.0,0.0047386559448592,0.0,0.0,4,0,0,11,0,0,3,0,0,0,0,0,0,0,0,3,SteamDB,,,
0,0,0,0,0,1,0,0,0,0,0,15,0.17041991362349,86.95436957971981,0.06999318878592,22.239737059771016,3.339730546931617,30,9,21,0,0,2,0.0984284532671629,0.0040026684456304,0.0012008005336891,0.000266844563042,0.0028018679119412,0.0,0.0,4,0,17,22,0,2,12,1,0,0,11,0,0,0,0,12,Window Resizer,,,
0,0,1,0,1,1,0,0,0,0,0,105,0.3749163079360296,68.45267806218565,0.0723991567398536,7.411398757536485,2.510367071740625,407,22,125,0,0,1,0.0441641545049867,0.0035171710537686,0.0001901173542577,8.64169792080748e-06,0.0010802122401009,0.0,0.0,0,0,0,0,0,0,5,0,0,0,0,0,0,0,0,5,__MSG__extensionName__,,,
0,0,0,0,0,0,0,0,0,0,0,0,0.0,0.0,0.0,0.0,0.0,0,0,0,0,0,0,0.0,0.0,0.0,0.0,0.0,0.0,0.0,0,0,0,0,0,0,0,0,0,0,0,0,0,0,0,0,Little Alchemy,,,
1,1,0,0,1,1,0,0,0,0,0,30,0.4708197792092269,56.35997452961959,0.0829537462381486,4.33579001395416,3.0486205473711907,130,15,24,0,0,2,0.0740893707796686,0.0026702818174348,0.0003081094404732,4.108125872976748e-05,0.0004929751047572,0.0,0.0,5,0,0,1,0,0,1,0,0,0,0,0,0,0,0,1,myMeta,,,
0,0,0,0,1,1,1,0,0,0,0,160,0.3692699050436361,47.16365818982447,0.0927447066758898,4.464537891278901,3.0124318862632165,455,102,258,0,0,0,0.0322107199788986,0.0012585261690463,0.0002821311411928,0.0,0.0007136258277229,0.0,0.0,63,6,3,0,0,0,2,0,0,0,0,0,0,0,0,2,__MSG_extName__,,,
0,0,0,0,0,0,0,0,0,0,0,0,0.0,0.0,0.0,0.0,0.0,0,0,0,0,0,0,0.0,0.0,0.0,0.0,0.0,0.0,0.0,0,0,0,0,0,0,0,0,0,0,0,0,0,0,0,0,Sea Foam,,,
0,1,0,0,0,1,0,0,0,0,0,15,0.5595877748819361,39.476968202119856,0.0816190911449005,3.794558037428259,2.6944989774423997,120,10,14,0,0,0,0.043600673354269,0.0039997333511099,0.0003333111125924,0.0,0.0004666355576294,0.0,0.0,7,0,0,0,0,0,1,0,0,0,0,0,0,0,0,1,Nodepay Extension,,,
0,0,0,0,1,1,0,0,1,0,1,169,0.4361492857884857,31.93558762588541,0.0901323518868849,5.471610084462849,3.230592743790365,1351,76,362,0,0,17,0.0764498239597205,0.0162747554570423,0.0009155302847781,0.0002047896689635,0.0043608153038114,0.0,0.0,51,1,0,7,5,1,5,1,5,0,0,0,0,0,0,5,"Speed Dial [FVD] - New Tab Page, 3D, Sync...",,,
1,1,0,0,0,0,0,0,0,0,0,0,0.1866485013623978,34.853658536585364,0.0980926430517711,6.006451612903226,3.5851225753359417,1,0,1,0,0,0,0.0193548387096774,0.024390243902439,0.0,0.0,0.024390243902439,0.0,0.0,0,0,0,0,1,0,1,0,0,0,0,0,0,0,0,1,Desktop app for Google Tasks,,,
0,0,0,0,0,1,1,0,0,0,0,68,0.4443341693291973,43.96301135208896,0.0824478320500667,4.175386077453076,2.671807916619988,660,173,149,0,0,0,0.0285171231714353,0.01916209389426,0.0050227912783439,0.0,0.0043259878640072,0.0,0.0,9,0,0,8,0,0,2,0,0,0,0,0,0,0,0,2,RoGold - Level Up Roblox,,,
0,0,0,0,0,0,0,0,0,0,0,0,0.0,0.0,0.0,0.0,0.0,0,0,0,0,0,0,0.0,0.0,0.0,0.0,0.0,0.0,0.0,0,0,0,0,0,0,0,0,0,0,0,0,0,0,0,0,Canva,,,
0,0,1,0,1,1,1,0,0,0,1,147,0.4368439854790634,40.0442966984736,0.0979822615178545,4.0586933806184,2.9600260872658777,474,43,298,0,1,6,0.0688258949068283,0.0077051871840304,0.0006989937740787,9.753401498772697e-05,0.0048441894110571,1.625566916462116e-05,0.0,34,0,0,42,0,2,17,0,0,0,15,0,0,0,0,17,__MSG_extName__,,,
0,0,0,0,0,0,0,0,0,0,0,0,0.0,0.0,0.0,0.0,0.0,0,0,0,0,0,0,0.0,0.0,0.0,0.0,0.0,0.0,0.0,0,0,0,0,0,0,0,0,0,0,0,0,0,0,0,0,Classic Blue,,,
0,0,0,0,0,1,0,0,0,0,1,175,0.5005743071919578,52.35652402765528,0.0851506396566314,3.760075460916623,2.78545186553224,1376,114,130,0,0,18,0.0629009036262695,0.0097874640794377,0.0008108800182092,0.0001280336870856,0.0009246877400631,0.0,0.0,276,0,0,1,0,0,59,0,0,0,0,0,0,0,0,58,__MSG_extName__,,,
0,0,0,0,1,1,0,0,1,0,0,492,0.3694566273114127,34.774200412772885,0.0983065302297048,4.73664740332306,2.6628698422668613,8402,147,503,0,0,8,0.0422850270869403,0.0107705521157815,0.0001884397954082,1.025522696099168e-05,0.0006447973951723,0.0,0.0,2,0,0,3,0,0,2,0,0,0,0,0,0,0,0,2,__MSG_name__,,,
0,0,0,0,0,0,0,0,0,0,1,5,0.4712000916100465,52.85611510791367,0.1191312313917093,3.3560078557400463,3.235438507940936,19,0,5,0,0,0,0.0373147652204963,0.0195272353545734,0.0,0.0,0.0051387461459403,0.0,0.0,0,0,0,0,0,0,2,0,0,0,0,0,0,0,0,2,DocHub - Sign PDF from Gmail,,,
0,0,0,0,0,1,0,0,0,0,1,36,0.3569113015757551,40.42515556579857,0.106149711515492,4.403017703017703,2.94603565264271,87,9,209,0,0,2,0.0685094185094185,0.0012531689329338,0.0001296381654759,2.8808481216870245e-05,0.0030104862871629,0.0,0.0,13,3,0,0,0,0,3,0,0,0,0,0,0,0,0,3,Boxel 3D,,,
0,0,1,0,1,1,1,0,1,0,1,36,0.4337537182642693,65.2233895829953,0.0571103544388804,2.561673182469005,1.9315120649775013,297,15,85,0,0,0,0.0111839237590399,0.0020079506733733,0.0001014116501703,0.0,0.0005746660176321,0.0,0.0,0,0,0,0,0,0,2,0,0,0,0,0,0,0,0,2,Hoxx VPN Proxy,,,
1,1,0,0,1,1,0,0,0,0,0,47,0.3721961996425081,57.55382390298625,0.0611214742254541,4.7765903413544,3.049105119432491,161,55,26,0,0,1,0.0416095419369046,0.0007463309259139,0.0002549577697221,4.635595813129861e-06,0.0001205254911413,0.0,0.0,71,1,0,0,0,0,1,0,0,0,0,0,0,0,0,1,AVG Online Security,,,
1,1,1,0,1,1,0,0,0,0,0,19,0.4773771559733912,51.7200777867469,0.0839157529603527,4.123246758992965,3.0388253095344084,103,17,55,0,2,1,0.1052387062519357,0.0037792617597416,0.0006237616496661,3.669186174506495e-05,0.0020180523959785,7.338372349012989e-05,0.0,13,1,0,0,0,0,4,0,0,0,0,1,0,0,0,4,__MSG_manifest_name__,,,
0,1,0,0,0,1,0,1,0,0,0,25,0.5697383567054368,50.78312622926591,0.0813613978605814,3.651761286380376,2.515035450611132,204,22,28,0,0,0,0.0628629780300236,0.0023192623836105,0.0002501165315658,0.0,0.0003183301310838,0.0,0.0,13,1,0,2,0,0,2,0,0,0,0,0,0,0,0,2,__MSG_extName__,,,
0,0,0,0,1,1,0,0,0,0,0,325,0.3510258454639292,35.590241979501485,0.0911213131412593,5.846390284771468,2.9926514451732404,1500,20,457,0,0,13,0.0504239618545696,0.0041349880636677,5.513317418223719e-05,3.5836563218454175e-05,0.0012597930300641,0.0,0.0,6,0,0,10,0,0,3,0,0,0,0,0,0,0,0,3,__MSG_extName__,,,
0,0,1,0,1,1,1,1,0,0,0,200,0.4320277847633988,40.44102501326152,0.0977165520094858,3.5898123570634755,3.129603843286908,129,6,44,0,6,2,0.0326698935496018,0.0010527604357938,4.8965601664830455e-05,1.632186722161015e-05,0.0003590810788754,4.8965601664830455e-05,0.0,0,0,5,0,0,0,1,0,0,0,0,0,0,0,0,1,__MSG_extName__,,,
0,1,0,0,1,1,0,0,0,0,0,38,0.5728014677574806,50.59506417494297,0.0781470097746288,3.7825815975069705,2.59476587893894,550,15,46,0,0,2,0.0514077961839155,0.0126736871212295,0.0003456460123971,4.608613498628938e-05,0.0010599811046846,0.0,0.0,0,0,0,0,0,0,6,0,0,0,0,0,0,0,0,6,edpuzzle,,,
0,0,1,0,1,1,0,1,0,0,1,33,0.5052367228960507,59.294298040827,0.0761397869453357,3.7190258852667775,2.58776544553822,134,70,140,0,0,5,0.0484117186617702,0.0005005322824645,0.0002614720878546,1.8676577703901537e-05,0.0005229441757092,0.0,0.0,11,1,0,0,0,1,4,0,0,0,0,0,0,0,0,4,"Simplify Copilot - Autofill job applications, job tracker & AI resumes",,,
0,0,0,0,0,0,0,0,0,0,0,0,0.0,0.0,0.0,0.0,0.0,0,0,0,0,0,0,0.0,0.0,0.0,0.0,0.0,0.0,0.0,0,0,0,0,0,0,0,0,0,0,0,0,0,0,0,0,DOGOnews,,,
0,0,0,0,0,1,0,0,0,0,0,59,0.4292779182461136,37.6419952240626,0.0890134257926161,4.08842268990862,2.914399693355074,155,21,86,0,0,0,0.038005628810842,0.001968803983335,0.0002667411848389,0.0,0.0010923686617213,0.0,0.0,18,0,0,0,0,0,1,0,0,0,0,0,0,0,0,1,"Jetwriter AI: Reply Emails, Ask Page, Summarize, Fix Grammar, and More",,,
0,0,0,0,0,1,0,0,0,0,0,8,0.468708372177958,33.47140869334747,0.0782309917633377,3.446024868979173,2.817070843353279,37,8,7,0,1,1,0.0342334486861585,0.0012258150013252,0.0002650410813676,3.3130135170951495e-05,0.0002319109461966,3.3130135170951495e-05,0.0,4,0,0,0,0,0,1,0,0,0,0,0,0,0,0,1,Detailed SEO Extension,,,
0,0,0,0,1,1,0,0,0,0,0,130,0.3280084934695806,59.46798949813188,0.0879118355813918,6.089532122158549,3.0955493156590994,172,13,96,0,0,1,0.0569800569800569,0.0043421185499343,0.0003281833787741,2.5244875290316065e-05,0.0024235080278703,0.0,0.0,0,0,0,0,0,0,2,0,0,0,0,0,0,0,0,2,__MSG_name__,,,
0,0,0,0,1,1,0,0,0,0,1,40,0.4142249389412084,38.82158616577221,0.0930175097596732,3.885636262697496,2.911369951041739,270,52,69,0,0,0,0.0367383378096538,0.0080500894454382,0.0015503875968992,0.0,0.0020572450805008,0.0,0.0,26,1,0,17,0,0,11,0,0,0,0,0,0,0,0,11,__MSG_name__,,,
1,1,0,0,1,1,1,0,0,0,0,61,0.3480563033719125,54.16022600765559,0.1048293308358763,4.172215497129741,2.9147668340260955,368,40,52,0,0,4,0.0532539241124346,0.0028060329708874,0.0003050035837921,3.050035837921096e-05,0.0003965046589297,0.0,0.0,4,0,0,1,0,0,12,8,0,0,0,0,0,0,0,11,RSS Feed Reader,,,
0,0,1,0,1,1,0,0,0,0,0,58,0.5950120645073381,51.21840712962732,0.0591306132035707,3.9384242682774806,2.39001184684639,454,11,279,0,0,1,0.0226064950889437,0.0012569318128334,3.045429502459877e-05,2.768572274963524e-06,0.0007724316647148,0.0,0.0,3073,1,0,0,0,0,27,0,0,0,0,0,0,0,0,27,__MSG_BEM_FullName__,,,
0,0,0,0,0,1,0,0,1,0,0,214,0.4513656351314218,50.294165460422775,0.0596995623351149,7.325809974063729,2.9044732232900534,1478,64,140,0,0,6,0.0683075158182751,0.000841287522818,3.642922967547817e-05,3.415240282076079e-06,7.968893991510851e-05,0.0,0.0,133,3,3,3,0,0,3,0,0,0,0,0,0,0,0,3,__MSG_appName__,,,
0,0,0,0,0,0,1,0,0,0,0,0,0.0,0.0,0.0,0.0,0.0,0,0,0,0,0,0,0.0,0.0,0.0,0.0,0.0,0.0,0.0,0,0,0,0,0,0,0,0,0,0,0,0,0,0,0,0,Padlet,,,
0,1,0,0,0,1,0,0,0,0,0,361,0.4376977974031323,56.82789007681533,0.0729061265968852,5.486598949787935,3.074980289364699,6692,107,296,0,0,5,0.0465433292464734,0.0049101937882966,7.851027127133076e-05,3.668704265015456e-06,0.0002171872924889,0.0,0.0,0,0,0,17,0,0,11,0,0,0,0,0,0,0,0,11,Backpack,,,
0,0,0,0,0,0,0,0,0,0,0,0,0.0,0.0,0.0,0.0,0.0,0,0,0,0,0,0,0.0,0.0,0.0,0.0,0.0,0.0,0.0,0,0,0,0,0,0,0,0,0,0,0,0,0,0,0,0,Edpuzzle,,,
0,0,0,0,1,1,0,0,0,0,1,120,0.5909336906940185,44.079207035991686,0.0857259252357569,3.3269426200013443,2.752074604610117,989,320,308,0,0,2,0.0585267286955352,0.0073651521808744,0.0023830623841049,1.4894139900656086e-05,0.002293697544701,0.0,0.0,53,0,0,27,0,0,8,0,1,0,0,0,4,0,0,8,__MSG_extName__,,,
0,1,0,0,1,0,0,1,0,0,1,0,0.4235162086766922,22.30578388880586,0.125828069387886,3.2161622700544856,3.237294279646101,68,9,7,0,0,0,0.0537303770836705,0.0101629053953071,0.0013450904199671,0.0,0.0010461814377522,0.0,0.0,0,0,0,0,0,0,1,0,0,0,0,0,0,0,0,1,eRail.in,,,
0,0,1,0,1,1,0,0,0,0,1,15,0.2273921392555064,162.10825625557416,0.1284033867248995,3.477602212362971,2.074765949282432,65,16,9,0,1,0,0.0310825060183435,0.0006513613452114,0.0001603351003597,0.0,9.018849395236044e-05,1.0020943772484492e-05,0.0,0,0,0,0,0,0,6,0,0,0,0,0,0,0,0,6,__MSG_name__,,,
0,1,1,0,0,1,0,0,0,0,1,92,0.5024817513904056,39.76642867045612,0.0914154272434067,3.516737413948578,2.7131137990820333,94,64,83,0,0,2,0.0370510480128444,0.0008145015943435,0.0005545542769998,1.7329821156245668e-05,0.0007191875779841,0.0,0.0,9,0,2,0,0,0,1,0,0,0,0,0,0,0,0,1,__MSG_name__,,,
0,0,0,0,0,1,0,0,0,0,0,39,0.5844985161635287,57.93595207364294,0.0776251839816733,3.3987936957745384,2.613824824189943,73,1,17,0,0,3,0.0613681799654509,0.0017777561308233,2.4352823709909163e-05,7.305847112972749e-05,0.0004139980030684,0.0,0.0,6,0,3,0,0,0,5,0,0,0,0,0,0,0,0,5,__MSG_name__,,,
0,1,0,0,0,1,0,0,0,0,0,4,0.4730505107317161,39.2441361686593,0.1134971968721084,3.403963909383993,2.930046206170075,83,9,11,0,0,1,0.0549797693489408,0.0075750661677466,0.0008213927169845,9.126585744273068e-05,0.00100392443187,0.0,0.0,1,0,0,0,2,0,10,0,0,0,0,0,0,0,0,10,__MSG_appName__,,,
0,0,0,0,0,1,0,0,0,0,0,53,0.3988339896760052,37.915344322908645,0.095211090294211,3.945382323733863,3.041768927533953,174,3,98,0,0,5,0.0650069397260114,0.0022338622708365,3.851486673856109e-05,6.419144456426848e-05,0.0012581523134596,0.0,0.0,6,0,0,0,0,0,1,0,0,0,0,0,0,0,0,1,Fake Filler,,,
0,1,0,0,0,1,0,0,0,0,0,132,0.2935478469061935,40.17394950153732,0.0781739718804523,6.16796553427364,3.376945934408382,611,6,208,0,0,8,0.06119312880742,0.0284636168825118,0.0002795117860803,0.0003726823814404,0.0096897419174508,0.0,0.0,12,0,0,0,0,0,40,0,0,0,0,0,0,0,0,40,'Improve YouTube!' 🎧 (for YouTube & Videos),,,
0,0,0,0,0,1,1,0,0,0,1,63,0.5327728363166636,49.84168652543486,0.0840505628344713,3.4914400096957188,2.421074645082916,136,6,44,0,0,0,0.0394748673680424,0.0025519298969845,0.000112585142514,0.0,0.0008256243784361,0.0,0.0,0,0,0,0,0,0,2,0,0,0,0,0,0,0,0,2,__MSG_app_name__,,,
0,0,0,0,0,1,0,0,0,0,0,129,0.5549013178192974,58.9340414151448,0.0844695090140145,3.545617232713269,2.8654770385615564,515,171,129,0,0,5,0.0491280211409738,0.0039352028730801,0.0013066401772751,3.8205853136700544e-05,0.0009857110109268,0.0,0.0,0,0,0,0,0,0,2,0,0,0,0,0,0,0,0,2,Gradient Sentry Node,,,
0,0,0,0,0,1,0,0,0,0,0,1,0.2051282051282051,50.70588235294117,0.1105413105413105,5.21875,3.596580432197561,8,0,1,0,0,0,0.0052083333333333,0.2352941176470588,0.0,0.0,0.0294117647058823,0.0,0.0,0,0,0,0,0,0,0,0,0,0,0,0,0,0,0,0,Social Blade,,,
0,0,0,0,1,1,0,0,0,0,1,7,0.4624914038767517,48.47854775443184,0.0740369730092484,4.9888300059390565,2.941360214455498,348,15,44,0,0,0,0.0424566372759529,0.0105816888132088,0.0004561072764314,0.0,0.0013379146775321,0.0,0.0,0,0,0,2,2,0,4,0,0,1,0,0,0,0,0,4,Glean,,,
0,0,1,0,1,1,0,0,0,0,1,15,0.4365933648839388,41.625126390293225,0.0966177988115147,4.405548300793069,2.8191454924031065,114,10,18,0,0,2,0.0665350192693569,0.0144084934277047,0.0012639029322548,0.0002527805864509,0.0022750252780586,0.0,0.0,1,0,0,3,0,3,8,0,2,0,1,0,0,0,0,8,__MSG_appName__,,,
0,0,0,0,0,1,1,0,0,0,1,11,0.5071083307543806,54.23127950512779,0.0768262670026673,3.025706469893295,2.7606303069694875,122,5,13,0,0,0,0.0302488517692545,0.0049650008139345,0.0002034836399153,0.0,0.0005290574637799,0.0,0.0,3,0,1,0,0,0,1,0,0,0,0,0,0,0,0,1,__MSG_name__,,,
0,0,0,0,1,0,0,0,0,0,0,0,0.3044524669073405,14.923371647509578,0.1140794223826714,5.498771498771498,3.741057937761361,22,6,1,0,0,2,0.0515970515970515,0.0842911877394636,0.0229885057471264,0.0076628352490421,0.003831417624521,0.0,0.0,18,0,0,0,0,0,1,0,0,0,0,0,0,0,0,1,BuiltWith Technology Profiler,,,
0,0,0,0,0,1,0,0,0,0,1,431,0.481377178063051,46.20692849771287,0.0925966076542392,3.714070451536991,2.8752872623104,703,536,254,0,0,16,0.0605221356081776,0.0023944223243267,0.0018256192970684,5.449609841995375e-05,0.0008651255624167,0.0,0.0,35,1,0,8,0,0,9,0,0,0,0,0,0,0,0,9,__MSG_name__,,,
0,0,1,0,0,1,0,0,0,0,0,118,0.3993083916137583,48.771591486517366,0.0895797724624032,4.586027671965148,2.757530809249832,2078,18,147,0,1,4,0.0331611101256422,0.0070866114879496,6.138547005923697e-05,1.3641215568719329e-05,0.0005013146721504,3.410303892179832e-06,0.0,53,1,0,1,0,0,3,0,0,0,0,0,0,0,0,3,__MSG_extName__,,,
1,1,0,0,0,1,0,0,0,0,0,47,0.5112377201651648,59.35367536176084,0.0897337683429991,3.626580482600504,2.78456419013304,501,52,76,0,0,11,0.0455133589085873,0.0160746943882953,0.0016684313536753,0.000352937401739,0.0024384765938332,0.0,0.0,31,0,0,14,0,1,5,0,1,0,0,0,0,0,0,5,__MSG_extension_oc_name__,,,
0,0,0,0,0,0,0,0,0,0,0,0,0.0,0.0,0.0,0.0,0.0,0,0,0,0,0,0,0.0,0.0,0.0,0.0,0.0,0.0,0.0,0,0,0,0,0,0,0,0,0,0,0,0,0,0,0,0,Daum Equation Editor,,,
0,0,0,0,0,1,0,0,0,0,0,12,0.559380094774704,44.01544240400668,0.0800309962372168,3.7653800238758457,2.5736601388814604,1110,7,15,0,0,0,0.0517651071570689,0.0243827431684386,0.0001537650470081,0.0,0.0003294965293032,0.0,0.0,1,0,0,0,0,0,1,0,0,0,0,0,0,0,0,1,__MSG_extName__,,,
0,0,0,0,0,0,0,0,0,0,0,0,0.0,0.0,0.0,0.0,0.0,0,0,0,0,0,0,0.0,0.0,0.0,0.0,0.0,0.0,0.0,0,0,0,0,0,0,0,0,0,0,0,0,0,0,0,0,Google News,,,
0,0,0,0,0,0,0,0,0,0,0,1,0.3930723897849821,37.67390180878553,0.0823054616402293,5.406531697945914,3.377819980574732,4,0,5,0,0,0,0.0750701935865228,0.0020671834625322,0.0,0.0,0.0025839793281653,0.0,0.0,94,0,0,40,0,0,2,0,0,0,0,0,0,0,0,2,__MSG_allapps_h1__,,,
0,0,0,0,1,1,1,1,0,0,1,194,0.4536605847819458,45.99252354668967,0.076584280030727,4.812877986532788,2.3374613895918195,263,96,153,0,0,0,0.057174752396862,0.0004837164134359,0.0001765656870336,0.0,0.0002814015637098,0.0,0.0,3,4,0,3,0,0,4,0,0,0,0,0,0,0,0,4,__MSG_ext_name__,,,
0,0,1,0,1,1,1,1,0,0,1,122,0.5225815020312388,51.52098390432652,0.0795861698771579,3.815040750721405,2.7208203819637986,2800,35,68,0,1,3,0.0430342095478759,0.0213693151897671,0.000267116439872,2.289569484617909e-05,0.00051896908318,7.631898282059696e-06,0.0,124,0,0,0,0,0,6,0,0,0,0,0,0,0,0,6,__MSG_EXTENSION_NAME__,,,
0,0,0,0,0,0,0,0,0,0,0,75,0.48954827523498,25.674607525541987,0.0671340526185986,6.043800253914515,2.8080547799254054,463,90,92,0,0,45,0.0712432611455592,0.0076916687432511,0.0014951407924246,0.0007475703962123,0.0015283661433673,0.0,0.0,19,0,1,0,0,0,0,0,0,0,0,0,0,0,0,0,GMass: Powerful mail merge for Gmail,,,
1,1,0,0,1,1,1,1,0,0,0,28,0.6629066249742773,36.535123737653976,0.0509651614673387,4.363752370275846,1.17123371676898,86,8,9,0,0,1,0.0478348499123445,0.0019087781600266,0.0001775607590722,2.219509488403063e-05,0.0001997558539562,0.0,0.0,3,0,0,10,0,5,80,0,0,0,0,0,0,0,0,80,__MSG_appName__,,,
0,1,0,0,0,1,1,1,0,0,0,0,0.4574780058651026,40.45303867403315,0.1070381231671554,3.4357976653696496,2.8918017292310743,0,0,0,0,0,0,0.0233463035019455,0.0,0.0,0.0,0.0,0.0,0.0,0,0,0,0,0,0,0,0,0,0,0,0,0,0,0,0,L.O.C,,,
0,1,1,0,0,1,0,1,0,0,0,66,0.3815995528268703,35.096586901969786,0.0860231130339151,5.194386281238488,3.23739394672764,639,19,280,0,1,0,0.0671154927392931,0.0104803923176592,0.000311623558741,0.0,0.0045923471814469,1.6401239933738992e-05,0.0,193,0,16,12,2,0,28,0,0,0,0,0,0,0,0,28,__MSG_extensionName__,,,
0,0,0,0,0,1,0,0,0,0,0,8,0.2838510744244839,18.913250714966637,0.0736488298157582,7.012057786372426,3.542576304249009,7,31,21,0,0,0,0.0218405187123194,0.0013346043851286,0.005910390848427,0.0,0.004003813155386,0.0,0.0,1,0,0,0,0,0,0,0,0,0,0,0,0,0,0,0,Steamcito: Steam con impuestos Argentina 2025,,,
0,0,0,0,0,1,0,0,0,0,0,134,0.4110899451956142,46.62562742529877,0.0579928243902405,5.224547244917814,2.8595131458582443,390,50,63,0,0,10,0.0494625493943565,0.003172717880299,0.0004067587026024,8.135174052048844e-05,0.000512515965279,0.0,0.0,42,0,0,0,0,0,2,0,0,0,0,0,0,0,0,2,Readium,,,
0,0,0,0,0,1,0,0,0,0,0,0,0.4962128524971181,46.97814748201439,0.1022895326279486,4.028750708274748,3.0511136903019853,2,0,0,0,0,0,0.0396633858680825,0.0001798561151079,0.0,0.0,0.0,0.0,0.0,52,0,0,2,0,0,1,0,0,0,0,0,0,0,0,1,VKSaver - скачать музыку ВК,,,
0,0,0,0,0,1,0,0,0,0,0,17,0.473108102427931,57.20250548338114,0.0831643545930088,4.145815830243797,2.901274408875534,148,10,67,0,0,1,0.1005711466868096,0.0062426185253922,0.0004217985490129,4.2179854901299136e-05,0.002826050278387,0.0,0.0,30,0,0,7,2,0,4,0,0,0,5,0,0,0,0,3,"Number Pieces, by The Math Learning Center",,,
0,0,0,0,0,0,0,0,0,0,0,0,0.0,0.0,0.0,0.0,0.0,0,0,0,0,0,0,0.0,0.0,0.0,0.0,0.0,0.0,0.0,0,0,0,0,0,0,0,0,0,0,0,0,0,0,0,0,Full Screen Weather,,,
0,0,0,0,0,0,0,0,0,0,0,0,0.0,0.0,0.0,0.0,0.0,0,0,0,0,0,0,0.0,0.0,0.0,0.0,0.0,0.0,0.0,0,0,0,0,0,0,0,0,0,0,0,0,0,0,0,0,Oceanic,,,
0,0,0,0,0,1,0,0,0,0,1,67,0.5203195811308385,50.03232451275551,0.0791647279093668,4.016225535976354,2.8540676322017093,105,5,56,0,0,2,0.0400353041389997,0.0023768024084931,0.0001131810670711,4.5272426828440135e-05,0.0012676279511963,0.0,0.0,0,0,0,0,0,0,2,0,0,0,0,0,0,0,0,2,__MSG_extName__,,,
0,0,0,0,1,1,0,0,0,0,1,6,0.4741477695949841,39.65665981987676,0.1072589368413552,3.355207793303835,2.837607049484184,61,5,8,0,0,0,0.0487322619148089,0.0032127244957075,0.0002633380734186,0.0,0.0004213409174698,0.0,0.0,0,0,0,0,0,0,1,0,0,0,0,0,0,0,0,1,__MSG_extName__,,,
0,0,1,1,1,1,0,0,1,0,1,72,0.4317113099794148,45.71100782367292,0.1015239899649349,3.743623985777718,2.808882768881128,76,9,22,0,1,2,0.0479875639286526,0.0015983847901068,0.0001892824093547,4.206275763439051e-05,0.0004626903339782,2.1031378817195256e-05,0.0,31,0,0,1,0,0,1,0,0,0,0,0,0,0,0,1,__MSG_name__,,,
0,0,0,0,0,1,0,0,0,0,1,44,0.4035334292048522,37.106066030649565,0.0691372926575754,5.294193743833693,2.448181575073254,243,18,53,0,0,2,0.0568712618362392,0.0017058736811069,0.0001263610134153,1.4040112601703064e-05,0.0003720629839451,0.0,0.0,69,1,0,70,4,10,55,0,0,0,0,2,15,0,0,55,Muzli - Design inspiration hub,,,
0,0,0,0,0,0,0,0,0,0,0,0,0.0,0.0,0.0,0.0,0.0,0,0,0,0,0,0,0.0,0.0,0.0,0.0,0.0,0.0,0.0,0,0,0,0,0,0,0,0,0,0,0,0,0,0,0,0,__MSG_appName__,,,
1,1,1,0,1,1,0,1,1,0,1,46,0.453115551769385,46.34871623086169,0.065129300173915,6.378707919154366,3.141140623541014,226,43,46,0,0,4,0.0640507096835173,0.0014844299066648,0.0002824357787017,2.627309569318279e-05,0.0003021406004716,0.0,0.0,7,0,0,0,0,1,3,0,0,0,0,0,0,0,0,3,SwagButton,,,
0,0,0,0,0,1,0,0,0,0,1,31,0.6045715873890273,37.35047600822848,0.0658174558504183,3.1785665223234285,2.884114942528172,420,10,55,0,0,1,0.0493385097804987,0.0040185619289097,9.568004592642204e-05,9.568004592642204e-06,0.0005262402525953,0.0,0.0,0,0,0,0,0,0,2,0,0,0,0,0,0,0,0,2,__MSG_name__,,,
0,0,0,0,0,1,0,0,0,0,0,23,0.3844016071627547,38.63196176226101,0.096707675971868,3.598505961486076,2.9123639916877417,32,4,23,0,0,1,0.0449049724451522,0.0016625103906899,0.0002078137988362,5.195344970906068e-05,0.0011949293433083,0.0,0.0,0,0,0,0,0,0,1,0,0,0,0,0,0,0,0,1,Arcade Classics,,,
0,0,0,0,0,1,0,0,0,0,0,2,0.2870656721848281,31.63204747774481,0.0815899581589958,5.923783287419651,3.303271872350258,10,0,3,0,0,0,0.024793388429752,0.029673590504451,0.0,0.0,0.0089020771513353,0.0,0.0,0,0,0,3,0,0,1,0,0,0,0,0,0,0,0,1,TinEye Reverse Image Search,,,
0,0,0,0,0,0,0,0,0,0,0,0,0.0,0.0,0.0,0.0,0.0,0,0,0,0,0,0,0.0,0.0,0.0,0.0,0.0,0.0,0.0,0,0,0,0,0,0,0,0,0,0,0,0,0,0,0,0,PDF Mergy - Merge PDF files,,,
0,0,1,0,1,1,0,0,0,0,0,9,0.5372690547611454,37.54996550137994,0.0861127469417149,3.5525914592793937,2.593388017216097,44,3,16,0,2,0,0.0377339040891507,0.0004216498006746,2.874885004599816e-05,0.0,0.0001533272002453,1.916590003066544e-05,0.0,3,0,0,0,0,0,2,0,0,0,0,0,0,0,0,2,Ahrefs SEO Toolbar,,,
1,1,0,0,1,1,0,0,0,0,1,441,0.4732651824546022,74.02679147295187,0.0721269624722457,5.49804856833616,2.7875052789682284,828,409,283,0,0,39,0.0300456190402675,0.0001598430603691,7.895629431277234e-05,7.528839799995406e-06,5.4632350343556406e-05,0.0,0.0,1,0,0,0,0,0,32,0,0,0,0,0,0,0,0,32,Ctrl Wallet,,,
0,0,0,0,0,0,1,0,0,0,0,0,0.0,0.0,0.0,0.0,0.0,0,0,0,0,0,0,0.0,0.0,0.0,0.0,0.0,0.0,0.0,0,0,0,0,0,0,0,0,0,0,0,0,0,0,0,0,Dictionary,,,
1,1,1,0,0,1,0,0,0,0,0,4,0.4065379234535825,17.869149186896063,0.1043569501349055,4.708240534521158,3.4232709066408558,100,47,12,0,0,1,0.0990174243416743,0.004713646005185,0.0022154136224369,4.713646005185011e-05,0.0005656375206222,0.0,0.0,3,0,4,0,0,0,4,0,0,0,0,0,0,0,0,4,__MSG_appName__,,,
0,0,0,0,1,1,0,0,0,0,1,15,0.3839368813406275,71.91058744722478,0.0638368641254494,7.297210639515402,2.7260944177552706,10,8,41,0,0,2,0.0414534445767258,1.3615018999759014e-05,1.0892015199807211e-05,2.723003799951803e-06,5.582157789901196e-05,0.0,0.0,8,0,0,0,0,0,3,0,0,0,0,0,0,0,0,3,Xverse: Bitcoin Crypto Wallet,,,
0,0,0,0,0,1,0,0,0,0,1,19,0.3419507132279418,22.95285735940579,0.0880301745414963,6.2536870913790485,3.329749034745295,441,2,61,0,0,1,0.0888703056104606,0.0668485675306957,0.0003031681067151,0.0001515840533575,0.0092466272548127,0.0,0.0,11,0,0,5,0,1,1,0,0,0,2,0,0,0,0,1,__MSG_extension_name__,1.0,,
0,0,1,0,1,1,0,0,0,0,1,563,0.5627357316233568,56.2274953162349,0.0748926272465342,4.171564484386369,2.438045519848381,2417,218,173,0,1,16,0.0395402760127527,0.0104098025281564,0.0009389064754398,6.891056700475913e-05,0.0007450955057389,4.306910437797446e-06,0.0,267,0,0,6,3,0,8,0,2,0,0,1,0,3,0,8,__MSG_Kernel_AppName__,,,
0,1,0,0,0,1,0,0,0,0,0,15,0.5380686300899412,47.49380345086272,0.0825083304714257,3.52817693183714,2.551969183377851,1126,16,14,0,0,0,0.0561289994994958,0.0168942235558889,0.0002400600150037,0.0,0.0002100525131282,0.0,0.0,0,0,0,0,0,0,1,0,0,0,0,0,0,0,0,1,__MSG_extName__,,,
0,0,1,0,0,1,0,0,0,0,0,66,0.4725577552802684,38.447697447246384,0.0908244036516287,3.602751008977844,2.801136046867397,2229,13,165,0,0,2,0.0442234302501166,0.0314195903753717,0.0001832457042978,2.81916468150487e-05,0.0023258108622415,0.0,0.0,2,1,0,0,0,0,2,0,0,0,0,0,0,0,0,2,Responsive Viewer,,,
0,0,0,0,1,1,1,0,0,0,1,426,0.4389409888449125,66.94327833866362,0.0671591082473179,5.964498397220662,2.4457372868116845,1241,178,446,0,0,33,0.049675965106175,0.0018971938042328,0.0002721196592694,5.044915031400774e-05,0.0006818279103044,0.0,0.0,4,0,0,0,0,0,7,0,0,0,0,0,0,0,0,7,Vidyard - Screen Recorder & Screen Capture,,,
0,1,0,0,0,0,0,0,0,0,1,106,0.5047580228632821,53.2959910685089,0.0745421959628196,4.205377748716944,2.678346880657716,3950,44,222,0,0,4,0.0293217935749166,0.0130471116337295,0.000145334914401,1.3212264945548953e-05,0.0007332807044779,0.0,0.0,18,2,0,6,0,0,2,0,0,0,0,0,0,0,0,2,daily.dev | The homepage developers deserve,,,
0,0,0,0,1,1,0,0,0,0,0,74,0.3947811349316372,51.03383964622188,0.0944866954105987,5.234599115751782,3.132809760877306,112,3,50,0,0,1,0.0634554014992585,0.0035890533871691,9.613535858488752e-05,3.204511952829584e-05,0.0016022559764147,0.0,0.0,0,0,0,0,0,0,1,0,0,0,0,0,0,0,0,1,__MSG_name__,,,
0,0,0,0,1,1,0,0,0,0,1,65,0.541985376836163,44.02269749467304,0.0870370147181118,3.6386742537010472,2.6556387342704104,182,25,81,0,0,1,0.0495514086984762,0.0024087137204039,0.0003308672692862,1.3234690771450124e-05,0.0010720099524874,0.0,0.0,8,0,0,0,0,0,9,0,0,0,0,0,0,0,0,9,__MSG_appName__,,,
0,0,0,0,0,1,1,0,0,0,1,118,0.2717940309736755,114.37912621755568,0.0378340307359085,3.4036622927626623,2.527640859591106,1516,157,87,0,0,0,0.0087953191452602,0.0123776320838674,0.0012818523991867,0.0,0.0007103258517786,0.0,0.0,13,0,0,0,0,0,2,0,0,0,0,0,0,0,0,2,__MSG_application_title__,,,
1,1,0,0,1,1,0,1,0,0,0,310,0.4228211868296931,51.411746434661694,0.0827582669214505,3.734793427029529,2.7926752645697905,5239,132,625,0,0,19,0.0353609912085762,0.0107767531508478,0.0002715272792349,3.908347201109148e-05,0.0012856405266806,0.0,0.0,21,1,3,0,0,0,1,0,0,0,0,0,0,0,0,1,GPTZero: AI Detection & Writing Tools for Google Docs,,,
0,0,1,0,1,1,0,0,0,0,0,6,0.5361895503337917,41.80168528316676,0.0653832868624497,5.420274442031875,2.929598212917663,292,32,33,0,0,3,0.0612767905939351,0.0063579158229363,0.0006967578984039,6.532105297537396e-05,0.0007185315827291,0.0,0.0,35,0,0,0,0,1,2,0,0,0,0,0,0,0,0,2,__MSG_extName__,,,
0,0,0,0,0,1,0,0,0,0,0,169,0.4378713438128448,36.757537427551966,0.0733375467382945,4.694778768534653,2.792173859184486,1250,142,145,0,0,15,0.0645978113180234,0.0047197417357322,0.0005361626611791,5.663690082878665e-05,0.0005474900413449,0.0,0.0,95,0,0,46,0,0,22,15,1,0,21,0,0,0,2,16,Sketchpad 3.5,,,
0,0,1,0,0,1,0,0,0,0,1,26,0.3695365223874498,78.41267411602632,0.0622255684083025,4.1998950871861656,3.005715093919013,164,30,31,0,0,0,0.0255516966934375,0.0050206643196081,0.0009184142048063,0.0,0.0009490280116332,0.0,0.0,8,0,0,3,0,0,6,0,0,0,0,0,0,0,0,6,__MSG_EXTENSION_TITLE__,,,
0,1,0,0,0,1,0,0,0,0,0,28,0.3936565426260995,35.56684643769515,0.0901582260232348,5.230680550390479,3.2042665891089794,123,68,117,0,0,1,0.0528821123094087,0.0049876322939053,0.0027573902112647,4.054985604801103e-05,0.0047443331576172,0.0,0.0,11,0,0,32,0,16,30,0,0,0,0,0,0,0,0,30,__MSG_extName__,,,
0,0,0,0,0,1,0,0,0,0,0,60,0.5434306182251608,47.92676262269149,0.0788903403497435,3.5607369712818326,2.8023990479292764,2717,18,79,0,0,2,0.04280993154954,0.0325619299864574,0.0002157212880957,2.396903201064225e-05,0.0009467767644203,0.0,0.0,9,2,0,18,0,0,3,0,0,0,0,0,0,0,0,3,Raindrop.io,,,
0,0,0,0,1,1,0,0,0,0,0,217,0.3225818287303776,75.8291490486258,0.0679665473074228,5.786874074987667,3.00435770691059,482,199,117,0,0,3,0.0385514306857424,0.0053074348132487,0.0021912438336856,3.30338266384778e-05,0.0012883192389006,0.0,0.0,313,1,0,1,0,0,94,0,2,0,0,0,0,0,0,94,__MSG_extName__,,,
0,0,1,0,1,1,0,0,0,0,1,155,0.404880118412236,39.64560289535394,0.0813131776817119,3.9856031963545706,3.0123188542523183,390,22,311,0,0,2,0.0370219850977334,0.0020879956312706,0.0001177843689434,1.07076699039522e-05,0.0016650426700645,0.0,0.0,2,0,0,0,0,0,8,0,0,0,0,0,0,0,0,8,Tango – Document and Automate Your Processes,,,
0,0,0,0,1,1,0,0,0,0,1,134,0.5301800404846451,57.04750164459571,0.0821244455928331,3.782661646003342,2.7864009576185675,866,144,178,0,0,12,0.0651337981657882,0.0049538083116437,0.0008237279409661,6.864399508051369e-05,0.0010182192603609,0.0,0.0,37,0,0,0,0,0,12,0,0,0,0,0,0,0,0,12,__MSG_default_title__,,,
0,0,0,0,1,1,0,0,0,0,0,100,0.4288289819083832,37.70387055016181,0.0940792167167502,3.898972118538627,2.605360333299348,191,31,68,0,0,1,0.0684241036081891,0.0049449838187702,0.0008025889967637,2.5889967637540453e-05,0.0017605177993527,0.0,0.0,23,3,0,1,0,0,148,11,0,0,0,0,0,0,0,148,__MSG_appName__,,,
0,0,0,0,0,1,0,0,0,0,0,11,0.4412856913269405,37.61335429422472,0.0794107248084855,5.185818336545441,3.131073018443044,87,10,11,0,0,0,0.0558656421295021,0.0071984113850736,0.0008274036074797,0.0,0.0009101439682277,0.0,0.0,13,0,1,1,0,0,3,0,0,0,0,0,0,0,0,3,__MSG_appName__,,,
0,0,0,0,1,1,0,0,0,0,0,34,0.2803769842834592,72.31443102660333,0.0393755280486354,6.048691873116454,3.5071332141444467,111,6,51,0,0,1,0.0220173283675473,0.0003843011258984,2.0773033832347767e-05,3.462172305391295e-06,0.0001765707875749,0.0,0.0,28,10,0,0,0,0,0,0,0,0,0,0,0,0,0,0,"Record, Transcribe & ChatGPT for Google Meet",,,
0,1,0,0,1,1,0,1,0,0,0,438,0.4907415970807783,45.6539259972024,0.0946182838971109,3.954520546188335,2.59261565723662,2123,220,224,0,0,52,0.0447583303748034,0.0027021419852788,0.0002800147135004,6.618529591827643e-05,0.0002851058901094,0.0,0.0,60,5,0,0,0,0,25,0,0,0,0,0,0,0,0,25,__MSG_main_name__,,,
0,0,0,0,0,1,0,0,0,0,0,44,0.3885111696961287,18.75661708533681,0.1001553589747672,4.522833017404791,3.336880212195189,175,31,85,0,0,3,0.0627754117328475,0.0078641082101289,0.0013930705972228,0.0001348132836022,0.0038197097020626,0.0,0.0,39,0,0,2,0,0,9,0,0,0,0,0,0,0,0,9,__MSG_AppName__,,,
1,1,1,0,1,1,0,0,0,0,1,80,0.5190259298166706,39.03690935777101,0.0744682030886579,3.775551675087741,2.5644844840231458,346,61,148,0,0,0,0.0360883506748914,0.002133774066628,0.0003761856013419,0.0,0.0009127126065345,0.0,0.0,5,0,3,0,0,0,1,0,0,0,0,0,0,0,0,1,CSS Peeper,,,
0,1,0,0,1,1,0,0,0,0,1,36,0.41646375328981,53.15195856175206,0.0623285956009344,8.493654816929007,3.0487927774383405,360,50,48,0,0,0,0.0696457858527338,0.004946209966613,0.000686973606474,0.0,0.000659494662215,0.0,0.0,0,0,0,0,2,0,4,0,0,0,0,0,0,0,0,4,Lusha - Easily find B2B contact information,,,
0,0,0,0,0,0,0,0,0,0,0,226,0.3953518323110828,42.63280500695571,0.092929489631663,3.730191336636109,2.9749467754770924,378,38,167,0,0,12,0.0456413180645337,0.0010887190845543,0.0001094479502991,3.4562510620771494e-05,0.0004809949394724,0.0,0.0,80,2,0,0,0,0,28,0,0,0,0,0,0,0,0,28,__MSG_appName__,,,
0,0,0,0,0,1,0,0,0,0,0,47,0.5857271367491216,57.97006448928646,0.0757609324509292,3.400567029510368,2.6068872685975384,95,1,21,0,0,4,0.0600844335913248,0.0019762845849802,2.080299563137092e-05,8.321198252548368e-05,0.0004368629082587,0.0,0.0,2,0,0,0,0,0,6,0,0,0,0,0,0,0,0,6,__MSG_ext_name__,,,
0,0,0,0,1,1,1,1,0,0,0,328,0.5162123686532839,48.52724460905621,0.0843567132164599,3.807789974652232,2.525214340182273,7234,358,476,0,0,0,0.0476989326324425,0.0091475018872887,0.0004526963886714,0.0,0.0006019091648257,0.0,0.0,0,0,0,2,0,0,3,0,0,0,0,0,0,0,0,3,DSers -  AliExpress.com Product Importer,,,
0,0,0,0,1,1,0,0,0,0,0,42,0.339305280286181,45.22040038880325,0.0872958315542611,4.555905569743285,3.189417794832275,768,14,160,0,0,6,0.0372381105429565,0.0075404267017505,0.0001374556950839,5.890958360742653e-05,0.0015709222295313,0.0,0.0,2,0,0,92,2,7,22,0,4,0,8,0,2,0,0,22,SingleFile,,,
0,0,0,0,0,1,0,0,0,0,0,22,0.4232143195476224,38.32047678710508,0.0906176097227413,3.9234209856105946,2.8407062544298465,71,8,24,0,0,0,0.0487234178021138,0.0024042531576986,0.0002709017642477,0.0,0.0008127052927432,0.0,0.0,0,0,0,0,0,0,1,0,0,0,0,0,0,0,0,1,__MSG_extensionName__,,,
0,0,0,0,1,1,1,1,0,0,0,62,0.2976231222665906,46.25638977635783,0.1196523772298634,4.93655720742798,3.3948891691730365,260,42,192,0,0,0,0.0395904808582475,0.0173056443024494,0.0027955271565495,0.0,0.0127795527156549,0.0,0.0,435,0,1,66,0,2,18,0,0,0,5,0,0,0,0,18,SelectorsHub,,,
0,1,1,0,0,1,0,0,0,0,0,14,0.5018848503180544,38.12941633691351,0.0963797330058735,3.4667953089617862,2.756326646723981,177,9,22,0,0,0,0.0461438150370507,0.0062535330695308,0.0003179762577727,0.0,0.0007772752967778,0.0,0.0,2,0,0,0,0,0,2,0,0,0,0,0,0,0,0,2,Fathom AI Note Taker for Google Meet,,,
0,0,0,0,1,0,0,0,0,0,1,0,0.1853658536585365,17.727272727272727,0.1121951219512195,5.25,3.3700048520203705,0,0,0,0,0,0,0.0416666666666666,0.0,0.0,0.0,0.0,0.0,0.0,0,0,0,0,0,0,0,0,0,0,0,0,0,0,0,0,Add to Google Classroom,,,
0,0,0,0,0,1,0,0,0,0,1,11,0.4370062301756249,33.65279886148008,0.1079253693134759,3.444620365337808,2.9325895361092007,79,12,22,0,0,0,0.0428551173287331,0.0037476280834914,0.0005692599620493,0.0,0.0010436432637571,0.0,0.0,0,0,0,0,0,0,1,0,0,0,0,0,0,0,0,1,__MSG_appName__,,,
0,0,0,0,0,1,0,0,0,0,0,16,0.3836764403189716,52.29178645672077,0.0933020271032939,4.302973002176497,3.265441958364908,129,9,66,0,0,1,0.1008829476868931,0.0057056924233712,0.0003980715644212,4.423017382458313e-05,0.0029191914724224,0.0,0.0,36,0,0,8,2,0,2,0,0,0,4,0,0,0,0,1,"Number Line, by The Math Learning Center",,,
0,0,0,0,0,1,1,1,0,0,1,162,0.4703461686524298,54.81781769449131,0.0712323317173528,5.633379534917503,2.517910486856327,2653,30,428,0,0,1,0.0443728891525136,0.0066705722913528,7.543051969113717e-05,2.514350656371239e-06,0.0010761420809268,0.0,0.0,0,0,0,0,0,0,5,0,0,0,0,0,0,0,0,5,Toggl Track: Productivity & Time Tracker,,,
0,0,0,0,1,1,1,1,0,0,1,106,0.4190068653530113,44.39806692099726,0.067723791019408,6.4195344082000085,3.125180675239759,261,11,111,0,0,1,0.0627141291907302,0.0016296305546363,6.868174751340856e-05,6.243795228491686e-06,0.0006930612703625,0.0,0.0,0,0,0,2,0,0,17,0,0,0,0,0,0,0,0,17,__MSG_adRemoverAdBlockerFor__,,,
0,0,0,0,0,0,0,0,0,0,0,0,0.4135089744935447,45.17812784004847,0.1314225359504566,3.200402545830386,3.1964330307481355,77,9,7,0,0,0,0.0533101234836533,0.023326264768252,0.0027264465313541,0.0,0.0021205695243865,0.0,0.0,0,0,0,0,0,0,0,0,0,0,0,0,0,0,0,0,TeachingBooks Book Connections,,,
0,0,0,0,0,0,0,0,0,0,0,0,0.0,0.0,0.0,0.0,0.0,0,0,0,0,0,0,0.0,0.0,0.0,0.0,0.0,0.0,0.0,0,0,0,0,0,0,0,0,0,0,0,0,0,0,0,0,__MSG_appName__,,,
0,1,0,0,1,1,1,1,0,0,1,35,0.4948724537000322,58.09743173155034,0.0849842714925428,4.334970675569869,2.6918887130723625,681,6,53,0,0,3,0.0525229843455309,0.0085109042054614,7.498594013622446e-05,3.749297006811223e-05,0.0006623758045366,0.0,0.0,0,0,0,1,0,0,6,0,0,0,0,0,0,0,0,6,MarketApp P2P,,,
0,0,0,0,0,1,0,0,1,0,1,4,0.4106570059247518,46.66906474820144,0.0864183554096381,3.938327526132404,2.935401370292892,3,0,2,0,0,0,0.0167247386759581,0.0053956834532374,0.0,0.0,0.0035971223021582,0.0,0.0,2,0,0,0,0,0,2,0,0,0,0,0,0,0,0,2,__MSG_extName__,,,
0,1,1,0,1,1,0,1,1,0,0,47,0.5625655668709938,52.10625272909407,0.0721083629430514,3.5460354422024403,2.724898241071914,298,12,76,0,0,0,0.0349801519999266,0.0025514353964571,0.000102742364958,0.0,0.000650701644734,0.0,0.0,0,0,0,4,0,0,1,0,0,0,0,0,0,0,0,1,__MSG_extName__,,,
1,1,1,0,1,1,0,1,0,0,0,45,0.4583852783560443,58.87128342346051,0.0790696744097956,4.342761299795059,2.531416271539402,367,21,48,0,0,0,0.0345986656742491,0.0068671294650375,0.0003929420129857,0.0,0.0008981531725389,0.0,0.0,8,0,0,0,0,0,2,0,0,0,0,0,0,0,0,2,CouponBirds: Coupons & Deals,,,
0,0,0,0,1,1,0,1,0,0,1,233,0.4202432522209516,40.79266740692292,0.0843333165911204,4.981157823268545,2.8075872468671315,1286,92,197,0,0,26,0.0740916365360678,0.0065203393010155,0.0004664628426854,0.0001318264555415,0.0009988389131415,0.0,0.0,230,0,0,13,3,1,97,0,1,0,0,18,0,0,0,95,__MSG_extName__,1.0,,
0,1,0,0,0,1,0,0,0,0,0,8,0.4318568961302177,18.670441324749863,0.0793277761567155,5.434289368353741,3.395753222437607,181,10,73,0,0,0,0.0825616370224759,0.0070193128053982,0.0003878073373148,0.0,0.0028309935623982,0.0,0.0,53,0,1,1,0,0,5,0,0,0,0,0,0,0,0,5,__MSG_app_name__,,,
0,0,1,0,1,1,0,1,0,0,0,362,0.4225881653659876,53.59559127245841,0.060312457645335,8.317329133822227,2.9578893669519486,1485,98,166,0,1,14,0.0729164431742925,0.0016944356331255,0.0001118213414453,1.5974477349332154e-05,0.0001894116599992,1.141034096380868e-06,0.0,12,0,1,0,0,0,9,0,0,0,0,0,0,0,0,9,FCM Extension,,,
0,0,0,0,0,0,1,0,0,0,0,0,0.0,0.0,0.0,0.0,0.0,0,0,0,0,0,0,0.0,0.0,0.0,0.0,0.0,0.0,0.0,0,0,0,0,0,0,0,0,0,0,0,0,0,0,0,0,Bible,,,
0,0,0,0,1,1,1,0,0,0,1,2662,0.4772711686658832,61.13903973187061,0.0793394506953222,4.253035749459722,2.774208036012522,5632,3286,1574,0,0,118,0.0501403166124339,0.0009307844734837,0.0005430677876185,1.950152128392728e-05,0.000260130461872,0.0,0.0,11,0,0,0,0,0,9,0,0,0,0,0,0,0,0,9,Coin98 Wallet Extension: Crypto & Defi,,,
0,0,1,0,1,1,0,0,0,0,1,377,0.5170312949984387,57.42417494391344,0.0536789870535917,4.957249088911408,2.642548660672434,1263,77,317,0,0,17,0.0318452585834411,0.0011655667764557,7.105989056776852e-05,1.5688547268208635e-05,0.000292545263766,0.0,0.0,85,14,0,0,0,0,8,0,0,0,0,0,0,0,0,8,SolvelyAI - AI Homework Tutor &  Study Helper,,,
0,0,0,0,1,1,1,1,0,0,0,61,0.4261437654258106,43.02680774219803,0.0859547302224667,4.449860231414316,2.770471053941447,1145,20,114,0,0,0,0.0344133454426791,0.0097074208781612,0.0001695619367364,0.0,0.0009665030393977,0.0,0.0,0,2,0,0,0,0,1,0,0,0,0,0,0,0,0,1,SignalHire - find email or phone number,,,
0,0,1,0,1,1,0,0,0,0,0,1,0.4097456252028258,26.04974116587891,0.0990122902052805,5.303135552339604,3.3776905049337045,19,5,23,0,0,0,0.0645441389290882,0.0042763898266936,0.0011253657438667,0.0,0.005176682421787,0.0,0.0,0,0,0,2,0,0,2,0,0,0,0,0,0,0,0,2,AdLock: Free Adblocker & Privacy Protection,,,
0,0,1,0,1,1,0,0,0,0,1,31,0.4211705647983624,80.7934145686578,0.0586328035106719,6.582523450002217,2.9782264521666817,318,180,49,0,0,0,0.0478822105145765,0.0012556464604984,0.0007107432795274,0.0,0.0001934801149824,0.0,0.0,0,0,0,0,1,0,4,0,0,0,0,0,0,0,0,3,zkPass TransGate,,,
0,0,0,0,0,0,0,1,0,0,0,31,0.4598516413190187,25.252688228007536,0.0940639874131441,5.998876764114425,3.2704206936841973,118,17,8,0,0,68,0.0442893117462694,0.0012283094090582,0.0001769598301185,0.0007078393204742,8.327521417344145e-05,0.0,0.0,0,0,0,0,0,0,0,0,0,0,0,0,0,0,0,0,e-Filing - CompuOffice Online,,,
0,0,0,0,0,0,0,0,0,0,0,0,0.0,0.0,0.0,0.0,0.0,0,0,0,0,0,0,0.0,0.0,0.0,0.0,0.0,0.0,0.0,0,0,0,0,0,0,0,0,0,0,0,0,0,0,0,0,__MSG_appName__,,,
0,0,0,0,0,0,0,0,0,0,0,0,0.0,0.0,0.0,0.0,0.0,0,0,0,0,0,0,0.0,0.0,0.0,0.0,0.0,0.0,0.0,0,0,0,0,0,0,0,0,0,0,0,0,0,0,0,0,Sudoku,,,
0,0,0,0,0,1,0,1,0,0,0,129,0.2766494141006231,55.32821885845183,0.0783250363429066,6.2000564385273575,3.068485604713079,633,26,224,0,0,6,0.0420668594983018,0.0020744100384404,8.5204835702137e-05,1.9662654392800848e-05,0.0007340724306645,0.0,0.0,5,1,6,0,0,0,5,0,0,0,0,0,0,0,0,5,Read AI,,,
0,0,0,0,1,1,0,0,0,0,0,15,0.4673088666942458,37.127835361273846,0.1155093276599097,3.233332146798135,3.069292340229168,1,0,1,0,0,0,0.0576656106503399,0.0001502178158329,0.0,0.0,0.0001502178158329,0.0,0.0,0,0,0,0,1,0,1,0,0,0,0,0,0,0,0,1,Tab Manager by Workona,,,
0,0,0,0,1,1,0,0,0,0,0,3,0.3727772610384636,32.46086956521739,0.1003446955189582,4.720528729430806,3.656450485848371,111,0,73,0,0,0,0.0306177502023199,0.0508009153318077,0.0,0.0,0.0334096109839816,0.0,0.0,2,0,0,3,0,0,2,0,0,0,0,0,0,0,0,2,__MSG_extName__,,,
0,0,0,0,1,1,0,0,0,0,0,90,0.3524364793297335,39.26890801506186,0.0862412464905812,5.869859197449882,2.857974358450968,411,9,94,0,0,5,0.0705611013809438,0.003158380081457,6.916160762314609e-05,3.842311534619227e-05,0.0007223545685084,0.0,0.0,0,3,0,0,0,0,1,0,0,0,0,0,0,0,0,1,"Knowt: Quizlet Import, AI Notes & Flashcards",,,
0,0,0,0,0,1,0,0,0,0,0,36,0.507909334232924,50.87060984722684,0.0675845452095299,6.781273305987641,2.8455430965245085,629,48,58,0,0,4,0.0877070903473258,0.0065281467950846,0.0004981733643307,4.15144470275656e-05,0.0006019594818997,0.0,0.0,41,0,0,0,0,0,4,0,0,0,0,0,0,0,0,4,__MSG_name__,,,
0,1,0,0,0,1,0,0,0,0,1,6,0.1172154880741984,94.49100736184884,0.0549481756319586,7.095500629384959,4.010224983567159,32,2,19,0,0,0,0.0464573921019506,0.0029820147236976,0.0001863759202311,0.0,0.0017705712421955,0.0,0.0,0,0,0,0,0,0,2,0,0,0,0,0,0,0,0,2,__MSG_extName__,,,
0,0,0,0,0,1,0,0,0,0,0,28,0.3683771681507025,14.244939588890633,0.079890884759895,6.197842177894869,3.2737910439682514,43,15,17,0,0,0,0.0457909923472588,0.0067472148124901,0.0023536795857523,0.0,0.0026675035305193,0.0,0.0,11,0,0,1,0,0,6,0,0,0,0,0,0,0,0,6,__MSG_AppName__,,,
0,0,0,0,1,1,0,0,0,0,0,81,0.4249868300951884,42.66503869181677,0.0921999971023311,4.212132384611409,3.006051676357938,283,62,97,0,0,12,0.0555277983563909,0.0014322804637956,0.0003137858259905,6.073274051430509e-05,0.0004909229858239,0.0,0.0,0,2,0,0,3,0,10,0,0,0,0,0,0,0,0,10,__MSG_extension_name__,,,
1,1,0,0,1,1,0,0,0,0,1,2,0.3511571809053377,38.6099481865285,0.0691796913835415,5.830330840697938,3.3027765638830147,82,4,6,0,0,0,0.0840131429866304,0.0169948186528497,0.0008290155440414,0.0,0.0012435233160621,0.0,0.0,0,0,0,0,0,0,1,0,0,0,0,0,0,0,0,1,Joplin Web Clipper,,,
0,0,0,0,0,1,0,0,0,0,0,53,0.3356275164194768,40.1795521757499,0.0997436494989512,5.807945774497799,2.97223209727627,1021,16,182,0,0,5,0.0736365269936522,0.0154052749109783,0.0002414146900838,7.544209065121612e-05,0.0027460920997042,0.0,0.0,26,0,0,21,0,0,9,0,0,0,0,0,0,0,0,8,Grepper,,,
0,1,0,0,0,1,0,0,0,0,0,103,0.340353528624624,45.52773660808808,0.0721434723813188,4.807559999811507,2.9331106558572464,1488,441,644,0,0,2,0.0314147844813368,0.0175029995059637,0.005187380901969,2.352553697038135e-05,0.0075752229044627,0.0,0.0,6,0,0,9,0,0,1,0,0,0,0,0,0,0,0,1,Superpower ChatGPT,,,
0,0,0,0,1,1,0,0,0,0,1,19,0.3790314300004306,29.96594871794872,0.1144119585702976,4.20036656208257,3.3385194285442403,133,19,14,0,0,0,0.060016774874965,0.0136410256410256,0.0019487179487179,0.0,0.0014358974358974,0.0,0.0,22,0,0,4,0,2,12,0,0,0,0,0,0,0,0,12,__MSG_name__,,,
1,0,0,0,1,1,0,1,0,0,1,74,0.5553677513830645,53.16506031786557,0.0807535246343383,4.001912268046727,2.936195103695767,450,88,130,0,0,0,0.070235910941562,0.0095742643773536,0.0018723005893491,0.0,0.0027658985979021,0.0,0.0,0,0,0,0,0,0,4,0,0,0,0,0,1,0,0,4,__MSG_extension_name__,,,
0,0,0,0,0,1,0,0,0,0,0,43,0.3847467547774199,46.3553769777167,0.0907074822100503,4.541515754640316,2.6421978034822007,1856,9,39,0,0,0,0.0252423569573625,0.0084455385623472,4.095358139069261e-05,0.0,0.0001774655193596,0.0,0.0,1,1,0,0,0,0,0,0,0,0,0,0,0,0,0,0,__MSG_name__,,,
1,1,1,0,1,1,0,0,0,0,0,145,0.4438798097852356,46.62719394712533,0.0823680051032628,6.0546162335534826,2.8561631502125087,724,39,41,0,0,1,0.0642082392095325,0.0106159914368245,0.0005718558923151,1.4662971597824017e-05,0.0006011818355107,0.0,0.0,0,0,0,0,0,0,2,0,0,0,0,1,0,0,0,2,PriceBlink Coupons and Price Comparison,,,
0,0,0,0,0,1,0,0,0,0,0,9,0.0543168118257467,1329.8227706113291,0.0543570586759039,5.290594880768723,2.9562327719905266,174,24,36,0,0,0,0.0035443202695738,0.0162647223780145,0.0022434099831744,0.0,0.0033651149747616,0.0,0.0,0,0,0,1,0,1,2,0,1,0,0,0,0,0,0,2,ExCITATION journal ranking in Google Scholar™,,,
1,1,1,0,0,1,0,0,0,0,0,10,0.454604177471828,21.90690139323901,0.1050214531566787,3.6918089672176055,3.251418124936197,86,15,10,0,0,0,0.0670715003196055,0.0092882600712819,0.0016200453612701,0.0,0.0010800302408467,0.0,0.0,0,0,2,1,0,0,2,0,0,0,1,0,0,0,0,2,Redirect Path,,,
0,0,1,0,1,1,0,1,0,0,0,104,0.5568805870908956,49.34721596032462,0.0822960438974919,3.62975750708975,2.663061545525298,52,0,0,0,0,0,0.0280438994629891,0.0014652840396753,0.0,0.0,0.0,0.0,0.0,75,0,0,0,0,0,6,0,0,0,0,0,0,0,0,6,United Airlines MileagePlus Shopping℠,,,
0,0,0,0,0,0,0,0,0,0,0,0,0.0,0.0,0.0,0.0,0.0,0,0,0,0,0,0,0.0,0.0,0.0,0.0,0.0,0.0,0.0,0,0,0,0,0,0,0,0,0,0,0,0,0,0,0,0,BeFunky Photo Editor,,,
0,1,0,0,0,1,0,0,0,0,1,11,0.3356216495891677,50.84519713723254,0.0414789111754765,2.924320350939593,2.6062550894294367,77,66,55,0,0,0,0.0073863299543541,0.0014166651334792,0.0012142844001251,0.0,0.0010119036667709,0.0,0.0,4,1,0,0,0,0,1,0,0,0,0,0,0,0,0,1,__MSG_appName__,,,
0,0,0,0,1,1,0,0,0,0,0,65,0.4848002910501418,33.51193494297209,0.0380399815871651,4.299950197719311,1.836245295491529,1822,28,95,0,0,0,0.0180139531518033,0.0104269796668173,0.0001602389850004,0.0,0.000543667984823,0.0,0.0,0,0,0,0,0,0,1,0,0,0,0,0,0,0,0,1,__MSG_extensionName__,,,
0,0,0,0,0,0,0,0,0,0,0,3,0.3156145219100474,23.538297872340426,0.1017747716499017,5.481703830760434,3.8313020489530087,15,0,7,0,0,0,0.0769010863350486,0.0106382978723404,0.0,0.0,0.0049645390070921,0.0,0.0,0,0,0,0,0,0,0,0,0,0,0,0,0,0,0,0,Dimensions,,,
0,1,0,0,1,1,0,0,0,0,1,40,0.2192961466272879,99.16520476004246,0.0238815960108096,3.3334069263272803,2.4462550767764224,310,1,65,0,0,0,0.0019348824658559,0.0173194033186211,5.586904296329404e-05,0.0,0.0036314877926141,0.0,0.0,6,4,0,1,0,0,23,0,0,0,0,0,0,0,0,23,Shortcuts for Google™,,,
0,0,0,0,0,0,0,0,0,0,0,0,0.0,0.0,0.0,0.0,0.0,0,0,0,0,0,0,0.0,0.0,0.0,0.0,0.0,0.0,0.0,0,0,0,0,0,0,0,0,0,0,0,0,0,0,0,0,__MSG_appName__,,,
0,0,0,0,0,1,0,0,0,0,1,19,0.4673725283767139,31.863553023835184,0.1040066403980831,4.288471654594748,3.175472790991181,107,11,104,0,0,3,0.0459002684147344,0.0014975716944953,0.0001539559685929,4.198799143444975e-05,0.0014555837030609,0.0,0.0,3,0,0,15,0,0,4,0,0,0,0,0,0,0,0,4,CheerpJ Applet Runner,,,
0,0,1,0,1,1,1,1,0,0,0,10,0.4886714079306862,37.214365723886864,0.097178813560357,3.4178996710714817,2.8910943831449822,31,7,21,0,2,0,0.0532703746576048,0.0014468402875011,0.0003267058713712,0.0,0.0009801176141136,9.334453467749464e-05,0.0,18,0,0,0,0,0,2,0,0,0,0,0,0,0,0,2,AB Download Manager Browser Integration,,,
0,0,0,0,1,1,1,0,0,0,0,142,0.284680679068047,30.403671667342437,0.0950542600444537,6.406645564228983,3.3281387840974834,2339,124,183,0,0,4,0.0405228134614925,0.0105374600171194,0.0005586340496463,1.8020453214398343e-05,0.0008244357345587,0.0,0.0,36,0,0,2,0,0,12,0,2,0,0,0,0,0,0,11,Qui-Quo,,,
0,0,0,0,1,1,0,0,0,0,0,277,0.3894373142393822,78.80303712816817,0.0714824096353255,5.218480389942634,2.583708800214491,1858,227,353,0,0,11,0.0390226170090905,0.0027441082165216,0.0003352597229011,1.6246065867458687e-05,0.0005213510228375,0.0,0.0,38,0,0,0,0,0,6,0,0,0,0,0,0,0,0,6,AnswerAI - Homework AI Tutor & Study Helper,,,
0,0,0,0,0,1,1,0,0,0,0,50,0.3271368723311114,54.14726114649682,0.1003346181345241,4.849439117983315,3.2416508489905183,351,10,88,0,0,0,0.0505982364194107,0.0223566878980891,0.0006369426751592,0.0,0.0056050955414012,0.0,0.0,0,0,0,1,0,1,4,0,0,0,0,0,0,0,0,4,Flickcall: Netflix Party with Video Call,,,
1,1,1,0,1,1,0,0,0,0,1,34,0.4944755602435592,42.88385955108503,0.0918812171170616,3.499479300922823,2.8626373682293305,619,7,9,0,2,0,0.0469350930556271,0.0288255564869144,0.000325975598398,0.0,0.0004191114836546,9.313588525658936e-05,0.0,0,0,0,0,0,0,6,0,0,0,0,0,0,0,0,6,__MSG_PKG_NAME__,,,
0,1,0,0,0,1,0,0,0,0,0,24,0.4524836121705684,48.72732912832178,0.0821639513036792,4.1937335536677445,2.59223805003564,115,12,72,0,0,0,0.0562313123627957,0.0013212467974126,0.0001378692310343,0.0,0.0008272153862061,0.0,0.0,3,2,0,0,0,0,2,0,0,0,0,0,0,0,0,2,__MSG_extension_name__,,,
0,0,0,0,0,0,0,0,0,0,0,0,0.0,0.0,0.0,0.0,0.0,0,0,0,0,0,0,0.0,0.0,0.0,0.0,0.0,0.0,0.0,0,0,0,0,0,0,0,0,0,0,0,0,0,0,0,0,__MSG_appName__,,,
0,0,0,0,0,0,0,0,0,0,1,5,0.506587103669398,41.19858689116055,0.0791948699679373,4.9300725311512,3.1034980838877653,40,23,11,0,0,5,0.0706713780918728,0.0060132291040288,0.0034576067348165,0.0007516536380036,0.0016536380036079,0.0,0.0,0,0,0,2,0,0,0,0,0,0,1,0,0,0,0,0,bilibili哔哩哔哩下载助手,,,
0,0,0,0,0,1,0,0,0,0,0,10,0.4209787491987807,32.25851258801968,0.1299874995286945,3.2791136028612167,3.1299936544115186,12,0,1,0,0,0,0.0707329450714095,0.0011575190508343,0.0,0.0,9.645992090286486e-05,0.0,0.0,118,0,0,0,0,0,2,0,0,0,0,0,0,0,0,2,Gismeteo,,,
1,1,1,0,1,1,0,0,1,0,0,53,0.4373568032279765,37.17613921874587,0.0817944118704624,5.187443438914027,3.13241603748035,513,50,70,0,1,0,0.064192792501616,0.0067837401814286,0.0006611832535505,0.0,0.0009256565549707,1.322366507101108e-05,0.0,44,0,0,7,0,4,21,0,1,0,0,0,0,0,0,21,__MSG_extName__,,,
0,0,0,0,0,0,0,0,0,0,0,0,0.0,0.0,0.0,0.0,0.0,0,0,0,0,0,0,0.0,0.0,0.0,0.0,0.0,0.0,0.0,0,0,0,0,0,0,0,0,0,0,0,0,0,0,0,0,__MSG_appName__,,,
0,0,0,0,1,1,0,0,0,0,0,14,0.1170145468145869,89.35710129358579,0.0483980670297797,21.819237990924737,3.973033571418668,90,4,24,0,0,0,0.0789521723256663,0.0040284678393984,0.0001790430150843,0.0,0.0010742580905062,0.0,0.0,0,0,0,3,1,0,4,0,0,0,3,0,0,0,0,4,Pearltrees Extension,,,
1,1,0,0,0,1,0,0,0,0,0,60,0.3676629666321654,74.96287242033772,0.0456921483837434,6.065311476993097,1.7122539777579342,1233,34,70,0,0,0,0.018632348966371,0.0054804627946359,0.0001511238726825,0.0,0.0003111373849347,0.0,0.0,0,0,0,0,0,0,0,0,0,0,0,0,0,0,0,0,__MSG_appName__,,,
1,1,0,0,1,0,0,0,0,0,1,0,0.3222941442119524,41.11568938193344,0.099954839680867,5.149883810999225,3.347142362643392,11,2,2,0,0,0,0.0236250968241673,0.0174326465927099,0.0031695721077654,0.0,0.0031695721077654,0.0,0.0,0,0,0,0,0,0,2,0,0,0,0,0,0,0,0,2,WordPress Theme Detector and Plugin Detector,,,
0,0,0,0,1,1,0,0,0,0,0,57,0.5147389228914196,40.98977135980746,0.0681143891745469,4.900062130981037,2.3457095264997747,346,19,94,0,0,2,0.0535423960236172,0.0020410089426865,0.0001120785257544,1.1797739553101626e-05,0.0005544937589957,0.0,0.0,17,0,0,1,0,0,11,0,1,0,0,0,0,0,0,8,Hypothesis - Web & PDF Annotation,,,
0,1,0,0,0,1,0,0,0,0,0,4,0.440907601715235,62.27462850853055,0.0869688333251186,4.035840779199871,3.0198788263058027,2,0,4,0,0,0,0.0577960235047895,0.0001223017183391,0.0,0.0,0.0002446034366782,0.0,0.0,1723,3,0,0,0,0,0,0,0,0,0,0,0,0,0,0,Octotree - GitHub code tree,,,
1,1,0,0,0,1,1,1,0,0,0,16,0.4425895541497928,33.824493031243804,0.1041588027200561,3.790994006803088,3.043296964604842,58,3,34,0,2,0,0.0416464193798031,0.0038311645419116,0.0001981636832023,0.0,0.002245855076293,0.0001321091221348,0.0,0,0,0,0,0,0,2,0,0,0,0,0,0,0,0,2,Truffle,,,
0,0,1,0,0,1,0,0,0,0,0,1,0.4667260305277342,14.007706711343252,0.066881532323097,5.541653427038747,2.530328575233904,75,5,33,0,1,0,0.0372142576774265,0.0014782694392431,9.855129594954174e-05,0.0,0.0006504385532669,1.971025918990835e-05,0.0,2,0,0,14,0,1,13,0,0,0,0,0,0,0,0,13,Omnibug,,,
0,0,0,0,1,1,0,0,0,0,0,16,0.399035984052386,58.91113810063813,0.065619769898201,4.419245136400398,2.538518438573283,29,3,8,0,0,1,0.0247408508580587,0.0001945929986781,2.0130310208080308e-05,6.710103402693435e-06,5.368082722154748e-05,0.0,0.0,0,0,0,1,1,0,8,0,0,0,0,0,0,1,0,8,__MSG_appName__,,,
0,0,0,0,1,1,0,0,0,0,0,118,0.3753926692563627,19.238384541735574,0.0747112397166244,6.301866866151087,3.214497439255047,828,134,139,0,0,2,0.0896359776020065,0.014413787100705,0.0023326660283749,3.4815910871268166e-05,0.0024197058055531,0.0,0.0,0,0,0,0,0,0,0,0,0,0,0,0,0,0,0,0,__MSG_app_name__,,,
0,0,0,0,0,1,0,0,0,0,0,5,0.5413146568900933,35.568306010928964,0.1273013469355224,2.334766481200472,2.8351203179494053,9,1,10,0,0,0,0.0401281402798853,0.0032786885245901,0.0003642987249544,0.0,0.0036429872495446,0.0,0.0,0,0,0,6,0,1,1,0,0,0,0,0,0,0,0,1,__MSG_extName__,,,
0,1,0,0,0,0,0,1,0,0,1,80,0.4255685715479769,40.26905489010902,0.0875609960895788,4.081607297696545,2.893389208667887,178,20,154,0,0,5,0.0485835199109604,0.00140825013054,0.000158230351746,3.955758793651798e-05,0.0012183737084447,0.0,0.0,0,0,0,0,0,0,2,0,0,0,0,0,0,0,0,2,Otter.ai: Record & Transcribe Meetings - Google Meet & Web Audio,,,
0,0,0,0,1,1,1,1,0,0,1,101,0.2598486144676115,76.99906199368978,0.0763525565372541,4.551838096437114,2.7784581006981,220,72,89,0,0,5,0.015154853329976,0.0093800631022426,0.0030698388334612,0.0002131832523236,0.0037946618913618,0.0,0.0,2,0,0,8,0,1,10,0,0,0,0,0,0,0,0,10,Email Tracker + Pixelblock Detector & Blocker,,,
0,1,0,0,0,1,1,0,0,0,0,167,0.4438102502686161,43.62743599171714,0.0777433836842481,3.702583005967837,2.5426179882719397,863,114,314,0,0,3,0.0445031005441527,0.004175294641302,0.0005515452944477,1.4514349853888878e-05,0.0015191686180403,0.0,0.0,6,0,0,0,0,0,0,0,0,0,0,0,0,0,0,0,"FC26 Enhancer | SBC Solver, Trader & Keyboard Shortcuts",,,
1,1,0,0,1,1,0,1,0,0,0,97,0.5204978797486272,56.79922231380625,0.0718733227366378,4.283335926926687,2.403145328056816,301,39,80,0,0,2,0.0403129651011156,0.0002539417924915,3.2902757166684526e-05,1.6873208803427962e-06,6.749283521371184e-05,0.0,0.0,556,0,0,0,0,0,5,0,0,0,0,0,0,0,0,5,__MSG_appTitle__,,,
0,0,0,0,0,1,1,0,0,0,0,19,0.3953107545577717,35.036609659838376,0.1018297840827663,3.4268372010509154,2.883665730753029,49,5,51,0,0,1,0.0314176374680036,0.0018417590678443,0.0001879345987596,3.758691975192633e-05,0.0019169329073482,0.0,0.0,14,0,0,0,0,0,2,0,0,0,0,0,0,0,0,2,Ddict: AI Translation & Writing Assistant,,,
0,0,0,0,0,0,0,0,0,0,0,0,0.0,0.0,0.0,0.0,0.0,0,0,0,0,0,0,0.0,0.0,0.0,0.0,0.0,0.0,0.0,0,0,0,0,0,0,0,0,0,0,0,0,0,0,0,0,__MSG_appName__,,,
0,0,0,0,1,1,0,0,0,0,0,74,0.3605775258462966,50.41440233101312,0.0735697546689077,4.576482749009696,2.887482584445955,434,25,86,0,0,6,0.0389695023465517,0.0025090766135559,0.0001445320629928,3.468769511828504e-05,0.0004971902966954,0.0,0.0,0,0,0,0,0,0,2,0,0,0,0,0,0,0,0,2,__MSG_name__,,,
0,1,0,0,0,1,0,0,0,0,0,20,0.4989933595338122,31.3518992669496,0.1044195690472963,3.200649878147847,2.914248973597405,20,4,24,0,0,0,0.0490995600662538,0.0007014836378941,0.0001402967275788,0.0,0.0008417803654729,0.0,0.0,14,1,1,0,0,0,4,0,0,0,0,0,0,0,0,4,__MSG_extension_name__,,,
1,1,1,0,1,1,1,0,0,0,1,116,0.5133796477353806,39.37683294150351,0.0377143973566804,4.887535464191417,1.2773625439494487,830,225,156,0,0,14,0.0353271373984101,0.0014068583497043,0.000381377263474,2.373014083838588e-05,0.000264421569342,0.0,0.0,53,0,0,2,1,0,5,0,0,0,2,0,0,0,0,5,Word Bank,,,
1,1,1,0,1,1,0,0,0,0,1,21,0.4588268029229326,40.449050111969626,0.0891495866287129,3.853087602004547,3.100113587527633,88,10,21,0,0,2,0.0618930398970701,0.000435025483595,4.943471404489661e-05,9.88694280897932e-06,0.0001038128994942,0.0,0.0,45,0,0,0,0,0,3,0,0,0,0,0,0,0,0,3,__MSG_appName__,,,
0,0,0,0,0,1,1,0,0,0,1,7,0.2132981502920211,33.11997635933806,0.0426382661766446,2.920424441581378,3.377114874814861,134,22,43,0,0,1,0.0129996091431549,0.0131993695823483,0.0021670606776989,9.850275807722616e-05,0.0042356185973207,0.0,0.0,2,1,0,8,0,0,8,0,0,0,0,0,0,0,0,8,__MSG_name__,,,
0,0,0,0,0,1,0,0,0,0,0,11,0.5375888312318481,35.05320368561844,0.0722545054541257,3.6275427610526174,3.3262449157859324,57,12,27,0,0,3,0.0459171508527112,0.0024202793936563,0.0005095325039276,0.0001273831259819,0.0011464481338372,0.0,0.0,11,0,0,3,0,0,6,0,0,0,0,0,0,0,0,6,__MSG_extName__,,,
1,1,1,0,1,1,1,0,0,0,1,308,0.5082567835346724,52.84292352304091,0.0696180343636989,5.50745877046233,2.573734974464009,2251,131,700,0,1,33,0.0761490445892826,0.0031457219718408,0.0001830695594452,4.611675924955456e-05,0.0009782342871117,1.3974775530168049e-06,0.0,0,1,3,0,0,0,143,1,0,0,0,0,0,0,0,10,__MSG_extension_name__,,,
0,0,0,0,0,1,0,0,0,0,0,4,0.3394313617947311,30.300110741971206,0.071477857787371,5.97979797979798,3.2792094098051137,53,4,17,0,0,0,0.0223806694394929,0.0293466223698781,0.0022148394241417,0.0,0.0094130675526024,0.0,0.0,0,0,0,2,0,1,5,0,0,0,0,0,0,0,0,5,ChatGPT to PDF by PDFCrowd,,,
0,0,0,0,0,1,0,0,0,0,0,14,0.246728071439952,36.09977483816493,0.0563151066364195,3.978341488539789,3.220535170341402,81,21,32,0,0,0,0.0237960339943342,0.0113988179003658,0.00295524908528,0.0,0.0045032367013791,0.0,0.0,0,0,0,0,0,0,1,0,0,0,0,0,0,0,0,1,__MSG_appName__,,,
0,0,0,0,0,0,0,0,0,0,0,0,0.0,0.0,0.0,0.0,0.0,0,0,0,0,0,0,0.0,0.0,0.0,0.0,0.0,0.0,0.0,0,0,0,0,0,0,0,0,0,0,0,0,0,0,0,0,Learn States and Capitals,,,
0,0,0,0,0,1,0,0,0,0,0,18,0.5566466345400652,49.7564673452078,0.0881559790362437,3.65587219343696,2.610167285862101,27,7,12,0,0,0,0.050230282095567,0.0028625954198473,0.0007421543681085,0.0,0.0012722646310432,0.0,0.0,0,0,0,0,0,0,3,0,0,0,0,0,0,0,0,3,__MSG_packageName__,,,
0,0,0,0,0,0,0,0,0,0,0,0,0.0,0.0,0.0,0.0,0.0,0,0,0,0,0,0,0.0,0.0,0.0,0.0,0.0,0.0,0.0,0,0,0,0,0,0,0,0,0,0,0,0,0,0,0,0,High Contrast Colorful,,,
0,0,0,0,0,1,0,0,0,0,0,4,0.2986482927090787,51.217745861733206,0.114455739103477,3.609363948453431,3.293887122120576,84,22,22,0,0,0,0.0466989839046353,0.0102239532619279,0.0026777020447906,0.0,0.0026777020447906,0.0,0.0,0,0,0,0,0,0,0,0,0,0,0,0,0,0,0,0,VisBug,,,
0,0,0,0,1,1,0,1,0,0,0,20,0.4222801454185879,34.6524043471788,0.0920641973122783,4.0793999326847565,2.878437206899444,318,15,23,0,0,2,0.0561361050117801,0.0094685127288968,0.0004466279589102,5.95503945213637e-05,0.0006848295369956,0.0,0.0,0,0,0,0,0,0,2,0,0,0,0,0,0,0,0,2,Manus AI Browser Operator,,,
0,0,1,0,1,1,0,0,0,0,0,2,0.3161606351083146,16.16594202898551,0.0979266078290612,5.791964285714286,3.635195208638169,11,0,0,0,0,0,0.0580357142857142,0.0079710144927536,0.0,0.0,0.0,0.0,0.0,0,0,0,0,0,0,1,0,0,0,0,0,0,0,0,1,Affixa - Gmail (TM) Draft Display,,,
0,0,0,0,0,1,0,0,0,0,1,28,0.4516391719359952,48.61898286646723,0.0740366926143008,6.386056480229558,2.98368832366094,50,6,13,0,0,1,0.0780898511533988,0.0009712887058549,0.0001165546447025,1.942577411709857e-05,0.0002525350635222,0.0,0.0,1,0,0,0,0,0,12,0,0,0,0,0,0,0,0,12,__MSG_APP_NAME__,,,
0,0,0,0,0,1,0,0,0,0,0,273,0.545247891440892,53.837069384676205,0.0850661204327189,3.620071838435709,2.343754694616768,302,78,206,0,0,3,0.0599905568161642,0.0013723342860908,0.0003544439546857,1.3632459795603986e-05,0.0009360955726314,0.0,0.0,514,0,0,0,0,0,2,0,0,0,0,0,0,0,0,2,__MSG_name__,,,
1,1,0,0,1,0,0,0,0,0,1,19,0.3583261487287399,35.477600050981394,0.0896315455241878,6.662903370183055,3.1945151240014367,87,28,75,0,0,0,0.1131786241775947,0.0027721131786897,0.0008921743563599,0.0,0.0023897527402498,0.0,0.0,169,0,0,3,0,0,4,0,0,0,2,0,0,0,0,4,__MSG_extName__,,,
0,0,0,0,0,0,1,1,0,0,0,28,0.3513056237269569,42.98919359017061,0.1158752100179288,4.297797350263036,2.669112301634323,378,4,67,0,0,9,0.0494851045438965,0.0139891195736649,0.0001480330113615,0.0003330742755634,0.0024795529403056,0.0,0.0,7,0,0,3,0,0,34,0,1,0,0,0,0,0,0,34,Pushbullet,,,
0,0,0,0,0,1,0,0,0,0,0,13,0.584311764828754,47.01976962402122,0.0828041099850211,3.847517938819185,2.773321111676199,50,8,35,0,0,0,0.0629432252108598,0.0016178088397075,0.0002588494143532,0.0,0.0011324661877952,0.0,0.0,16,1,0,0,0,0,3,0,0,0,0,0,0,0,0,3,__MSG_extName__,,,
0,0,0,0,0,0,0,0,0,0,0,5,0.402418259582835,37.42211838006231,0.1264062595017533,3.343677334798969,3.155621695531704,101,12,11,0,0,1,0.0491269606392423,0.0196651090342679,0.0023364485981308,0.0001947040498442,0.0021417445482866,0.0,0.0,0,0,0,3,0,0,3,0,0,0,0,0,0,0,0,3,Pacman Game Offline for Google Chrome,,,
0,0,0,0,0,1,0,0,0,0,0,167,0.4479056981570186,39.55815375862314,0.098491831932608,3.85558996916457,3.0385421416928087,603,33,208,0,0,3,0.0553601143801189,0.0042884574354597,0.000234691700448,2.1335609131640708e-05,0.0014792688997937,0.0,0.0,10,0,0,0,0,0,1,0,0,0,0,0,0,0,0,1,Easy Scraper - One-click web scraper,,,
0,0,0,0,1,1,0,0,0,0,0,99,0.3871841644030727,20.045554672663517,0.0881583268125547,5.497090918689009,2.695104276740837,1772,3,33,0,0,0,0.0376615737319195,0.0027182166535255,4.601946930347999e-06,0.0,5.062141623382799e-05,0.0,0.0,11,1,0,23,1,0,52,0,0,0,2,0,0,0,0,52,__MSG_extName__,,,
1,1,0,0,0,1,0,0,0,0,1,19,0.394990341332949,97.92426426269031,0.0991194877250686,5.9424022955946905,2.734595058301221,922,59,186,0,0,0,0.0178186822119905,0.0120810293770801,0.0007730810555832,0.0,0.0024371707853979,0.0,0.0,5,0,0,5,0,8,5,0,0,0,0,0,0,0,0,5,Obsidian Web Clipper,,,
0,0,0,0,1,1,0,0,0,0,0,30,0.4543791572070211,54.04265379740665,0.0938029302871171,3.825205150443659,2.831508675640506,136,7,41,0,0,3,0.0584517535081281,0.0033148093984595,0.0001706151896265,7.312079555425563e-05,0.0009993175392414,0.0,0.0,0,0,0,2,0,0,24,0,0,0,0,0,0,0,0,20,Bibcitation Bibliography & Citation Generator,,,
0,0,0,0,1,1,0,0,0,0,0,26,0.5483044040312762,43.06934457964602,0.0717019968121289,4.677053885033839,2.2163328480583124,272,3,4,0,0,0,0.0785573545789428,0.0188053097345132,0.0002074115044247,0.0,0.0002765486725663,0.0,0.0,24,0,0,7,0,0,3,0,0,0,4,0,0,0,0,3,Tab Manager Plus for Chrome,,,
0,0,0,0,1,1,0,0,0,0,0,18,0.448583455263869,26.04971848144612,0.0901697613894481,4.176708279809935,3.245436469697888,257,25,87,0,0,1,0.096791090380754,0.0084620196898356,0.0008231536663264,3.2926146653057194e-05,0.0028645747588159,0.0,0.0,9,0,0,0,0,0,3,0,0,0,0,0,0,0,0,3,Add to MyRegistry.com Button,,,
0,0,0,0,1,1,0,0,0,0,0,12,0.5247945941707549,53.96822007285517,0.0474825351307631,6.722762932120051,2.9506410592107266,180,12,32,0,0,0,0.0672444351340346,0.0014131390528828,9.420927019218692e-05,0.0,0.0002512247205124,0.0,0.0,0,0,0,0,0,0,6,0,0,0,0,0,0,0,0,6,__MSG_appName__,,,
1,1,1,0,0,1,0,0,0,0,0,44,0.4687643272552679,60.675259954049125,0.0523868011938249,3.832936152226036,2.2856299706193592,3537,37,69,0,0,2,0.0151949102516452,0.0167554892347047,0.0001752765342618,9.47440725739596e-06,0.0003268670503801,0.0,0.0,7,0,0,0,0,0,1,0,0,0,0,0,0,0,0,1,TripChipper (TravelArrow) - Travel Better,,,
1,1,0,0,1,1,1,1,0,0,1,197,0.4443399462373086,53.47781580917745,0.0793003624691569,4.330658110950269,2.647443163679228,299,47,86,0,0,3,0.0535072227882324,0.0015991015081826,0.0002513637822226,1.6044496737618995e-05,0.0004599422398117,0.0,0.0,2,0,4,1,0,0,2,0,0,0,0,0,0,0,0,2,Axiom Browser Automation & Web Scraping,,,
0,1,0,0,0,1,0,0,0,0,1,30,0.5312573874708494,58.7635472682725,0.0984735222396149,3.3367971731448764,2.9551372701653387,652,69,107,0,0,2,0.0480226148409894,0.020746491870048,0.0021955643236707,6.363954561364432e-05,0.0034047156903299,0.0,0.0,23,0,0,14,0,0,1,0,0,0,0,0,0,0,0,1,GamersClub Booster,,,
0,1,0,0,1,1,0,0,0,0,1,130,0.4354995144026909,61.514535061130665,0.0729233901704821,4.830553750631723,2.943550159098322,167,23,102,0,0,3,0.0574801743366429,0.0016986390544581,0.0002339443009133,3.05144740321826e-05,0.0010374921170942,0.0,0.0,16,1,0,0,0,0,8,0,0,0,0,0,0,0,0,8,__MSG_extName__,,,
0,0,0,0,0,1,0,1,0,0,1,51,0.3616147523065086,78.61228472903414,0.0791495784182456,3.9678114299432674,2.6396223136833386,1056,87,55,0,0,1,0.0326318604719726,0.0106788556635351,0.0008797920859162,1.011255271168101e-05,0.0005561903991424,0.0,0.0,0,0,0,1,1,0,2,0,0,0,0,0,0,1,0,2,Seamless.AI,,,
1,1,1,0,1,1,1,1,0,0,1,97,0.5496772719985418,48.833362518058046,0.0909012445727011,3.500565778550816,2.66151052359778,1552,31,88,0,0,0,0.0501541684784757,0.0169855097841789,0.0003392724248128,0.0,0.0009630959155977,0.0,0.0,97,1,0,0,0,0,1,0,0,0,0,0,0,0,0,1,__MSG_appName__,,,
0,0,1,0,1,1,0,1,0,0,0,104,0.5573237440303275,49.32520991772921,0.0822684222087268,3.613893549902678,2.710955755318708,52,0,0,0,0,0,0.0278139472447815,0.0014701308981934,0.0,0.0,0.0,0.0,0.0,61,0,0,0,0,0,6,0,0,0,0,0,0,0,0,6,American Airlines AAdvantage eShopping®,,,
0,0,1,0,0,1,1,1,0,0,0,8,0.4358134975679225,32.588198757763976,0.0844908049590954,5.09796307151231,2.821030619574497,16,5,5,0,0,0,0.0583235638921453,0.0033126293995859,0.0010351966873706,0.0,0.0010351966873706,0.0,0.0,18,0,0,4,1,0,12,0,0,0,0,0,0,0,0,12,Notifier for Gmail™,,,
1,1,1,0,1,1,0,0,1,0,1,27,0.3965387272906784,79.6405603448558,0.0560852920949716,8.656448628076692,2.6099021161707574,126,2,10,0,0,1,0.054927611100939,8.245754908678265e-05,1.3088499855044865e-06,6.544249927522432e-07,6.5442499275224325e-06,0.0,0.0,0,0,0,0,0,0,2,0,0,0,0,0,0,0,0,2,Compose AI: AI-powered Writing Tool,,,
0,1,0,0,0,1,0,0,0,0,0,1518,0.4343373091315979,50.760805247565486,0.0962261742618035,3.920756594851031,2.9389495624711435,6815,323,2532,0,0,48,0.0344685781410527,0.0033616106529762,0.000159325053692,2.3676788164762823e-05,0.0012489505756912,0.0,0.0,34,2,2,0,0,0,1,0,0,0,0,0,0,0,0,1,Nexlev YouTube Research & Analytics,,,
0,1,0,0,0,1,0,1,0,0,0,21,0.3572881293540579,56.01784027704901,0.1112724662488611,3.6106415507990537,3.3896435923534995,25,2,2,0,0,0,0.0632464085847804,0.0026235701542659,0.0002098856123412,0.0,0.0002098856123412,0.0,0.0,0,0,1,0,0,0,2,0,0,0,0,0,0,0,0,2,__MSG_appName__,,,
0,0,0,0,0,0,0,0,0,0,0,0,0.0,0.0,0.0,0.0,0.0,0,0,0,0,0,0,0.0,0.0,0.0,0.0,0.0,0.0,0.0,0,0,0,0,0,0,0,0,0,0,0,0,0,0,0,0,Turkey,,,
0,0,0,0,0,0,0,0,0,0,0,2,0.4961230976690425,37.31365313653136,0.1247832787516856,2.370255474452555,3.177453584611568,3,5,3,0,0,0,0.0343065693430656,0.0027675276752767,0.0046125461254612,0.0,0.0027675276752767,0.0,0.0,1,0,0,3,0,0,2,0,0,0,0,0,0,0,0,2,YouTube DJ effects / EQ / Volume Booster / Bass Booster,,,
0,1,0,0,0,1,0,0,0,0,0,68,0.4322886004270621,33.979546884833226,0.0912439608094389,3.9642189382600335,2.9985346501491312,463,14,107,0,0,2,0.0688345573867257,0.0026979465305456,8.157937673356176e-05,1.1654196676223107e-05,0.0006234995221779,0.0,0.0,82,0,0,0,0,0,1,0,0,0,0,0,0,0,0,1,EVIRMA 2 — экспертная аналитика продвижения и рекламы на Wildberries,,,
0,0,0,0,0,1,0,0,0,0,1,322,0.5509823856271515,53.83188218750602,0.0772024427679366,3.568436569329278,2.6093181389421143,844,171,356,0,0,17,0.0458332532148258,0.0011612835760929,0.0002352837577155,2.3390782930782544e-05,0.0004898305131387,0.0,0.0,50,10,0,0,0,0,169,0,0,0,0,0,1,0,0,168,__MSG_ext_title__,,,
1,1,0,0,0,1,0,0,0,0,0,46,0.5193094562923254,58.41492499038338,0.0908450841005321,3.573482214883899,2.7588889359445137,503,52,76,0,0,11,0.0465100082991404,0.016123862033594,0.0016668803692781,0.0003526093088857,0.0024362097704833,0.0,0.0,31,0,0,18,0,1,5,0,1,0,0,0,0,0,0,5,__MSG_extension_pdf2go_name__,,,
1,1,0,0,1,1,0,0,0,0,1,1,0.3230333051940812,45.37296898079764,0.0860264721341764,7.319297503173932,3.5631686209077293,67,0,24,0,0,0,0.0323741007194244,0.0494830132939438,0.0,0.0,0.017725258493353,0.0,0.0,0,0,0,4,0,1,2,0,0,0,0,0,0,0,0,2,NoFollow,,,
0,0,0,0,1,1,0,0,0,0,0,70,0.397225921109217,42.85435128379914,0.0850312232118544,4.564754664823774,3.080493508275598,654,58,74,0,0,5,0.0915514858327574,0.0165113989244868,0.0014643136660859,0.0001262339367315,0.0018682622636269,0.0,0.0,3,0,2,5,0,0,2,0,0,0,0,0,0,0,0,2,Just Read,,,
0,0,1,1,0,0,0,0,0,0,1,0,0.2820332300760349,39.14689265536723,0.087721768515911,5.585535465924895,3.358203428785926,9,0,0,0,1,0,0.03894297635605,0.0508474576271186,0.0,0.0,0.0,0.0056497175141242,0.0,2,0,0,4,0,0,1,0,0,0,0,0,0,0,0,1,Windows Remix ClickOnce Helper,,,
0,1,0,0,0,1,0,0,0,0,0,33,0.392127335371378,52.10156270869507,0.0679992434048191,6.367853995508429,2.8783096767486165,1873,13,64,0,0,2,0.0570227389740139,0.0250166956057165,0.0001736342994523,2.6712969146520635e-05,0.0008548150126886,0.0,0.0,0,0,0,0,0,0,9,0,0,0,0,0,0,0,0,9,Slido,,,
0,0,0,0,0,1,0,0,0,0,0,106,0.4666342954169235,49.823428193984206,0.0992871226098217,3.640551131792293,2.6178290505506308,335,32,77,0,0,6,0.0543149912857406,0.0018594685805316,0.0001776208793343,3.330391487519358e-05,0.0004274002408983,0.0,0.0,10,0,0,1,0,0,4,0,0,0,0,0,0,0,0,4,Elevate for Strava,,,
0,0,0,0,1,1,0,1,0,0,1,32,0.5927397188756254,46.570854638422205,0.0955835158051845,3.025235265833219,2.689158042466022,130,26,19,0,0,0,0.0507624673718917,0.0047479912344777,0.0009495982468955,0.0,0.0006939371804236,0.0,0.0,0,0,0,0,1,1,2,0,0,0,0,0,0,0,0,2,__MSG_appName__,,,
0,0,0,0,0,1,0,0,0,0,0,87,0.5662503496850179,46.424710813751965,0.059846953048368,4.756132526598971,2.946932144717323,332,42,31,0,0,4,0.0604454271244877,0.002230193596926,0.0002821329249123,2.686980237260355e-05,0.0002082409683876,0.0,0.0,0,0,0,0,0,0,1,0,0,0,0,0,0,0,0,1,__MSG_appName__,,,
0,1,0,0,1,1,1,0,0,0,1,39,0.4167316402440785,38.90002658867323,0.0862082753013774,4.719577831482844,3.14482304166517,302,5,70,0,0,0,0.0507629621846286,0.0133829655233537,0.0002215722768767,0.0,0.003102011876274,0.0,0.0,26,1,0,0,1,0,4,0,0,0,0,0,0,0,0,4,__MSG_extName__,,,
0,0,0,0,0,1,1,0,0,0,1,175,0.5530122856959412,44.5704990059706,0.0677309961246131,3.743638407057127,2.908776256190845,3342,100,106,0,0,12,0.0382029967996293,0.0107335904855809,0.0003211726656367,3.854071987641276e-05,0.0003404430255749,0.0,0.0,74,0,0,0,0,0,3,0,0,0,0,0,0,0,0,3,Polarr Photo Editor,,,
0,0,0,0,0,1,0,0,0,0,1,43,0.5801434597058296,48.15177836922332,0.0822022194584485,3.5908175971372613,2.4301384006947573,1014,15,90,0,0,0,0.0470695616431731,0.0122671183159932,0.000181466247278,0.0,0.001088797483668,0.0,0.0,9,0,0,0,0,0,1,0,0,0,0,0,0,0,0,1,__MSG_extension_name__,,,
0,0,0,0,1,1,0,0,0,0,1,8,0.3626853370543546,17.288613639755262,0.0693121822647637,7.338151717321472,3.563168584748902,98,5,35,0,0,0,0.0354583642204101,0.0146246828831517,0.0007461572899567,0.0,0.005223101029697,0.0,0.0,0,0,0,6,0,0,3,0,0,0,0,0,0,0,0,3,__MSG_appName__,,,
1,1,0,0,1,1,1,0,0,0,1,118,0.394217963407808,44.39132685568652,0.1029104952948133,4.280295617242622,3.138996933831637,123,13,19,0,0,5,0.0763334535029441,0.0048980567059573,0.0005176807900605,0.0001991079961771,0.000756610385473,0.0,0.0,542,0,0,76,1,5,141,0,0,0,33,0,0,0,18,127,__MSG_app_name__,,,
0,0,0,0,1,1,0,1,0,0,1,41,0.4265854583359723,48.68497931925302,0.1052628230994592,4.012657477237565,3.083870712158683,311,36,37,0,0,1,0.0533684091362403,0.0042735629972654,0.0004946889643136,1.374136011982466e-05,0.0005084303244335,0.0,0.0,5,0,0,0,0,0,1,0,0,0,0,0,0,0,0,1,__MSG_appName__,,,
1,1,0,0,1,1,1,0,0,0,1,259,0.5113377032991525,58.043815449247816,0.0716991872065462,4.470187788034655,2.541878818677217,1014,119,330,0,0,3,0.0358406073006201,0.0018425274970881,0.0002162335031099,5.451264784284367e-06,0.0005996391262712,0.0,0.0,0,0,0,0,0,0,3,0,0,0,0,0,0,0,0,3,__MSG_listingName__,,,
0,0,0,0,0,1,0,0,0,0,0,65,0.3641546028984504,37.069525121264746,0.0947541287896067,6.3546564463234425,3.376820049783223,383,6,274,0,0,0,0.0450432652416136,0.022935505120067,0.0003593029522725,0.0,0.0164081681537816,0.0,0.0,47,0,0,25,0,14,3,0,0,0,0,0,2,0,0,3,__MSG_extensionName__,,,
0,0,0,0,0,1,0,0,0,0,0,72,0.4715062058282722,46.587113635757525,0.0889489909889815,4.026935928076902,2.856314573841532,244,13,48,0,0,1,0.0802557944249029,0.0065071872416459,0.0003466944022188,2.666880017068032e-05,0.0012801024081926,0.0,0.0,6,0,0,4,0,0,4,0,1,0,0,0,0,0,0,4,Mouse Dictionary,,,
0,1,0,0,0,1,0,0,0,0,1,52,0.4552026813739682,42.13809395050316,0.0755025262089271,5.815632285898664,3.004131110190549,416,48,83,0,0,0,0.0828192004246638,0.0004359846650778,5.030592289359668e-05,0.0,8.698732500351093e-05,0.0,0.0,194,0,0,0,0,1,3,0,0,0,0,0,0,0,0,3,"Everhour — Time Tracking, Budgets, Expenses",,,
0,0,0,0,0,1,0,0,0,0,0,39,0.5566842119581242,56.04949716422497,0.0585851395172923,6.361226228559487,2.7481064460136206,170,18,57,0,0,2,0.0681627469577378,0.0008853659425762,9.374462921395128e-05,1.0416069912661252e-05,0.0002968579925108,0.0,0.0,5,0,0,1,0,0,1,0,0,0,0,0,0,0,0,1,__MSG_appName__,,,
0,1,0,0,0,0,0,0,0,0,0,24,0.4010901206734216,53.41239870340357,0.0872692265647735,4.133182461417844,2.5378048070817543,63,13,22,0,0,0,0.0341074322953011,0.0010210696920583,0.0002106969205834,0.0,0.0003565640194489,0.0,0.0,23,0,1,0,0,0,0,0,0,0,0,0,0,0,0,0,MobileMind,,,
0,0,1,0,1,1,0,0,0,0,0,22,0.4062931400864275,33.85538977186723,0.0674668296360178,4.820002330497895,1.8281607993495013,108,12,43,0,2,2,0.0336091089174837,0.0029192345118391,0.0003243593902043,5.405989836739107e-05,0.0011622878148989,5.405989836739107e-05,0.0,20,0,4,4,0,1,32,0,0,0,0,0,0,0,0,32,NoScript,,,
0,0,0,0,1,1,0,0,0,0,1,22,0.5626018921608386,40.00910001669728,0.0777238695975778,3.2781873315963117,2.878383862153882,229,8,28,0,0,1,0.0549963095693311,0.0038236767406912,0.000133578226749,1.6697278343629988e-05,0.0004675237936216,0.0,0.0,0,0,0,0,0,0,2,0,0,0,0,0,0,0,0,2,__MSG_name__,,,
0,0,0,0,0,1,0,0,0,0,0,7,0.3992844978620698,47.65871833084948,0.1259908601952928,3.362731079562864,3.262776047701844,75,14,22,0,1,1,0.0538249412725972,0.022354694485842,0.0041728763040238,0.0002980625931445,0.0065573770491803,0.0002980625931445,0.0,14,0,0,1,0,0,4,0,0,0,1,0,0,0,0,4,グランブルーファンタジー[ChromeApps版],,,
1,1,1,0,0,0,0,0,0,0,1,0,0.4374772744477303,43.127621707464,0.073579288443568,5.822324561062318,3.3258597953290963,104,14,33,0,0,1,0.1161580409026908,0.0028475987076282,0.0003833305952576,2.7380756804118067e-05,0.0009035649745358,0.0,0.0,0,0,0,1,0,1,5,0,0,0,0,0,0,0,0,5,HLS Player - m3u8 Streaming Player,,,
0,0,0,0,0,1,0,0,0,0,0,0,0.3182773109243697,30.91247672253259,0.0877100840336134,7.531384015594542,3.4780386890828514,0,0,3,0,0,0,0.0460038986354775,0.0,0.0,0.0,0.0027932960893854,0.0,0.0,1,0,0,4,0,0,3,0,0,0,0,0,0,0,0,3,__MSG_appName__,,,
0,0,1,0,1,1,1,0,0,0,1,164,0.4453333329910472,46.297140602234094,0.0955149008061223,4.019580548655279,3.026798393352529,703,112,194,0,2,12,0.0662272707463321,0.0042678484701311,0.0006799417192812,7.285089849441477e-05,0.0011777561923263,1.2141816415735792e-05,0.0,15,0,0,1,0,2,7,0,0,0,0,0,0,0,0,7,__MSG_name__,,,
0,0,0,0,0,0,0,0,0,0,0,6,0.393727891864206,46.5225576420252,0.1030869359924452,3.83284035017432,3.253524558799469,23,5,15,0,0,1,0.0892313724821631,0.0010934157356786,0.0002376990729736,4.753981459472308e-05,0.0007130972189208,0.0,0.0,0,0,1,6,0,0,4,0,0,0,0,0,0,0,0,4,Tiktok Stacking Blocks Challenge Game,,,
0,0,1,0,0,1,0,0,0,0,0,5,0.2857836766308272,30.570244508910072,0.0910690139550759,5.743087557603687,3.727950981480336,60,0,10,0,0,0,0.0579877112135176,0.0248653128885205,0.0,0.0,0.0041442188147534,0.0,0.0,0,0,0,0,0,0,7,0,0,0,0,0,0,0,0,7,IPvFoo,,,
0,0,0,0,1,1,0,0,0,0,0,101,0.5412249247945147,47.94763719090557,0.0635046646189941,5.107680581336462,2.4369024849634644,389,27,109,0,0,4,0.0349087450088907,0.001344941085357,9.335066659290812e-05,1.3829728384134536e-05,0.0003768600984676,0.0,0.0,22,0,0,0,0,0,1,0,0,0,0,0,0,0,0,1,PerkSpot: Save While You Shop,,,
0,0,0,0,0,0,0,0,0,0,0,10,0.4105990515129666,29.11584625758597,0.1079295844659498,3.2634103150593963,2.719879112226653,11,2,4,0,0,0,0.0391057330480336,0.0014834794335805,0.0002697235333782,0.0,0.0005394470667565,0.0,0.0,256,0,1,0,0,0,1,0,0,0,0,0,0,0,0,1,SEO Search Simulator by Nightwatch,,,
1,1,0,0,1,1,0,0,0,0,1,127,0.535076183952758,24.94079945755707,0.0485087143568224,3.804341978604149,2.419195464204422,834,63,216,0,0,4,0.027840548345474,0.0026928416906138,0.0002034160989312,1.291530786865132e-05,0.0006974266249071,0.0,0.0,48,1,0,22,6,0,269,2,0,0,0,0,0,0,0,269,ScreenPal - Screen Recorder & Video Editor,,,
0,0,0,0,0,0,0,0,0,0,1,113,0.4846582081844731,44.98559813809155,0.0626420972878973,5.7867730676570055,2.6896092615741045,3099,258,148,0,0,19,0.0715813333985629,0.0048083785880527,0.000400310318076,2.948021722265322e-05,0.0002296353762606,0.0,0.0,0,0,0,2,0,0,6,0,0,0,0,0,0,0,0,6,"Genie - Extemp, Congress, Debate",,,
0,0,0,0,1,1,1,0,0,0,1,84,0.4987572054204593,54.40754410098313,0.0749021558516518,4.753326368961824,2.5658578781692496,188,49,119,0,0,12,0.051720092715557,0.0003165404153077,8.250255505361824e-05,2.020470736006977e-05,0.0002003633479873,0.0,0.0,0,0,2,2,0,0,5,1,0,0,0,0,0,0,0,5,Martian Aptos & Sui Wallet Extension,,,
0,0,0,0,1,1,0,0,0,0,0,74,0.5762315911949061,50.54966427815466,0.0630799384686115,3.517675982873329,1.6027287352583752,2268,7,115,0,0,1,0.022388192653268,0.0196748616340198,6.07248815864809e-05,8.674983083782986e-06,0.000997623054635,0.0,0.0,0,0,0,0,0,0,2,0,0,0,0,0,0,0,0,2,__MSG_appName__,,,
0,0,0,0,0,1,1,1,0,0,1,13,0.3503108922957524,39.18058347036969,0.108174148191489,4.829884124622391,3.3831007553332566,110,21,18,0,0,1,0.0625216045207929,0.006699555393142,0.0012790060295998,6.090504902856447e-05,0.0010962908825141,0.0,0.0,0,0,1,0,0,0,0,0,0,0,0,0,0,0,0,0,Readwise,,,
0,0,0,0,1,1,0,0,0,0,0,28,0.2355759848609034,23.03076263465352,0.0634356694333209,7.928307299968123,3.691247724677552,228,30,93,0,0,3,0.0829136117309531,0.0061096521785733,0.0008039016024438,8.039016024438609e-05,0.0024920949675759,0.0,0.0,107,0,0,3,0,0,30,0,0,0,1,0,0,0,0,30,Tabs Outliner,,,
0,0,0,0,0,0,0,0,0,0,0,0,0.0,0.0,0.0,0.0,0.0,0,0,0,0,0,0,0.0,0.0,0.0,0.0,0.0,0.0,0.0,0,0,0,0,0,0,0,0,0,0,0,0,0,0,0,0,Stay Flo,,,
0,0,0,0,0,1,0,0,0,0,0,69,0.4391053111101833,41.39276109173564,0.1018050783843275,3.4162671123733173,2.9321309186729985,308,24,88,0,0,0,0.0740550570471462,0.0053441604636232,0.0004164280880745,0.0,0.0015269029896066,0.0,0.0,15,0,0,2,0,1,2,0,0,0,0,0,0,0,0,2,JSON Viewer Pro,,,
0,0,0,0,0,1,0,0,0,0,0,9,0.319153278381841,29.01224906430759,0.0737309946824793,5.693402038758822,3.627544437656784,10,1,8,0,0,0,0.0431275904559202,0.0034025178632187,0.0003402517863218,0.0,0.002722014290575,0.0,0.0,0,0,0,0,0,1,1,0,0,0,0,0,0,0,0,1,Controls for Instagram Videos,,,
0,1,0,1,0,1,0,1,0,0,1,85,0.2679194671594944,71.45674074978629,0.0475758276754634,3.5841514612397214,2.638207408839594,4052,1,172,0,0,2,0.0062837647263023,0.1237025277811698,3.0528758090120894e-05,6.105751618024179e-05,0.0052509463915007,0.0,0.0,17,1,0,0,0,0,32,0,0,0,0,0,0,0,0,32,Black Menu for Google™,,,
0,0,0,0,1,1,0,0,0,0,0,11,0.4429909253008073,35.566630270888574,0.1101576341511274,3.4281221301060523,2.922895006623273,163,3,23,0,0,0,0.0343317943363232,0.0084750168980398,0.0001559819060988,0.0,0.0011958612800915,0.0,0.0,0,0,0,0,0,0,3,0,0,0,0,0,0,0,0,3,__MSG_manifest_name__,,,
1,1,0,0,1,1,0,0,0,0,1,44,0.4475586642082479,35.700338867290114,0.1014981705012654,3.372002694207454,2.65559391870771,153,88,79,0,0,0,0.0450959009558021,0.0020095618367132,0.0011558264158873,0.0,0.0010376168960806,0.0,0.0,2,0,0,0,1,0,5,0,0,0,0,0,0,0,0,4,Boomerang - SOAP & REST Client,,,
0,0,0,0,0,1,1,0,0,0,0,120,0.4507901819782879,55.51063046479521,0.0850534367473482,3.3507847538792728,2.628918138570143,373,83,107,0,0,3,0.0512817365393497,0.0038144909750984,0.0008488009408395,3.067955207853965e-05,0.0010942373574679,0.0,0.0,123,0,1,0,0,0,1,0,0,0,0,0,0,0,0,1,__MSG_appName__,,,
1,1,0,0,1,1,0,0,0,0,1,249,0.4911718839879605,57.79131697298063,0.070394265673846,4.937055988391732,3.092867280325017,1533,91,424,0,0,6,0.0402863093543746,0.0028571907831833,0.000169604932335,1.1182742791324428e-05,0.0007902471572535,0.0,0.0,5,0,0,0,0,0,10,0,0,0,0,0,0,0,0,10,Petra Aptos Wallet,,,
0,0,0,0,0,1,0,0,0,0,0,8,0.4438048146677735,31.88783382789317,0.1075089327606741,3.632593608088425,2.7516020045484373,17,11,5,0,0,0,0.0305886385056978,0.0050445103857566,0.0032640949554896,0.0,0.0014836795252225,0.0,0.0,3,0,0,1,0,0,2,0,0,0,0,0,0,0,0,2,Copytables,,,
0,0,0,0,1,1,0,0,0,0,0,1,0.3974506930098903,42.39484226339509,0.1249841317468927,3.645252525252525,3.2366560840868392,75,7,13,0,0,0,0.0557575757575757,0.0187781672508763,0.0017526289434151,0.0,0.0032548823234852,0.0,0.0,0,0,0,0,0,0,0,0,0,0,0,0,0,0,0,0,TrustBuilder Backup,,,
0,0,0,0,1,1,1,0,0,0,0,262,0.6744561591047574,33.88730191405204,0.0507081300542983,3.4235638912885547,2.1450587792704905,626,125,349,0,0,3,0.023654810611542,0.0003952878655465,7.893128305642134e-05,1.894350793354112e-06,0.0002203761422935,0.0,0.0,72,3,3,0,0,0,4,0,0,0,0,0,0,0,0,4,__MSG_name__,,,
0,0,0,0,0,1,1,0,0,0,0,2,0.2892168846514281,39.839850249584025,0.0866540357739477,5.870144511632674,3.499430830012432,67,14,60,0,0,0,0.0334119093983806,0.0278702163061564,0.0058236272878535,0.0,0.0249584026622296,0.0,0.0,0,0,0,0,0,0,8,0,0,0,0,0,0,0,0,8,__MSG_extensionName__,,,
0,0,0,0,0,0,0,0,0,0,0,0,0.2597478745236001,25.449612403100776,0.1055408970976253,6.025806451612903,3.623605958349868,0,0,0,0,0,0,0.032258064516129,0.0,0.0,0.0,0.0,0.0,0.0,0,0,0,0,0,0,0,0,0,0,0,0,0,0,0,0,Wikiwand - Elevate Wikipedia with AI,,,
0,0,0,0,1,0,0,0,0,0,0,3,0.2686133709943707,25.9597855227882,0.1069162373441012,6.407456140350877,3.7696928649264767,180,14,56,0,0,0,0.0785087719298245,0.0965147453083109,0.0075067024128686,0.0,0.0300268096514745,0.0,0.0,13,0,0,10,0,0,12,0,0,0,8,0,0,0,0,12,SimpleUndoClose,,,
0,0,0,0,0,0,0,0,0,0,0,0,0.0,0.0,0.0,0.0,0.0,0,0,0,0,0,0,0.0,0.0,0.0,0.0,0.0,0.0,0.0,0,0,0,0,0,0,0,0,0,0,0,0,0,0,0,0,Free Rider HD,,,
0,1,0,0,0,1,0,0,0,0,0,88,0.5429933162442183,53.02889678903443,0.0875538579820652,3.6817676692843375,2.7380392899393677,791,30,127,0,0,0,0.0380714838412275,0.0150377369251535,0.0005703313625216,0.0,0.0024144027680082,0.0,0.0,1,0,0,4,0,0,4,0,0,0,0,0,0,0,0,4,__MSG_deArrowFullName__,,,
0,0,0,0,0,1,0,0,0,0,0,26,0.3556217559527375,36.77730595196658,0.0552864436718675,6.226996691871456,2.596807281782744,195,87,64,0,0,0,0.0316044423440453,0.006787330316742,0.003028193525931,0.0,0.0022276366167768,0.0,0.0,29,0,0,8,0,6,36,0,8,0,0,0,0,0,0,36,__MSG_extension_name__,,,
0,0,0,0,0,0,0,0,0,0,0,0,0.0,0.0,0.0,0.0,0.0,0,0,0,0,0,0,0.0,0.0,0.0,0.0,0.0,0.0,0.0,0,0,0,0,0,0,0,0,0,0,0,0,0,0,0,0,pro grey,,,
0,1,0,0,1,1,0,1,0,0,1,60,0.4232292471256168,36.16748948619492,0.1079129788793718,3.804209846054423,3.2014812860762336,250,17,92,0,0,0,0.0345281233411037,0.0228560980069482,0.0015542146644724,0.0,0.0084110440665569,0.0,0.0,16,0,0,4,1,0,6,2,0,0,2,0,1,0,0,6,__MSG_exname__,,,
0,0,0,0,1,1,0,0,0,0,1,31,0.55380247512182,49.85570293327101,0.0769658099526507,3.940135070292413,2.424738494531118,331,8,80,0,0,4,0.0517793326696793,0.0096704452495033,0.0002337267734018,0.0001168633867009,0.0023372677340189,0.0,0.0,6,0,0,0,0,0,2,0,0,0,0,0,0,0,0,2,__MSG_extName__,,,
0,0,1,0,0,1,0,0,0,0,0,38,0.6003460917621953,47.90637230306072,0.0808671445377691,3.982799976013912,2.5043811774043645,75,4,19,0,0,5,0.0422355034080233,0.0025087807325639,0.00013380163907,0.0001672520488375,0.0006355577855828,0.0,0.0,0,0,0,0,0,0,0,0,0,0,0,0,0,0,0,0,__MSG_appName__,,,
0,0,0,0,0,0,0,0,0,0,0,0,0.0338983050847457,59.0,0.0508474576271186,5.625,3.796960730356964,1,0,0,0,0,0,0.0,1.0,0.0,0.0,0.0,0.0,0.0,0,0,0,0,0,0,1,0,0,0,0,0,0,0,0,1,__MSG_appName__,,,
0,0,0,0,0,1,1,0,0,0,0,14,0.3706778957357214,43.935834358343584,0.1219746980971107,3.608427073403241,3.2828528077197783,66,9,6,0,0,1,0.0722974261201143,0.013530135301353,0.0018450184501845,0.0002050020500205,0.001230012300123,0.0,0.0,147,0,0,6,0,0,3,0,0,0,2,0,0,0,0,3,__MSG_application_title__,,,
0,0,0,0,1,1,0,0,0,0,0,41,0.4745939539274664,43.37389921722114,0.0883027032986721,3.905019191024505,2.752106147295007,50,20,22,0,0,0,0.0340862119870091,0.0030577299412915,0.0012230919765166,0.0,0.0013454011741682,0.0,0.0,3,0,0,0,0,0,3,0,0,0,0,0,0,0,0,3,__MSG__extensionName__,,,
1,1,0,0,0,1,0,0,0,0,0,240,0.5121226024700521,54.10715572219319,0.0880469294165397,3.6189648779039776,2.7597734115532204,3172,75,127,0,0,2,0.055716629125808,0.0080466359886555,0.000190257786617,5.0735409764536965e-06,0.0003221698520048,0.0,0.0,0,0,0,3,0,0,1,0,0,0,0,0,0,0,0,1,Sender Wallet,,,
0,0,0,0,0,0,0,0,0,0,0,0,0.0,0.0,0.0,0.0,0.0,0,0,0,0,0,0,0.0,0.0,0.0,0.0,0.0,0.0,0.0,0,0,0,0,0,0,0,0,0,0,0,0,0,0,0,0,ThingLink,,,
0,0,0,0,0,0,0,0,0,0,0,0,0.2886029411764705,14.4468085106383,0.0955882352941176,6.28974358974359,3.414999474669873,2,2,1,0,0,0,0.0666666666666666,0.0070921985815602,0.0070921985815602,0.0,0.0035460992907801,0.0,0.0,20,1,0,0,0,0,2,0,0,0,0,0,0,0,0,2,__MSG_AppName__,,,
1,1,1,0,1,1,0,1,0,0,0,268,0.5190520021110624,54.291341805866736,0.0732873567393809,4.105302694527862,2.394745211797193,1639,83,429,0,0,15,0.0507657456952603,0.0044727771880176,0.000226504274927,4.093450751694007e-05,0.0011707269149844,0.0,0.0,0,0,0,0,0,0,5,0,0,0,0,0,0,0,0,5,__MSG_Meta_appName__,,,
0,0,0,0,0,1,1,1,0,0,0,99,0.2343433322330417,108.25264272995696,0.0637768196071959,14.14490632816621,2.8847037569904663,1025,64,250,0,0,0,0.0886096411373343,0.0231027565532941,0.0014425135799129,0.0,0.0056348186715351,0.0,0.0,52,0,0,9,0,0,13,0,0,0,0,0,0,0,0,13,Schoology Plus,,,
0,0,0,0,0,1,0,0,0,0,1,474,0.4383200857727155,62.41595666897136,0.0776824960473282,4.808119034836525,3.135452244784948,1853,197,336,0,0,23,0.038156867683213,0.0020466047126027,0.0002175829079237,2.5403080620542035e-05,0.0003711058734131,0.0,0.0,13,0,0,2,0,0,18,0,0,0,0,0,0,0,0,18,Leap Wallet,,,
0,1,0,0,0,1,0,1,0,0,0,6,0.0208506510706982,689.099158337717,0.0648520917539938,170.25954402620846,3.3592111887865457,12,3,19,0,0,0,0.1636023266697867,0.0015781167806417,0.0003945291951604,0.0,0.0024986849026827,0.0,0.0,1,0,0,0,0,0,1,0,0,0,0,0,0,0,0,1,YouTube Auto HD + FPS,,,
0,0,0,0,1,1,0,0,0,0,0,70,0.3332783025671808,40.87615302109403,0.084664579092377,6.302304046372019,3.7080636314182978,641,49,88,0,0,2,0.0633280529194501,0.0024123591065615,0.0001844081064298,7.5268614869314865e-06,0.0003311819054249,0.0,0.0,0,0,0,0,0,0,2,0,0,0,0,0,0,0,0,2,Razor Wallet,,,
0,0,0,0,0,0,0,0,0,0,0,0,0.0,0.0,0.0,0.0,0.0,0,0,0,0,0,0,0.0,0.0,0.0,0.0,0.0,0.0,0.0,0,0,0,0,0,0,0,0,0,0,0,0,0,0,0,0,__MSG_name__,,,
1,1,1,0,0,1,0,1,0,0,1,78,0.5372486617834183,49.296906424334615,0.0869938404039104,3.4552040824947827,2.8108136648857265,266,24,56,0,1,0,0.0472866448685778,0.0010428223634431,9.408923579938608e-05,0.0,0.0002195415501985,3.92038482497442e-06,0.0,0,0,0,0,0,0,1,0,0,0,0,0,0,0,0,1,__MSG_name__,,,
1,1,0,0,0,1,0,0,0,0,1,36,0.3719085312567513,19.10891941606982,0.0960231065818335,4.655496289424861,3.0668270733929006,94,10,6,0,0,0,0.0669758812615955,0.003678916676451,0.000391374114516,0.0,0.0002348244687096,0.0,0.0,14,0,0,2,0,5,21,0,4,0,0,0,0,0,0,21,__MSG_ext_name__,,,
1,1,0,0,1,1,0,0,0,0,0,16,0.5082264281850736,41.903064721433466,0.0990708894675701,3.5598267836880253,3.247258146803691,24,4,20,0,0,0,0.066646597040502,0.0023499461470674,0.0003916576911779,0.0,0.0019582884558895,0.0,0.0,3,0,0,0,0,0,4,0,0,0,0,0,0,0,0,4,__MSG_ExtensionName__,,,
0,0,0,0,0,1,0,1,0,0,0,28,0.4330757049327566,19.02613428899858,0.0767381475741399,5.64286171779927,3.138624819929277,120,23,163,0,0,0,0.1194944383953543,0.0040570694435053,0.0007776049766718,0.0,0.0055108526607613,0.0,0.0,3,0,0,5,0,0,2,0,0,0,0,0,0,0,0,2,Toolbox for Google Play Store™,,,
0,1,0,0,0,1,0,0,0,0,1,16,0.5349563062612785,46.599136042071,0.0875466268223261,3.555338015180535,2.639896847101947,102,4,29,0,0,1,0.0573171596793644,0.0063857759969949,0.0002504225881174,6.260564702936204e-05,0.0018155637638514,0.0,0.0,1,0,0,2,0,1,2,0,0,0,0,0,0,0,0,2,GitZip for github,,,
0,1,0,0,0,1,0,0,0,0,0,1,0.6648463610469336,47.67019368723099,0.0701480932851357,3.050283819761893,2.6516018939057355,8,1,2,0,0,0,0.0361179484603405,0.0014347202295552,0.0001793400286944,0.0,0.0003586800573888,0.0,0.0,0,0,0,0,0,0,0,0,0,0,0,0,0,0,0,0,__MSG_appName__,,,
1,1,0,0,0,1,0,0,0,0,0,29,0.3989470267643972,40.08762169680112,0.1098513133292313,4.013292376431164,3.2264688120455687,91,28,25,0,0,1,0.0471749045890347,0.0074449807739507,0.0022907633150617,8.181297553792031e-05,0.002045324388448,0.0,0.0,31,0,0,5,0,0,15,0,0,0,0,0,0,0,0,15,Datalayer Checker,,,
0,0,0,0,0,0,0,0,0,0,0,0,0.0,0.0,0.0,0.0,0.0,0,0,0,0,0,0,0.0,0.0,0.0,0.0,0.0,0.0,0.0,0,0,0,0,0,0,0,0,0,0,0,0,0,0,0,0,Stargazers,,,
1,1,1,0,0,1,0,0,1,0,0,5,0.442582768647322,39.82261822575078,0.0956557492276194,3.718745336795296,2.877022880120585,16,1,2,0,0,0,0.0273077267436655,0.0006903693476009,4.3148084225060405e-05,0.0,8.629616845012081e-05,0.0,0.0,0,0,0,0,0,0,3,0,0,0,0,0,0,0,0,3,__MSG_appName__,,,
0,0,0,0,0,1,0,0,0,0,0,228,0.5323325994885756,52.37255852705767,0.0850896099494941,3.4358817577055265,2.2122546867595174,301,107,149,0,0,4,0.0472680912523347,0.0010278088890102,0.000365367279482,1.3658589887180047e-05,0.0005087824732974,0.0,0.0,533,1,0,21,0,0,17,24,0,0,0,24,1,0,0,10,__MSG_name__,,,
0,0,0,0,0,0,0,0,0,0,0,1,0.2899257195914577,30.00719424460432,0.1193129062209842,6.403846153846154,3.552560612945552,2,0,3,0,0,0,0.0357142857142857,0.014388489208633,0.0,0.0,0.0215827338129496,0.0,0.0,0,0,0,1,0,0,1,0,0,0,0,0,0,0,0,1,__MSG_ext_name__,,,
0,0,0,0,1,1,0,0,0,0,1,198,0.6213761008436869,47.42226412418621,0.0606756848955856,3.911353014940836,2.429056608096922,3730,95,273,0,0,3,0.0384796212648859,0.009795605371038,0.0002494859276805,7.87850297938721e-06,0.0007169437711242,0.0,0.0,1,0,0,0,0,0,9,0,0,0,0,0,0,0,0,9,Aura,,,
0,1,1,0,0,1,1,0,0,0,0,2,0.2965969767069675,40.246624662466246,0.0794669227299841,7.533953226260919,3.677811567705561,179,2,36,0,1,0,0.0347515732131116,0.0537053705370537,0.0006000600060006,0.0,0.0108010801080108,0.0003000300030003,0.0,7,0,0,10,0,2,7,0,0,0,0,0,0,0,0,7,__MSG_extensionName__,,,
1,1,1,0,1,1,0,0,0,0,1,72,0.4879355671974291,41.39014085457625,0.0800639920926968,5.111558943386424,2.5144682136006056,448,111,72,0,0,13,0.0828564122546393,0.00302361524496,0.0007491546700682,8.773883523321658e-05,0.0004859381643685,0.0,0.0,4,0,0,16,0,1,35,0,0,0,3,0,0,0,0,34,Jobalytics - Resume Keyword Analyzer,,,
0,0,0,0,1,1,0,0,0,0,0,5,0.4468120634356113,34.32518768193657,0.0728884975787686,5.2730302308974055,2.9720749531404262,73,9,9,0,0,0,0.0547224205876907,0.0055921556611,0.0006894438486287,0.0,0.0006894438486287,0.0,0.0,0,0,0,0,0,0,4,0,0,0,0,0,0,0,0,4,__MSG_name__,,,
0,0,1,1,0,1,0,0,0,0,1,6,0.3583548469739668,33.63288979870352,0.0927320024436868,6.715823735603405,3.421427569809901,48,5,20,0,1,1,0.1042814221331998,0.0163766632548618,0.0017059024223814,0.0003411804844762,0.0068236096895257,0.0003411804844762,0.0,23,0,0,3,0,0,12,0,0,0,0,0,0,0,1,12,__MSG_appName__,,,
0,0,0,0,0,1,1,0,0,0,0,44,0.3991827751717967,19.396392959761936,0.086106647533014,5.871049112678079,2.367875820591632,115,16,45,0,0,0,0.0819383092652378,0.0002182519348508,3.0365486587944143e-05,0.0,8.54029310285929e-05,0.0,0.0,0,0,0,2,0,0,2,0,0,0,1,0,0,0,0,2,Caret,,,
0,0,0,0,1,1,0,0,0,0,0,22,0.3083278148369486,38.33940485015355,0.071387807622524,3.7871744078226417,3.040474993221796,110,4,107,0,0,0,0.0090617887549523,0.0116488404108863,0.0004235941967595,0.0,0.0113311447633167,0.0,0.0,3,0,2,9,0,0,4,0,0,0,0,0,0,0,0,4,Screen Shader | Smart Screen Tinting,,,
0,0,0,0,0,0,0,0,0,0,0,0,0.0,0.0,0.0,0.0,0.0,0,0,0,0,0,0,0.0,0.0,0.0,0.0,0.0,0.0,0.0,0,0,0,0,0,0,0,0,0,0,0,0,0,0,0,0,Photopea,,,
0,1,0,0,0,1,0,0,0,0,0,79,0.4953934815486905,46.51642717345504,0.0797134425374666,3.921040298856528,2.6718307611563885,2999,25,88,0,0,1,0.0385577968202138,0.0118099228554889,9.844884007576622e-05,3.937953603030649e-06,0.0003465399170666,0.0,0.0,0,0,0,0,0,0,1,0,0,0,0,0,0,0,0,1,__MSG_extName__,,,
0,0,0,0,0,0,0,0,0,0,1,7,0.3865095489638358,34.98245614035088,0.1112014086414736,4.750658472344162,3.2261872350259675,6,5,19,0,0,0,0.0766754462979221,0.0058479532163742,0.0048732943469785,0.0,0.0185185185185185,0.0,0.0,0,0,0,1,1,1,2,0,0,0,0,0,0,0,0,2,Scientific Calculator,,,
0,0,0,0,0,1,0,0,0,0,0,6,0.4136429989183058,44.16220061655205,0.129840056290104,3.3054309694036146,3.250210479782893,75,8,10,0,1,0,0.0551978329410719,0.0177851553236898,0.0018970832345269,0.0,0.0023713540431586,0.0002371354043158,0.0,0,0,0,0,0,0,0,0,0,0,0,0,0,0,0,0,__MSG_name__,,,
1,1,1,0,0,1,0,0,0,0,1,53,0.4055784260165816,67.08184422316191,0.0738521840993453,3.892274806732557,3.026283429838032,902,15,41,0,0,1,0.0471670417849104,0.0205065248033465,0.0003410175965079,2.273450643386532e-05,0.0009321147637884,0.0,0.0,5,0,1,0,0,0,2,0,0,0,0,0,0,0,0,2,__MSG_appName__,,,
0,0,0,0,0,0,0,0,0,0,0,0,0.0,0.0,0.0,0.0,0.0,0,0,0,0,0,0,0.0,0.0,0.0,0.0,0.0,0.0,0.0,0,0,0,0,0,0,0,0,0,0,0,0,0,0,0,0,Bits + Pieces,,,
0,0,0,0,0,1,0,0,0,0,0,39,0.4365720438256401,16.808064184324213,0.0691764901595634,6.05172680332684,3.0332958871557447,339,35,96,0,0,0,0.0217357697183316,0.0139477473770829,0.001440032915038,0.0,0.0039498045669615,0.0,0.0,0,0,0,0,0,0,0,0,0,0,0,0,0,0,0,0,__MSG_extName__,,,
0,0,0,0,0,0,0,1,0,0,1,1,0.1919067796610169,18.42798353909465,0.1065254237288135,7.626547795938584,3.808665729137058,0,0,30,0,0,0,0.0297176820208023,0.0,0.0,0.0,0.0246913580246913,0.0,0.0,0,0,0,15,0,0,2,0,1,0,0,0,0,0,0,2,Family Search,,,
0,0,0,0,0,1,0,0,0,0,0,63,0.5444453850228691,21.127097534130183,0.0720982452588302,5.443983291023626,2.8418760630777125,119,10,38,0,0,6,0.0499926125908315,0.0022978739838183,0.0001930986541023,0.0001158591924614,0.000733774885589,0.0,0.0,2,0,0,0,0,0,7,0,0,0,0,0,0,0,0,7,__MSG_appName__,,,
1,1,1,0,0,1,0,0,0,0,0,141,0.3327580276458743,69.35389166378091,0.0705803971761634,9.619567324736328,2.992926256743374,245,20,131,0,0,0,0.0443324581228396,0.0014379875217899,0.0001173867364726,0.0,0.0007688831238958,0.0,0.0,1,0,0,0,0,0,3,0,0,0,0,0,0,0,0,3,Pocket Universe,,,
0,0,0,0,1,1,0,0,0,0,1,53,0.5468010177311046,52.36267181461312,0.0777016960855751,3.9901256647673926,2.493395261727006,1029,22,277,0,0,5,0.0658552445648205,0.0039103618889822,8.360346118329299e-05,1.9000786632566588e-05,0.0010526435794441,0.0,0.0,0,0,0,0,0,0,7,0,0,0,0,0,0,0,0,7,__MSG_ext_name__,,,
0,0,0,0,0,0,0,0,0,0,0,0,0.3457051961823966,15.88120423108218,0.0734599440856068,6.209478021978022,2.908172152477318,11,1,2,0,0,0,0.0741758241758241,0.0089503661513425,0.000813669650122,0.0,0.0016273393002441,0.0,0.0,0,0,0,0,0,0,0,0,0,0,0,0,0,0,0,0,__MSG_ext_name__,,,
0,0,0,0,1,1,0,0,0,0,0,206,0.4044255960637454,29.13594375107992,0.1091577637691508,3.4391182549298014,3.267738013407029,1642,184,784,0,0,5,0.0847609701900287,0.0109121841647061,0.0012228026104177,3.322833180483007e-05,0.0052102024269973,0.0,0.0,5,1,0,1,0,0,2,0,0,0,0,0,0,0,0,2,Annotate: Web Annotations with Screen Sharing,,,
0,0,0,0,0,0,1,0,0,0,0,0,0.0,0.0,0.0,0.0,0.0,0,0,0,0,0,0,0.0,0.0,0.0,0.0,0.0,0.0,0.0,0,0,0,0,0,0,0,0,0,0,0,0,0,0,0,0,__MSG_appName__,,,
0,0,0,0,1,1,0,0,0,0,1,6,0.521601856169603,38.80780549644587,0.107851187971293,2.896263316902528,2.8657293195462072,24,3,3,0,0,0,0.0366247946149361,0.0010866120342282,0.0001358265042785,0.0,0.0001358265042785,0.0,0.0,18,0,0,0,0,0,4,0,0,0,0,0,0,0,0,4,Quick Javascript Switcher,,,
0,1,0,0,1,1,0,0,0,0,0,7,0.2609495553277049,42.29335851432169,0.0703767534195772,5.620105335470575,3.3335028195892784,70,15,47,0,0,0,0.0110678574154644,0.0220333648095687,0.0047214353163361,0.0,0.0147938306578533,0.0,0.0,0,0,0,13,0,0,3,0,0,0,0,0,0,0,0,3,__MSG_extName__,,,
1,1,1,0,0,1,0,0,1,0,0,5,0.4425799618859177,39.82287711425613,0.0956456299340349,3.718805025815501,2.877022647357923,16,1,2,0,0,0,0.0273077267436655,0.0006903693476009,4.3148084225060405e-05,0.0,8.629616845012081e-05,0.0,0.0,0,0,0,0,0,0,3,0,0,0,0,0,0,0,0,3,__MSG_appName__,,,
0,0,1,0,1,1,0,0,0,0,0,73,0.5518420374590781,45.90328982916996,0.076135096556566,3.7251075627881978,2.5218816122990684,1401,27,126,0,0,0,0.0320493205650472,0.0145579616775427,0.0002805602892888,0.0,0.0013092813500145,0.0,0.0,0,0,0,0,0,0,1,0,0,0,0,0,0,0,0,1,Skrapp.io - Email Finder,,,
0,1,0,0,0,1,0,0,0,0,1,77,0.5046948825130048,32.40079962915749,0.0918670322530838,3.694383358098068,2.9600837408967613,171,36,10,0,0,4,0.0658726711624185,0.0024771120639703,0.0005214972766253,5.794414184725924e-05,0.0001448603546181,0.0,0.0,0,0,0,0,0,0,13,0,0,0,0,0,0,0,0,13,__MSG_extension_name__,,,
0,0,0,0,0,0,0,0,0,0,0,7,0.4520252229733568,39.46896551724138,0.1187865704709424,3.2973790322580645,3.229205145778726,4,1,3,0,0,0,0.0549395161290322,0.0091954022988505,0.0022988505747126,0.0,0.0068965517241379,0.0,0.0,0,0,0,0,0,0,0,0,0,0,0,0,0,0,0,0,__MSG_extension_name__,,,
0,0,0,0,0,0,0,0,0,0,1,16,0.3635007733087218,39.05665257712448,0.0995237300254829,6.288658803642091,3.595863479849462,20,7,34,0,0,5,0.0991202120711514,0.0012617500473156,0.0004416125165604,0.0003154375118289,0.0021449750804365,0.0,0.0,2,0,0,0,0,0,1,0,0,0,0,0,0,0,0,1,__MSG_appName__,,,
0,1,0,0,0,1,0,0,0,0,0,150,0.5391662267630827,56.742377565638506,0.076750557066869,3.548094797462048,2.3816357214021258,341,62,171,0,0,20,0.0300235553517659,0.0014410257060392,0.0002620046738253,8.45176367178421e-05,0.0007226257939375,0.0,0.0,9,0,0,0,0,0,2,0,0,0,0,0,0,0,0,2,__MSG_extensionName__,,,
0,0,0,0,0,0,0,0,0,0,0,0,0.2192192192192192,27.382978723404257,0.069069069069069,5.937062937062937,3.967335865998303,1,0,0,0,0,0,0.0069930069930069,0.0212765957446808,0.0,0.0,0.0,0.0,0.0,0,0,0,0,0,0,1,0,0,0,0,0,0,0,0,1,Tab for a Cause,,,
1,1,1,0,1,1,0,0,0,0,0,80,0.4542162743042037,36.9404300457801,0.0870753307339337,4.633240723973275,2.9846398984113014,160,47,32,0,4,3,0.0740318906605922,0.0012761002376736,0.0003748544448166,2.39268794563813e-05,0.0002552200475347,3.190250594184173e-05,0.0,6,0,0,5,3,0,68,0,0,0,0,0,0,0,0,61,__MSG_extensionName__,,,
0,0,0,0,1,0,0,0,0,0,1,284,0.4588635114711107,59.83792545210456,0.0830488831203794,4.400225128350614,2.9480416779331344,326,45,199,0,0,3,0.0599180724282535,0.0012872147200505,0.0001776830135039,1.1845534233593936e-05,0.0007857537708283,0.0,0.0,63,2,17,10,0,0,10,0,0,0,0,0,0,0,0,10,Hashpack,,,
0,1,1,0,0,1,0,0,0,0,0,56,0.5272214983556189,33.67277660185771,0.0479321831511406,3.5823751519383453,1.351752670392133,659,20,50,0,0,1,0.0349005612020586,0.0047933896320218,0.0001454746474058,7.273732370291167e-06,0.0003636866185145,0.0,0.0,5,0,0,4,0,0,7,0,0,0,3,0,0,0,1,6,vLex,,,
0,0,0,0,0,0,0,0,0,0,1,35,0.578309606515226,43.416361767728674,0.0755500391976105,2.794461735627975,2.7169417256704387,142,21,20,0,0,0,0.0680794580739655,0.0058376156217882,0.0008633093525179,0.0,0.0008221993833504,0.0,0.0,72,0,0,19,2,0,5,0,0,0,16,0,0,2,0,5,__MSG_appName__,,,
0,0,0,0,0,0,0,0,0,0,1,0,0.3578439456204115,48.07818064098414,0.0904314615338948,7.254544609233344,3.468421085996396,49,5,7,0,0,1,0.0484913292110279,0.0079313693752023,0.0008093234056328,0.0001618646811265,0.001133052767886,0.0,0.0,0,0,0,0,0,0,1,0,0,0,0,0,0,0,0,1,AdGuard Extra,,,
0,0,0,0,0,1,0,0,0,0,0,27,0.4432619997106889,37.17123381049761,0.1048806056244207,4.098836475151078,3.0041756097124104,133,10,37,0,0,0,0.0595652566068368,0.0090661213360599,0.0006816632583503,0.0,0.0025221540558963,0.0,0.0,3,0,0,0,0,0,6,0,0,0,0,0,0,0,0,6,__MSG_extension_name__,,,
0,1,1,0,0,0,0,0,0,0,0,9,0.3759409011262021,35.30913978494624,0.1143724446565042,3.6569842237118286,3.3018712047184278,11,4,9,0,1,0,0.0434017198185388,0.0032855436081242,0.001194743130227,0.0,0.0026881720430107,0.0002986857825567,0.0,0,0,0,0,0,0,1,0,0,0,0,0,0,0,0,1,myfaveTT - download all TikToks you've loved,,,
0,0,0,0,0,0,0,0,0,0,0,0,0.0,0.0,0.0,0.0,0.0,0,0,0,0,0,0,0.0,0.0,0.0,0.0,0.0,0.0,0.0,0,0,0,0,0,0,0,0,0,0,0,0,0,0,0,0,Space Catboy,,,
0,1,0,0,0,1,1,1,0,0,0,154,0.4082242361517709,34.832809735312175,0.0739522186088837,4.065224336611412,3.173795644363982,564,126,166,0,1,6,0.0520300094743568,0.0040732315025457,0.0009099772505687,4.3332250027082654e-05,0.0011988589174159,7.222041671180443e-06,0.0,1,0,0,14,1,0,54,0,0,0,3,0,0,0,0,54,__MSG_appName__,,,
0,0,0,0,0,1,0,0,0,0,0,0,0.3916372202591284,31.07547169811321,0.127208480565371,4.580246913580247,3.7526291472465063,0,0,1,0,0,0,0.0308641975308641,0.0,0.0,0.0,0.0188679245283018,0.0,0.0,0,0,0,0,0,0,0,0,0,0,0,0,0,0,0,0,__MSG_name__,,,
0,0,0,0,0,1,0,0,0,0,0,15,0.3491376321719535,43.52459965271078,0.1176677067082683,3.886089813800657,3.415525685086249,140,11,13,0,0,4,0.0737860533041255,0.0270113833687053,0.0021223229789697,0.0007717538105344,0.0025081998842369,0.0,0.0,169,0,0,7,0,0,14,0,0,0,2,0,0,0,0,14,__MSG_extName__,,,
0,0,0,0,1,1,0,0,0,0,0,89,0.375419846715836,51.37169566891915,0.0949435212570799,5.111100236294235,3.127145447338245,102,9,69,0,0,0,0.0657848743725619,0.0035713035257869,0.0003151150169811,0.0,0.0024158817968558,0.0,0.0,0,0,0,0,0,0,2,0,0,0,0,0,0,0,0,2,__MSG_extName__,,,
0,0,0,0,0,0,1,0,0,0,0,0,0.0,0.0,0.0,0.0,0.0,0,0,0,0,0,0,0.0,0.0,0.0,0.0,0.0,0.0,0.0,0,0,0,0,0,0,0,0,0,0,0,0,0,0,0,0,__MSG_appName__,,,
0,0,0,0,0,1,0,0,0,0,1,330,0.3455677217614916,26.26161337092076,0.1062855657526566,4.214443689673149,3.1035118249838285,1158,196,378,0,0,7,0.0370136332759356,0.0021719681069553,0.0003676215448732,1.3129340888331203e-05,0.0007089844079698,0.0,0.0,185,4,17,27,5,5,145,11,1,0,12,0,0,3,0,113,__MSG_extName__,,,
0,1,0,0,1,1,1,1,0,0,1,58,0.4650270980828878,51.72455453191372,0.0921896346127218,4.164530914547629,3.08240407633862,102,15,58,0,0,0,0.0695103741837712,0.0018756551001268,0.0002758316323716,0.0,0.0010665489785035,0.0,0.0,41,0,0,1,0,0,4,0,0,0,0,0,0,0,0,4,__MSG_appName__,,,
0,0,0,0,1,1,0,0,0,0,0,7,0.4607671024475427,49.08120094017473,0.0857554246063073,4.332525314220819,2.9973369777683487,88,1,11,0,0,0,0.0631209261044253,0.0019513060446139,2.2173932325158542e-05,0.0,0.0002439132555767,0.0,0.0,0,0,5,0,0,0,4,1,0,0,0,0,0,0,0,4,AI Content Detector - Copyleaks,,,
0,0,0,0,1,1,0,0,0,0,1,1,0.2346458215365917,27.444619010212097,0.065283743284489,5.840140164330594,4.030797386948313,26,4,14,0,0,0,0.0731029482841952,0.0102120974076983,0.0015710919088766,0.0,0.0054988216810683,0.0,0.0,4,0,0,0,0,0,17,0,0,0,0,0,0,0,0,17,__MSG__pluginName__,,,
0,1,0,0,0,0,0,0,0,0,0,4,0.3557648599014492,29.15296052631579,0.1237703874756804,3.280770796580269,3.06229303342752,8,2,3,0,0,0,0.0335187949518252,0.0043859649122807,0.0010964912280701,0.0,0.0016447368421052,0.0,0.0,0,0,0,0,0,0,0,0,0,0,0,0,0,0,0,0,HTML to Framer,,,
0,1,0,0,1,1,0,1,1,0,0,386,0.2755505280416373,77.34815026860157,0.0873693061741212,5.043330675432277,3.0762944222145148,791,103,611,0,0,32,0.0217430082831978,0.0008145058235621,0.0001060608088835,3.2950930915284184e-05,0.0006291568371637,0.0,0.0,11,0,0,0,0,0,6,0,0,0,0,0,0,0,0,6,__MSG_appName__,,,
0,0,0,0,1,1,0,0,0,0,1,126,0.4237775684542177,36.803683693516696,0.0995744957287166,4.522898012363818,3.140447020165435,132,17,17,0,0,6,0.0720760679732764,0.0064833005893909,0.0008349705304518,0.0002946954813359,0.0008349705304518,0.0,0.0,5,0,0,38,0,0,8,0,0,0,1,0,2,0,0,8,Mr. E by Easyleadz: Free B2B Phone number & Email Finder,,,
0,0,0,0,0,0,0,0,0,0,0,0,0.0,0.0,0.0,0.0,0.0,0,0,0,0,0,0,0.0,0.0,0.0,0.0,0.0,0.0,0.0,0,0,0,0,0,0,0,0,0,0,0,0,0,0,0,0,Coggle - Collaborative Mind Maps,,,
0,0,0,0,1,0,0,0,0,0,0,8,0.3740317332335071,43.15297643372838,0.0973851140940149,3.7658392729711374,3.051460634624003,102,14,32,0,0,3,0.0476231418032998,0.0046315215910638,0.0006356990419107,0.0001362212232665,0.0014530263815102,0.0,0.0,35,3,0,6,0,7,88,0,3,0,1,0,0,0,0,88,Open SEO Stats(Formerly: PageRank Status),,,
0,0,0,0,1,1,1,0,0,0,1,25,0.4131550897399771,47.59948688979268,0.1152772626274055,4.5665781110025385,2.545736172806616,33,0,17,0,0,0,0.0266527781477332,4.427990805880908e-05,0.0,0.0,2.281086172726529e-05,0.0,0.0,0,0,0,0,0,0,1,0,0,0,0,0,0,0,0,1,__MSG_extensionName__,,,
0,0,0,0,0,0,0,0,0,0,0,0,0.3140495867768595,31.171875,0.0831307729703451,5.983516483516484,3.171819181510017,0,0,1,0,0,0,0.0329670329670329,0.0,0.0,0.0,0.015625,0.0,0.0,0,0,0,0,0,0,0,0,0,0,0,0,0,0,0,0,__MSG_extension_name__,,,
0,1,0,0,1,1,0,0,0,0,0,95,0.4225961768320635,41.617856457953785,0.1268590625166986,3.9489531505047566,2.8852886642151234,319,14,143,0,0,3,0.0372076327917645,0.0019117365039792,8.390066161664589e-05,1.7978713203566978e-05,0.00085698532937,0.0,0.0,1,0,0,0,0,0,0,0,0,0,0,0,0,0,0,0,MarketGuru — бесплатная аналитика маркетплейса Wildberries,,,
0,0,0,0,0,0,0,0,0,0,0,0,0.0,0.0,0.0,0.0,0.0,0,0,0,0,0,0,0.0,0.0,0.0,0.0,0.0,0.0,0.0,0,0,0,1,1,0,0,0,0,0,0,0,0,1,0,0,Color Tab,,,
1,1,0,0,1,1,0,1,0,0,0,0,0.4708626732443764,78.62771889776619,0.0632004617938866,6.430233581171502,2.570239873248725,7,1,4,0,0,0,0.0501227871683936,5.706831893037665e-05,8.152616990053807e-06,0.0,3.261046796021523e-05,0.0,0.0,11,0,0,3,0,0,4,0,0,0,0,0,0,0,0,4,__MSG_appName__,,,
0,0,0,0,0,0,0,0,0,0,0,7,0.4794743711110907,39.76303465501093,0.1052766621018415,3.3276838167309144,2.857863582936817,92,12,13,0,0,0,0.0543377761340521,0.0028723072119887,0.0003746487667811,0.0,0.0004058694973462,0.0,0.0,29,1,0,2,0,0,4,0,0,0,0,11,0,0,0,4,Calculator,,,
0,1,0,0,1,1,0,0,0,0,1,230,0.5654869860285895,52.01210661298415,0.0780226346550353,3.8576336551251575,2.552234808977752,5522,50,249,0,0,17,0.0563778690582775,0.017207906537571,0.0001558122649182,5.2976170072203407e-05,0.0007759450792928,0.0,0.0,0,0,0,10,0,0,4,0,0,0,3,0,0,0,0,4,Toby: Tab Management Tool,,,
0,0,0,0,0,0,0,0,0,0,0,1,0.3466476462196862,29.057142857142857,0.1307655729909652,5.473404255319149,3.631842487520753,2,0,5,0,0,0,0.026595744680851,0.0285714285714285,0.0,0.0,0.0714285714285714,0.0,0.0,0,0,0,0,0,0,1,0,0,0,0,0,0,0,0,1,Pasty,,,
0,0,1,0,1,1,0,0,0,0,0,13,0.5696650296018281,58.07778981581799,0.0962935755204226,3.252742818828584,2.831576145761291,571,66,55,0,2,8,0.0539366644712248,0.0176752824640148,0.00204302739514,0.0002476396842594,0.0017025228292833,6.190992106485064e-05,0.0,4,0,0,0,0,0,1,0,0,0,0,0,0,0,0,1,__MSG_name__,,,
1,1,0,0,1,1,1,0,0,0,0,36,0.4543459060285902,36.62762556205179,0.0872224597579978,3.686514408259708,2.769167787024293,87,15,55,0,0,2,0.0376386891308814,0.0011081814360502,0.0001910657648362,2.5475435311500885e-05,0.0007005744710662,0.0,0.0,19,1,0,1,0,0,1,0,0,0,0,0,0,0,0,1,Backit Plugin,,,
0,0,0,0,0,0,0,0,0,0,1,6,0.5611816457843252,50.43535469107552,0.0854674474604737,3.6455404396246633,2.6245265611579733,25,8,3,0,0,0,0.0444170265268352,0.0035755148741418,0.0011441647597254,0.0,0.000429061784897,0.0,0.0,4,0,0,0,0,0,1,0,0,0,0,0,0,0,0,1,Britannica Insights,,,
0,0,1,0,0,1,0,0,0,0,0,81,0.4214796004728868,34.76335573426032,0.0880659325259149,3.896576732488359,2.787795688985996,2133,18,153,0,0,1,0.0483095321098632,0.012696504145858,0.0001071434949017,5.952416383430854e-06,0.0009107197066649,0.0,0.0,4,1,0,0,0,0,1,0,0,0,0,0,0,0,0,1,__MSG_manifest_name__,,,
0,0,0,0,0,0,1,0,0,0,0,0,0.0,0.0,0.0,0.0,0.0,0,0,0,0,0,0,0.0,0.0,0.0,0.0,0.0,0.0,0.0,0,0,0,0,0,0,0,0,0,0,0,0,0,0,0,0,CloudConvert,,,
0,0,0,0,0,1,0,0,0,0,0,49,0.5373155366000483,46.61203230787505,0.0941278813187438,3.3398867383624844,2.846087485659742,903,12,54,0,0,0,0.0536961465456244,0.0107257393989785,0.0001425347428435,0.0,0.000641406342796,0.0,0.0,11,0,0,0,0,0,5,0,0,0,0,0,0,0,0,5,__MSG_internet_connection_monitor__,,,
0,0,0,0,0,1,0,0,0,0,0,5,0.3018221003134796,18.002978406552494,0.0741771159874608,5.989904988123516,3.718792996161964,109,2,17,0,0,0,0.0340459224069675,0.0405807892777364,0.0007446016381236,0.0,0.0063291139240506,0.0,0.0,9,0,0,8,0,0,2,0,0,0,0,0,0,0,0,2,Bulk URL Opener Extension,,,
0,0,0,0,0,1,0,0,0,0,1,442,0.4839914638122896,45.57940013320232,0.0844989199640549,4.063287192427602,2.4994464634563966,3102,110,586,0,0,11,0.0462979419611835,0.0044239142371029,0.0001568763913866,1.5687639138663043e-05,0.0008357233213869,0.0,0.0,1,3,0,0,0,0,7,0,0,0,0,0,0,0,0,7,__MSG_extensionName__,,,
0,0,0,0,0,1,0,0,0,0,0,0,0.0016339640652279,7036.439824945295,0.0498090081014146,27.804249011857703,3.4710657856349045,4,0,6,0,0,0,0.0288088393819619,0.0087527352297593,0.0,0.0,0.0131291028446389,0.0,0.0,0,0,0,1,0,0,2,0,0,0,1,0,0,0,0,2,PttChrome,,,
0,0,0,0,0,1,0,0,0,0,0,50,0.5280431673751738,56.30010180906884,0.0823402009393204,3.884089217422551,2.901456187938784,163,11,51,0,0,2,0.0878108878108878,0.0042550969796642,0.0002871537839037,5.22097788915864e-05,0.0013313493617354,0.0,0.0,0,0,0,0,0,0,4,0,0,0,0,0,0,0,0,4,__MSG_appName__,,,
0,0,0,0,0,0,0,0,0,0,0,3,0.3901320496367654,33.25343911958539,0.0869297198545193,5.157719977863863,2.9978208213812896,94,13,16,0,0,1,0.0765541413023427,0.0060144602981636,0.0008317870625119,6.398362019323054e-05,0.0010237379230916,0.0,0.0,11,0,0,0,0,0,0,0,0,0,0,0,0,0,0,0,feedly,,,
0,0,0,0,0,1,0,0,0,0,0,13,0.5080660679791718,53.24795664534471,0.0892675972607877,3.5923092392302243,2.775124678496535,650,9,17,0,0,2,0.0363291393797378,0.0288734896943852,0.0003997867803837,8.884150675195451e-05,0.0007551528073916,0.0,0.0,0,0,0,0,0,0,3,0,0,0,0,0,0,0,0,3,Tabliss - A Beautiful New Tab,,,
1,0,0,0,1,1,0,0,0,0,0,56,0.2558178664726542,132.81430745814308,0.0864618610954653,3.044187207892899,3.0822883373141057,87,6,31,0,0,0,0.0286560066599057,0.0009808895653644,6.764755623203112e-05,0.0,0.0003495123738654,0.0,0.0,0,0,0,0,0,0,0,0,0,0,0,0,0,0,0,0,__MSG_appName__,,,
0,0,0,0,0,1,1,0,0,0,0,68,0.3283311854644965,29.063586966919853,0.0751785913162458,5.29896561051365,3.4499546987777525,408,44,132,0,0,0,0.0551456757420586,0.0039030363326764,0.0004209156829356,0.0,0.001262747048807,0.0,0.0,2,1,0,30,1,0,25,0,0,0,0,1,0,0,0,25,Checker Plus for Google Calendar™,,,
0,0,1,0,1,1,0,0,0,0,0,69,0.5096767872267253,44.06133734433409,0.0664624470597059,5.533708927075193,2.395000815796012,458,58,137,0,0,2,0.0656207594065355,0.0020261452365679,0.0002565860779933,8.8477957928731e-06,0.0006060740118118,0.0,0.0,6,0,0,0,0,0,9,0,2,0,0,0,0,0,0,9,Web Highlights: PDF & Web Highlighter + Notes & AI Summary,,,
0,1,1,0,1,1,1,1,0,0,0,214,0.3721994057418438,49.88818888136332,0.0759873893874101,5.184388137876454,2.7843819453004874,11821,95,327,0,2,21,0.0417696071063457,0.0230068275062085,0.0001848954075873,4.087161641404115e-05,0.00063642945559,3.892534896575348e-06,0.0,0,0,0,0,0,0,2,0,0,0,0,0,0,0,0,2,__MSG_appName__,,,
0,0,0,0,0,0,0,0,0,0,0,0,0.0,0.0,0.0,0.0,0.0,0,0,0,0,0,0,0.0,0.0,0.0,0.0,0.0,0.0,0.0,0,0,0,0,0,0,0,0,0,0,0,0,0,0,0,0,Nebula,,,
0,0,0,0,1,0,0,0,0,0,0,1,0.3258908434821831,33.6640625,0.0956247180875056,6.092544987146529,3.3034855935824936,4,0,0,0,0,0,0.0359897172236503,0.03125,0.0,0.0,0.0,0.0,0.0,0,0,0,0,0,0,0,0,0,0,0,0,0,0,0,0,Odoo Debug,,,
0,1,0,0,1,1,0,1,0,0,0,22,0.381630768683196,34.65835204529923,0.0814888103425617,6.089584190333873,3.182786740430648,108,9,47,0,0,4,0.0490022414936575,0.0013179732500244,0.0001098311041687,4.881382407497803e-05,0.0005735624328809,0.0,0.0,12,1,0,0,0,0,2,0,0,0,0,0,0,0,0,2,Privacy | Protect Your Payments,,,
1,1,1,0,1,1,1,1,0,0,1,20,0.4826409920070157,35.1418307048847,0.0914508458272927,3.691028443991474,2.787683887078843,22,64,19,0,0,2,0.0258658951555898,0.0002110433214381,0.0006139442078201,1.918575649437857e-05,0.0001822646866965,0.0,0.0,0,0,0,0,0,0,4,0,0,0,0,0,0,0,0,4,J2TEAM Security,,,
0,0,0,0,0,0,1,0,0,0,0,0,0.0,0.0,0.0,0.0,0.0,0,0,0,0,0,0,0.0,0.0,0.0,0.0,0.0,0.0,0.0,0,0,0,0,0,0,0,0,0,0,0,0,0,0,0,0,__MSG_appName__,,,
0,0,0,0,0,0,0,0,0,0,0,0,0.3432020501753439,13.74751491053678,0.1021041273266792,6.053780202650039,3.523401240822097,11,6,3,0,0,0,0.0966484801247077,0.0109343936381709,0.0059642147117296,0.0,0.0029821073558648,0.0,0.0,20,1,0,0,0,1,3,0,0,0,0,0,0,0,0,3,__MSG_AppName__,,,
0,0,0,0,1,1,0,0,0,0,0,0,0.2456211812627291,27.226053639846743,0.0908350305498981,7.312989045383412,3.69080464179248,8,0,1,0,0,0,0.0344287949921752,0.0306513409961685,0.0,0.0,0.003831417624521,0.0,0.0,0,0,0,0,0,0,1,0,0,0,0,0,0,0,0,1,__MSG_name__,,,
0,0,0,0,0,0,0,0,0,0,1,12,0.3960152786563035,43.11508982035928,0.1189009574950387,3.6222339052717114,3.292796100480379,158,25,17,0,0,1,0.0573053577402858,0.0189221556886227,0.0029940119760479,0.0001197604790419,0.0020359281437125,0.0,0.0,5,0,1,0,0,0,2,0,0,0,0,0,0,0,0,2,__MSG_extName__,,,
0,0,1,0,0,1,0,0,0,0,0,8,0.3741843266422223,15.575351870923448,0.0881445114246058,5.967204843592331,3.414613395162219,57,22,15,0,0,0,0.0504540867810292,0.01956745623069,0.0075523515276347,0.0,0.0051493305870236,0.0,0.0,0,0,0,0,0,0,5,0,0,0,0,0,0,0,0,5,__MSG_name__,,,
0,0,0,0,0,0,0,0,0,0,0,0,0.0,0.0,0.0,0.0,0.0,0,0,0,0,0,0,0.0,0.0,0.0,0.0,0.0,0.0,0.0,0,0,0,0,0,0,0,0,0,0,0,0,0,0,0,0,__MSG_appName__,,,
0,0,0,0,0,0,0,0,0,0,0,0,0.0,0.0,0.0,0.0,0.0,0,0,0,0,0,0,0.0,0.0,0.0,0.0,0.0,0.0,0.0,0,0,0,0,0,0,0,0,0,0,0,0,0,0,0,0,Pixlr Express,,,
0,1,0,0,0,1,0,0,0,0,0,28,0.5931728253003938,68.8812958233035,0.060171317020632,4.308932703806669,2.626401638882814,310,9,42,0,0,3,0.0602761426996132,0.0056963304606677,0.0001653773359548,5.5125778651623456e-05,0.0007717609011227,0.0,0.0,0,0,1,0,0,0,0,0,0,0,0,0,0,0,0,0,Scite,,,
0,0,0,0,0,1,1,1,0,0,1,21,0.6041950880986718,51.52486814874157,0.0740776203783574,3.6886413317639146,2.648814993784122,493,10,72,0,0,0,0.0456700857575248,0.0054854574181632,0.0001112668847497,0.0,0.0008011215701982,0.0,0.0,0,0,0,3,0,0,1,0,0,0,0,0,0,0,0,1,__MSG_app_appName__,,,
0,0,0,0,0,1,0,0,0,0,0,118,0.4150277280760625,36.22549893826843,0.0976798061897007,3.710894099170873,3.0473026998121795,1051,37,212,0,0,2,0.0469914943251214,0.0039711027650361,0.0001398009536692,7.556808306443691e-06,0.000801021680483,0.0,0.0,2,0,0,0,0,0,2,0,0,0,0,0,0,0,0,2,__MSG_appName__,,,
0,0,0,0,0,1,0,1,0,0,0,185,0.4360596590355305,50.14679103255258,0.052511145951395,6.496144355939295,2.25480171906111,3403,67,192,0,0,6,0.0427268710236226,0.0060586530312849,0.0001192858516297,1.0682315071322257e-05,0.0003418340822823,0.0,0.0,0,0,1,0,0,0,3,0,0,0,0,0,0,0,0,3,"Careerflow AI Job Application Tracker, ATS Resume Checker, Autofill & more",,,
0,0,0,0,1,1,0,0,0,0,0,17,0.4632705423347766,22.73677913376406,0.102339918238962,4.199937563855148,2.9332929173821487,83,15,13,0,0,1,0.0609887614939266,0.0049653027039961,0.0008973438621679,5.9822924144532185e-05,0.0007776980138789,0.0,0.0,25,0,1,2,0,1,27,0,0,0,1,0,3,0,0,27,JSON-handle,,,
0,0,0,0,0,0,0,0,0,0,0,0,0.0,0.0,0.0,0.0,0.0,0,0,0,0,0,0,0.0,0.0,0.0,0.0,0.0,0.0,0.0,0,0,0,0,0,0,0,0,0,0,0,0,0,0,0,0,Quizizz Student,,,
0,0,0,0,0,0,0,0,0,0,0,0,0.0,0.0,0.0,0.0,0.0,0,0,0,0,0,0,0.0,0.0,0.0,0.0,0.0,0.0,0.0,0,0,0,0,0,0,0,0,0,0,0,0,0,0,0,0,Carbon Blackout,,,
1,1,0,0,0,1,1,0,0,0,0,20,0.5423062077494538,48.25505219806532,0.077946636824927,4.153510028653296,2.8154669527733747,69,5,40,0,0,1,0.0627626552053486,0.0033042811991188,0.0002394406666028,4.7888133320563166e-05,0.0019155253328225,0.0,0.0,31,1,2,0,0,0,3,0,0,0,0,0,0,0,0,2,__MSG_EXT_NAME__,,,
0,0,1,0,1,1,1,1,0,0,0,752,0.4172532451856006,47.59198457774666,0.0892886296030997,4.607047281448159,2.984294776901469,5772,1014,523,0,0,13,0.0487922415066377,0.008316259930669,0.0014609645824148,1.8730315159164454e-05,0.0007535349867879,0.0,0.0,472,145,2,6,0,3,27,0,0,0,3,0,0,0,0,24,壹伴 · 小插件,,,
0,0,0,0,0,1,0,0,0,0,0,14,0.405343869909208,27.577225340817964,0.0897236580926028,4.616642958748222,2.7493688739152624,47,21,33,0,0,0,0.0696222538327801,0.0025126971398021,0.0011226944667201,0.0,0.0017642341619887,0.0,0.0,42,2,0,11,0,0,22,0,0,0,2,0,0,0,0,22,__MSG_extName__,,,
0,0,1,0,1,1,0,1,0,0,0,0,0.5621150653904032,54.66258451333079,0.0778003353787961,3.4098145317376822,2.8341744804129374,420,0,56,0,0,0,0.0431693703223656,0.0041214048102681,0.0,0.0,0.000549520641369,0.0,0.0,63,0,0,0,0,0,6,0,0,0,0,0,0,0,0,6,Southwest Airlines Rapid Rewards Shopping®,,,
0,0,0,0,0,0,0,0,0,0,0,0,0.0,0.0,0.0,0.0,0.0,0,0,0,0,0,0,0.0,0.0,0.0,0.0,0.0,0.0,0.0,0,0,0,0,0,0,0,0,0,0,0,0,0,0,0,0,Arcane Legends,,,
0,1,0,0,0,0,0,0,0,0,0,1,0.488476821192053,29.47830474268416,0.0961258278145695,3.3692073170731707,3.035978918226873,30,0,2,0,0,0,0.0426829268292682,0.0302724520686175,0.0,0.0,0.0020181634712411,0.0,0.0,1,0,0,1,0,1,2,0,0,0,0,0,0,0,0,2,Wolfram|Alpha (Official),,,
0,0,0,0,0,0,0,0,0,0,0,0,0.2570307390451275,30.22448979591837,0.0850228907782864,5.093922651933702,3.3102810166215213,1,0,0,0,0,0,0.0441988950276243,0.0204081632653061,0.0,0.0,0.0,0.0,0.0,0,0,0,0,0,0,0,0,0,0,0,0,0,0,0,0,PWA Install Block,,,
0,0,0,0,1,1,0,0,0,0,0,120,0.40649782453513,49.69345242612352,0.0708533365648381,6.760855758644391,2.8692486683908816,575,178,292,0,0,14,0.0731548082889214,0.0021817657504515,0.0006753987888354,5.312125305447205e-05,0.0011079575637075,0.0,0.0,240,18,5,33,3,3,21,0,0,0,1,0,0,0,0,20,__MSG_extensionName__,,,
0,0,0,0,0,0,0,0,0,0,0,0,0.0,0.0,0.0,0.0,0.0,0,0,0,0,0,0,0.0,0.0,0.0,0.0,0.0,0.0,0.0,0,0,0,0,0,0,0,0,0,0,0,0,0,0,0,0,Under The Leaf,,,
0,0,0,0,1,0,0,0,0,0,0,0,0.3337090727973366,32.615859030837,0.0935591265368181,6.415782907049283,3.5227662609474173,8,3,7,0,0,1,0.1129132875857766,0.0070484581497797,0.0026431718061674,0.0008810572687224,0.0061674008810572,0.0,0.0,0,0,0,1,0,2,9,0,0,0,1,0,0,0,0,9,AutoPagerize,,,
0,0,0,0,0,0,0,0,0,0,0,1,0.2890988770199945,37.23560209424084,0.0778782068839587,5.552488687782805,3.5241685837331387,54,5,16,0,0,0,0.0248868778280542,0.094240837696335,0.0087260034904013,0.0,0.0279232111692844,0.0,0.0,0,0,0,0,0,0,0,0,0,0,0,0,0,0,0,0,Squarespace ID Finder,,,
0,0,0,0,1,1,1,0,0,0,1,166,0.5003986328094081,49.28489731201,0.0800400358324391,4.024995438922223,2.63987445452254,6358,128,216,0,0,1,0.035377111376024,0.0103501940457895,0.0002083713176881,1.6279009194384392e-06,0.0003516265985987,0.0,0.0,0,0,0,0,0,0,11,0,0,0,0,0,2,0,0,11,__MSG_appName__,,,
1,1,0,0,1,1,0,1,0,0,1,23,0.3617178935016293,44.1941825247157,0.0891520164283302,5.945351440083569,3.268669961019604,331,30,74,0,0,0,0.0568571854947022,0.0189153665923767,0.0017143836790673,0.0,0.0042288130750328,0.0,0.0,16,1,1,5,0,1,26,0,1,0,0,0,0,0,0,26,__MSG_appName__,,,
0,0,0,0,1,1,1,1,0,0,1,219,0.4215613210695395,35.29209400804574,0.0940052283079128,3.758032654515479,2.754106026786536,1011,70,276,0,0,14,0.035087423405038,0.0021405886089349,0.0001482108829134,2.96421765826805e-05,0.0005843743383442,0.0,0.0,108,4,15,0,0,0,8,0,0,0,0,0,0,0,0,7,__MSG_EXTENSION_NAME__,,,
0,0,0,0,1,1,0,0,0,0,0,22,0.5352854373426695,58.22480454107315,0.0786580249414079,4.353652872602295,2.8235646744033587,103,7,42,0,0,0,0.0289582462495936,0.0110313805290778,0.0007497054728499,0.0,0.0044982328370997,0.0,0.0,0,0,0,8,0,0,3,0,1,0,0,0,0,0,0,3,Prompt Security Browser Extension,,,
0,0,1,0,0,1,0,1,0,0,1,0,0.5396457141580264,74.0495555928224,0.0559528065784769,3.892131666255015,2.932728292243349,0,0,0,0,0,0,0.0279967690900716,0.0,0.0,0.0,0.0,0.0,0.0,0,2,0,0,0,0,0,0,0,0,0,0,0,0,0,0,__MSG_extension_name__,,,
0,1,0,0,0,1,0,1,0,0,0,10,0.4673488396483548,46.00347718919871,0.0789466127121151,4.256063895729107,2.770272095529246,204,7,88,0,0,0,0.0388661759774549,0.001496511807038,5.1350895339539455e-05,0.0,0.0006455541128399,0.0,0.0,0,0,0,0,0,0,2,0,0,0,0,0,0,0,0,2,__MSG_extName__,,,
0,1,0,0,0,0,0,0,0,0,0,27,0.5404580295207775,46.75680356683529,0.0752730991501986,3.8371928076567463,2.755587543435253,116,5,81,0,0,1,0.060326011238564,0.0019891966046471,8.574123295892996e-05,1.714824659178599e-05,0.0013890079739346,0.0,0.0,11,3,0,2,0,0,4,0,0,0,0,0,0,0,0,4,__MSG_extName__,,,
0,0,1,0,0,1,0,0,0,0,1,64,0.4903412495432955,46.74416405008334,0.0768637194008038,3.196048127617695,2.6266346351177647,187,18,81,0,1,6,0.0326593025039046,0.0014497809822847,0.0001395511105942,4.651703686475172e-05,0.0006279799976741,7.75283947745862e-06,0.0,11,4,0,2,0,0,52,0,1,0,0,0,0,0,0,52,__MSG_name__,,,
0,0,0,0,0,1,0,0,0,0,1,2,0.4021859733377494,52.70053357047577,0.1170447958930197,3.680153930731171,3.273480408216207,142,17,61,0,0,0,0.0756826094923951,0.0315695864828812,0.0037794575366829,0.0,0.0135615829257447,0.0,0.0,24,0,0,0,0,0,2,0,0,0,0,1,12,0,0,2,__MSG_name__,,,
1,1,1,0,0,1,0,0,0,0,0,27,0.3315347471832806,57.217780654906406,0.0817833153104066,5.1433692724799815,3.0701502201947246,298,7,9,0,0,0,0.0410282739301573,0.0160759561957166,0.0003776231321141,0.0,0.0004855154555753,0.0,0.0,3,0,0,0,0,0,1,0,0,0,0,0,0,0,0,1,穿梭Transocks回国加速器 - 海外华人回国追剧听歌,,,
0,1,0,0,0,1,0,0,0,0,0,139,0.5232819036018841,46.97786397998226,0.0843889843812303,4.051859790881567,2.774387809353576,963,42,77,0,0,3,0.0594938813678472,0.006374697152238,0.0002780241748639,1.985886963314048e-05,0.0005097109872506,0.0,0.0,0,0,0,0,0,0,3,0,0,0,0,0,0,0,0,3,__MSG_ext_fulltitle__,,,
0,0,0,0,0,0,0,0,0,0,0,0,0.0,0.0,0.0,0.0,0.0,0,0,0,0,0,0,0.0,0.0,0.0,0.0,0.0,0.0,0.0,0,0,0,0,0,0,0,0,0,0,0,0,0,0,0,0,Shaded Purple,,,
0,0,0,0,0,1,1,0,0,0,1,11,0.4625112250300131,58.03387047110746,0.0775707166024387,2.9274533074316933,2.822396788115142,125,5,15,0,0,0,0.0248695525336975,0.0064148619521707,0.0002565944780868,0.0,0.0007697834342604,0.0,0.0,0,0,0,0,0,0,1,0,0,0,0,0,0,0,0,1,Cursor Trails - Custom Cursor Trails,,,
0,0,1,0,0,1,0,0,0,0,1,41,0.4079460079155758,36.620388878793385,0.0914904340041284,3.7451477644414335,2.9447042831418258,80,8,43,0,0,0,0.019034307862999,0.0024229208310618,0.0002422920831061,0.0,0.0013023199466957,0.0,0.0,10,0,0,0,0,0,2,0,0,0,0,0,0,0,0,2,Analytics Debugger,,,
0,0,0,0,0,0,0,0,0,0,1,10,0.3546566563606795,38.67504845455473,0.0978087457335141,6.623767993775126,3.300654457193174,54,8,22,0,0,7,0.0908280378679808,0.0027542589003366,0.0004080383556054,0.0003570335611547,0.0011221054779149,0.0,0.0,2,0,0,0,0,0,1,0,0,0,0,0,0,0,0,1,__MSG_appName__,,,
0,0,0,0,0,1,1,0,1,0,0,283,0.4339340728202055,56.25861002215564,0.080057039545538,3.818956699771421,2.614869798763661,1748,65,202,0,0,13,0.049367595945294,0.0044876090132138,0.0001668733328712,3.3374666574244514e-05,0.0005185909729228,0.0,0.0,42,0,0,3,0,0,71,0,0,0,0,0,0,0,0,71,__MSG_extName__,,,
1,1,1,0,1,1,0,0,1,0,1,65,0.5363893525229158,48.79452334606974,0.059763867175105,5.676169123554359,1.8445461842732709,679,4,41,0,0,4,0.0550791248622087,0.0081585081585081,4.8061903732006825e-05,4.8061903732006825e-05,0.000492634513253,0.0,0.0,0,0,0,0,0,0,3,0,0,0,0,0,0,0,0,3,__MSG_appName__,,,
0,1,0,0,0,1,0,0,0,0,0,276,0.4529986651374415,52.05101748937561,0.0901398100998181,4.333651999735134,3.0938053924581164,418,51,308,0,0,0,0.0611384253741226,0.0085403726708074,0.0010420071918927,0.0,0.0062929061784897,0.0,0.0,0,0,0,0,0,0,1,0,0,0,0,0,0,0,0,1,InstaText,,,
0,0,0,0,0,1,0,0,0,0,0,33,0.5716805882270901,37.20803867801992,0.0774930382512645,3.273701824006042,2.542289868783384,321,32,71,0,0,1,0.030125561151243,0.0017818088968327,0.00017762580903,5.550806532189127e-06,0.0003941072637854,0.0,0.0,1,0,0,0,0,0,0,0,0,0,0,0,0,0,0,0,Rabatta,,,
0,0,0,0,0,0,0,0,0,0,0,0,0.0,0.0,0.0,0.0,0.0,0,0,0,0,0,0,0.0,0.0,0.0,0.0,0.0,0.0,0.0,0,0,0,0,0,0,0,0,0,0,0,0,0,0,0,0,iPiccy Photo Editor,,,
0,0,0,0,1,1,0,0,0,0,0,10,0.6142189971247307,47.47288065405412,0.0724901488170818,3.374463379896126,2.3510511420753293,55,5,4,0,0,1,0.0429270852650395,0.0001301482506891,1.1831659153563104e-05,2.366331830712621e-06,9.465327322850483e-06,0.0,0.0,8,0,0,0,2,0,6,0,0,0,0,0,0,0,0,6,Automa,,,
0,0,0,0,1,1,1,0,0,0,1,174,0.4018291774316595,32.61487909435219,0.0895282767907713,5.66646057990414,3.2106565003590246,483,326,153,0,0,7,0.0767505619865963,0.001005119240854,0.000678403462771,1.4566945519623757e-05,0.0003183918092146,0.0,0.0,568,1,0,1,1,0,47,0,0,0,1,0,0,1,0,47,__MSG_extName__,,,
0,0,0,0,1,1,1,0,0,0,1,8,0.5698393966215041,48.658339594290005,0.0775594035812359,4.093656183867316,2.6751233873484503,91,10,9,0,0,0,0.0486244401791426,0.0170924117205108,0.0018782870022539,0.0,0.0016904583020285,0.0,0.0,0,0,0,1,0,0,1,0,0,0,0,0,0,0,0,1,__MSG_appName__,,,
0,1,0,0,1,1,0,1,1,0,1,53,0.4601018657573927,35.40455252918288,0.0864864864864864,5.7019901857794535,3.204603961330444,279,32,81,0,0,3,0.0760961851174972,0.0108560311284046,0.0012451361867704,0.0001167315175097,0.0031517509727626,0.0,0.0,12,0,0,9,3,0,3,0,0,0,0,0,0,1,0,3,"EverSync - Sync bookmarks, backup favorites",,,
0,0,1,0,1,1,0,1,0,0,0,455,0.5145000178296434,47.80708558039952,0.0776240941454831,4.183273165203643,2.688733483727378,1782,82,972,0,2,15,0.0583952305100533,0.00299945464461,0.0001380220431302,2.5247934718939992e-05,0.0016360661697873,3.3663912958586656e-06,0.0,0,1,0,0,0,0,5,0,0,0,0,0,0,0,0,5,Jam,,,
0,1,0,0,0,1,0,0,0,0,0,418,0.4631631470954199,53.85521635110796,0.0857761137565037,3.802681714482632,2.545850288929038,725,202,376,0,0,5,0.0666224639798994,0.00216545251984,0.0006033398744933,1.4934155309241557e-05,0.0011230484792549,0.0,0.0,10,0,0,0,0,0,2,0,0,0,0,0,0,0,0,2,__MSG_name__,,,
0,0,1,0,1,1,0,1,0,0,1,583,0.4801951059642566,54.42311973487819,0.0826193468669914,4.147003445061808,2.8496555295244144,903,174,521,0,3,6,0.0577724761896443,0.0057109969895519,0.0011004578916744,3.794682385084368e-05,0.0032950492043815,1.897341192542184e-05,0.0,1,0,1,0,0,0,2,0,0,0,0,0,0,0,0,2,Functionize Architect,,,
0,0,0,0,1,1,1,0,0,0,0,121,0.430130207756335,39.34564958283672,0.0946063117157438,4.146170927859801,3.2133945052701183,139,9,9,0,0,0,0.0370603769055335,0.0082836710369487,0.0005363528009535,0.0,0.0005363528009535,0.0,0.0,24,0,0,1,0,0,2,0,0,0,0,0,0,0,0,2,Email Finder for LinkedIn - LeadLeaper,,,
0,0,0,0,0,0,0,0,0,0,0,0,0.0,0.0,0.0,0.0,0.0,0,0,0,0,0,0,0.0,0.0,0.0,0.0,0.0,0.0,0.0,0,0,0,0,0,0,0,0,0,0,0,0,0,0,0,0,SoundCloud,,,
0,0,0,0,0,1,0,1,0,0,1,1,0.4760350265787326,40.52014652014652,0.0834638374837329,3.99720605355064,2.5891253176560167,53,0,13,0,0,0,0.019091967403958,0.0485347985347985,0.0,0.0,0.0119047619047619,0.0,0.0,3,0,0,25,1,0,2,0,0,0,0,0,0,0,0,2,__MSG_extName__,,,
0,1,0,0,0,1,0,0,0,0,1,118,0.4750938791775695,44.21235588463309,0.0843920004570056,4.569771752983431,2.9083538572932297,677,66,173,0,0,9,0.0764027132640271,0.0014033240331159,0.000136808546803,1.865571092768632e-05,0.0003586042211655,0.0,0.0,40,0,1,15,1,1,73,0,1,0,2,0,0,0,0,73,__MSG_app_name__,,,
0,0,0,0,0,0,0,0,0,0,0,0,0.2685240071132187,12.404761904761903,0.0865441612329579,6.772413793103448,3.077482200509656,0,0,0,0,0,0,0.0551724137931034,0.0,0.0,0.0,0.0,0.0,0.0,0,0,0,0,0,0,0,0,0,0,0,0,0,0,0,0,__MSG_app_name__,,,
0,0,0,0,0,1,0,0,0,0,0,24,0.5605969753846408,48.56797397115723,0.0818369328550528,3.5786703487497777,2.6445921337092018,246,6,24,0,0,0,0.068410187704212,0.0072106929300035,0.0001758705592683,0.0,0.0007034822370735,0.0,0.0,0,0,0,0,0,0,0,0,0,0,0,0,0,0,0,0,__MSG_extName__,,,
0,0,0,0,0,0,0,0,0,0,0,0,0.0,0.0,0.0,0.0,0.0,0,0,0,0,0,0,0.0,0.0,0.0,0.0,0.0,0.0,0.0,0,0,0,0,0,0,0,0,0,0,0,0,0,0,0,0,__MSG_appName__,,,
0,0,0,0,0,0,0,0,0,0,0,3,0.3304597129034184,33.16938775510204,0.0879009297788042,4.856879039704524,3.4937258178607964,12,7,21,0,0,0,0.0321329639889196,0.0081632653061224,0.0047619047619047,0.0,0.0142857142857142,0.0,0.0,0,1,0,0,0,0,0,0,0,0,0,0,0,0,0,0,Click to Remove Element,,,
0,0,0,0,1,1,0,0,0,0,0,110,0.5567989058077072,47.247125520276846,0.0810880311810428,3.5745105434728224,2.659337839399228,701,31,120,0,0,10,0.0396799433473553,0.0055894876170124,0.000247181335417,7.973591465067696e-05,0.0009568309758081,0.0,0.0,0,0,0,0,0,0,2,0,0,0,0,0,0,0,0,2,MY AD FINDER,,,
0,0,0,0,0,0,0,0,0,0,0,0,0.0,0.0,0.0,0.0,0.0,0,0,0,0,0,0,0.0,0.0,0.0,0.0,0.0,0.0,0.0,0,0,0,0,0,0,0,0,0,0,0,0,0,0,0,0,World Time Buddy,,,
0,0,0,0,0,1,0,0,0,0,0,8,0.3185023432911711,91.83058909623124,0.0825847546146478,5.701636661211129,3.3220075910917144,282,26,75,0,0,0,0.0238543371522094,0.1031833150384193,0.0095133552872301,0.0,0.0274423710208562,0.0,0.0,0,0,0,0,0,0,0,0,0,0,0,0,0,0,0,0,__MSG_appName__,,,
0,0,0,0,0,1,0,0,0,0,1,28,0.321287991565965,62.94623239607027,0.0619913676774541,14.210402099441676,2.81323837118352,405,17,30,0,0,1,0.0702220969758881,0.0196002516575521,0.0008227266127861,4.839568310506703e-05,0.001451870493152,0.0,0.0,31,0,0,2,0,0,3,0,0,0,0,0,0,0,0,3,__MSG_appName__,,,
1,1,1,0,0,1,0,0,0,0,0,35,0.4184443406970364,74.12052397453857,0.0672813209844109,6.092631551885924,2.8062103965087117,467,9,126,0,1,4,0.0694554538170506,0.0114773034481063,0.0002211900022119,9.830666764973334e-05,0.0030966600309666,2.4576666912433332e-05,0.0,8,0,0,0,0,0,6,0,1,0,0,0,0,0,0,6,__MSG_name__,,,
0,0,0,0,0,0,0,0,0,0,0,1,0.2103658536585365,28.90909090909091,0.1280487804878048,6.466666666666667,3.726998782998628,0,0,0,0,0,0,0.0333333333333333,0.0,0.0,0.0,0.0,0.0,0.0,0,0,0,0,0,0,0,0,0,0,0,0,0,0,0,0,Twitch Channel Points Auto Clicker,,,
0,0,0,0,0,1,0,0,0,0,0,35,0.5803197540893459,43.314371134865056,0.0754293593735415,2.785104555092491,2.7142643435866507,135,21,20,0,0,0,0.0683720845214593,0.0055289347585698,0.0008600565179997,0.0,0.000819101445714,0.0,0.0,44,0,0,1,0,0,4,0,0,0,1,0,0,0,0,4,__MSG_appName__,,,
0,1,0,0,1,1,0,0,0,0,0,1,0.4488568198099447,19.94108078799928,0.112229309258508,3.632315416906741,3.2672750026836024,78,13,13,0,0,0,0.0521853650506214,0.0070486173865895,0.0011747695644315,0.0,0.0011747695644315,0.0,0.0,0,0,0,4,0,0,12,0,0,0,0,0,4,0,0,12,Emsisoft Browser Security,,,
0,0,0,0,0,0,0,0,0,0,0,0,0.0,0.0,0.0,0.0,0.0,0,0,0,0,0,0,0.0,0.0,0.0,0.0,0.0,0.0,0.0,0,0,0,0,0,0,0,0,0,0,0,0,0,0,0,0,Command & Conquer Tiberium Alliances,,,
0,1,0,0,0,1,0,1,0,0,1,146,0.4106339468302658,48.90641510071936,0.077766692751296,4.892901303973598,3.08938588477468,1044,140,137,0,0,3,0.0589039845725387,0.0029416985773337,0.0003944806521328,8.453156831418693e-06,0.0003860274953014,0.0,0.0,22,1,0,24,0,5,40,0,0,0,1,0,0,0,0,40,SN Utils - Tools for ServiceNow,,,
0,0,0,0,0,1,0,0,0,0,0,52,0.5025671429301808,35.095696921302455,0.0943894506255137,3.793023808894644,2.4070623228327204,287,6,117,0,0,2,0.0528499326163359,0.0050927158193594,0.0001064679265371,3.548930884571023e-05,0.002076124567474,0.0,0.0,7,0,0,2,0,0,1,0,0,1,0,0,0,0,0,1,GPT Workspace,,,
0,0,0,0,0,0,0,0,0,0,1,9,0.3544300921923608,38.65810810810811,0.098548017643384,6.524129361059552,3.274267351779037,48,8,22,0,0,6,0.094677069242143,0.0024024024024024,0.0004004004004004,0.0003003003003003,0.0011011011011011,0.0,0.0,2,0,0,0,0,0,1,0,0,0,0,0,0,0,0,1,__MSG_appName__,,,
0,0,0,0,1,0,0,0,0,0,0,0,0.3419343032299387,12.978260869565217,0.0886631896788361,5.458132820019249,3.335956969722369,13,0,0,0,0,0,0.0317613089509143,0.0166240409207161,0.0,0.0,0.0,0.0,0.0,0,0,0,2,0,0,1,0,0,0,0,0,0,0,0,1,Shodan,,,
0,0,1,0,0,1,0,0,0,0,0,12,0.3911427941885709,50.04340474060383,0.0979553834609405,4.05613139937342,3.106351051003461,79,9,61,0,0,0,0.033380503087309,0.0007766646676563,8.848078492287425e-05,0.0,0.0005997030978105,0.0,0.0,1,0,1,0,0,0,2,0,0,0,0,0,0,0,0,2,__MSG_extensionName__,,,
0,0,1,1,1,1,1,0,1,0,1,50,0.4572954429931906,39.54276739836956,0.0788576469982332,5.145719727891157,2.5307905242451687,225,33,74,0,1,7,0.0737306122448979,0.0040851898251538,0.0005991611743559,0.0001270947945603,0.001343573542495,1.8156399222906117e-05,0.0,12,0,0,4,0,5,31,0,0,0,0,0,0,0,0,30,Ads Killer,,,
0,0,0,0,1,1,1,0,0,0,0,99,0.4566013637418685,36.37157682001907,0.1016666403364755,3.831838678172691,3.1540757668325403,385,11,133,0,0,4,0.0604719369959063,0.0043712248512648,0.0001248921386075,4.541532313002407e-05,0.0015100594940733,0.0,0.0,4,0,0,4,0,1,3,0,0,0,0,0,0,0,0,3,Readwise Highlighter,,,
0,0,0,0,0,1,0,0,1,0,0,11,0.5259154187521531,40.63921700978738,0.1076820198990861,3.0897901215086003,2.868879389567481,39,3,5,0,0,0,0.0576376834464257,0.0065811677354033,0.0005062436719541,0.0,0.0008437394532568,0.0,0.0,12,0,0,8,0,1,18,0,0,0,5,0,0,0,0,17,Extensity,,,
0,0,0,0,0,0,0,0,0,0,0,37,0.2246892262400621,36.85596203887953,0.0538000533794877,6.802003565241407,3.2065405687583888,276,24,147,0,0,0,0.018529212382937,0.0211235267105464,0.0018368284096127,0.0,0.011250574008878,0.0,0.0,5,5,1,53,0,1,54,0,0,0,0,0,0,0,0,54,MYNT: Material You New Tab,,,
0,0,0,0,0,1,1,0,0,0,0,24,0.3117471914214245,47.820932386539056,0.0435117681181416,5.944822086097772,3.097426477290329,151,11,18,0,0,2,0.0277773064327286,0.0021190603160346,0.0001543686322939,2.8067024053439613e-05,0.0002526032164809,0.0,0.0,3,0,0,0,0,0,18,0,4,0,0,0,0,0,0,18,__MSG_extTitle__,,,
0,0,0,0,1,1,1,1,0,0,0,296,0.3400951101847534,32.80961045224368,0.0812833454712416,6.943616010227168,3.480615971817855,847,111,147,0,0,0,0.0288480138605034,0.0185676392572944,0.0024333033737422,0.0,0.0032224828463072,0.0,0.0,20,0,0,26,0,14,3,0,0,0,2,0,0,0,0,3,__MSG_extName__,2.0,,
0,0,0,0,0,0,0,0,0,0,0,1,0.1859688195991091,17.367346938775512,0.1135857461024498,7.2375,3.339941568352156,6,0,2,0,0,0,0.04375,0.0612244897959183,0.0,0.0,0.0204081632653061,0.0,0.0,11,0,0,2,0,0,1,0,0,0,0,0,0,0,0,1,Youtube TV On PC,,,
0,1,0,0,1,1,1,1,0,0,1,248,0.3560224781575088,71.0283791867532,0.0678833280042722,7.31292866981443,3.077938774622679,8804,47,264,0,0,4,0.0490635222353051,0.0221282756332597,0.0001181314123992,1.0053737225470138e-05,0.000663546656881,0.0,0.0,1,0,0,0,0,0,13,0,0,0,0,0,0,0,0,13,__MSG_appName__,,,
1,1,0,0,1,0,0,0,0,0,0,3,0.2654083460492271,20.952427184466018,0.0717176408147017,5.926741625130404,3.3302857320287917,17,2,4,0,0,0,0.0052161817549553,0.004126213592233,0.0004854368932038,0.0,0.0009708737864077,0.0,0.0,0,0,0,0,1,0,2,0,0,0,0,0,0,0,0,2,__MSG_extensionName__,,,
0,1,0,0,0,1,1,0,0,0,1,22,0.4845494296663559,32.83519134564108,0.08307927630147,3.762697043277301,2.591877526911273,51,3,68,0,0,0,0.0243127395944753,0.0012951065288605,7.618273699179766e-05,0.0,0.0017268087051474,0.0,0.0,3,1,0,0,0,0,3,0,0,0,0,0,0,0,0,3,__MSG_extName__,,,
0,0,0,0,0,1,0,0,0,0,1,62,0.5262439584597698,46.182994671195175,0.0777776812482754,3.8943892234282234,2.6926710957509115,858,9,79,0,0,0,0.0489899296145827,0.0167476723077824,0.0001756748843473,0.0,0.001542035095938,0.0,0.0,0,0,0,0,0,0,2,0,0,0,0,0,0,0,0,2,Chessvision.ai Chess Position Scanner,,,
0,0,0,0,0,1,0,0,0,0,0,7,0.3246098092199799,52.24914982354829,0.0645464870026781,4.781857817761472,3.155568024934289,85,9,10,0,0,0,0.0270329697944413,0.0027269810715431,0.000288739172281,0.0,0.0003208213025344,0.0,0.0,31,1,0,8,0,0,5,0,0,0,0,0,0,0,0,5,Google Translate Plus,,,
0,0,1,0,1,1,1,1,0,0,0,56,0.2835274732930897,50.08741781908864,0.074276118810194,7.447571861070459,3.0876362712655894,172,13,33,0,3,1,0.043418274440584,0.0038993425527091,0.0002947177510768,2.2670596236681024e-05,0.0007481296758104,6.801178871004307e-05,0.0,7,1,0,3,0,0,2,0,0,0,0,0,0,0,0,2,Slickdeals: Automatic Coupons and Deals,,,
0,0,0,0,0,1,0,0,0,0,0,38,0.5136077165031382,40.203177531165394,0.0939304313165944,3.470845292384527,2.7140281987704946,96,8,28,0,0,0,0.0512976680801821,0.0028562077891166,0.0002380173157597,0.0,0.000833060605159,0.0,0.0,2,0,0,0,0,0,1,0,0,0,0,0,0,0,0,1,__MSG_appName__,,,
0,1,0,0,0,1,0,0,0,0,0,17,0.5808566141836856,46.89677334300122,0.0889045321706842,3.112770640553409,2.552713305558948,32,4,14,0,0,0,0.0394319168688048,0.0010546784878547,0.0001318348109818,0.0,0.0004614218384364,0.0,0.0,0,0,0,0,0,0,1,0,0,0,0,0,0,0,0,1,FACEIT Mappio,,,
0,0,0,0,1,1,0,0,0,0,1,190,0.5538261312282035,50.31596677997842,0.0831373404061134,3.632849207341309,2.6703106851829257,787,130,372,0,0,21,0.0510087600780569,0.0026699506720676,0.0004410337831877,7.124391882264336e-05,0.0012620351334296,0.0,0.0,0,0,0,0,0,0,18,0,0,0,0,0,0,0,0,18,__MSG_extName__,,,
0,0,1,0,0,1,0,1,0,0,0,15,0.3666894057033094,31.73685370152761,0.0934080729564038,6.403088014077711,3.362839196450325,39,1,52,0,1,0,0.0771435869781171,0.002864277320799,7.344300822561692e-05,0.0,0.003819036427732,7.344300822561692e-05,0.0,1,0,0,1,0,0,1,0,0,0,0,0,0,0,0,1,__MSG_extName__,,,
0,1,1,0,0,1,0,1,0,0,1,73,0.3991143015312489,38.557933316365485,0.0958931890987077,3.879728074814217,3.071750499502082,399,17,80,0,3,1,0.0457244380120051,0.0040621023161109,0.0001730720285059,1.0180707559175364e-05,0.000814456604734,3.054212267752609e-05,0.0,0,0,2,0,0,0,3,0,0,0,0,0,0,0,0,3,Points Path for Google Flights,,,
0,0,0,0,0,1,0,1,0,0,0,98,0.3750086522370352,38.48185083161896,0.0777366653157953,4.7738414665515805,3.1581576026121385,1013,8,155,0,0,4,0.0423262699995998,0.0044152515778095,3.486871927194114e-05,1.743435963597057e-05,0.0006755814358938,0.0,0.0,9,4,0,0,0,0,4,0,0,0,0,0,0,0,0,4,Any.do,,,
0,0,0,0,0,0,0,0,0,0,0,0,0.0,0.0,0.0,0.0,0.0,0,0,0,0,0,0,0.0,0.0,0.0,0.0,0.0,0.0,0.0,0,0,0,0,0,0,0,0,0,0,0,0,0,0,0,0,__MSG_calc_name__,,,
0,1,1,0,0,1,0,0,0,0,0,13,0.4866825651737524,64.2051271624589,0.0570568898450483,4.318272070082733,2.8147995802485326,11,7,7,0,0,0,0.0167646630059769,6.390073311568357e-05,4.066410289179863e-05,0.0,4.066410289179863e-05,0.0,0.0,5,0,0,0,0,0,2,0,0,0,0,0,0,0,0,2,__MSG_name__,,,
0,0,0,0,0,1,0,0,0,0,0,1,0.3183488012374323,32.81372549019608,0.0890371229698375,7.233799237611182,3.1534456618873947,11,2,6,0,0,0,0.0228716645489199,0.0359477124183006,0.0065359477124183,0.0,0.0196078431372549,0.0,0.0,0,0,0,2,0,0,2,0,0,0,0,0,0,0,0,2,RevEye Reverse Image Search,,,
1,1,1,0,0,1,1,1,0,0,0,29,0.4291077602128147,34.70433082331406,0.1071787707218854,3.6329833072675615,3.1321366351065665,176,21,21,0,0,0,0.0691540859425701,0.0073220451803469,0.0008736531181095,0.0,0.0008736531181095,0.0,0.0,115,1,0,1,0,1,5,0,1,0,0,0,0,0,0,5,__MSG_appName__,,,
0,0,1,0,0,1,0,0,0,0,0,153,0.5585626773022266,58.38321127544692,0.0754172117170576,3.835045648371812,2.66125554366579,2556,61,122,0,0,0,0.0507045689604816,0.0104632741533385,0.0002497103768989,0.0,0.0004994207537978,0.0,0.0,30,0,0,1,0,0,1,0,0,0,0,0,0,0,0,1,Cently: Automatic Coupons + Cashback for Free,,,
0,0,0,0,0,0,0,0,0,0,0,0,0.0,0.0,0.0,0.0,0.0,0,0,0,0,0,0,0.0,0.0,0.0,0.0,0.0,0.0,0.0,0,0,0,0,0,0,0,0,0,0,0,0,0,0,0,0,Copy Folder,,,
0,0,0,0,0,1,1,1,0,0,1,64,0.3996100701095887,46.35013812154696,0.0921683408045585,4.761583734617442,3.087366846380353,10,5,26,0,0,0,0.03884430176565,0.0023020257826887,0.0011510128913443,0.0,0.0059852670349907,0.0,0.0,48,2,0,45,0,0,37,0,0,0,0,0,0,0,7,37,__MSG_extension_name__,,,
0,0,0,0,0,0,0,0,0,0,0,0,0.0,0.0,0.0,0.0,0.0,0,0,0,0,0,0,0.0,0.0,0.0,0.0,0.0,0.0,0.0,0,0,0,0,0,0,0,0,0,0,0,0,0,0,0,0,Plotly,,,
0,0,0,0,1,1,0,1,0,0,1,24,0.160703180330992,183.5981406467893,0.04791209749435,34.82608013406938,1.9799095368337685,223,10,42,0,0,0,0.0733176207707106,0.0029616840427651,0.0001328109436217,0.0,0.0005578059632113,0.0,0.0,0,0,0,6,0,0,7,0,0,0,0,0,0,0,0,7,Torii - Secure Browsing,,,
0,0,0,0,0,0,0,0,0,0,0,0,0.0,0.0,0.0,0.0,0.0,0,0,0,0,0,0,0.0,0.0,0.0,0.0,0.0,0.0,0.0,0,0,0,0,0,0,0,0,0,0,0,0,0,0,0,0,SparkChess,,,
0,0,0,0,0,0,0,0,0,0,0,0,0.0,0.0,0.0,0.0,0.0,0,0,0,0,0,0,0.0,0.0,0.0,0.0,0.0,0.0,0.0,0,0,0,0,0,0,0,0,0,0,0,0,0,0,0,0,Storybird,,,
1,1,0,0,0,1,0,0,0,0,0,172,0.4047201452324466,42.22642563745625,0.0888664256286064,4.221603635116452,3.2381306781728383,1485,153,253,0,0,5,0.0472995456104435,0.0029115648926054,0.0002999794131775,9.80324879665121e-06,0.0004960443891105,0.0,0.0,38,0,0,0,0,0,3,0,0,0,0,0,0,0,0,3,Suiet | Sui Wallet,,,
0,0,0,0,0,1,0,1,0,0,0,111,0.5597658187964498,52.28036788977242,0.0712961290464954,3.7052330967859457,2.3451504426443,121,62,82,0,0,3,0.0604890125925737,0.0010538509105794,0.0005399897227762,2.6128534973044066e-05,0.0007141799559298,0.0,0.0,0,0,0,0,0,0,6,0,0,0,0,0,0,0,0,6,__MSG_extName__,,,
0,0,1,0,1,1,0,0,0,0,1,28,0.3972707327607624,49.29815455594002,0.1005601486085151,4.081939000765869,3.189194444693148,122,9,32,0,1,1,0.07749695904852,0.0058631295655517,0.000432525951557,4.805843906189927e-05,0.0015378700499807,4.805843906189927e-05,0.0,0,0,0,1,1,1,2,0,0,0,0,0,0,0,0,2,SellerAmp SAS - Amazon FBA Analysis Tool,,,
0,0,0,0,0,0,0,1,0,0,0,153,0.4037306288819239,45.31249118620166,0.0865693190955815,4.144866903477612,2.7733023696205867,379,54,124,0,0,0,0.037350348638337,0.0041112979335032,0.0005857785973856,0.0,0.0013451212236264,0.0,0.0,0,0,0,3,0,0,1,0,0,0,0,0,0,0,0,1,__MSG_extName__,,,
0,1,0,0,0,1,0,0,0,0,1,144,0.4989263323854852,55.26751507719852,0.072600720893776,4.521507398513036,2.7266396045067567,1681,115,259,0,0,4,0.0518354172040156,0.0039187894414151,0.0002680908898053,9.32490051496763e-06,0.0006037873083441,0.0,0.0,0,0,0,0,0,0,0,0,0,0,0,0,0,0,0,0,__MSG_appName__,,,
1,1,0,0,0,1,0,0,0,0,0,56,0.3643288261724206,51.365190610864296,0.0849371192059854,5.4858763109338105,2.9034450630901896,647,34,70,0,0,2,0.0530270401791151,0.0008705105470358,4.5745531065251965e-05,2.690913592073645e-06,9.418197572257758e-05,0.0,0.0,4,0,0,70,0,0,6,0,0,0,0,0,0,0,0,6,__MSG_appName__,,,
0,0,0,0,1,1,0,0,0,0,0,146,0.5635485630000939,51.88218365681646,0.0755845721073528,3.7414588950471424,2.6741764622834445,535,28,146,0,0,5,0.048428756636416,0.0038978259602494,0.000203998368013,3.642828000233141e-05,0.001063705776068,0.0,0.0,0,0,0,0,0,0,2,0,0,0,0,0,0,0,0,2,HyperWrite - AI Writing Assistant,,,
1,1,0,0,1,1,0,0,0,0,1,712,0.4027324292180981,38.40228936566375,0.0863202930406077,5.42041463835341,2.878422655208277,720,389,545,0,0,45,0.0665554404679261,0.0003462324142786,0.000187061679381,2.163952589241405e-05,0.0002620787024747,0.0,0.0,45,0,0,0,0,0,8,0,0,0,0,0,0,0,0,8,Eternl,,,
0,0,0,0,0,0,1,0,0,0,0,0,0.0,0.0,0.0,0.0,0.0,0,0,0,0,0,0,0.0,0.0,0.0,0.0,0.0,0.0,0.0,0,0,0,0,0,0,0,0,0,0,0,0,0,0,0,0,__MSG_appName__,,,
0,0,0,0,0,0,0,0,0,0,0,0,0.0,0.0,0.0,0.0,0.0,0,0,0,0,0,0,0.0,0.0,0.0,0.0,0.0,0.0,0.0,0,0,0,0,0,0,0,0,0,0,0,0,0,0,0,0,Greek Beach,,,
0,0,0,0,0,0,0,0,0,0,0,0,0.0,0.0,0.0,0.0,0.0,0,0,0,0,0,0,0.0,0.0,0.0,0.0,0.0,0.0,0.0,0,0,0,0,0,0,0,0,0,0,0,0,0,0,0,0,Until AM Web App,,,
0,0,1,0,1,1,1,1,0,0,1,112,0.4973994986123069,46.04737740833816,0.0756627002721628,3.9544171815589353,2.644324423475489,3143,36,97,0,0,0,0.0474895288735741,0.0253157419936851,0.0002899671370578,0.0,0.0007813003415168,0.0,0.0,0,0,0,0,0,0,17,0,0,0,0,0,0,0,0,17,__MSG_global_extension_name__,,,
0,0,0,0,0,1,0,0,0,0,0,16,0.3861970665317946,42.06831683168317,0.1271276840314497,3.544038045159295,3.186535357041421,123,16,39,0,0,0,0.0527373956077946,0.0243564356435643,0.0031683168316831,0.0,0.0077227722772277,0.0,0.0,0,0,0,0,0,0,3,0,0,0,0,0,0,0,0,3,__MSG_extension_name__,,,
0,1,1,0,0,1,0,1,0,0,1,929,0.4723242582174949,48.098675218256496,0.090494023354727,3.933705529315153,2.646407733864644,14793,371,1305,0,0,7,0.0352718263682236,0.0123893642253653,0.0003107181861428,5.862607285713328e-06,0.0010929575011222,0.0,0.0,26,0,0,0,0,0,2,0,0,0,0,0,0,0,0,2,__MSG_extensionName__,,,
1,1,0,0,1,0,0,0,0,0,0,128,0.3636035915161402,48.22380906966764,0.0924991717251173,4.294561054391695,2.9873841338847127,241,64,90,0,0,8,0.0408368607313857,0.0014365075580563,0.0003814791855419,4.768489819274236e-05,0.0005364551046683,0.0,0.0,34,2,0,0,0,0,2,0,0,0,0,0,0,0,0,2,HiTab 新标签页,,,
0,0,0,0,0,0,0,0,0,0,0,0,0.0,0.0,0.0,0.0,0.0,0,0,0,0,0,0,0.0,0.0,0.0,0.0,0.0,0.0,0.0,0,0,0,0,0,0,0,0,0,0,0,0,0,0,0,0,__MSG_name__,,,
0,0,0,0,0,1,0,0,0,0,0,2,0.3460752649199535,40.03955486998678,0.0538672809426774,6.954598075392519,2.966604575957667,17,6,20,0,0,0,0.0429419000072353,0.001873071837814,0.000661084178052,0.0,0.00220361392684,0.0,0.0,0,0,0,0,0,2,2,0,0,0,0,0,0,0,0,2,__MSG_extensionName__,,,
0,0,1,0,0,1,0,0,0,0,0,2,0.6670516946378163,46.60917512130569,0.0539306826113544,4.295677172061329,2.895062967329476,8,0,3,0,1,0,0.0634050255536626,0.0011762976032936,0.0,0.0,0.0004411116012351,0.0001470372004117,0.0,0,0,0,0,0,0,0,0,0,0,0,0,0,0,0,0,Vercel,,,
1,1,1,0,0,0,0,0,0,0,0,22,0.4145721158089858,45.38340156943023,0.0957903021743607,4.506364096376163,3.155355318356481,137,25,146,0,1,0,0.0893698182242808,0.0116854315933128,0.0021323780279767,0.0,0.0124530876833845,8.5295121119072e-05,0.0,5,0,0,23,0,0,4,0,0,0,0,0,0,0,0,4,SEO Pro Extension,,,
0,0,0,0,1,1,0,0,0,0,1,7,0.3857481604615347,29.88358749811264,0.0925367296550712,6.407872110056684,3.338359243136148,98,0,97,0,0,0,0.0784026495127698,0.0147969198248527,0.0,0.0,0.0146459308470481,0.0,0.0,0,0,0,5,2,4,6,0,0,0,1,0,0,0,0,6,__MSG_namechrome__,,,
0,0,0,0,1,1,0,1,0,0,1,50,0.4109556388829882,53.995201427806016,0.0852608900318598,5.027737339866799,2.530072408372478,105,27,40,0,0,3,0.0557244087923895,0.0001900603848994,4.8872670402710805e-05,5.430296711412312e-06,7.240395615216415e-05,0.0,0.0,0,0,0,0,0,0,1,0,0,0,0,0,0,0,0,1,SalesQL - B2B Email Finder,,,
0,1,0,0,0,0,0,0,0,0,0,4,0.403831904308246,41.62192646063614,0.1222980840478458,3.706689043394869,3.246274753591604,97,6,8,0,0,0,0.0521697434667945,0.0218813444619896,0.0013534852244529,0.0,0.0018046469659372,0.0,0.0,1,0,0,0,0,0,0,0,0,0,0,0,0,0,0,0,Instant Gaming,,,
0,0,0,0,0,0,0,0,0,0,0,0,0.0,0.0,0.0,0.0,0.0,0,0,0,0,0,0,0.0,0.0,0.0,0.0,0.0,0.0,0.0,0,0,0,0,0,0,0,0,0,0,0,0,0,0,0,0,Ultra Violet,,,
0,0,0,0,1,1,0,0,0,0,0,243,0.4864323170831836,56.34818660152213,0.0927609347307429,3.841281506416173,2.7789744500091573,985,157,384,0,0,4,0.0522697188824428,0.0021033884841082,0.0003352609055888,8.541679123282055e-06,0.000820001195835,0.0,0.0,0,0,0,0,0,0,2,0,0,0,0,0,0,0,0,2,"Recall | Summarize Anything, Forget Nothing",,,
0,0,0,0,0,0,0,0,0,0,0,0,0.0,0.0,0.0,0.0,0.0,0,0,0,0,0,0,0.0,0.0,0.0,0.0,0.0,0.0,0.0,0,0,0,0,0,0,0,0,0,0,0,0,0,0,0,0,Ride the Wave,,,
0,0,0,0,0,1,1,0,0,0,1,38,0.4352083219898067,47.67164660012774,0.0704449260846011,6.339394061924891,2.8531581248565163,717,65,47,0,0,5,0.0524182443685768,0.0013670031744215,0.0001239263686714,9.532797590108769e-06,8.960829734702242e-05,0.0,0.0,0,0,0,0,0,1,14,0,0,0,0,0,0,0,0,14,Leather,,,
0,0,1,0,1,1,0,0,0,0,0,74,0.4772781888212716,43.68808137336459,0.107702891143799,3.392690284222507,3.061198660448396,181,13,51,0,7,1,0.0652255235154129,0.0068441352189367,0.000491567722907,3.781290176208122e-05,0.0019284579898661,0.0002646903123345,0.0,0,1,0,0,0,0,1,0,0,0,0,0,0,0,0,1,__MSG_name__,,,
0,0,0,0,0,1,1,0,0,0,0,3,0.5556076910315952,47.57203061258892,0.0660759316189245,3.435608982414782,1.933864566632555,72,6,12,0,0,0,0.0296582626255622,0.0024274299585314,0.0002022858298776,0.0,0.0004045716597552,0.0,0.0,0,0,0,3,0,0,4,0,0,0,0,0,0,0,0,4,Button for Google Calendar,,,
0,1,0,0,0,0,0,0,0,0,0,0,0.4530531574352507,35.605947625388374,0.0721505480647977,5.329135132012248,3.1980796717421662,93,16,10,0,0,0,0.0614131376740424,0.0082556591211717,0.0014203284509542,0.0,0.0008877052818464,0.0,0.0,0,0,0,1,0,0,2,0,0,0,0,0,0,0,0,2,__MSG_key_logo_name__,,,
1,1,1,0,1,1,0,1,0,0,0,190,0.4033070447926716,43.632331558416816,0.0872828679028916,6.297478057795499,3.095584952351858,856,83,85,0,1,3,0.0605676152671392,0.008583777062463,0.0008323054861967,3.0083330826389097e-05,0.000852361040081,1.00277769421297e-05,0.0,15,0,0,14,1,1,2,0,0,0,0,5,0,0,0,2,CNET Shopping,,,
0,1,0,0,0,0,0,0,0,0,1,0,0.2229238423268274,43.54261363636363,0.0937619594336012,5.977047146401985,3.4492065886940213,65,7,7,0,0,0,0.0254342431761786,0.1846590909090909,0.0198863636363636,0.0,0.0198863636363636,0.0,0.0,13,1,0,7,0,1,1,0,0,0,0,0,0,0,0,1,__MSG_name__,1.0,,
0,1,0,0,0,1,0,0,0,0,0,370,0.559245555410015,53.69924407158683,0.0776662131779186,3.733222509866464,2.396865177394396,788,66,348,0,0,0,0.0477603632569196,0.0027026841632311,0.0002263669476817,0.0,0.0011935711786858,0.0,0.0,0,0,0,0,0,0,1,0,0,0,0,0,0,0,0,1,Viewstats - YouTube video & channel analytics,,,
0,0,0,0,0,0,0,0,0,0,0,0,0.0,0.0,0.0,0.0,0.0,0,0,0,0,0,0,0.0,0.0,0.0,0.0,0.0,0.0,0.0,0,0,0,0,0,0,0,0,0,0,0,0,0,0,0,0,Numerics Calculator & Converter,,,
0,1,0,0,0,1,0,0,0,0,0,65,0.3179197380240952,58.07677832141513,0.1067590038289766,4.454617117117117,3.285402518025831,117,22,50,0,0,0,0.0381193693693693,0.0440346255175009,0.0082800150545728,0.0,0.01881821603312,0.0,0.0,0,0,0,9,0,1,1,0,0,0,0,0,0,0,0,1,__MSG_extName__,,,
0,0,0,0,0,1,0,0,1,0,1,79,0.434969401917381,39.0603812161984,0.0855684394401629,4.412062922116782,3.048755140788391,247,29,20,0,0,1,0.0757972129605881,0.0081453634085213,0.0009563382139559,3.297717979158422e-05,0.0006595435958316,0.0,0.0,229,0,0,23,0,0,7,1,0,0,3,4,0,0,0,7,Solitaire,,,
0,0,0,0,1,1,0,0,0,0,0,221,0.6448476894783413,67.22236000637744,0.0704294574201854,3.5689398043435645,2.640382173966564,713,47,281,0,2,2,0.0417435176421734,0.0018044100490202,0.0001189442809312,5.061458763030093e-06,0.0007111349562057,5.061458763030093e-06,0.0,3,0,0,13,0,0,3,0,0,0,0,0,0,0,0,3,__MSG_appTitle__,,,
0,0,0,0,0,0,0,0,0,0,0,0,0.0,0.0,0.0,0.0,0.0,0,0,0,0,0,0,0.0,0.0,0.0,0.0,0.0,0.0,0.0,0,0,0,0,0,0,0,0,0,0,0,0,0,0,0,0,AudioSauna,,,
0,0,0,0,0,1,0,0,0,0,0,30,0.5793670697843567,61.762696906319135,0.073251346037088,3.9623298569517713,2.3272899202223374,98,12,45,0,0,0,0.0574624915591454,0.0011847625034757,0.0001450729596092,0.0,0.0005440235985347,0.0,0.0,5,0,0,0,1,0,1,0,0,0,0,0,0,0,0,1,__MSG_appName__,,,
0,0,0,0,0,1,0,0,0,0,0,14,0.5864797161737869,46.90118362471495,0.047046688505265,4.391332895600788,3.4327194302874786,0,0,16,0,0,0,0.0473736047275114,0.0,0.0,0.0,0.0017374307742425,0.0,0.0,4,0,0,0,0,0,2,0,0,0,0,0,0,0,0,2,__MSG_extensionName__,,,
1,1,0,0,1,1,0,0,0,0,1,8,0.4874062975821774,40.782211938917165,0.0893513827931771,3.5637798968266376,2.419098650918192,26,14,25,0,0,0,0.0540326807602828,0.0004812586765386,0.0002591392873669,0.0,0.0004627487274409,0.0,0.0,4,1,0,0,0,0,2,0,0,0,0,0,0,0,0,2,Briskine: Email templates for Gmail™,,,
0,0,0,0,0,1,0,1,0,0,1,49,0.2376155287479736,125.89568913175472,0.0871444183513911,4.517602519970474,3.00147940601826,275,89,189,0,0,0,0.0073084990535493,0.0333940497874924,0.0108075288403157,0.0,0.0229508196721311,0.0,0.0,0,0,0,0,0,0,2,0,0,0,0,0,0,0,0,2,飛比購物幫手：網路購物即時比價工具,,,
0,0,0,0,0,0,0,0,0,0,0,2,0.2849995662107059,17.624663435648895,0.0819283380086179,4.873373373373373,3.429503818163838,81,6,6,0,0,0,0.018018018018018,0.0436187399030694,0.0032310177705977,0.0,0.0032310177705977,0.0,0.0,0,0,0,1,0,0,6,0,0,0,0,0,0,0,0,6,Chrome Notes,,,
0,0,0,0,0,1,0,0,0,0,0,6,0.4666997088160585,40.02287166454892,0.0910724242611981,4.3450925602514845,3.058167164259517,32,3,15,0,0,0,0.0321341250436605,0.0406607369758576,0.0038119440914866,0.0,0.0190597204574332,0.0,0.0,0,0,0,0,0,0,2,0,0,0,0,0,0,0,0,2,__MSG_AppName__,,,
1,1,0,0,1,1,1,0,1,0,1,20,0.4359547964768328,32.53196789371713,0.1110936842192156,4.00282371924163,3.2096980044132613,23,1,7,0,0,0,0.1294876966518757,0.0063659009133683,0.0002767783005812,0.0,0.0019374481040686,0.0,0.0,0,0,0,0,0,0,1,0,0,0,0,0,0,0,0,1,__MSG_extName__,,,
0,0,0,0,0,0,0,0,0,0,0,0,0.0,0.0,0.0,0.0,0.0,0,0,0,0,0,0,0.0,0.0,0.0,0.0,0.0,0.0,0.0,0,0,0,0,0,0,0,0,0,0,0,0,0,0,0,0,__MSG_appName__,,,
0,0,1,0,1,1,0,0,0,0,1,126,0.3682906952510902,29.720597339453697,0.079573337370385,6.517567880888076,3.349788344257931,1896,23,414,0,2,0,0.0477500454314736,0.0286288069820465,0.0003472903800564,0.0,0.0062512268410165,3.019916348317152e-05,0.0,37,0,0,12,0,2,46,4,0,0,0,0,11,0,0,46,BeFrugal: Automatic Coupons and Cash Back,,,
0,1,0,0,0,1,0,1,0,0,1,156,0.545985408977174,48.54550767459936,0.085375081184816,3.828774237737141,2.503646480551403,2020,39,183,0,0,7,0.0461008765350684,0.0059925360293812,0.0001156974777949,2.076621396320227e-05,0.000542888165038,0.0,0.0,11,0,0,1,0,0,1,0,0,0,0,0,0,0,0,1,__MSG_extName__,,,
0,0,0,0,0,0,0,0,0,0,0,0,0.0,0.0,0.0,0.0,0.0,0,0,0,0,0,0,0.0,0.0,0.0,0.0,0.0,0.0,0.0,0,0,0,0,0,0,0,0,0,0,0,0,0,0,0,0,__MSG_appName__,,,
0,0,0,0,1,1,0,0,0,0,0,19,0.4487461251148765,35.79350102112039,0.0939598164224868,4.043405474807233,3.2707187239981783,29,48,19,0,0,18,0.0769934668340746,0.0007496833234237,0.0012408551560116,0.0004653206835043,0.0004911718325879,0.0,0.0,2,0,0,6,0,0,6,0,0,0,0,0,0,0,0,6,__MSG_extensionName__,,,
0,1,0,0,1,1,1,1,0,0,0,61,0.4964607496175971,59.82872788039748,0.085311902418827,3.803023896437927,2.9138947264482304,106,11,101,0,0,1,0.0610884125669593,0.0015815702306705,0.0001641252126167,1.4920473874250249e-05,0.0015069678612992,0.0,0.0,7,0,0,5,0,0,2,0,0,0,0,0,0,0,0,2,BetterBLOX - Better Roblox Extension,,,
0,0,0,0,1,1,0,0,0,0,0,61,0.406388068668899,22.456164471846872,0.0699419699445344,5.932623480878582,3.4150515284967238,358,61,42,0,0,4,0.0493477533727282,0.0076908204257878,0.0013104470557906,8.593095447807687e-05,0.0009022750220198,0.0,0.0,15,0,0,1,0,0,1,0,0,0,0,0,0,0,0,0,Story Saver,,,
0,0,0,0,0,1,0,0,0,0,0,2,0.4209139218175168,38.64349680170576,0.0917148942578688,5.98217270194986,3.1777975248576507,0,0,1,0,0,0,0.1006963788300835,0.0,0.0,0.0,0.0004264392324093,0.0,0.0,0,0,0,2,0,0,2,0,0,0,0,0,0,0,0,2,Codebender App,,,
0,0,0,0,1,1,0,0,0,0,0,109,0.4174285816926714,49.3665288090986,0.092400460391538,3.934371141603692,2.882576514223476,230,32,41,0,0,1,0.0402148880463051,0.0027023216467713,0.0003759751856377,1.1749224551179624e-05,0.0004817182065983,0.0,0.0,14,0,0,0,0,0,1,0,0,0,0,0,0,0,0,1,__MSG_extName__,,,
1,1,1,0,1,1,0,0,0,0,0,7,0.4809204254280494,44.13526331390179,0.0895962330112814,3.843704727305146,3.0336081609834635,93,9,32,0,1,1,0.1015557090957719,0.0045944076672265,0.0004446200968283,4.940223298093074e-05,0.0015808714553897,4.940223298093074e-05,0.0,26,2,0,0,0,0,3,0,0,0,0,0,0,0,0,3,__MSG_manifest_name__,,,
0,0,0,0,0,1,0,0,0,0,0,5,0.3680099576343766,46.61145342515404,0.1184410364161651,3.629188051898371,3.1419928762302187,91,11,9,0,0,0,0.0719181357391055,0.016491482421167,0.0019934758970641,0.0,0.0016310257339615,0.0,0.0,0,0,0,20,0,0,5,0,0,0,0,0,0,0,0,5,__MSG_extName__,,,
0,0,0,0,0,0,0,0,0,0,0,0,0.0,0.0,0.0,0.0,0.0,0,0,0,0,0,0,0.0,0.0,0.0,0.0,0.0,0.0,0.0,0,0,0,0,0,0,0,0,0,0,0,0,0,0,0,0,__MSG_appName__,,,
0,0,0,0,0,0,0,0,0,0,0,0,0.0,0.0,0.0,0.0,0.0,0,0,0,0,0,0,0.0,0.0,0.0,0.0,0.0,0.0,0.0,0,0,0,0,0,0,0,0,0,0,0,0,0,0,0,0,__MSG_appName__,,,
0,0,0,0,0,1,1,0,0,0,0,53,0.3437820194332367,41.77298822613603,0.0820354183083972,5.502340373222514,3.053930758019169,255,57,80,0,0,1,0.0453244085620702,0.0016541792351853,0.0003697577113943,6.486977392883786e-06,0.0005189581914307,0.0,0.0,2,1,0,6,2,0,36,0,0,0,0,1,0,0,0,36,__MSG_name__,,,
0,0,0,0,0,1,0,1,0,0,1,118,0.4459037527214705,57.90870018018614,0.0796233149402121,4.315136116823972,2.8214279284072434,693,46,138,0,0,3,0.0489937314417683,0.0057279354636073,0.0003802092804126,2.479625741821368e-05,0.0011406278412378,0.0,0.0,23,1,0,4,0,0,10,0,0,0,0,0,0,0,0,10,GoLinks,,,
0,0,1,0,1,1,0,0,0,0,1,83,0.4647773667614472,40.02575009878017,0.0953796728062287,3.627991386538908,2.826681430952935,1785,27,167,0,2,0,0.0457245660791824,0.0150061790148884,0.0002269842203932,0.0,0.0014039394372472,1.6813645955057123e-05,0.0,0,0,0,0,0,0,3,0,0,0,0,0,0,0,0,3,__MSG_extName__,,,
0,0,0,0,0,0,1,0,0,0,0,0,0.0,0.0,0.0,0.0,0.0,0,0,0,0,0,0,0.0,0.0,0.0,0.0,0.0,0.0,0.0,0,0,0,0,0,0,0,0,0,0,0,0,0,0,0,0,BIODIGITAL HUMAN,,,
0,0,0,0,1,1,0,0,0,0,0,63,0.2891674035225084,59.66011839770711,0.0817542962632971,8.193566535457098,3.357092263081947,817,40,58,0,0,2,0.0551118332723056,0.0069690869387198,0.0003412037668895,1.7060188344479325e-05,0.0004947454619899,0.0,0.0,36,0,1,0,0,0,6,0,0,0,0,0,0,0,0,6,__MSG_name__,,,
0,0,0,0,1,1,1,0,0,0,1,451,0.4513231098055723,50.78351930124027,0.0697738689864612,5.798997837714913,2.537825267597232,4055,210,535,0,0,25,0.0605331308972751,0.0037495642460786,0.0001941821187858,2.3116918903074454e-05,0.0004947020645257,0.0,0.0,0,0,0,0,0,0,3,0,0,0,0,0,0,0,0,3,Fireflies: AI meeting notes,,,
1,1,1,0,0,1,0,1,0,0,0,64,0.4998155565412548,50.770733557562245,0.0775961001617576,4.173334794083567,2.636456729875193,1855,72,79,0,0,3,0.0549893503412036,0.0084771323072423,0.0003290315504697,1.3709647936240996e-05,0.0003610207289876,0.0,0.0,0,0,0,1,0,0,2,0,0,0,0,0,0,0,0,2,"Ibotta: Price compare, cashback, item alerts",,,
0,1,0,0,0,0,0,0,0,0,0,112,0.3961064241364374,65.75992090364872,0.0788556636090031,5.746909468126163,3.044563191577204,499,67,127,0,0,5,0.0428335795598404,0.0067584039873229,0.0009074410163339,6.771947883089092e-05,0.0017200747623046,0.0,0.0,0,0,0,0,0,0,0,0,0,0,0,0,0,0,0,0,__MSG_Application_Name__,,,
0,0,0,0,0,0,0,0,0,0,0,0,0.0,0.0,0.0,0.0,0.0,0,0,0,0,0,0,0.0,0.0,0.0,0.0,0.0,0.0,0.0,0,0,0,0,0,0,0,0,0,0,0,0,0,0,0,0,__MSG_appName__,,,
0,1,0,0,0,1,0,1,0,0,0,56,0.5261829218896608,52.61764641296471,0.0883430185769101,3.803931740865038,2.9567534001386786,113,18,52,0,0,8,0.0640904979868421,0.0024813895781637,0.0003952655965216,0.000175673598454,0.0011418783899514,0.0,0.0,0,0,0,0,0,0,0,0,0,0,0,0,0,0,0,0,Save to Cosmos,,,
0,0,0,0,0,0,0,0,0,0,1,0,0.3576427559392401,48.12479766914859,0.0906224257800916,7.247923530230616,3.468421627873806,49,5,7,0,0,1,0.048396826133358,0.0079313693752023,0.0008093234056328,0.0001618646811265,0.001133052767886,0.0,0.0,0,0,0,0,0,0,1,0,0,0,0,0,0,0,0,1,AdGuard Extra (Beta),,,
0,0,0,0,0,1,0,0,0,0,0,30,0.5630823112325115,49.84557409428764,0.090423976757642,3.45005268581883,2.7738806290257085,80,4,57,0,0,0,0.0557195956508146,0.0041582202817194,0.0002079110140859,0.0,0.002962731950725,0.0,0.0,0,0,0,0,0,0,1,0,0,0,0,0,0,0,0,1,Remove YouTube Shorts,,,
0,0,0,0,0,0,0,0,0,0,0,0,0.0,0.0,0.0,0.0,0.0,0,0,0,0,0,0,0.0,0.0,0.0,0.0,0.0,0.0,0.0,0,0,0,0,0,0,0,0,0,0,0,0,0,0,0,0,Black & White,,,
0,0,1,0,1,1,0,0,0,0,0,2,0.3960620525059666,39.44028950542823,0.0946300715990453,4.927984215718514,3.0377633313136223,31,2,3,0,0,0,0.0374876685300887,0.0373944511459589,0.0024125452352231,0.0,0.0036188178528347,0.0,0.0,0,0,0,0,0,0,1,0,0,0,0,0,0,0,0,1,__MSG_appName__,,,
0,0,0,0,1,1,0,0,0,0,1,13,0.3919057133189843,31.801873654893026,0.0999396620819283,3.661600025817278,2.8748983338070966,79,5,38,0,0,0,0.0452017512720388,0.0033337553276786,0.0002109971726378,0.0,0.0016035785120479,0.0,0.0,0,0,0,0,0,0,5,0,0,0,0,0,0,0,0,5,Tab Copy,,,
0,0,0,0,0,1,0,0,0,0,0,6,0.3253579382755329,13.337488598358163,0.0869869551384028,7.108436992969173,3.194475425242792,19,0,5,0,0,0,0.0373174689021092,0.0057768318637883,0.0,0.0,0.0015202189115232,0.0,0.0,0,0,0,6,0,1,1,0,0,0,4,0,0,0,0,1,Reload All Tabs,,,
0,0,1,0,1,0,1,0,0,0,1,0,0.3977522477522477,32.321131447587355,0.0805194805194805,6.515498652291105,3.1319700514039046,9,0,0,0,2,0,0.0970350404312668,0.0149750415973377,0.0,0.0,0.0,0.0033277870216306,0.0,0,0,0,0,0,0,1,0,0,0,0,0,0,0,0,1,Techloq,,,
1,1,0,0,1,1,0,0,0,0,0,98,0.5392832700808999,54.46058662825921,0.0813427976162934,3.7586378518120154,2.170839087348596,3010,50,50,0,0,0,0.0455197335522281,0.0172033423636592,0.0002857698067053,0.0,0.0002857698067053,0.0,0.0,0,0,1,0,0,0,0,0,0,0,0,0,0,0,0,0,Huntr - Job Search Tracker & Autofill,,,
1,1,0,0,1,1,0,0,0,0,1,25,0.42637520452967,36.0390274073999,0.09183460889766,4.884779748673048,3.1149221857396734,290,39,31,0,0,3,0.0645495924632158,0.0029404905549415,0.0003954452815266,3.041886780974012e-05,0.0003143283007006,0.0,0.0,0,0,0,0,0,0,1,0,0,0,0,0,0,0,0,1,Milanote Web Clipper,,,
0,0,0,0,0,1,0,0,0,0,0,90,0.3856444416580284,62.93746424200288,0.0925879013706164,4.708417972210632,2.4499872515519256,374,40,125,0,0,2,0.0183883081179019,0.001354277561721,0.0001448425199701,7.242125998508122e-06,0.0004526328749067,0.0,0.0,41,0,0,0,0,0,0,0,0,0,0,0,0,0,0,0,__MSG_PKG_NAME__,,,
0,0,0,0,0,0,0,0,0,0,0,0,0.0,0.0,0.0,0.0,0.0,0,0,0,0,0,0,0.0,0.0,0.0,0.0,0.0,0.0,0.0,0,0,0,0,0,0,0,0,0,0,0,0,0,0,0,0,ChemReference: Periodic Table,,,
1,1,0,0,0,1,0,0,0,0,0,183,0.5070981609400008,53.54814500060292,0.0803495217723972,4.182027533889608,2.64264540119653,6726,124,169,0,0,9,0.0467534709179267,0.0193108279596442,0.0003560128853695,2.583964490585756e-05,0.0004852111098988,0.0,0.0,4,0,0,0,0,0,0,0,0,0,0,0,0,0,0,0,Guru,,,
0,0,0,0,0,1,0,0,0,0,1,22,0.4571588807494048,59.17762306958335,0.0822510683959885,3.9670217407217625,2.76347748602748,11,84,34,0,0,0,0.0526339213820364,1.943668940170336e-05,0.0001484256281584,0.0,6.00770399689013e-05,0.0,0.0,0,0,0,0,0,0,3,0,0,0,0,0,0,0,0,3,Magic Eden Wallet,,,
0,0,0,0,0,1,0,0,0,0,0,9,0.3880330132162341,42.08831236897274,0.0935110905673918,4.44692905792297,3.3064390496188625,31,4,15,0,0,0,0.0758242420589476,0.0081236897274633,0.0010482180293501,0.0,0.0039308176100628,0.0,0.0,20,1,0,0,0,0,3,0,0,0,0,0,0,0,0,3,__MSG_app_name__,,,
0,1,0,0,1,1,0,0,0,0,1,0,0.3087437867148667,38.35111111111111,0.1006552191595119,5.864197530864198,3.170855887489749,23,0,1,0,0,0,0.045679012345679,0.1022222222222222,0.0,0.0,0.0044444444444444,0.0,0.0,0,0,0,0,0,0,1,0,0,0,0,0,0,0,0,1,__MSG_name__,,,
0,0,0,0,0,0,0,0,0,0,0,0,0.0,0.0,0.0,0.0,0.0,0,0,0,0,0,0,0.0,0.0,0.0,0.0,0.0,0.0,0.0,0,0,0,0,0,0,0,0,0,0,0,0,0,0,0,0,ZIP Extractor,,,
0,0,0,0,0,0,0,0,0,0,0,110,0.4185014232638554,36.34940503371028,0.0911533735212991,4.469596736100404,2.974141605994325,667,27,128,0,0,3,0.093912983888534,0.0059720468810156,0.0002417470251685,2.6860780574283487e-05,0.0011460599711694,0.0,0.0,17,1,0,0,0,0,45,0,0,0,0,0,0,0,0,45,Boxel Golf,,,
0,0,0,0,0,1,0,1,0,0,0,73,0.5079722603648615,61.10724296088674,0.0808254708212014,3.793077661480895,2.808777501910711,33,26,25,0,0,3,0.059507202158064,0.0005255446553701,0.0004140654860491,4.777678685182826e-05,0.0003981398904319,0.0,0.0,1,0,0,2,0,0,1,0,0,0,0,0,0,0,0,1,Kaisar ZeroNode,,,
1,1,0,0,1,1,0,0,0,0,1,8,0.4930282577011787,35.75307700308567,0.1066028969921655,3.1421832256316007,2.6933523439814,69,8,16,0,0,0,0.0464797201731132,0.0023922615539298,0.0002773636584266,0.0,0.0005547273168533,0.0,0.0,0,0,0,0,0,0,1,0,0,0,0,0,0,0,0,1,__MSG_appName__,,,
0,0,1,0,1,1,1,0,0,0,0,96,0.5143128956354821,60.29363294106504,0.0776911260858306,4.169423975730137,2.793088087027847,642,54,163,0,0,5,0.0623162628105918,0.0050671276016385,0.0004262069945303,3.946361060466144e-05,0.0012865137057119,0.0,0.0,55,0,0,12,0,0,34,0,0,0,0,0,0,0,0,34,__MSG_app_name__,,,
0,0,0,0,0,0,1,0,0,0,0,0,0.0,0.0,0.0,0.0,0.0,0,0,0,0,0,0,0.0,0.0,0.0,0.0,0.0,0.0,0.0,0,0,0,0,0,0,0,0,0,0,0,0,0,0,0,0,My Study Life,,,
0,0,0,0,1,1,0,0,0,0,0,14,0.3316859929701456,54.94199870307659,0.1037914588171349,4.13365234439903,3.240026521135748,110,15,16,0,0,1,0.071345495630213,0.0079256430578571,0.0010807695078896,7.20513005259745e-05,0.0011528208084155,0.0,0.0,16,0,0,1,0,0,15,0,0,0,0,0,0,0,0,11,__MSG_appName__,,,
0,0,0,0,1,1,0,1,0,0,1,114,0.4804140870305364,52.375934864786274,0.0914162537396597,3.588232338353248,2.7901418364130435,1488,30,64,0,0,0,0.0436655074733423,0.0173073567897644,0.0003489386449549,0.0,0.0007444024425705,0.0,0.0,0,0,0,0,0,0,7,0,0,0,0,0,0,0,0,7,IEability - Open in IE,,,
0,0,0,0,0,1,0,0,0,0,0,16,0.4125182883149502,66.24144144144144,0.0812022025175201,4.702838914266299,2.8895813264928587,151,11,67,0,0,1,0.0850541734304805,0.006046046046046,0.0004404404404404,4.004004004004004e-05,0.0026826826826826,0.0,0.0,0,0,0,8,2,0,4,0,0,0,4,0,0,0,0,3,"Pattern Shapes, by The Math Learning Center",,,
0,1,1,0,0,1,1,1,0,0,1,122,0.415948851084866,54.806989508789,0.0930294740049804,4.1864848292046455,2.9226512371697866,3287,124,169,0,0,12,0.0557969911985873,0.0175673003436499,0.0006627153156716,6.413374022628522e-05,0.0009032168415201,0.0,0.0,23,0,6,0,0,0,1,0,0,0,0,0,0,0,0,1,AliHunter - AliExpress Dropship (Promer),,,
0,0,0,0,0,1,0,0,0,0,1,9,0.3219151713193799,57.95294768890119,0.088246617275604,4.048286724031961,3.175834204156771,117,20,29,0,0,0,0.0235095267363245,0.0323830611680044,0.0055355660116246,0.0,0.0080265707168557,0.0,0.0,0,0,0,0,0,0,1,0,0,0,0,0,0,0,0,1,FACEIT FORECAST,,,
0,0,0,0,0,0,0,0,0,0,0,17,0.567507730927876,49.60259740259741,0.083020432118434,3.393935381355932,2.3676957900327857,95,5,41,0,0,2,0.0410376942090395,0.0046557216368537,0.000245037980887,9.8015192354815e-05,0.0020093114432737,0.0,0.0,7,0,0,0,0,0,5,0,0,0,0,0,0,0,0,5,SVG Export,,,
0,0,0,0,0,1,0,0,0,0,0,31,0.3847863402749462,32.77823591923486,0.1100816986061402,3.818089342914033,3.121210093311602,82,4,37,0,0,3,0.0597134447234005,0.0034856535600425,0.0001700318809776,0.0001275239107332,0.0015727948990435,0.0,0.0,1,0,1,0,0,0,1,0,0,0,0,0,0,0,0,1,Conch AI,,,
1,1,0,0,1,1,0,0,0,0,1,2,0.5459944992475386,59.78979065098939,0.0976454326299352,3.338010730499381,2.8807269112001648,75,7,11,0,0,0,0.0536009079653322,0.0215084599942644,0.0020074562661313,0.0,0.0031545741324921,0.0,0.0,0,0,0,3,0,0,1,0,0,0,0,0,0,0,0,1,__MSG_PRODUCT_NAME_TRADEMARKED__,,,
0,0,0,0,0,1,0,0,0,0,0,18,0.4415064974186045,18.565546596815786,0.1144851015404697,3.412025082995205,3.1833231945483047,116,14,48,0,0,0,0.0528771670970121,0.0047476773216551,0.0005729955388204,0.0,0.0019645561330986,0.0,0.0,4,0,0,2,0,0,8,0,0,0,0,0,0,0,0,8,DroneBlocks,,,
0,0,0,0,0,1,0,0,0,0,1,25,0.5449390617687577,50.308116677235255,0.0867479945422546,3.5091151097765403,2.7126818631636627,115,7,21,0,0,1,0.0570665382571128,0.002430775734517,0.000147960262101,2.113718030014796e-05,0.0004438807863031,0.0,0.0,3,0,0,6,0,0,4,0,0,0,0,0,0,0,0,4,__MSG_appName__,,,
0,0,0,0,0,0,1,0,0,0,0,0,0.0,0.0,0.0,0.0,0.0,0,0,0,0,0,0,0.0,0.0,0.0,0.0,0.0,0.0,0.0,0,0,0,0,0,0,0,0,0,0,0,0,0,0,0,0,__MSG_appName__,,,
0,0,0,0,0,1,1,0,0,0,1,39,0.5471731754252914,49.39188031509225,0.084032874749295,3.5084932454575246,2.382292066730472,200,10,75,0,0,1,0.0389296508028984,0.0041789423097014,0.000208947115485,2.0894711548507076e-05,0.001567103366138,0.0,0.0,0,0,0,0,0,0,3,0,0,0,0,0,0,0,0,3,Custom Progress Bar for YouTube™,,,
1,1,0,0,0,1,0,0,0,0,0,12,0.2971719496460578,26.98292682926829,0.0902291034627053,6.14158453373768,3.39911192947236,20,3,11,0,0,1,0.0722137983320697,0.0097560975609756,0.0014634146341463,0.0004878048780487,0.0053658536585365,0.0,0.0,0,0,0,21,0,0,7,0,0,0,1,0,0,0,0,7,SmoothScroll,,,
0,0,0,0,1,0,0,0,0,0,0,0,0.2886029411764705,23.75,0.1167279411764705,6.02970297029703,3.127021001755567,0,0,0,0,0,0,0.099009900990099,0.0,0.0,0.0,0.0,0.0,0.0,0,0,0,0,0,0,1,0,0,0,0,0,0,0,0,1,Download,,,
0,0,1,0,0,1,1,0,1,0,1,28,0.4180283982609813,35.90310853530032,0.0961728738783115,4.5415410912689484,3.0260653180891013,112,12,12,0,0,0,0.0802333078434018,0.0059009483667017,0.0006322444678609,0.0,0.0006322444678609,0.0,0.0,13,0,0,1,0,4,105,0,0,0,0,0,0,0,0,105,__MSG_name__,,,
0,0,0,0,0,1,0,0,0,0,0,83,0.4613412613074745,52.321054621365285,0.1032790443026112,4.194006379871378,2.812471037153004,420,5,55,0,0,4,0.0283379025852571,0.0069036934760096,8.218682709535316e-05,6.574946167628253e-05,0.0009040550980488,0.0,0.0,0,0,1,10,0,0,2,0,0,0,0,0,0,0,0,1,Full Screen for Google Tasks,,,
0,0,0,0,0,1,0,0,0,0,0,83,0.4799147407918724,45.52551869319677,0.060563674534041,6.13322428780956,2.926737691308967,1612,13,198,0,0,4,0.0613097317454892,0.0065259194785741,5.262838289172722e-05,1.6193348582069916e-05,0.0008015707548124,0.0,0.0,27,0,0,0,0,0,2,0,0,0,0,0,0,0,0,2,Feedly Mini,,,
0,1,0,0,1,1,0,0,0,0,1,378,0.4594121821814034,67.50738194676278,0.0590677337740603,5.825031255651572,2.8383402355990603,12997,84,290,0,0,11,0.0331936638561634,0.0295164319568688,0.0001907655831635,2.498120731903954e-05,0.0006585954656837,0.0,0.0,16,4,0,0,0,0,4,0,0,0,0,0,0,0,0,4,Leo Wallet,,,
0,0,0,0,0,0,0,0,0,0,0,0,0.0,0.0,0.0,0.0,0.0,0,0,0,0,0,0,0.0,0.0,0.0,0.0,0.0,0.0,0.0,0,0,0,0,0,0,0,0,0,0,0,0,0,0,0,0,Mahjong Solitaire,,,
0,0,1,0,1,1,0,1,1,0,0,246,0.5105452380368083,58.35288945147679,0.0743679461503351,4.227024523239077,2.753444669789085,2406,149,341,0,0,5,0.0470920783644801,0.0040607594936708,0.0002514767932489,8.438818565400844e-06,0.0005755274261603,0.0,0.0,0,0,0,3,0,0,12,0,0,0,0,0,0,0,0,12,__MSG_SHOPPING_EXTENSION_NAME__,,,
1,1,0,0,0,1,0,1,1,0,0,0,0.408529594092702,22.83836798744606,0.122320786908269,3.551427189163038,3.2702665653085705,80,10,9,0,0,1,0.0579583938074504,0.0104616189355302,0.0013077023669412,0.0001307702366941,0.0011769321302471,0.0,0.0,0,0,0,0,1,0,4,0,0,0,0,0,0,0,0,4,__MSG_ExtnName__,,,
0,0,0,0,1,1,0,0,0,0,0,48,0.3927653066713801,23.38173574158735,0.0868824112570414,6.021295047215263,3.330892258190899,220,28,67,0,0,2,0.0671227596839468,0.0082440230832646,0.0010492393015064,7.494566439331484e-05,0.002510679757176,0.0,0.0,0,1,0,13,0,0,9,0,0,0,0,0,0,0,0,9,__MSG_name__,,,
0,0,0,0,0,0,1,0,0,0,0,0,0.0,0.0,0.0,0.0,0.0,0,0,0,0,0,0,0.0,0.0,0.0,0.0,0.0,0.0,0.0,0,0,0,0,0,0,0,0,0,0,0,0,0,0,0,0,Wixie,,,
0,0,0,0,0,1,0,0,0,0,1,93,0.4110229306845451,46.10633557442214,0.0906521825645286,4.389284703508189,3.1023287643070043,717,32,184,0,0,5,0.0662692113650067,0.0070373460273838,0.0003140795995485,4.907493742945478e-05,0.0018059576974039,0.0,0.0,40,0,0,14,0,0,51,0,0,0,0,0,0,0,0,51,UV Weather,,,
0,1,0,0,1,1,0,1,0,0,1,368,0.5514871971120926,65.07727760426395,0.0635272445286376,4.102987101706218,2.4880005201327764,1494,159,584,0,0,1,0.0327987508335908,0.0064897549617955,0.0006906767328818,4.3438788231563496e-06,0.0025368252327233,0.0,0.0,171,0,0,25,0,0,2,0,0,0,2,0,0,0,0,0,Alura: All-in-One Etsy Seller Solution,,,
0,1,0,0,0,1,0,0,0,0,0,97,0.3311998022402859,57.54476757499428,0.0739439842480632,6.604376880021323,3.406918851591448,1243,185,237,0,0,0,0.0274245135742299,0.0569269521410579,0.0084726356766659,0.0,0.0108541332722692,0.0,0.0,0,0,0,1,0,0,1,0,0,0,0,0,0,0,0,1,RoValra - Roblox Improved,,,
0,1,0,0,0,1,0,0,0,0,0,103,0.3687755221259283,31.059607716782796,0.1140765615096975,4.174992908807261,3.19975656399435,380,58,57,0,0,0,0.0542239871413038,0.0076523420194127,0.0011679890450682,0.0,0.0011478513029119,0.0,0.0,347,0,0,10,0,0,12,0,0,0,0,0,0,0,0,12,easyScholar,,,
0,0,1,0,0,1,0,1,0,0,0,12,0.4579846205109458,23.123614796316527,0.0864538210945511,4.217024405616443,2.880508612572018,87,40,33,0,0,0,0.0699954480198886,0.0067894490401123,0.0031215857655689,0.0,0.0025753082565943,0.0,0.0,0,0,0,0,0,0,0,0,0,0,0,0,0,0,0,0,__MSG_extName__,,,
0,0,0,0,1,1,0,1,0,0,1,60,0.393428824770731,41.97554855586995,0.0841657450739263,4.191562575923299,2.797145094989548,465,35,56,0,0,3,0.0356358555545366,0.0019096273967877,0.0001437353954571,1.2320176753469156e-05,0.0002299766327314,0.0,0.0,36,0,0,0,0,0,0,0,0,0,0,0,0,0,0,0,__MSG_appName__,,,
0,0,0,0,0,0,0,0,0,0,0,0,0.0,0.0,0.0,0.0,0.0,0,0,0,0,0,0,0.0,0.0,0.0,0.0,0.0,0.0,0.0,0,0,0,0,0,0,0,0,0,0,0,0,0,0,0,0,Color Fusion,,,
0,1,0,0,1,1,1,0,0,0,0,58,0.4311075878649642,33.842047857166826,0.0997501406301773,3.676171035201633,2.9512724319670665,523,7,57,0,0,1,0.0399009750483181,0.0087760512803302,0.0001174614894116,1.6780212773097964e-05,0.0009564721280665,0.0,0.0,4,0,0,0,0,0,1,0,0,0,0,0,0,0,0,1,__MSG_full_name__,,,
0,1,0,0,0,0,0,0,0,0,0,1,0.1984095427435387,36.56716417910448,0.0874751491053678,3.9388297872340425,3.4141775066045885,1,1,1,0,0,0,0.0106382978723404,0.0149253731343283,0.0149253731343283,0.0,0.0149253731343283,0.0,0.0,0,0,0,0,0,0,0,0,0,0,0,0,0,0,0,0,__MSG_appName__,,,
0,0,0,0,0,1,0,0,0,0,1,30,0.428307882144976,34.95524421093598,0.1063896430023495,3.5054980173995385,3.0458562286589714,53,44,43,0,0,1,0.0486476889388648,0.001289161315431,0.0010702471297917,2.4323798404358825e-05,0.0010459233313874,0.0,0.0,31,1,0,4,0,0,1,0,0,0,0,0,0,0,0,1,__MSG_appName__,,,
0,0,0,0,0,1,0,1,0,0,0,306,0.2625072936283726,113.91607015147513,0.0828462270740943,3.992070468850807,3.821600536567484,1367,221,326,0,0,8,0.0187243820394223,0.0044037962205312,0.0007119524248261,2.577203347787149e-05,0.0010502103642232,0.0,0.0,0,0,0,0,0,0,1,0,0,0,0,0,0,0,0,1,Crystal,,,
0,1,0,0,0,1,0,1,0,0,0,34,0.4067282016265714,39.20799117538914,0.1024014485508395,3.8836398785618016,3.1754018122009824,134,13,55,0,0,0,0.091010578192858,0.0082117906606201,0.0007966662581198,0.0,0.0033705110920455,0.0,0.0,0,0,0,0,0,0,0,0,0,0,0,0,0,0,0,0,mymind — An extension for your mind,,,
0,1,0,0,0,1,0,0,0,0,0,8,0.2364516419335252,66.30869498543169,0.0781921928558491,6.030395370838925,3.472901330493488,983,71,132,0,0,0,0.0435193945127719,0.0753718754792209,0.0054439503143689,0.0,0.0101211470633338,0.0,0.0,0,0,0,6,0,0,1,0,0,0,0,0,0,0,0,1,Fluff Busting Purity,,,
0,0,0,0,0,0,0,0,0,0,0,0,0.0,0.0,0.0,0.0,0.0,0,0,0,0,0,0,0.0,0.0,0.0,0.0,0.0,0.0,0.0,0,0,0,0,0,0,0,0,0,0,0,0,0,0,0,0,Milky Way Over The Sea,,,
0,0,1,0,1,1,0,0,0,0,0,10,0.3898985838531322,37.24032825322392,0.115604868792647,4.13437071521954,3.2857372149415567,100,12,9,0,0,1,0.0727017633366283,0.013025921583952,0.0015631105900742,0.0001302592158395,0.0011723329425556,0.0,0.0,0,0,0,8,0,0,14,0,0,0,0,0,0,0,0,11,Link Redirect Trace,,,
0,1,0,0,1,1,1,0,0,0,0,993,0.4622965795846617,57.30853474345762,0.0690743437406768,4.467850330035918,3.228682324817211,14921,148,616,0,0,32,0.0380938750362348,0.0100832896893108,0.0001000152050142,2.162490919227585e-05,0.0004162795019513,0.0,0.0,0,0,0,0,0,0,4,0,0,0,0,0,0,0,0,4,Uniswap Extension,,,
0,0,0,0,0,1,1,0,0,0,0,3,0.385252870196395,53.23479271600155,0.1003264915376536,4.575588686080535,3.3491834057877785,56,7,15,0,0,0,0.0463982165250104,0.0216970166602092,0.0027121270825261,0.0,0.0058117008911274,0.0,0.0,0,0,0,0,1,0,4,0,0,0,0,0,0,0,0,4,__MSG_name__,,,
0,0,0,0,0,1,0,0,1,0,0,28,0.2588234111646555,76.74547133622221,0.0937000305185039,5.672571005543217,3.3127299586469428,227,24,25,0,0,0,0.0520737410396692,0.0161255949421041,0.0017049087163458,0.0,0.0017759465795268,0.0,0.0,35,0,0,0,0,1,3,0,0,0,0,0,0,0,0,3,__MSG_name__,,,
1,1,0,0,1,1,0,0,0,0,1,19,0.3649253181478479,43.11628524046434,0.0757419690506014,6.789632611977856,3.3032309956271497,221,30,20,0,0,3,0.0521466455034648,0.0146600331674958,0.0019900497512437,0.0001990049751243,0.0013266998341625,0.0,0.0,0,0,0,12,0,0,16,0,0,0,0,0,0,0,0,14,__MSG_ext_extension_name__,,,
1,1,0,0,1,1,0,0,0,0,0,14,0.3866903703258251,40.27815699658703,0.1100566407204308,4.004762394216603,3.12195861656234,161,12,10,0,0,0,0.0574228252304108,0.0249767297548867,0.0018616196090598,0.0,0.0015513496742165,0.0,0.0,11,0,0,3,0,0,6,0,0,0,2,0,0,0,0,6,__MSG_extension_name__,,,
0,0,0,0,1,1,0,0,0,0,0,10,0.2633347010628582,60.05754000323258,0.1053698825958624,4.555042404903854,3.4654052225910736,213,10,77,0,0,0,0.0362960785960198,0.0344270244060126,0.0016162922256343,0.0,0.0124454501373848,0.0,0.0,20,1,0,1,0,1,10,0,0,0,0,0,0,0,0,10,__MSG_extName__,,,
1,1,0,0,1,1,0,1,0,0,1,245,0.4789625539903999,58.53430817058725,0.0823309199849937,4.05856020915345,2.963784291218689,1012,125,178,0,0,13,0.0526930842361078,0.0021637709481678,0.0002672641981432,2.7795476606899265e-05,0.000380584218156,0.0,0.0,0,0,0,0,0,0,5,0,0,0,0,0,0,0,0,4,ProWritingAid: Grammar Checker & Paraphrasing Tool,,,
0,0,0,0,0,1,0,0,0,0,1,102,0.4732638140458895,50.76621822887419,0.0977129761213558,3.5123594991186504,2.8792240707348937,217,23,16,0,0,0,0.0522491587116269,0.0052982396171594,0.0005615645677173,0.0,0.0003906536123251,0.0,0.0,98,0,0,8,0,0,9,0,0,0,1,0,0,0,0,8,Scientific Calculator,,,
0,0,0,0,0,1,0,0,0,0,0,91,0.4578847090486772,76.83968656372436,0.0634365224703215,5.335202836559231,2.90723126688444,258,34,153,0,0,3,0.0367569503096162,0.005946070523162,0.0007835906890988,6.91403549204886e-05,0.0035261581009449,0.0,0.0,0,0,0,6,0,2,5,0,0,0,0,87,0,0,0,4,__MSG_appName__,,,
0,0,0,0,1,1,0,1,1,0,1,506,0.4053212807696416,36.523315391036526,0.0865371209129713,5.617086756067308,3.142698605426835,244,28,46,0,0,27,0.0748039972852161,0.0017558504360841,0.000201491033649,0.0001942949253043,0.0003310209838519,0.0,0.0,286,0,0,57,0,17,172,0,11,0,6,0,0,0,0,159,__MSG_appName__,1.0,,
0,1,1,0,1,1,0,0,0,0,0,8,0.5685881062891776,47.39147410868591,0.0872551133379981,3.466322416995063,2.5623262900751063,150,7,17,0,0,0,0.0448430493273542,0.0096012289573065,0.0004480573513409,0.0,0.001088139281828,0.0,0.0,0,0,0,3,0,0,1,0,0,0,0,0,0,0,0,1,Поток – ускоритель YouTube,,,
0,0,0,0,0,1,0,0,0,0,0,143,0.4859544220172147,65.0339542230925,0.0671143197316374,3.989868810418941,2.880242581532157,292,28,160,0,0,8,0.0262760289765905,0.0024023826370263,0.0002303654583449,6.581870238428249e-05,0.0013163740476856,0.0,0.0,45,4,1,3,0,0,2,0,0,0,0,0,0,0,0,2,__MSG_app_name__,,,
0,0,0,0,0,1,0,0,0,0,0,18,0.3815716117522439,46.81252776543759,0.108003010536879,3.939976143818693,3.205747539982126,101,13,32,0,0,0,0.0477549629377183,0.0224344735673034,0.0028876055086628,0.0,0.0071079520213238,0.0,0.0,0,0,0,7,0,0,9,0,0,0,0,0,0,0,0,9,Context Menu Search,,,
1,1,0,0,1,1,0,1,0,0,0,242,0.5089762528131775,55.19976228085266,0.0794115238685528,4.062256653313926,2.555930843127012,2064,56,191,0,0,2,0.0468340370588683,0.0080699394754539,0.0002189518462332,7.81970879404451e-06,0.0007467821898312,0.0,0.0,0,0,0,0,0,0,0,0,0,0,0,0,0,0,0,0,"Jobright Autofill – Instant Job Applications, Job Match, AI Tailor Resume",,,
1,1,0,0,0,1,0,0,0,0,0,95,0.4766949404023658,63.46307559496949,0.0606432520893336,5.317376601816043,2.774971606156885,1365,23,48,0,0,4,0.0426510253523625,0.0133904922600011,0.0002256273421099,3.923953775824521e-05,0.0004708744530989,0.0,0.0,2,0,0,0,0,0,0,0,0,0,0,0,0,0,0,0,__MSG_pkgName__,,,
1,1,0,0,0,0,0,0,0,0,0,35,0.4461804417196686,42.2437605221963,0.08131638908924,4.914045354791514,2.9319983184319454,405,47,35,0,0,0,0.0644757116842285,0.0119620757893493,0.0013881915113565,0.0,0.0010337596361166,0.0,0.0,0,0,0,0,0,0,0,0,0,0,0,0,0,0,0,0,Readlang Web Reader,,,
1,1,0,0,1,0,0,0,0,0,0,0,0.3360307773945343,12.072790294627383,0.0940567789864685,6.381180223285487,3.468525546702877,6,0,3,0,0,0,0.1036682615629984,0.0103986135181975,0.0,0.0,0.0051993067590987,0.0,0.0,0,0,0,0,0,0,1,0,0,0,0,0,0,0,0,1,__MSG_name__,,,
0,0,0,0,0,0,0,0,0,0,0,0,0.0,0.0,0.0,0.0,0.0,0,0,0,0,0,0,0.0,0.0,0.0,0.0,0.0,0.0,0.0,0,0,0,0,0,0,0,0,0,0,0,0,0,0,0,0,Socrative Teacher,,,
0,0,0,0,0,1,1,0,0,0,0,57,0.4684755928165589,44.09651134054588,0.0594528315529491,5.910103730403351,3.0582690863829987,534,26,53,0,0,1,0.0654085216625536,0.0036657696743368,0.0001784831676643,6.8647372178593e-06,0.0003638310725465,0.0,0.0,0,0,0,4,0,0,13,0,0,0,1,0,0,0,0,8,Web Server for Chrome,,,
0,1,0,0,0,0,0,0,0,0,0,0,0.4420529389147218,45.07040907353129,0.0933733689984537,3.838625004971299,2.945309291634064,24,7,11,0,0,0,0.0636989116169315,0.0015292468459283,0.0004460303300624,0.0,0.0007009048043838,0.0,0.0,0,0,0,0,0,0,3,0,0,0,0,0,0,0,0,3,리뷰언즈 엔서포터,,,
0,1,0,0,0,1,0,0,0,0,0,0,0.2595362752430815,30.11627906976744,0.1174270755422587,6.516666666666667,3.8797683174502415,0,0,0,0,0,0,0.025,0.0,0.0,0.0,0.0,0.0,0.0,0,0,0,0,0,0,0,0,0,0,0,0,0,0,0,0,__MSG_appName__,,,
0,0,1,0,0,1,0,0,0,0,0,89,0.4884137186992799,40.924893549742485,0.0831958239153459,3.890772628416403,2.5390359110536043,277,28,130,0,2,7,0.0548687249164816,0.0011998665852316,0.0001212861530198,3.032153825495216e-05,0.0005631142818776,8.663296644272045e-06,0.0,1,0,0,0,0,0,1,0,0,0,0,0,0,0,0,1,__MSG_name__,,,
0,0,0,0,0,0,0,0,0,0,0,0,0.0,0.0,0.0,0.0,0.0,0,0,0,0,0,0,0.0,0.0,0.0,0.0,0.0,0.0,0.0,0,0,0,0,0,0,0,0,0,0,0,0,0,0,0,0,Powtoon - Edu,,,
0,1,0,0,1,1,0,0,0,0,0,84,0.2048093755563348,116.76674707852324,0.06185851196765,14.383329041937728,2.8757335821708843,443,86,22,0,0,0,0.0701733844708812,0.0013648449221915,0.0002649586079197,0.0,6.778010900273893e-05,0.0,0.0,123,0,0,2,0,0,5,0,0,0,0,0,0,0,0,5,Stylebot,,,
0,0,0,0,0,1,0,0,0,0,0,23,0.4743014239175321,49.74388824214203,0.0914572595322943,3.876513511346324,2.8070953279190807,235,16,5,0,0,2,0.0194050196455777,0.0455956538610787,0.003104384943733,0.0003880481179666,0.0009701202949165,0.0,0.0,0,0,0,0,0,0,0,0,0,0,0,0,0,0,0,0,GMB Everywhere - GBP Audit for Local SEO,,,
0,0,0,0,1,1,0,0,0,0,0,25,0.4892680831360562,36.571547086329126,0.0934872473593422,2.9906688682183296,2.869172929916943,57,5,16,0,0,0,0.0249202329257328,0.0014329528885313,0.0001256976218009,0.0,0.0004022323897631,0.0,0.0,0,0,0,0,0,0,1,0,0,0,0,0,0,0,0,1,RocketReach Chrome Extension,,,
0,0,0,0,0,1,0,0,0,0,0,1,0.2669881630863656,14.425675675675675,0.1012713722051731,6.341463414634147,3.386289320986054,8,0,1,0,0,0,0.0146341463414634,0.054054054054054,0.0,0.0,0.0067567567567567,0.0,0.0,0,0,0,5,0,0,1,0,0,0,0,0,0,0,0,1,Go Incognito,,,
1,1,0,0,1,1,0,0,0,0,1,5,0.343778801843318,32.880624426078974,0.1160748170235836,4.9994565217391305,3.4368411309878555,31,6,29,0,0,0,0.117391304347826,0.0284664830119375,0.0055096418732782,0.0,0.0266299357208448,0.0,0.0,0,0,0,3,0,14,3,0,0,0,0,0,0,0,0,3,Weblioポップアップ英和辞典,,,
1,1,0,0,1,1,1,1,0,0,0,85,0.4476687982119202,55.94119852485054,0.0729638535177679,4.726085725975038,3.037833528934692,2647,37,118,0,0,22,0.0474796697846202,0.0180439954463963,0.0002522205634743,0.0001499689836874,0.0008043790943236,0.0,0.0,47,0,0,0,0,0,3,0,0,0,0,0,0,0,0,3,__MSG_EXTENSION_NAME__,,,
0,0,0,0,1,1,0,1,0,0,0,29,0.3827600663313607,23.847459198813056,0.1025162873844768,4.217151904716892,3.21779206873985,79,12,15,0,0,0,0.0835263257396729,0.0024418892185954,0.0003709198813056,0.0,0.000463649851632,0.0,0.0,23,0,0,1,0,0,8,4,0,0,0,0,0,0,0,8,EditThisCookie (V3),,,
0,0,0,0,0,0,0,0,0,0,0,0,0.0,0.0,0.0,0.0,0.0,0,0,0,0,0,0,0.0,0.0,0.0,0.0,0.0,0.0,0.0,0,0,0,0,0,0,0,0,0,0,0,0,0,0,0,0,__MSG_appName__,,,
0,0,0,0,0,0,0,0,0,0,0,0,0.0,0.0,0.0,0.0,0.0,0,0,0,0,0,0,0.0,0.0,0.0,0.0,0.0,0.0,0.0,0,0,0,0,0,0,0,0,0,0,0,0,0,0,0,0,Piktochart – Visual Content Creator,,,
0,0,0,0,0,0,0,0,0,0,1,20,0.4189178573057683,37.241302451787966,0.0964633077043937,5.115328215302338,3.172852738753033,228,39,18,0,0,4,0.0760660168492481,0.0110475821300513,0.0018897179959298,0.0001938172303517,0.000872177536583,0.0,0.0,2,0,0,3,0,0,10,0,0,0,0,0,0,0,0,10,Check My Links,,,
0,0,1,0,1,1,0,0,0,0,0,45,0.5571499513749508,45.40406465034405,0.0955959269911555,3.7134145490573673,2.877460901584391,125,4,35,0,0,5,0.0585395124265639,0.0066677335040273,0.0002133674721288,0.000266709340161,0.0018669653811276,0.0,0.0,0,0,0,1,0,0,1,0,0,0,0,0,0,0,0,1,__MSG_appName__,,,
1,1,0,0,1,1,0,1,0,0,1,20,0.45364092554046,37.947120559741656,0.1034642989782434,3.169963989444679,3.0408793860007197,36,2,8,0,0,4,0.0383578020439999,0.0024219590958019,0.0001345532831001,0.0002691065662002,0.0005382131324004,0.0,0.0,4,0,0,0,0,0,1,0,0,0,0,0,0,0,0,1,__MSG_appName__,,,
0,1,0,0,0,1,1,0,0,0,0,35,0.4909683941996671,48.63341503542289,0.0769835184144773,4.315727847256389,3.0030193425807283,616,25,76,0,0,2,0.083309495749282,0.010341469966088,0.0004197025148574,3.3576201188597525e-05,0.0012758956451667,0.0,0.0,57,1,0,7,1,0,11,0,0,0,0,0,0,0,0,11,__MSG_extName__,,,
0,0,0,0,0,0,1,0,0,0,0,5,0.3657276004159727,36.30892648774796,0.0704065116933686,4.038894538059268,3.0899496356161817,5,2,18,0,0,0,0.033556072051133,0.0007292882147024,0.0002917152858809,0.0,0.0026254375729288,0.0,0.0,0,0,0,0,0,0,1,0,0,0,0,0,0,0,0,1,__MSG_extensionName__,,,
0,0,0,0,1,1,1,1,0,0,1,126,0.4779791206670952,36.25447870546898,0.0720696396188129,5.49666401109705,2.8469519614143297,827,47,197,0,0,6,0.0667806270374548,0.0026060787495863,0.0001481084658168,1.8907463721303985e-05,0.0006207950588494,0.0,0.0,97,1,0,0,0,0,16,2,1,0,0,0,0,0,0,16,__MSG_appTitle__,,,
0,0,0,0,1,1,1,0,0,0,1,367,0.4701449410450181,58.18361173818844,0.0588740132883027,5.658198070329288,2.4676371864441773,30817,91,210,0,0,13,0.0335834863078467,0.0269332990734987,7.953175895409619e-05,1.136167985058517e-05,0.0001835348283556,0.0,0.0,1,0,0,0,0,0,66,0,0,0,0,0,0,0,0,66,SubWallet - Polkadot Wallet,,,
1,1,0,0,1,0,0,1,0,0,1,14,0.5333289893489199,46.26362921544644,0.0828638133158834,3.726971910259431,2.495214212069808,60,4,69,0,0,0,0.0582842482787507,0.001310501485235,8.736676568233443e-05,0.0,0.0015070767080202,0.0,0.0,15,0,0,6,0,0,7,0,0,0,0,0,0,0,0,7,Cookie Editor,,,
0,0,0,0,1,1,0,0,0,0,0,128,0.4432821675743826,36.50577824370992,0.1018326084540241,3.59472071193319,2.9957658650397354,670,57,295,0,0,4,0.0512620195926133,0.00413172175629,0.0003515046867291,2.46669955599408e-05,0.0018191909225456,0.0,0.0,3,0,0,0,0,0,1,0,0,0,0,0,0,0,0,1,Teal - Job Search Companion,,,
0,0,0,0,0,0,0,0,0,0,0,0,0.0,0.0,0.0,0.0,0.0,0,0,0,0,0,0,0.0,0.0,0.0,0.0,0.0,0.0,0.0,0,0,0,0,0,0,0,0,0,0,0,0,0,0,0,0,__MSG_appName__,,,
1,1,0,0,1,1,1,0,0,0,1,37,0.4784559928619954,63.20384323955034,0.0650358151989211,3.96919909242666,2.654495606993855,68,9,38,0,0,2,0.0281858657460128,0.0001689336066082,2.2358859698155395e-05,4.968635488478976e-06,9.440407428110056e-05,0.0,0.0,2,0,0,0,0,0,5,0,0,0,0,0,0,0,0,5,__MSG_appName__,,,
0,0,0,0,0,1,0,0,0,0,0,54,0.5044486796177334,46.683712819615366,0.0773384732142038,3.8208988322479223,2.6766662708793576,527,13,249,0,0,5,0.068038401077925,0.0032938117589704,8.1251523466065e-05,3.1250585948486536e-05,0.0015562791802346,0.0,0.0,9,0,0,19,0,1,9,0,0,0,0,0,11,0,0,9,__MSG_extension_name__,,,
0,0,0,0,0,1,0,0,0,0,0,89,0.573631908283299,33.68922720147732,0.0569854947074614,3.923025930614692,2.5988122364091377,447,20,260,0,0,2,0.0320680313452921,0.0013711782623766,6.13502578244585e-05,6.1350257824458505e-06,0.0007975533517179,0.0,0.0,4,0,0,0,0,0,7,0,0,0,0,0,0,0,0,7,__MSG_appName__,,,
0,1,1,0,1,1,0,1,0,0,0,190,0.4769230238450708,55.564718570254726,0.0838614967422256,4.274175957099369,2.538136799196629,2065,27,236,0,0,9,0.0368737777956978,0.0106049712407559,0.0001386606409202,4.62202136400986e-05,0.0012119967132292,0.0,0.0,0,0,0,0,0,0,4,0,0,0,0,0,0,0,0,4,__MSG_name__,,,
0,1,0,0,1,1,0,0,0,0,0,97,0.325611168141081,45.61529734904092,0.094309548605883,4.275805589795291,2.4624320066233216,2869,28,136,0,0,1,0.0186225712908702,0.0049843381636301,4.864463875275146e-05,1.7373085268839808e-06,0.0002362739596562,0.0,0.0,4,0,0,0,0,0,7,0,0,0,0,0,0,0,0,7,__MSG_appName__,,,
0,1,0,0,0,0,0,0,0,0,0,34,0.4004427854638269,34.37686984837692,0.1185673617829545,3.823379599068155,3.004763202963093,221,20,29,0,0,0,0.0404935200998283,0.003748176791832,0.0003392015196228,0.0,0.000491842203453,0.0,0.0,0,0,0,0,0,0,0,0,0,0,0,0,0,0,0,0,Comparador EscolhaSegura,,,
0,0,0,0,0,0,0,0,0,0,0,0,0.0,0.0,0.0,0.0,0.0,0,0,0,0,0,0,0.0,0.0,0.0,0.0,0.0,0.0,0.0,0,0,0,0,0,0,0,0,0,0,0,0,0,0,0,0,MathStudio,,,
0,0,0,0,0,1,0,0,0,0,0,16,0.3942748280246764,52.10207100591716,0.0944469156770503,4.185199686765857,3.230235388341253,129,9,64,0,0,1,0.1032506372981889,0.0061557549150601,0.0004294712731437,4.77190303493033e-05,0.0030540179423554,0.0,0.0,20,0,0,8,2,0,2,0,0,0,4,0,0,0,0,1,"Number Rack, by The Math Learning Center",,,
0,1,0,0,1,1,0,0,0,0,0,16,0.4288672483275071,45.99558068961947,0.0925149144099428,4.016934625212947,2.913587995987613,80,2,4,0,0,4,0.0450010647359454,0.0005176351836634,1.294087959158584e-05,2.588175918317168e-05,2.588175918317168e-05,0.0,0.0,12,0,0,0,0,0,1,0,0,0,0,0,0,0,0,1,Brisk Boost,,,
0,0,0,0,1,1,0,0,0,0,0,1,0.3532837391042981,23.33363802559415,0.0778479110309588,5.885987815491732,3.28916262136922,40,33,3,0,0,0,0.0678851174934725,0.036563071297989,0.0301645338208409,0.0,0.0027422303473491,0.0,0.0,0,0,0,1,0,0,2,0,0,0,1,0,0,0,0,2,__MSG_appName__,,,
1,1,0,0,1,1,0,0,0,0,0,196,0.5944130039018306,52.46882635976952,0.0699257477239321,3.6458267904333015,2.392745472074042,1945,91,119,0,0,7,0.0462340660471052,0.0073343087272617,0.0003431476062626,2.639596971251018e-05,0.0004487314851126,0.0,0.0,0,0,0,0,0,0,4,0,0,0,0,0,0,0,0,4,__MSG_extName__,,,
0,0,0,0,1,0,1,1,0,0,1,73,0.5159592624500812,57.00034224936815,0.0824051622321134,3.848312859782936,2.876442700910726,832,124,55,0,0,20,0.0411223837128461,0.0109519797809604,0.0016322662173546,0.0002632687447346,0.0007239890480202,0.0,0.0,3,0,0,0,0,0,8,0,0,0,0,0,0,0,0,8,Visualping,,,
0,0,0,0,0,0,0,0,0,0,0,55,0.5170029254528304,30.388412073376237,0.0676158741629691,5.399763472227697,2.883796006904201,173,17,61,0,0,1,0.0708479520637048,0.0015104816952319,0.0001484288371037,8.73110806492452e-06,0.0005325975919603,0.0,0.0,14,0,0,8,0,0,9,0,0,0,0,0,0,0,0,8,__MSG_appName__,,,
0,0,0,0,1,1,0,1,0,0,1,215,0.4567399907272719,42.4460497840239,0.0738698434062493,5.490402890902981,3.206289461635629,2626,113,214,0,0,12,0.0663377875408169,0.0057520611917675,0.0002475182462565,2.628512349627189e-05,0.0004687513690168,0.0,0.0,0,0,0,2,1,0,3,0,0,0,0,0,0,1,0,2,__MSG_extName__,,,
0,0,0,0,0,0,0,0,0,0,0,0,0.0,0.0,0.0,0.0,0.0,0,0,0,0,0,0,0.0,0.0,0.0,0.0,0.0,0.0,0.0,0,0,0,0,0,0,0,0,0,0,0,0,0,0,0,0,MIT App Inventor,,,
0,0,0,0,1,1,1,0,0,0,0,5,0.3973323553564167,35.60198424277794,0.0940532093853893,6.387266163439449,3.220979609592857,71,2,16,0,0,0,0.0776720271305108,0.0207178290049606,0.0005836008170411,0.0,0.0046688065363291,0.0,0.0,1,0,0,14,0,0,4,0,0,0,0,0,0,0,0,4,Cold Turkey Blocker,,,
0,0,0,0,0,1,0,0,0,0,0,59,0.3494988070379179,58.86355897682289,0.0655008416803457,4.833452838686086,2.8340567392175253,972,24,88,0,0,4,0.0342601722136034,0.0033841301010016,8.355876792596693e-05,1.3926461320994489e-05,0.0003063821490618,0.0,0.0,0,0,0,0,0,0,4,0,0,0,0,0,0,0,0,4,__MSG_appName__,,,
0,0,1,0,1,1,0,0,0,0,1,106,0.428468803672193,43.239288649399725,0.1017278137060682,3.649258639295091,2.97700238037396,3000,65,116,0,1,4,0.0518672093398703,0.0254174821442187,0.0005507121131247,3.388997619229172e-05,0.0009828093095764,8.47249404807293e-06,0.0,11,1,0,9,0,0,2,0,0,0,0,0,0,0,0,2,Dropship - Product Research,,,
0,0,0,0,0,0,0,0,0,0,0,0,0.0,0.0,0.0,0.0,0.0,0,0,0,0,0,0,0.0,0.0,0.0,0.0,0.0,0.0,0.0,0,0,0,0,0,0,0,0,0,0,0,0,0,0,0,0,__MSG_appName__,,,
0,0,0,0,1,1,0,0,0,0,0,219,0.3248626669556235,46.73287134376522,0.0926966603066266,5.230780728007942,3.091482619233907,1886,178,229,0,0,18,0.0552229098577464,0.0041177331071418,0.0003886301659974,3.9299679707610384e-05,0.0004999792585023,0.0,0.0,21,0,0,0,0,0,1,0,0,0,0,0,0,0,0,1,"Pontem Crypto Wallet - Eth, Sol, BTC +",,,
0,0,0,0,0,1,0,0,0,0,0,1,0.3379032728545592,46.353591160220994,0.0906598214806604,5.710594315245478,3.3739617882468056,25,0,25,0,0,0,0.1088501291989664,0.0345303867403314,0.0,0.0,0.0345303867403314,0.0,0.0,4,0,0,0,0,0,1,0,0,0,0,0,0,0,0,1,DocsAfterDark,,,
0,0,0,0,1,1,0,0,0,0,1,7,0.3315420397031159,52.636600173460536,0.080942396524495,4.243664906245457,3.0872206400336157,15,2,4,0,0,0,0.0456417462086341,0.0043365134431916,0.0005782017924255,0.0,0.0011564035848511,0.0,0.0,0,0,0,0,0,0,0,0,0,0,0,0,0,0,0,0,G-calize,,,
0,0,0,0,0,1,0,0,0,0,0,6,0.3951791874491881,43.02660217654172,0.1276229922436334,3.363930099208155,3.270371013817018,99,13,18,0,0,0,0.057795576590516,0.0239419588875453,0.0031438935912938,0.0,0.0043530834340991,0.0,0.0,147,0,0,0,0,0,2,0,0,0,0,0,0,0,0,2,__MSG_extName__,,,
0,0,0,0,0,0,0,0,0,0,0,0,0.0,0.0,0.0,0.0,0.0,0,0,0,0,0,0,0.0,0.0,0.0,0.0,0.0,0.0,0.0,0,0,0,0,0,0,0,0,0,0,0,0,0,0,0,0,Serenity,,,
0,1,0,0,1,0,0,1,0,0,0,51,0.4123148407384677,39.14712669346434,0.097731828017199,3.625447408849245,2.9662278053184368,159,21,32,0,0,0,0.0356559717519123,0.0059178204555605,0.0007815989280928,0.0,0.0011910078904272,0.0,0.0,20,0,0,0,0,0,1,0,0,0,0,0,0,0,0,1,Wiza - Phone Number & Email Finder,,,
1,1,0,0,1,1,1,0,0,0,1,281,0.4459918108078654,49.82818427003815,0.0862659703458517,4.025645247785385,2.6682649247755506,1273,152,117,0,0,10,0.063890971908533,0.0046209077016338,0.0005517501733294,3.629935350851401e-05,0.0004247024360496,0.0,0.0,966,0,0,37,0,5,248,1,0,0,1,10,0,0,0,248,FeHelper(前端助手),,,
0,0,0,0,0,0,0,0,0,0,0,5,0.2985878723151774,34.98462852263023,0.0749970333451999,6.588789942378209,3.8156084990853167,29,3,17,0,0,0,0.0353588266107909,0.0247651579846285,0.0025619128949615,0.0,0.0145175064047822,0.0,0.0,1,0,0,6,0,0,1,0,0,0,0,0,0,0,0,1,Wordmark Extension,,,
0,0,1,0,1,1,0,1,0,0,0,151,0.563574952588431,60.18076558272031,0.0564807425240708,5.1883340170992325,2.753833880833352,1587,82,185,0,0,11,0.0378105146870506,0.005034307521008,0.0002601217496677,3.489438105298553e-05,0.000586860044982,0.0,0.0,1,0,0,5,0,0,2,0,0,0,0,0,0,0,0,2,easyfundraising Donation Reminder,,,
0,0,0,0,0,1,0,0,0,0,1,33,0.5446659760729226,40.61242258898509,0.0307512586508967,5.208812316288816,2.245084901409665,175,18,55,0,0,0,0.0112349889277219,0.0006576178451178,6.764069264069264e-05,0.0,0.0002066798941798,0.0,0.0,76,0,0,0,0,0,2,0,0,0,0,0,0,0,0,2,Time Zone Converter - Savvy Time,,,
0,0,0,0,0,0,0,0,0,0,0,0,0.0,0.0,0.0,0.0,0.0,0,0,0,0,0,0,0.0,0.0,0.0,0.0,0.0,0.0,0.0,0,0,0,0,0,0,0,0,0,0,0,0,0,0,0,0,__MSG_appName__,,,
0,0,0,0,1,1,0,0,0,0,0,88,0.4599191280062941,44.74294301148901,0.1045663900518465,3.617266818762691,3.14160603695592,153,15,60,0,0,0,0.0679257708681233,0.0058205889066423,0.0005706459712394,0.0,0.0022825838849577,0.0,0.0,0,0,0,0,0,0,2,0,0,0,0,0,0,0,0,2,__MSG_name__,,,
0,0,0,0,0,1,0,0,0,0,0,106,0.4823842468132485,30.01918170700852,0.0752454340731758,4.436627992926987,2.543232424894536,230,39,148,0,0,9,0.0707550882878662,0.0012123640043855,0.000205574765961,4.744033060639285e-05,0.0007801298810829,0.0,0.0,25,0,0,1,0,0,61,0,0,0,0,0,0,0,0,61,Sticky Notes 3.8 - Super Quick & Personal,,,
0,0,0,0,1,1,0,1,0,0,0,68,0.5623558195704093,46.24931804539272,0.0869410905198608,3.129285536768676,2.6333011959114443,192,29,78,0,0,1,0.0430597571322061,0.0014588889648726,0.0002203530207359,7.59838002537859e-06,0.0005926736419795,0.0,0.0,10,0,0,0,0,0,2,0,0,0,0,0,0,0,0,2,EHunt - Etsy™ Rank Tool,,,
0,0,0,0,1,1,0,0,0,0,0,95,0.3821489801301213,54.37055442866802,0.0914298937147099,5.403886793734923,3.017417302466757,133,9,89,0,0,0,0.061910100907145,0.0044962812711291,0.0003042596348884,0.0,0.0030087897227856,0.0,0.0,0,0,0,0,0,0,1,0,0,0,0,0,0,0,0,1,__MSG_name__,,,
0,0,0,0,0,1,1,0,0,0,1,71,0.2832151765338638,34.42566750020166,0.0811353982651512,5.276989784972853,3.412648763846681,255,27,96,0,0,4,0.0717403501823522,0.0041138985238364,0.000435589255465,6.45317415503751e-05,0.001548761797209,0.0,0.0,15,0,0,41,0,1,98,0,0,0,1,0,0,0,0,98,DEPRECATED Secure Shell App,,,
1,1,0,0,1,0,0,1,0,0,0,0,0.4600336558687421,38.29752066115702,0.0940260832982751,3.835095137420719,3.401494038408277,6,5,3,0,0,0,0.0211416490486257,0.0495867768595041,0.0413223140495867,0.0,0.024793388429752,0.0,0.0,37,0,0,1,0,1,1,0,0,0,0,0,0,0,0,1,Share Your Cookies,,,
0,0,0,0,0,1,0,0,0,0,0,24,0.442248068373825,48.451616641557536,0.0919821988080981,4.05018233526754,3.2005247675631066,25,2,25,0,0,1,0.090043806334717,0.0028972070923629,0.000231776567389,0.0001158882836945,0.0028972070923629,0.0,0.0,15,1,0,15,1,0,0,0,0,0,0,0,0,1,0,0,__MSG_appName__,,,
0,0,0,0,0,0,0,0,0,0,0,0,0.0,0.0,0.0,0.0,0.0,0,0,0,0,0,0,0.0,0.0,0.0,0.0,0.0,0.0,0.0,0,0,0,0,0,0,0,0,0,0,0,0,0,0,0,0,Canvas Rider,,,
0,0,0,0,0,0,0,0,0,0,0,0,0.0,0.0,0.0,0.0,0.0,0,0,0,0,0,0,0.0,0.0,0.0,0.0,0.0,0.0,0.0,0,0,0,0,0,0,0,0,0,0,0,0,0,0,0,0,Damnation Creek Trail - 2560x1440,,,
0,0,0,0,0,0,0,0,0,0,0,0,0.0,0.0,0.0,0.0,0.0,0,0,0,0,0,0,0.0,0.0,0.0,0.0,0.0,0.0,0.0,0,0,0,0,0,0,0,0,0,0,0,0,0,0,0,0,__MSG_appName__,,,
0,0,1,0,0,1,0,0,0,0,1,44,0.4528120970647704,47.034078312175936,0.0975531316163267,4.118543555545405,2.901492740994976,328,11,19,0,2,2,0.052001735674972,0.011728946897908,0.0003933488288932,7.151796888968353e-05,0.0006794207044519,7.151796888968353e-05,0.0,0,0,1,1,0,0,2,0,0,0,0,0,0,0,0,2,AliSave Plus - Download AliExpress Images,,,
0,0,0,0,0,1,0,0,0,0,0,14,0.4322268948190721,61.55652635302441,0.0818132314597897,5.647474129218681,2.797583232727431,584,14,50,0,0,0,0.0437276699927405,0.0206579412805093,0.0004952246197382,0.0,0.0017686593562079,0.0,0.0,0,0,0,6,1,0,3,0,0,0,0,0,0,1,0,3,Video Screenshot,,,
0,0,0,0,1,1,0,0,0,0,1,56,0.4468987477660279,47.65117818698968,0.0941856749594533,4.069435534802305,3.187346498001204,174,40,252,0,0,5,0.0905053880542833,0.0042664835838462,0.0009808008238726,0.000122600102984,0.0061790451903979,0.0,0.0,137,0,0,4,0,2,6,0,0,0,0,0,0,0,0,6,Cluster - Window & Tab Manager,,,
0,0,0,0,0,1,1,0,0,0,1,30,0.5432026025905663,47.01443325421772,0.0871266625249671,3.891481540674445,2.894697208462246,99,9,21,0,0,0,0.0676522295029566,0.0063506318557957,0.0005773301687087,0.0,0.0013471037269869,0.0,0.0,1,0,0,3,0,0,7,0,0,0,0,0,0,0,0,7,__MSG_name__,,,
0,0,0,0,0,0,0,0,0,0,0,0,0.0,0.0,0.0,0.0,0.0,0,0,0,0,0,0,0.0,0.0,0.0,0.0,0.0,0.0,0.0,0,0,0,0,0,0,0,0,0,0,0,0,0,0,0,0,__MSG_ext_name__,,,
0,0,0,0,0,0,0,0,0,0,0,0,0.0,0.0,0.0,0.0,0.0,0,0,0,0,0,0,0.0,0.0,0.0,0.0,0.0,0.0,0.0,0,0,0,0,0,0,0,0,0,0,0,0,0,0,0,0,Minimalist Snow Water,,,
0,1,0,0,0,1,0,0,0,0,0,44,0.4745980558931351,52.09040526498095,0.0788588604111999,4.602674767424216,2.936838161021465,591,21,96,0,0,0,0.0792858726990463,0.0078734912472356,0.000279768724521,0.0,0.0012789427406677,0.0,0.0,0,0,0,0,0,0,2,0,0,0,0,0,0,0,0,2,__MSG_extName__,,,
1,1,0,0,0,1,0,1,0,0,1,27,0.3783898419925739,46.229312,0.1051643765075751,4.345925760345032,3.181382406950405,116,11,13,0,0,1,0.0722541452446384,0.007424,0.000704,6.4e-05,0.000832,0.0,0.0,36,0,0,4,0,8,20,0,5,0,0,0,0,0,0,20,__MSG_extName__,,,
0,0,0,0,0,1,0,0,0,0,0,4,0.3108430626330388,28.76391554702495,0.0798555118364187,6.0048,2.8996131307375155,49,0,0,0,0,0,0.0168,0.0940499040307101,0.0,0.0,0.0,0.0,0.0,1,0,0,5,1,0,2,0,0,0,0,0,0,1,0,2,__MSG_lime_start_page__,,,
0,0,1,0,0,1,0,0,0,0,1,68,0.3548371077435761,58.59492997235238,0.0845528154250771,5.290042657146428,2.972760904045718,462,102,59,0,0,2,0.0553481780517309,0.0059968068950299,0.0013239703534481,2.5960203008787527e-05,0.0007658259887592,0.0,0.0,19,0,0,1,0,1,19,0,0,0,0,0,0,0,0,19,Check My Links,,,
0,1,0,0,1,1,0,0,0,0,0,19,0.4397960351368848,43.04511490201608,0.09494033019453,4.221638106792027,2.834674844901151,189,22,26,0,0,3,0.0645503715311125,0.0066614972508106,0.0007754123784012,0.0001057380516001,0.0009163964472014,0.0,0.0,46,1,0,25,2,3,38,0,2,0,0,0,0,2,0,38,GMB Crush - GBP Audits for Quick Local SEO Insights,,,
0,1,0,0,0,1,0,0,0,0,0,52,0.5044450697499915,24.250597480891376,0.0946276305467444,3.166148426896417,2.67892649527894,71,142,12,0,0,1,0.0572953785117364,0.0007643449241037,0.0015286898482075,1.0765421466250403e-05,0.000129185057595,0.0,0.0,0,0,0,0,0,0,0,0,0,0,0,0,0,0,0,0,JONI,,,
0,1,0,0,0,1,1,0,0,0,0,14,0.5991368313720594,47.65970028351559,0.0782008302899772,3.3283179381339507,2.414814466143316,73,1,24,0,0,0,0.0313860713296921,0.0014783313082219,2.025111381125962e-05,0.0,0.0004860267314702,0.0,0.0,0,2,0,6,0,0,2,0,0,0,0,0,0,0,0,2,__MSG_extensionName__,,,
0,0,0,0,0,1,0,0,0,0,0,5,0.4183721849071513,15.319148936170214,0.1086922165152113,5.623541349568747,3.343577970202742,19,8,22,0,0,2,0.1050228310502283,0.0122501611863313,0.0051579626047711,0.0012894906511927,0.0141843971631205,0.0,0.0,0,0,0,0,0,0,0,0,0,0,0,0,0,0,0,0,Сайдекс-сканер цен,,,
0,0,0,0,0,0,0,0,0,0,0,0,0.0,0.0,0.0,0.0,0.0,0,0,0,0,0,0,0.0,0.0,0.0,0.0,0.0,0.0,0.0,0,0,0,0,0,0,0,0,0,0,0,0,0,0,0,0,Fuwamoco Color,,,
0,0,0,0,0,0,0,0,0,0,0,12,0.5252563184461949,38.677408177408175,0.0865282168619984,3.771829573934837,2.311275310150888,20,3,9,0,0,0,0.0370927318295739,0.0069300069300069,0.001039501039501,0.0,0.0031185031185031,0.0,0.0,2,3,0,0,0,0,2,0,0,0,0,0,0,0,0,2,Phone and Email Finder by Nymeria,,,
0,0,0,0,0,1,0,0,0,0,0,12,0.4061694965648328,30.581019450033534,0.1064360273114374,3.5143433315771304,2.9991291774563007,14,1,21,0,0,0,0.0578820195120178,0.0009389671361502,6.70690811535882e-05,0.0,0.0014084507042253,0.0,0.0,0,0,0,0,0,0,2,0,0,0,0,0,0,0,0,2,__MSG_app_name__,,,
0,1,0,0,0,1,0,0,0,0,0,95,0.4944209122952266,44.24870534828886,0.0832683375236657,3.994280201589946,2.822305083251892,275,70,89,0,0,0,0.0520659806423043,0.0030300359196985,0.0007712818704687,0.0,0.0009806298067388,0.0,0.0,9,1,1,0,0,0,3,0,0,0,0,0,0,0,0,3,__MSG_name__,,,
0,1,0,0,0,1,0,0,0,0,0,39,0.0382805646323289,541.9899513908746,0.03213192182147,115.42839249961143,2.9572931080480607,197,6,90,0,0,3,0.1293323337691189,0.0040235284506351,0.0001225440137249,6.127200686246477e-05,0.0018381602058739,0.0,0.0,1,0,0,0,0,0,2,0,0,0,0,0,0,0,0,2,Glif: Remix the web with AI,,,
1,1,1,0,1,1,0,0,0,0,1,8,0.3545054806336917,30.398282694848085,0.0798847068229155,6.678370410077728,3.191732579928422,31,2,11,0,1,0,0.0619136960600375,0.0204755614266842,0.0013210039630118,0.0,0.0072655217965653,0.0006605019815059,0.0,0,0,0,0,0,0,1,0,0,0,0,0,0,0,0,1,Seedr,,,
0,0,0,0,0,0,0,0,0,0,0,0,0.0,0.0,0.0,0.0,0.0,0,0,0,0,0,0,0.0,0.0,0.0,0.0,0.0,0.0,0.0,0,0,0,0,0,0,0,0,0,0,0,0,0,0,0,0,__MSG_appName__,,,
0,1,0,0,1,1,0,0,0,0,1,131,0.413907946891528,35.93819542019519,0.076060321469823,5.681819310310583,3.178300552600156,325,12,22,0,0,2,0.0770128354725787,0.0061709641894201,0.0002278509854555,3.797516424258535e-05,0.0004177268066684,0.0,0.0,67,0,0,7,2,1,0,0,0,0,0,2,8,2,0,0,__MSG_appName__,,,
0,0,0,0,0,1,0,0,0,0,1,72,0.2576111638524276,98.56731902529944,0.0413204700496998,15.884616621225373,2.668412894232573,130,13,63,0,0,5,0.0572142342713102,0.0017816517282021,0.0001781651728202,6.852506646931448e-05,0.0008634158375133,0.0,0.0,0,0,0,0,0,0,2,0,0,0,0,0,0,0,0,2,__MSG_name__,,,
0,0,0,0,0,0,0,0,0,0,0,5,0.4587417818365769,43.83386137083688,0.0973520041158682,3.818818948734588,3.046805986734085,169,20,35,0,0,0,0.0562405364481938,0.0065296344950158,0.000772737810061,0.0,0.0013522911676068,0.0,0.0,3,0,0,5,0,0,2,0,0,0,0,0,0,0,0,2,High-Custom New Tab,,,
0,0,0,0,0,1,0,0,0,0,0,13,0.3625582517416682,36.24245412215832,0.0462821855582752,5.584548921786599,2.439933474316479,63,44,33,0,0,0,0.0298429224734739,0.0034511092851273,0.0024102985483429,0.0,0.0018077239112571,0.0,0.0,23,0,0,9,0,5,33,0,8,0,0,0,0,0,0,33,__MSG_extension_name__,,,
0,0,0,0,0,0,0,0,0,0,0,0,0.0,0.0,0.0,0.0,0.0,0,0,0,0,0,0,0.0,0.0,0.0,0.0,0.0,0.0,0.0,0,0,0,0,0,0,0,0,0,0,0,0,0,0,0,0,Dark Legends,,,
0,0,1,1,0,1,1,0,0,0,1,102,0.3271500602200584,54.53338515603492,0.0601494857236176,5.309623755387528,3.092436475569164,315,102,162,0,0,7,0.0417660395923125,0.0051012971869989,0.001651848612933,0.000113362159711,0.0026235242675994,0.0,0.0,58,1,1,0,1,0,2,0,0,0,0,0,0,0,0,2,Free Email Tracker by Saleshandy,,,
0,1,0,0,0,1,0,1,0,0,0,290,0.5103803489757284,25.307777353716,0.0725488782756743,3.690787920028968,2.5283739743436504,365,53,188,0,0,21,0.0346339675714633,0.0003991527027012,5.795915957031485e-05,2.296495001842664e-05,0.0002055909811173,0.0,0.0,21,0,0,0,0,0,2,0,0,0,0,0,0,0,0,2,__MSG_extensionName__,,,
0,0,0,0,0,0,0,0,0,0,0,5,0.2830855632639577,19.99653259361997,0.1035678889990089,6.110230547550432,3.389974797905652,85,8,12,0,0,1,0.0641210374639769,0.0589459084604715,0.0055478502080443,0.0006934812760055,0.0083217753120665,0.0,0.0,0,0,0,8,0,1,8,0,0,0,0,0,0,0,0,8,Ekoru Search,,,
0,1,0,0,0,0,0,0,0,0,0,0,0.2123287671232876,15.636363636363637,0.0890410958904109,5.464285714285714,3.338967389056566,2,0,0,0,0,0,0.0238095238095238,0.0454545454545454,0.0,0.0,0.0,0.0,0.0,0,0,0,0,0,0,0,0,0,0,0,0,0,0,0,0,Google UDM=14,,,
0,0,0,0,1,1,1,0,0,0,0,274,0.4150411324327887,40.23031738382336,0.0802716814275636,4.444701213326098,2.9044487474503717,6070,117,497,0,0,6,0.0349568549633866,0.0052142793943189,0.0001005058795939,5.154147671484936e-06,0.0004269352321213,0.0,0.0,52,10,0,0,0,0,20,0,0,0,0,0,0,0,0,20,Dropbox Dash,,,
0,0,0,0,0,0,0,0,0,0,0,0,0.0,0.0,0.0,0.0,0.0,0,0,0,0,0,0,0.0,0.0,0.0,0.0,0.0,0.0,0.0,0,0,0,0,0,0,0,0,0,0,0,0,0,0,0,0,Lenses,,,
0,0,0,0,0,0,0,0,0,0,0,0,0.0,0.0,0.0,0.0,0.0,0,0,0,0,0,0,0.0,0.0,0.0,0.0,0.0,0.0,0.0,0,0,0,0,0,0,0,0,0,0,0,0,0,0,0,0,River Pond,,,
0,0,0,0,0,1,0,0,0,0,0,172,0.4610371076320507,45.52495360385213,0.0947979131387252,3.6840382561864526,2.865975297925988,301,19,177,0,0,1,0.0688337950281401,0.003774389326378,0.0002382504890404,1.2539499423183029e-05,0.0022194913979033,0.0,0.0,1,0,0,0,0,0,5,0,0,0,0,0,0,0,0,5,__MSG_name__,,,
0,0,0,0,1,1,1,0,0,0,1,71,0.4235058103453298,40.86361774616945,0.1106635029463646,3.51814456072037,2.9198233461162872,1984,56,39,0,0,8,0.0608595765393039,0.0184685271721929,0.0005212890734086,7.446986762981029e-05,0.0003630406046953,0.0,0.0,0,0,0,1,0,0,1,0,0,0,0,0,0,0,0,1,Clay for Chrome,,,
0,1,0,0,0,1,0,0,0,0,0,350,0.4814550992213615,44.28661416500059,0.0947111231179379,3.748427233049289,2.603237423460897,3714,252,452,0,0,44,0.0439459463780396,0.0064680845135178,0.0004388684161029,7.662781868464866e-05,0.0007871766828513,0.0,0.0,0,0,0,0,0,0,5,0,0,0,0,0,0,0,0,5,__MSG_extensionName__,,,
0,0,0,0,1,1,0,0,0,0,0,51,0.4281528906890156,42.34810568226908,0.0646183351156439,6.013519724090526,3.0913358133910225,261,82,32,0,0,1,0.0711673800189428,0.0035710865133334,0.0011219505520817,1.368232380587519e-05,0.000437834361788,0.0,0.0,330,0,0,0,0,2,10,0,0,0,0,0,0,0,0,10,MuteTab,,,
0,0,0,0,0,1,0,0,0,0,0,31,0.5852742915733731,63.219723631488336,0.0762058898468537,3.950094796981766,2.5057083283877613,94,12,43,0,0,0,0.0634185445800302,0.0014321190791779,0.0001828237122354,0.0,0.0006551183021771,0.0,0.0,0,0,0,0,0,0,0,0,0,0,0,0,0,0,0,0,__MSG_appName__,,,
1,1,0,0,0,1,0,0,0,0,0,26,0.470247506000079,41.800782472613456,0.0999625589221649,3.5621890547263684,2.880385383430864,124,6,24,0,0,1,0.0673679624476487,0.0038810641627543,0.00018779342723,3.129890453834116e-05,0.0007511737089201,0.0,0.0,0,0,0,0,0,0,1,0,0,0,0,0,0,0,0,1,__MSG_extName__,,,
0,0,1,0,0,0,0,0,0,0,0,0,0.2142857142857142,27.04,0.1052380952380952,6.363207547169812,3.312234456172331,0,2,0,0,0,0,0.0235849056603773,0.0,0.0266666666666666,0.0,0.0,0.0,0.0,2,1,0,1,0,0,1,0,0,0,0,0,0,0,0,1,Pixel Helper for LinkedIn,,,
0,0,0,0,0,1,0,0,0,0,0,11,0.382574489454302,46.05825402034788,0.1107193672581185,3.916812609457093,3.310876240473509,76,18,12,0,0,0,0.0627345509131848,0.0124712832294059,0.0029537249753856,0.0,0.0019691499835904,0.0,0.0,18,0,1,2,0,0,4,0,0,0,2,0,0,0,0,4,Tab to Window/Popup - Keyboard Shortcut,,,
0,0,0,0,0,0,0,0,0,0,0,2,0.264082117407533,30.778975741239893,0.0900916185951815,7.648846960167715,3.8715383478493126,9,0,1,0,0,2,0.1215932914046121,0.0242587601078167,0.0,0.0053908355795148,0.0026954177897574,0.0,0.0,0,0,0,3,0,0,0,0,0,0,3,0,0,0,0,0,Reduza: Testador de cupons para suas compras,,,
0,0,0,0,0,0,0,0,0,0,0,0,0.0,0.0,0.0,0.0,0.0,0,0,0,0,0,0,0.0,0.0,0.0,0.0,0.0,0.0,0.0,0,0,0,0,0,0,0,0,0,0,0,0,0,0,0,0,Bulk Resize Photos,,,
0,0,0,0,0,1,0,0,0,0,0,0,0.2315611912517449,29.541740674955594,0.0796300604932526,7.747725392886683,3.712909518482507,1,0,8,0,0,0,0.0248138957816377,0.0017761989342806,0.0,0.0,0.0142095914742451,0.0,0.0,2,0,0,0,0,1,1,0,0,0,0,0,0,0,0,1,Text Mode,,,
0,1,0,0,0,1,0,0,0,0,0,61,0.5618059164637983,42.19358207538213,0.0768271346121533,3.7027612423685534,2.6504732850658312,1587,19,83,0,0,0,0.0335856876141236,0.0167410361087376,0.0002004282835954,0.0,0.0008755551336012,0.0,0.0,0,0,0,0,0,0,2,0,0,0,0,0,0,0,0,2,__MSG_name__,,,
0,0,0,0,1,1,1,1,0,0,0,71,0.5236679642466585,63.27446792162889,0.0729789526181676,3.7294422367491262,2.677298105631495,443,198,77,0,0,1,0.0460391796508706,0.0068075297733384,0.0030426431041106,1.5366884364195158e-05,0.001183250096043,0.0,0.0,0,0,0,0,0,0,1,0,0,0,0,0,0,0,0,1,__MSG_extName__,,,
0,1,0,0,1,1,0,0,0,0,0,34,0.3296123311297818,44.598495690085535,0.1548792353041214,3.309135833902346,2.549705425432692,159,19,11,0,0,2,0.0363570081127686,0.005291709654874,0.000632342663161,6.656238559589975e-05,0.0003660931207774,0.0,0.0,0,0,0,1,0,0,4,0,0,0,0,0,0,0,0,4,Talkdesk Click-to-Call Extension,,,
0,0,0,0,1,1,0,1,0,0,0,52,0.4122943453118522,55.22290110884816,0.0851667576119475,5.316912286284415,2.7837733450637887,73,12,51,0,0,2,0.0610038251692156,0.002359939223483,0.0003879352148191,6.465586913652086e-05,0.0016487246629812,0.0,0.0,0,0,0,0,0,0,1,0,0,0,0,0,0,0,0,1,__MSG_name__,,,
0,0,0,0,0,1,0,0,0,0,0,30,0.2825632286300786,33.17902051621443,0.0866319377202835,7.158216680390543,3.5926911045441177,154,3,23,0,0,0,0.0295259381249264,0.0509596293845135,0.000992720052945,0.0,0.0076108537392455,0.0,0.0,6,0,0,8,0,0,2,0,0,0,1,0,0,0,0,2,stopRU,,,
0,1,0,0,0,1,0,0,0,0,0,13,0.4182806902060094,38.283537840731285,0.0807853808145202,5.607513729405891,3.015035639056729,43,5,35,0,0,1,0.0492511233150274,0.0035411348101787,0.0004117598616486,8.23519723297373e-05,0.0028823190315408,0.0,0.0,0,0,0,6,0,0,1,0,0,0,0,0,0,0,0,1,__MSG_appName__,,,
0,0,0,0,1,1,0,0,0,0,0,98,0.4463641151797435,48.66112343630567,0.0913202994105715,3.908246123819304,2.952172942782011,176,6,75,0,0,0,0.0823483574024309,0.0032811946531441,0.0001118589086299,0.0,0.0013982363578739,0.0,0.0,0,0,0,0,0,0,3,0,0,0,0,0,0,0,0,3,__MSG_name__,,,
1,1,1,0,0,1,0,0,0,0,0,18,0.3209992193598751,47.13359774553805,0.0709515135744644,6.902183502426114,3.1972673604981154,222,31,50,0,0,3,0.0501213056903396,0.0231708589917545,0.0032355703997495,0.0003131197161047,0.0052186619350798,0.0,0.0,0,2,0,6,2,0,11,0,0,0,0,0,0,0,0,11,__MSG_extName__,,,
0,0,0,0,1,1,0,0,0,0,0,79,0.5860482398165593,53.23786617231074,0.0807367801345632,3.572402421706744,2.643276213090792,507,11,45,0,0,2,0.0442502623999883,0.0081025362376743,0.0001757946718233,3.196266760423825e-05,0.0007191600210953,0.0,0.0,0,0,0,0,0,0,7,0,0,0,0,0,0,0,0,7,Bluedot: AI notetaker & Meeting Recorder,,,
0,1,0,0,0,1,0,0,0,0,0,98,0.4197488881000569,49.93281016840759,0.0900013105539353,4.081525885558583,2.9212807076514884,1260,83,175,0,0,3,0.0414117445128623,0.0055958217863994,0.000368613657358,1.3323385205713069e-05,0.0007771974703332,0.0,0.0,0,0,0,0,0,0,4,0,0,0,0,0,0,0,0,4,__MSG_appName__,,,
0,0,0,0,1,1,1,0,0,0,0,5252,0.4159867583490089,40.61155589014207,0.0900190379172124,3.860357788626099,2.634976387197165,12159,4203,9090,0,0,150,0.0535805441807677,0.0026348688123977,0.0009107947708288,3.250516669624637e-05,0.0019698131017925,0.0,0.0,60,0,0,0,0,0,2,0,0,0,0,0,0,0,0,2,__MSG_extensionName__,,,
0,0,0,0,0,0,0,0,0,0,0,0,0.0,0.0,0.0,0.0,0.0,0,0,0,0,0,0,0.0,0.0,0.0,0.0,0.0,0.0,0.0,0,0,0,0,0,0,0,0,0,0,0,0,0,0,0,0,World is Your Oyster,,,
0,0,0,0,0,0,0,0,0,0,0,0,0.0,0.0,0.0,0.0,0.0,0,0,0,0,0,0,0.0,0.0,0.0,0.0,0.0,0.0,0.0,0,0,0,0,0,0,0,0,0,0,0,0,0,0,0,0,Seekly: Your Private Search Helper,,,
0,0,0,0,1,1,0,0,0,0,0,5,0.1104334813353067,252.54419613075385,0.0399243545469495,28.907610639248997,2.6028350099963884,426,4,14,0,0,0,0.0351139919535091,0.0355236824549699,0.0003335557038025,0.0,0.0011674449633088,0.0,0.0,0,0,0,0,0,0,2,0,0,0,0,0,0,0,0,2,Sniply Browser Extension,,,
0,1,0,0,1,0,1,0,0,0,1,196,0.5285400063139742,56.84298634230739,0.0842857545557191,3.976459948538051,2.540625598747332,483,33,83,0,0,14,0.0693441338852929,0.0025323092248407,0.0001730149159829,7.340026738668833e-05,0.0004351587280782,0.0,0.0,7,0,0,0,0,0,7,0,0,0,0,0,0,0,0,7,Octopus - All-in-One LinkedIn Automation,,,
0,0,0,0,0,0,0,0,0,0,0,9,0.5036286836245979,43.55810959911732,0.1031095043240867,3.474724236386418,2.8495420418740665,55,4,10,0,0,1,0.0474498284822217,0.0050570062522986,0.0003677822728944,9.194556822361162e-05,0.0009194556822361,0.0,0.0,0,0,0,0,0,0,3,0,0,0,0,0,0,0,0,3,Online Tools by 10015.io,,,
0,0,0,0,1,1,0,0,0,0,0,23,0.4701017140505721,58.77890566484015,0.0840512579727883,4.634143572393592,2.915714235710781,846,24,56,0,0,0,0.0388733097943937,0.0166752079473331,0.0004730555446051,0.0,0.0011037962707454,0.0,0.0,0,0,0,0,0,0,5,0,0,0,0,0,0,0,0,5,__MSG_name__,,,
0,1,0,0,1,1,0,0,0,0,0,84,0.5333029209728091,25.89747952708932,0.0939212664311809,3.372958850424559,2.448953570177311,384,46,104,0,0,0,0.0537510077026732,0.0026031780465318,0.0003118390368241,0.0,0.0007050273876023,0.0,0.0,87,16,2,17,0,0,11,0,0,0,1,0,0,0,0,11,__MSG_extName__,,,
0,0,0,0,0,0,0,0,0,0,1,481,0.4369138495636459,66.34419484151739,0.0709560585448748,3.642610030613335,2.873416072441555,1958,387,659,0,0,14,0.0450331404653976,0.0029222048767092,0.0005775757340584,2.089421260159811e-05,0.0009835204360323,0.0,0.0,10,2,0,2,0,0,17,0,0,0,0,0,0,0,0,17,__MSG_extName__,,,
0,0,0,0,0,1,0,0,0,0,0,0,0.2704271123491179,12.855305466237942,0.112116991643454,6.397932816537468,3.952668699954297,20,0,8,0,0,0,0.1731266149870801,0.0643086816720257,0.0,0.0,0.0257234726688102,0.0,0.0,0,0,0,0,1,0,1,0,0,0,0,0,0,0,0,1,aB Fish,,,
0,0,0,0,0,1,0,0,0,0,0,3,0.3552948488850905,21.94830659536542,0.0992929842281097,6.387221684414327,3.669683079846695,16,5,4,0,0,0,0.0987415295256534,0.0285204991087344,0.0089126559714795,0.0,0.0071301247771836,0.0,0.0,0,0,0,0,0,0,1,0,0,0,0,0,0,0,0,1,I'm a Gentleman,,,
0,0,0,0,0,0,0,0,0,0,0,0,0.0,0.0,0.0,0.0,0.0,0,0,0,0,0,0,0.0,0.0,0.0,0.0,0.0,0.0,0.0,0,0,0,0,0,0,0,0,0,0,0,0,0,0,0,0,Crossbone Skull,,,
0,0,0,0,0,0,0,0,0,0,0,0,0.0,0.0,0.0,0.0,0.0,0,0,0,0,0,0,0.0,0.0,0.0,0.0,0.0,0.0,0.0,0,0,0,0,0,0,0,0,0,0,0,0,0,0,0,0,God Of War,,,
0,0,0,0,0,0,0,0,0,0,1,0,0.3975681650700073,18.62168674698795,0.0816752640628838,5.803545051698671,3.2496298962836065,9,0,1,0,0,0,0.0339734121122599,0.0216867469879518,0.0,0.0,0.0024096385542168,0.0,0.0,0,0,0,57,0,0,1,0,0,0,0,0,0,0,0,1,iLovePDF 2 - Chrome Extension,,,
0,0,0,0,1,0,0,0,0,0,0,58,0.4387841306282486,37.18558192507772,0.1036905253247004,4.068810587746929,3.291115810553072,153,14,25,0,0,0,0.0419261104192611,0.0047095761381475,0.0004309416074121,0.0,0.0007695385846646,0.0,0.0,0,0,0,0,0,0,1,0,0,0,0,0,0,0,0,1,Tandem Health,,,
0,0,0,0,1,1,1,0,0,0,0,40,0.4542958466538002,19.153399951872537,0.0923164132242935,3.762020832707952,3.024970128054538,288,33,70,0,0,0,0.0536547293849248,0.0036475549982902,0.0004179490102207,0.0,0.0008865585065288,0.0,0.0,13,0,0,13,0,0,10,0,0,0,0,0,0,0,0,10,Price History - Price Tracker & Alerts,,,
0,0,0,0,0,0,0,0,0,0,0,0,0.0,0.0,0.0,0.0,0.0,0,0,0,0,0,0,0.0,0.0,0.0,0.0,0.0,0.0,0.0,0,0,0,0,0,0,0,0,0,0,0,0,0,0,0,0,oTranscribe,,,
0,0,0,0,0,0,0,0,0,0,0,0,0.0,0.0,0.0,0.0,0.0,0,0,0,0,0,0,0.0,0.0,0.0,0.0,0.0,0.0,0.0,0,0,0,0,0,0,0,0,0,0,0,0,0,0,0,0,__MSG_appName__,,,
0,1,0,0,0,1,0,0,0,0,0,65,0.0530281794934934,389.25336383352936,0.0466841147410053,29.10326340553372,2.8524098280321124,1635,48,85,0,0,6,0.0478606839188491,0.0176419176278904,0.0005179278569655,6.474098212069877e-05,0.0009171639133765,0.0,0.0,0,0,0,0,0,0,2,0,0,0,0,0,0,0,0,2,__MSG_appName__,,,
0,0,0,0,0,1,0,0,0,0,0,13,0.5232624464441522,38.15040277352911,0.0900727968849705,3.693822559839473,3.245910331859332,55,2,31,0,0,0,0.0921312885194209,0.0056082390129499,0.0002039359641072,0.0,0.0031610074436626,0.0,0.0,0,0,0,0,0,0,1,0,0,0,0,0,1,0,0,1,Save my Chatbot - AI Conversation Exporter,,,
0,0,0,0,0,0,1,0,0,0,0,0,0.0,0.0,0.0,0.0,0.0,0,0,0,0,0,0,0.0,0.0,0.0,0.0,0.0,0.0,0.0,0,0,0,0,0,0,0,0,0,0,0,0,0,0,0,0,Learn German - Wie Geht's,,,
0,0,0,0,0,1,0,0,0,0,0,30,0.4541642708106031,47.72872157556112,0.0545178412114792,6.746244308514237,3.184440387350765,173,8,44,0,0,3,0.0577480635792522,0.0014161059541934,6.548466840201037e-05,2.4556750650753894e-05,0.000360165676211,0.0,0.0,0,0,0,0,0,0,5,0,0,0,0,0,0,0,0,5,__MSG_AppName__,,,
0,0,0,0,1,1,1,1,0,0,1,377,0.4595067305787392,45.85362715894829,0.0788796182622967,4.605189449846209,2.555050333801597,3002,338,623,0,0,17,0.0473209624780768,0.0094425973748195,0.00106315719943,5.347240352162959e-05,0.0019596063172926,0.0,0.0,11,5,0,5,0,0,27,0,0,0,0,0,0,0,3,26,"TwinMind - Chat with Tabs, Meeting Notes, Ask Anything",,,
1,1,0,0,1,0,0,1,0,0,0,38,0.5456526766968333,43.812501682504646,0.0831396483935013,3.6177089156883104,2.6257173832116685,72,10,61,0,0,0,0.0606447834305034,0.0019382453495571,0.000269200742994,0.0,0.0016421245322637,0.0,0.0,0,0,0,0,0,0,2,0,0,0,0,0,0,0,0,2,Gener8,,,
0,0,0,0,0,0,1,0,0,0,0,0,0.0,0.0,0.0,0.0,0.0,0,0,0,0,0,0,0.0,0.0,0.0,0.0,0.0,0.0,0.0,0,0,0,0,0,0,0,0,0,0,0,0,0,0,0,0,Покер,,,
0,0,0,0,0,0,0,0,0,0,0,0,0.0,0.0,0.0,0.0,0.0,0,0,0,0,0,0,0.0,0.0,0.0,0.0,0.0,0.0,0.0,0,0,0,0,0,0,0,0,0,0,0,0,0,0,0,0,__MSG_ext_name__,,,
0,0,1,1,1,0,0,0,0,0,0,845,0.4204481480037752,40.71563163678113,0.112205208528975,3.56415299335166,3.255887442604831,4230,808,472,0,0,2,0.059565974266655,0.0104217481928245,0.0019907263687475,4.927540516701899e-06,0.0011628995619416,0.0,0.0,9017,0,0,2,0,0,1,0,0,0,1,0,0,0,0,1,"Web Boost - Wait Less, Browse Faster!",,,
0,0,0,0,1,1,1,0,0,0,0,91,0.397482878211745,35.75279890774332,0.0941397180377807,4.085467413098287,3.2039245335985758,248,27,51,0,0,0,0.0557838524606436,0.0048371367271308,0.0005266237565827,0.0,0.0009947337624341,0.0,0.0,80,0,0,0,0,0,3,0,0,0,0,0,0,0,0,3,PrettyMerch for Merch by Amazon™,,,
0,0,0,0,0,1,0,0,0,0,0,12,0.4294707842082658,45.4,0.0841088225848265,4.967234600262123,3.330658210180626,154,14,53,0,0,0,0.0934032328527741,0.0276481149012567,0.0025134649910233,0.0,0.0095152603231597,0.0,0.0,1,0,0,7,0,2,9,2,0,0,1,0,0,0,0,7,__MSG_appName__,,,
0,0,0,0,0,0,0,0,0,0,0,0,0.0,0.0,0.0,0.0,0.0,0,0,0,0,0,0,0.0,0.0,0.0,0.0,0.0,0.0,0.0,0,0,0,0,0,0,0,0,0,0,0,0,0,0,0,0,Wolf,,,
0,0,0,0,0,1,1,0,0,0,0,35,0.4326823475385173,45.18050091162077,0.1032926090583892,3.66021891192946,2.7718871718100897,95,9,17,0,0,2,0.0679638518575068,0.0045581038288072,0.0004318203627291,9.59600806064677e-05,0.0008156606851549,0.0,0.0,10,0,0,0,0,0,6,0,0,0,0,0,0,0,0,6,__MSG_appName__,,,
0,0,0,0,1,1,0,0,0,0,0,10,0.5358439325840885,47.59472591199405,0.0818420199615862,3.765205632752029,2.618483316016883,48,8,24,0,0,0,0.0444931455749323,0.0018808040437286,0.0003134673406214,0.0,0.0009404020218643,0.0,0.0,0,0,0,0,0,0,2,0,0,0,0,0,0,0,0,2,__MSG_appName__,,,
1,1,0,0,1,1,0,0,0,0,1,23,0.4603834289933929,52.54630010838788,0.0556910072848935,6.640198064578652,3.216529010592152,120,7,36,0,0,1,0.0560621512988181,0.0010082593242982,5.881512725072889e-05,8.402161035818412e-06,0.0003024777972894,0.0,0.0,11,0,0,0,0,0,4,0,0,0,0,0,0,0,0,4,Content Security Policy (CSP) Generator,,,
0,1,0,0,1,1,1,1,0,0,0,403,0.3376517352256095,59.28514155058404,0.048858870925648,3.431148051639252,3.1605784717407506,2790,137,249,0,0,22,0.0234576394115839,0.0021257159053073,0.0001043810319093,1.6761917532889548e-05,0.0001897144302586,0.0,0.0,26,0,1,0,0,0,1,0,0,0,0,0,0,0,0,1,SearchAtlas SEO by LinkGraph,,,
0,1,0,0,0,1,0,0,0,0,1,12,0.3632940406024885,29.853535353535356,0.0838244924688932,6.265120967741935,3.4537789793815974,25,0,8,0,0,0,0.0846774193548387,0.0631313131313131,0.0,0.0,0.0202020202020202,0.0,0.0,0,0,0,0,0,0,1,0,0,0,0,0,0,0,0,1,OA.mg,,,
0,0,0,0,0,0,0,0,0,0,0,0,0.0,0.0,0.0,0.0,0.0,0,0,0,0,0,0,0.0,0.0,0.0,0.0,0.0,0.0,0.0,0,0,0,0,0,0,0,0,0,0,0,0,0,0,0,0,Webchemy,,,
0,0,0,0,1,0,0,0,0,0,0,38,0.4210909362345345,42.95140455197868,0.1236260660234758,3.697897663104856,3.20646601392918,106,15,19,0,0,2,0.0585526887325167,0.0217346729546852,0.0030756612671724,0.0004100881689563,0.003895837605085,0.0,0.0,0,0,0,0,0,0,0,0,0,0,0,0,0,0,0,0,SCheckPro,,,
0,0,0,0,0,1,0,0,0,0,0,55,0.3632416663823399,56.49344121613338,0.1036818895219898,4.583883696780893,3.270008400301536,200,63,62,0,0,0,0.0642159916926272,0.024518818192963,0.0077234277307833,0.0,0.0076008336398185,0.0,0.0,18,0,0,1,0,0,5,0,0,0,0,0,0,0,0,5,Steamlvlup Card Factory,,,
0,0,0,0,1,1,0,0,0,0,0,157,0.5234503442616315,49.688988539366086,0.0733494025561104,4.138251861147143,2.446473473630036,240,52,137,0,0,2,0.0669096497659466,0.0017907240494239,0.0003879902107085,1.4922700411866532e-05,0.0010222049782128,0.0,0.0,11,0,0,0,0,0,14,0,0,0,0,0,0,0,0,14,__MSG_name__,,,
0,1,0,0,0,1,0,0,0,0,1,13,0.413330539341695,66.72354024482722,0.0749642886278675,4.633234530073936,3.0862579024281422,276,41,115,0,0,3,0.0330047292346632,0.029899252518687,0.0044415556277759,0.0003249918752031,0.0124580218827862,0.0,0.0,0,0,0,27,0,0,3,0,0,0,0,0,0,0,0,3,"AI Code Finder, Alerts, Ask Questions about Papers: CatalyzeX",,,
0,0,0,0,1,1,0,0,0,0,0,6,0.4695862080082533,48.01185068141418,0.1089689857502095,3.415841962477552,3.0502026034142227,94,6,29,0,0,0,0.048565205762103,0.018566067548884,0.0011850681414181,0.0,0.0057278293501876,0.0,0.0,2,0,0,13,1,0,2,0,0,0,0,0,0,0,0,2,Linkclump Plus,,,
0,0,0,0,0,1,1,1,0,0,0,78,0.3977012667295041,46.88249124101051,0.0872509649461469,4.865130801861115,3.181992386630172,106,17,43,0,0,0,0.0418750834523063,0.004886594136087,0.0007836990595611,0.0,0.0019822976212428,0.0,0.0,9,0,2,3,0,3,12,0,0,0,0,0,0,0,0,12,__MSG_appName__,,,
0,0,0,0,0,1,0,0,0,0,0,26,0.4540434821751153,47.86041678693067,0.0690254541966,5.7840372017587205,2.768188039139252,157,14,59,0,0,2,0.0658886734836101,0.0018126190613635,0.0001616348207585,2.309068867978988e-05,0.0006811753160538,0.0,0.0,2,0,0,0,0,0,4,0,0,0,0,0,0,0,0,4,__MSG_extname__,,,
0,0,0,0,0,0,0,0,0,0,0,0,0.0,0.0,0.0,0.0,0.0,0,0,0,0,0,0,0.0,0.0,0.0,0.0,0.0,0.0,0.0,0,0,0,0,0,0,0,0,0,0,0,0,0,0,0,0,__MSG_extName__,,,
0,0,0,0,0,0,0,0,0,0,0,0,0.0,0.0,0.0,0.0,0.0,0,0,0,0,0,0,0.0,0.0,0.0,0.0,0.0,0.0,0.0,0,0,0,0,0,0,0,0,0,0,0,0,0,0,0,0,Arbol de la Vida,,,
0,0,0,0,0,0,0,0,0,0,1,12,0.3505489766809301,33.785288461538464,0.093594166362601,6.072950477231095,3.3047567856747757,35,8,54,0,0,6,0.0745894527107369,0.0033653846153846,0.0007692307692307,0.000576923076923,0.0051923076923076,0.0,0.0,1,0,0,0,0,0,2,0,0,0,0,0,0,0,0,2,__MSG_appName__,,,
0,0,0,0,0,0,0,0,0,0,0,0,0.0,0.0,0.0,0.0,0.0,0,0,0,0,0,0,0.0,0.0,0.0,0.0,0.0,0.0,0.0,0,0,0,0,0,0,0,0,0,0,0,0,0,0,0,0,__MSG_extName__,,,
0,0,0,0,1,0,0,0,0,0,0,7,0.4171440250251216,42.0677261613692,0.1277541542950898,3.491744508962383,3.1627069775834133,73,26,12,0,0,1,0.0617015905074476,0.0178484107579462,0.0063569682151589,0.0002444987775061,0.0029339853300733,0.0,0.0,0,0,0,0,0,4,3,0,0,0,0,0,0,0,0,3,Tab-Snap,,,
0,1,0,0,0,0,0,1,0,0,0,3,0.4051037689812555,42.965169106511865,0.1213020638975801,3.549419186861606,3.2382406076771337,75,9,7,0,0,0,0.0620869216903665,0.0189298334174659,0.0022715800100959,0.0,0.0017667844522968,0.0,0.0,2,0,0,1,0,0,4,0,0,0,0,0,0,0,0,4,Zoho Meeting,,,
0,0,0,0,1,1,0,0,1,0,0,1,0.3914585012087027,37.36630602782071,0.1065672844480257,3.886043058648849,3.001414965624116,4,0,5,0,0,0,0.0118782479584261,0.0061823802163833,0.0,0.0,0.0077279752704791,0.0,0.0,1,0,0,8,0,0,1,0,0,0,0,0,0,0,0,1,Dark Mode Everywhere,,,
0,1,0,0,1,1,0,1,0,0,0,86,0.4575254341165906,35.275962034457855,0.0810241475687124,4.26208263815776,2.499745624447296,374,25,140,0,0,0,0.0406308747926311,0.0019292272774166,0.000128959042608,0.0,0.0007221706386051,0.0,0.0,5,0,0,0,0,0,1,0,0,0,0,0,0,0,0,1,__MSG_appName__,,,
0,0,0,0,0,0,0,0,0,0,1,78,0.4274491632728059,53.673059849433855,0.104046784114863,3.7436197975161214,3.0818342085848576,323,43,31,0,0,11,0.0620009883238925,0.0039283412183938,0.0005229680259781,0.0001337825182734,0.0003770234605888,0.0,0.0,35,0,0,2,0,0,5,0,0,0,0,0,0,0,0,5,Graspable Math Sidebar,,,
0,0,0,0,0,1,0,0,0,0,0,38,0.4320120665393969,38.87473805532272,0.0985372737031163,3.9455922161499566,3.0182621097020177,103,16,13,0,0,1,0.099034680014301,0.0053960603520536,0.0008382229673093,5.238893545683152e-05,0.0006810561609388,0.0,0.0,174,0,1,0,0,0,17,0,0,0,0,0,0,0,0,17,Gismeteo App,,,
0,0,1,0,1,1,0,0,0,0,0,5,0.474980023914952,46.67958087049973,0.083037401767813,4.25620766126589,3.136407507398027,46,2,47,0,0,1,0.1122650541087507,0.0024717893605588,0.0001074691026329,5.373455131649651e-05,0.0025255239118753,0.0,0.0,0,0,0,24,0,0,4,0,0,0,1,0,0,0,0,4,m3u8 Sniffer TV - Find and Play HLS Streaming URLs,,,
0,0,1,0,1,1,0,1,0,0,0,43,0.4655145878849983,67.8001489837182,0.0820850331586783,3.879514378219031,2.718115339818031,97,3,52,0,6,3,0.0291671237654815,0.0017204072221631,5.320847078854954e-05,5.320847078854954e-05,0.0009222801603348,0.000106416941577,0.0,0,0,0,0,0,0,6,0,0,0,0,0,0,0,0,6,__MSG_name_releasebuild__,,,
0,0,0,0,1,1,0,0,0,0,0,116,0.404775662051458,49.50983798412757,0.0959332003944721,4.920882921054272,3.105410598379627,285,24,110,0,0,2,0.0574996884541092,0.0052115715173901,0.0004388691804118,3.65724317009838e-05,0.0020114837435541,0.0,0.0,0,0,0,0,0,0,4,0,0,0,0,0,0,0,0,4,__MSG_name__,,,
1,1,0,0,0,1,1,1,0,0,0,96,0.4298738652556113,40.628572510126055,0.0981042960015349,3.690961601684582,3.1674592833976325,472,76,128,0,0,0,0.0366088631984585,0.0089336412158837,0.001438467653405,0.0,0.0024226823636294,0.0,0.0,8,9,0,0,0,0,3,0,0,0,0,0,0,0,0,3,Kagi Translate,,,
0,0,0,0,0,0,1,0,0,0,0,0,0.0,0.0,0.0,0.0,0.0,0,0,0,0,0,0,0.0,0.0,0.0,0.0,0.0,0.0,0.0,0,0,0,2,0,0,0,0,0,0,1,0,0,0,0,0,Word Search Puzzle,,1.0,
0,1,0,0,0,1,0,0,0,0,0,23,0.539004034414758,45.30843910806175,0.0892149411135458,3.496735985461386,2.763857753033999,142,5,35,0,0,1,0.0527423301636391,0.0048713550600343,0.0001715265866209,3.430531732418525e-05,0.0012006861063464,0.0,0.0,0,0,0,0,0,0,1,0,0,0,0,0,0,0,0,1,FUT exeSniper | SBC Solver & Autobuyer,,,
0,1,0,0,0,1,1,0,0,0,1,228,0.4522595086170315,57.731296992681,0.0776171309513416,4.04289899667162,2.6908550580408,5555,106,242,0,0,4,0.0456499898399814,0.01180862167557,0.0002253310346733,8.503057912201676e-06,0.0005144350036882,0.0,0.0,39,0,0,2,0,0,3,0,1,0,0,0,0,0,0,3,Productor for Merch by Amazon,,,
0,0,0,0,0,1,1,0,0,0,0,23,0.419361695188591,32.55244887178326,0.1101047122185247,3.5768135579906524,3.0597508775523403,174,3,41,0,0,0,0.0438121047877145,0.0065655422232284,0.0001131990038487,0.0,0.0015470530525998,0.0,0.0,1,0,0,0,0,0,1,0,0,0,0,0,0,0,0,1,__MSG_appName__,,,
0,0,0,0,0,1,0,0,0,0,0,11,0.257387525857785,41.92509920634921,0.0865816874877211,6.224766751484308,3.467933693061001,36,14,27,0,0,4,0.0427723252150733,0.0178571428571428,0.0069444444444444,0.0019841269841269,0.0133928571428571,0.0,0.0,1,0,0,0,0,0,6,0,0,0,0,0,0,0,0,6,__MSG_extension_name__,,,
0,0,0,0,0,1,0,0,0,0,1,101,0.4606775096327195,39.34009194770284,0.0983852167738146,3.571890229273865,2.7630824083145016,56,33,78,0,0,6,0.0468376821246593,0.0004276637341153,0.0002520161290322,4.5821114369501466e-05,0.0005956744868035,0.0,0.0,1,0,0,0,0,0,5,0,0,0,0,0,0,0,0,5,Refore HTML to Figma (Pixel-Perfect Web to Figma Design),,,
0,1,1,0,1,1,1,1,0,0,1,187,0.4881557181275692,41.827878299802734,0.0856433485449168,4.042438267985843,2.7374775419535764,1000,163,226,0,1,4,0.0500150560168252,0.0036941536324612,0.0006021470420911,1.4776614529845068e-05,0.0008348787209362,3.6941536324612663e-06,0.0,540,2,1,0,0,0,3,0,0,0,0,0,0,0,0,3,Findy: Email Search and Outreach by Reply,,,
0,0,0,0,0,1,0,0,0,0,0,7,0.313463543189786,48.06093341210229,0.1480377349402564,4.263283131656075,2.382131932730917,79,4,16,0,0,0,0.0166710194132497,0.0066672293020508,0.0003375812304835,0.0,0.0013503249219343,0.0,0.0,0,0,0,6,0,2,2,0,0,0,0,0,0,0,0,2,__MSG_name__,,,
0,0,0,0,0,1,0,0,0,0,1,15,0.4689608906616873,37.17399343595433,0.0947308894386501,3.787414255890248,2.632880767926225,212,13,20,0,0,0,0.0568326871458395,0.0097998428327092,0.0006009337586095,0.0,0.0009245134747838,0.0,0.0,0,0,1,0,0,0,4,0,0,0,0,0,0,0,0,4,Active8,,,
0,1,0,0,0,0,0,0,0,0,0,6,0.3732470264793386,47.27963857298645,0.1130486411833418,3.8562291196710543,3.289781001659935,67,8,7,0,0,0,0.0774963593272607,0.0104377628914161,0.0012463000467362,0.0,0.0010905125408942,0.0,0.0,3,0,0,0,0,0,0,0,0,0,0,0,0,0,0,0,__MSG_extName__,,,
0,1,0,0,1,1,0,0,0,0,1,376,0.5849203298748702,48.48713066832248,0.0756505829802496,3.3582988325946785,2.57073183651224,561,103,381,0,0,11,0.0363067050937772,0.0010492217804227,0.0001926378669938,2.0572976086720706e-05,0.0007125730808218,0.0,0.0,76,3,0,0,0,0,4,0,0,0,0,0,0,0,0,4,Scratchpad,,,
1,1,0,0,1,1,0,0,0,0,0,81,0.5472912300330035,49.06922142015321,0.0723310844918204,3.672459715153908,2.195649228075635,1005,13,87,0,0,3,0.0420375940997724,0.0092534619917501,0.0001196965232763,2.7622274602239247e-05,0.0008010459634649,0.0,0.0,4,0,0,0,0,0,2,0,0,0,0,0,0,0,0,2,Hunchly 2.0,,,
0,1,0,0,0,1,0,1,0,0,1,9,0.3917922559703223,35.99199542595769,0.1044593863513409,3.990662139219016,3.310756151049375,39,17,10,0,0,0,0.0284380305602716,0.0222984562607204,0.0097198399085191,0.0,0.0057175528873642,0.0,0.0,286,0,0,5,0,0,2,0,0,0,0,0,0,0,0,2,__MSG_extName__,,,
0,0,0,0,0,1,0,1,0,0,0,143,0.4998900989521707,58.23118382724879,0.0802695226018631,4.098439457647576,2.6925574997883235,614,63,118,0,0,4,0.0488320531069814,0.0021419476374038,0.0002197763862482,1.3954056269731908e-05,0.000411644659957,0.0,0.0,0,0,0,0,0,0,4,0,0,0,0,0,0,0,0,4,秘塔AI搜索,,,
0,1,0,0,0,1,0,0,0,0,0,26,0.3475008388519153,45.36050007157513,0.0760113054594335,5.346493920497991,2.4793759851220107,63,3,34,0,0,0,0.0250395786888953,0.0030061554611824,0.0001431502600563,0.0,0.0016223696139714,0.0,0.0,8,1,0,6,0,0,2,0,0,0,0,0,0,0,0,2,__MSG_extensionName__,,,
0,0,0,0,1,1,0,0,0,0,1,20,0.3675597581415816,46.68380991565522,0.089534748272671,4.725668108401764,3.181868953674249,94,16,39,0,0,6,0.0530830146889822,0.0024171981073853,0.0004114379757251,0.0001542892408969,0.00100288006583,0.0,0.0,11,0,1,0,0,0,21,0,0,0,0,0,0,0,0,21,MyEmailViewer - Eml viewer and msg viewer,,,
0,0,0,0,1,1,0,1,0,0,0,21,0.4030992862648705,85.66844010530934,0.1036423717422149,4.18785817163068,3.388620256211471,7,1,30,0,0,0,0.0472513081050859,9.598508117595436e-05,1.3712154453707768e-05,0.0,0.0004113646336112,0.0,0.0,0,0,0,0,0,0,0,0,0,0,0,0,0,0,0,0,Dex for Chrome - Personal CRM and Rolodex,,,
0,0,0,0,0,1,0,0,0,0,0,237,0.5278791231966466,49.88857933306911,0.0785942186101495,3.6138184167147673,2.319393203746328,222,64,147,0,0,8,0.0483542352364288,0.0008626116149488,0.0002486808259311,3.108510324139914e-05,0.0005711887720607,0.0,0.0,0,0,0,0,0,0,3,0,0,0,0,0,1,0,0,3,__MSG_name__,,,
0,0,0,0,1,0,0,0,0,0,1,39,0.4089486858573216,55.5615763546798,0.1128375675780292,3.544200157931923,3.109915110220342,214,18,25,0,0,2,0.0455785988390618,0.0195219850392264,0.0016420361247947,0.0001824484583105,0.0022806057288815,0.0,0.0,0,0,0,2,0,1,2,0,1,0,0,0,0,0,0,2,__MSG_appName__,,,
0,0,0,0,0,0,1,0,0,0,0,0,0.0,0.0,0.0,0.0,0.0,0,0,0,0,0,0,0.0,0.0,0.0,0.0,0.0,0.0,0.0,0,0,0,0,0,0,0,0,0,0,0,0,0,0,0,0,iStoryBooks,,,
0,0,0,0,0,0,0,0,0,0,0,38,0.3521711081238456,34.311697092630155,0.0871148481387906,4.802258560027058,3.2777406521467864,145,11,66,0,0,6,0.1150841557880298,0.0025138260432378,0.0001907040446594,0.000104020387996,0.0011442242679565,0.0,0.0,0,0,0,0,0,0,19,0,0,0,0,0,0,0,0,19,__MSG_appName__,,,
1,1,0,0,0,1,1,0,0,0,1,32,0.5320419274033467,53.46400770228854,0.0488410567222653,3.0805242095462244,1.9435979119281224,61,55,23,0,0,0,0.0157015341144948,4.429106344295492e-05,3.993456539938559e-05,0.0,1.6699909167015792e-05,0.0,0.0,6,0,4,0,0,0,4,0,0,0,0,0,0,0,0,4,HaHa Wallet,,,
0,1,0,0,1,1,0,0,0,0,1,125,0.3900130256507021,39.21400407210607,0.0885166317850575,4.591515561971051,2.7465339271431164,512,17,176,0,0,4,0.0449013287985446,0.0050851666087301,0.0001688434225554,3.972786413070468e-05,0.001748026021751,0.0,0.0,43,6,1,2,0,0,7,0,0,1,0,0,0,0,0,7,__MSG_extName__,,,
0,0,0,0,0,0,0,0,0,0,0,0,0.0,0.0,0.0,0.0,0.0,0,0,0,0,0,0,0.0,0.0,0.0,0.0,0.0,0.0,0.0,0,0,0,0,0,0,0,0,0,0,0,0,0,0,0,0,Game of Bombs,,,
0,0,0,0,0,0,0,0,0,0,0,0,0.0,0.0,0.0,0.0,0.0,0,0,0,0,0,0,0.0,0.0,0.0,0.0,0.0,0.0,0.0,0,0,0,0,0,0,0,0,0,0,0,0,0,0,0,0,Student Resources In Context,,,
1,1,1,0,0,1,0,0,1,0,0,5,0.4425785585185655,39.8230065585088,0.0956548392893004,3.718834870325604,2.877103287284474,16,1,2,0,0,0,0.0273077267436655,0.0006903693476009,4.3148084225060405e-05,0.0,8.629616845012081e-05,0.0,0.0,0,0,0,0,0,0,3,0,0,0,0,0,0,0,0,3,__MSG_appName__,,,
1,1,1,0,1,1,1,0,0,0,0,2,0.3426232641100777,36.40321620011912,0.077239138743789,6.5213133640553,3.277306170560179,23,7,20,0,0,0,0.0750768049155145,0.0136986301369863,0.004169148302561,0.0,0.0119118522930315,0.0,0.0,1,0,0,0,0,0,6,0,0,0,0,0,0,0,0,6,Burp Suite Navigation Recorder,,,
1,1,0,0,1,1,0,0,0,0,1,0,0.4684852864952515,81.91307087298483,0.1086300500451501,3.410133144233473,3.0138011981733945,1,0,0,0,0,0,0.0530351750192564,2.172685004128101e-05,0.0,0.0,0.0,0.0,0.0,2,0,0,0,0,0,1,0,0,0,0,0,0,0,0,1,__MSG_appName__,,,
0,0,0,0,1,1,0,0,0,0,0,21,0.4588238533533922,19.459660623442247,0.0833660833410514,5.812676104151815,3.170742143997465,121,19,21,0,0,0,0.0857068495320863,0.0020656219058349,0.0003243538529823,0.0,0.0003584963638225,0.0,0.0,15,1,0,9,0,0,11,2,2,0,0,0,0,0,0,11,Web Site blocker,,,
0,1,0,0,1,0,0,0,0,0,0,0,0.3176599234554401,32.888888888888886,0.0863860032804811,5.426966292134831,3.1686988849376245,0,0,0,0,0,0,0.0730337078651685,0.0,0.0,0.0,0.0,0.0,0.0,0,0,0,0,0,0,0,0,0,0,0,0,0,0,0,0,Talk & Write,,,
0,0,0,0,0,1,0,0,0,0,0,6,0.3448957499882336,33.51380617217109,0.0757597150970333,5.404388185654009,3.284024072341059,24,12,20,0,0,0,0.0788185654008438,0.0129940443963183,0.0064970221981591,0.0,0.0108283703302652,0.0,0.0,0,0,0,0,0,0,3,0,0,0,0,0,0,0,0,3,__MSG_appName__,,,
0,0,1,0,1,1,0,1,0,0,0,275,0.4471009333516318,51.3798138660524,0.1026391086692845,3.806225771418252,3.0222627572907803,670,76,59,0,1,10,0.0690287291915601,0.0088698253835868,0.0010061294464964,0.0001323854534863,0.0007810741755695,1.3238545348637093e-05,0.0,104,0,0,17,0,4,18,0,1,0,4,0,0,0,0,12,__MSG_appName__,,,
0,1,0,0,0,1,0,0,0,0,1,40,0.5581468976794705,64.84867806056758,0.0715160248726702,4.41100243578507,2.934709560860118,122,13,54,0,0,0,0.0734230576899294,0.0010758946681482,0.000114644513819,0.0,0.0004762156727869,0.0,0.0,52,0,0,0,0,0,0,0,0,0,0,0,0,0,0,0,Sortd for Gmail,,,
0,0,1,0,1,1,0,1,0,0,0,5,0.3903943018721713,35.384423115376926,0.0997804396153983,3.666188753100749,3.2464080024675344,26,4,8,0,0,0,0.0297671878200314,0.0025994801039792,0.0003999200159968,0.0,0.0007998400319936,0.0,0.0,10,0,0,0,0,0,1,0,0,0,0,0,0,0,0,1,FlipGive Max,,,
0,0,0,0,0,1,0,0,0,0,0,1,0.2769731414428453,50.22769953051643,0.0729443578696489,7.447413793103448,3.436981709300833,4,3,19,0,0,0,0.0158045977011494,0.0046948356807511,0.0035211267605633,0.0,0.022300469483568,0.0,0.0,0,0,4,11,0,3,6,0,0,0,0,0,0,0,0,6,Smart Mute,2.0,,
1,1,0,0,1,1,1,1,0,0,0,4,0.410960027331739,43.43846153846154,0.081357476369434,5.427021132048486,2.690669577923588,17,8,18,0,0,0,0.0489863052883755,0.0011470985155195,0.0005398110661268,0.0,0.0012145748987854,0.0,0.0,0,0,0,6,0,0,3,0,0,0,0,0,0,0,0,3,AdGone Ad Blocker,,,
0,0,0,0,0,0,0,0,0,0,0,0,0.0,0.0,0.0,0.0,0.0,0,0,0,0,0,0,0.0,0.0,0.0,0.0,0.0,0.0,0.0,0,0,0,0,0,0,0,0,0,0,0,0,0,0,0,0,Readlang,,,
0,0,0,0,0,1,0,0,0,0,1,112,0.520646960964867,48.39615653992651,0.0673913247562631,5.12807102075956,2.702385072712113,3500,33,324,0,0,0,0.0475588606776484,0.0111933019281262,0.0001055368467509,0.0,0.0010361799499179,0.0,0.0,1,0,0,0,0,0,3,0,0,0,0,0,0,0,0,3,DeepDyve LitHub Connect,,,
0,0,0,0,0,1,0,0,0,0,0,12,0.4431943419891135,39.46174218023048,0.1145577379278136,3.430239820134899,2.9892597869234674,163,12,44,0,0,0,0.0449350487134649,0.0116670245508553,0.0008589220528237,0.0,0.0031493808603535,0.0,0.0,0,0,1,0,0,0,1,0,0,0,0,0,0,0,0,1,__MSG_extensionName__,,,
0,1,0,0,1,1,0,0,0,0,0,3,0.3473805408553347,34.17543694794212,0.084975142453377,5.96765855124737,3.287794546737333,17,3,5,0,0,0,0.0447249774571686,0.0015974440894568,0.0002819018981394,0.0,0.000469836496899,0.0,0.0,0,0,0,7,0,0,1,0,0,0,0,0,0,0,0,1,Jobscan: Job Search Tracker,,,
0,0,0,0,0,1,0,0,0,0,0,3,0.3096388813467282,53.84097677188803,0.109215313603041,4.628658886550602,3.702800059571421,77,9,48,0,0,0,0.0995791084752247,0.0458606313281715,0.0053603335318642,0.0,0.0285884455032757,0.0,0.0,22,0,0,0,0,0,1,0,0,0,0,1,0,0,0,1,__MSG_extName__,,,
0,0,0,0,0,1,1,0,0,0,0,13,0.372672449464376,46.74355222242546,0.1162664173729138,4.002818741191434,3.277131808711613,146,16,41,0,0,0,0.0743872675397889,0.0267056886775196,0.0029266508139747,0.0,0.0074995427108103,0.0,0.0,11,0,0,2,0,4,6,0,0,0,0,0,0,0,0,6,__MSG_extName__,,,
0,0,0,0,0,0,0,0,0,0,0,0,0.2001493651979088,22.9375,0.113144137415982,7.074380165289257,3.398508434243271,2,2,1,0,0,0,0.0578512396694214,0.0178571428571428,0.0178571428571428,0.0,0.0089285714285714,0.0,0.0,6,5,0,1,0,0,2,0,0,0,0,0,0,0,0,2,__MSG_appName__,,,
0,0,0,0,0,1,0,0,0,0,0,30,0.5814579858236053,63.30732474964235,0.0772720740329756,3.918703561589057,2.545062331167698,158,18,51,0,0,0,0.062084498428408,0.0022603719599427,0.0002575107296137,0.0,0.0007296137339055,0.0,0.0,1,0,0,2,0,0,1,0,0,0,0,0,0,0,0,1,__MSG_appName__,,,
0,0,1,0,1,1,0,0,0,0,0,656,0.6023383899599976,49.9250171874558,0.0642851112061471,4.171812777067338,2.8397067813676555,2690,405,489,0,0,0,0.0420725769064428,0.003308354640859,0.0004980980035494,0.0,0.0006014072191003,0.0,0.0,11,0,0,0,1,0,2,0,0,0,0,0,0,0,0,2,__MSG_extensionName__,,,
0,0,0,0,0,0,0,0,0,0,0,0,0.0,0.0,0.0,0.0,0.0,0,0,0,0,0,0,0.0,0.0,0.0,0.0,0.0,0.0,0.0,0,0,0,0,0,0,0,0,0,0,0,0,0,0,0,0,__MSG_appName__,,,
0,0,1,1,0,1,0,1,0,0,0,2,0.303507065621603,29.885159010600702,0.1100177355683963,6.462864721485412,3.596707587959568,1,0,0,0,0,1,0.0649867374005305,0.0017667844522968,0.0,0.0017667844522968,0.0,0.0,0.0,0,0,0,0,0,0,0,0,0,0,0,0,0,0,0,0,Easy Search,,,
0,0,0,0,0,1,0,0,0,0,0,0,0.4063740117513151,38.78947368421053,0.1356015627403328,3.2768484848484847,3.4691567698153203,0,0,0,0,0,0,0.0252121212121212,0.0,0.0,0.0,0.0,0.0,0.0,0,0,0,1,1,0,0,0,0,0,0,0,0,1,0,0,__MSG_extName__,,,
0,1,0,0,0,1,0,0,0,0,0,89,0.3818094747669214,34.54162108092901,0.1184260113921651,3.370930601035175,3.256509714717785,72,9,50,0,0,0,0.0447695503679447,0.0011253164952642,0.000140664561908,0.0,0.0007814697883779,0.0,0.0,2,0,0,0,0,0,2,0,0,0,0,0,0,0,0,2,ModResponse - Mock and replay API,,,
1,0,0,0,0,1,0,0,0,0,1,63,0.4487682909015921,49.39708429561201,0.0986033183540551,4.317406117561738,3.097791317550456,213,10,82,0,0,0,0.0958805798765609,0.0076862009237875,0.0003608545034642,0.0,0.0029590069284064,0.0,0.0,0,0,0,12,0,1,5,0,0,0,2,0,0,0,0,5,HaramMute - Remove Background Music from YouTube Videos,,,
1,1,0,0,1,1,0,0,0,0,1,1105,0.3856294596593204,37.556324839899965,0.087467879323988,5.429465092777613,3.244633537011421,6983,875,1094,0,0,0,0.0482952059673893,0.0045125268987444,0.0005654390715167,0.0,0.0007069603934163,0.0,0.0,170,0,0,0,0,0,2,0,0,0,0,0,0,0,0,2,ACCELQ - View Recorder,,,
0,0,0,0,0,0,0,0,0,0,0,56,0.4596405192855518,34.58342490068464,0.1076191454627837,3.6847577927670176,3.1481820284133994,348,39,27,0,0,4,0.0661106390849242,0.0073535626743301,0.0008241061617783,8.452370890034655e-05,0.0005705350350773,0.0,0.0,82,0,0,18,5,1,8,0,0,0,2,1,0,1,0,8,FlashSaleTricks,,,
0,0,0,0,1,1,0,0,0,0,0,24,0.3344784200630504,37.40499457111835,0.0901225666906993,6.441560673771056,3.4300689971742315,9,0,0,0,0,0,0.0867995874871089,0.004885993485342,0.0,0.0,0.0,0.0,0.0,0,0,0,4,0,2,3,0,0,0,0,0,0,0,0,3,Tiny Suspender,,,
0,1,0,0,1,0,0,0,0,0,0,25,0.4487985177065061,50.69488279726232,0.0898835938620097,4.893044557566617,2.6218425712092204,162,10,57,0,0,0,0.0418080693815987,0.0057448845703748,0.0003546225043441,0.0,0.0020213482747615,0.0,0.0,0,0,0,0,0,0,2,0,0,0,0,0,0,0,0,2,Youtube Unsubscribe All,,,
0,0,0,0,0,0,0,0,0,0,0,8,0.4687581128770437,44.13578418748391,0.0893279470961962,3.692446436379536,2.938459056222153,80,2,25,0,0,3,0.0859477481416703,0.0051506567087303,0.0001287664177182,0.0001931496265773,0.0016095802214782,0.0,0.0,1,0,0,3,0,0,3,0,0,0,0,0,0,0,0,3,Link All,,,
0,0,0,0,0,1,0,0,0,0,0,129,0.6145975668839899,66.86385103942996,0.0661725501257208,3.712650562321155,2.451754477558049,5759,337,114,0,0,6,0.0480271511279696,0.0153233767304985,0.0008966796246185,1.5964622396768762e-05,0.0003033278255386,0.0,0.0,0,1,0,0,0,0,16,0,0,0,0,0,0,0,0,16,Freighter,,,
0,0,0,0,0,1,1,1,0,0,0,9,0.3699558870355181,35.17481925356608,0.0823762119511051,5.907685766363576,3.305794642122984,3138,28,42,0,0,1,0.0620632691255449,0.0340650035823617,0.0003039579669554,1.0855641676979528e-05,0.0004559369504331,0.0,0.0,685,0,0,4,0,0,399,0,0,0,2,0,0,0,0,399,Foxtrick (Beta),,,
0,1,0,0,0,1,0,0,0,0,0,21,0.4926685402753432,48.01781170483461,0.1024943622728611,3.3729255181803244,2.951124431421441,124,10,28,0,0,2,0.0628506373089833,0.007337712290668,0.0005917509911829,0.0001183501982365,0.0016569027753121,0.0,0.0,3,0,0,0,0,0,1,0,0,0,0,0,0,0,0,1,IP-Alert by Seller Assistant,,,
0,0,0,0,0,1,0,0,0,0,0,30,0.5854199517696482,61.079013237684826,0.0733967606312635,3.8880405843792647,2.277322917443715,93,12,43,0,0,0,0.0586392822784526,0.0011999071039661,0.0001548267230924,0.0,0.0005547957577477,0.0,0.0,1,0,0,0,0,0,0,0,0,0,0,0,0,0,0,0,Share emails via secure URL link by cloudHQ,,,
1,1,0,0,1,1,0,0,0,0,0,225,0.3051852067480031,87.35071366053995,0.0959813115056539,6.253547123507285,2.8492520236149264,768,88,368,0,0,0,0.0464473611640412,0.0025853362956978,0.0002962364505487,0.0,0.0012388069750218,0.0,0.0,9,2,0,0,0,0,3,0,0,0,0,0,0,0,0,3,__MSG_appName__,,,
0,0,0,0,0,1,0,0,0,0,1,122,0.4558625073165016,34.35334817951044,0.0985774491551741,3.6168894709530752,2.926873107708401,211,9,135,0,0,5,0.0439348637228495,0.0019336687469643,8.247876171885739e-05,4.582153428825411e-05,0.0012371814257828,0.0,0.0,9,0,0,0,0,0,2,0,0,0,0,0,0,0,0,2,InsFo - IG follower export & analysis tool,,,
0,0,0,0,0,1,0,0,0,0,1,257,0.4370082767407111,47.568139695953136,0.1002194501016707,3.798331449007584,2.770716497880955,2322,140,102,0,0,0,0.0729780155300579,0.008984433945838,0.0005416971371306,0.0,0.0003946650570523,0.0,0.0,1,0,0,0,0,0,0,0,0,0,0,0,0,0,0,0,Locker,,,
0,0,0,0,1,1,0,1,0,0,0,0,0.2888124946948476,61.11288571871608,0.0867798099632009,4.282205205438771,3.055607864244863,72,9,10,0,0,1,0.0483422777506734,0.0111645216312606,0.0013955652039075,0.0001550628004341,0.0015506280043417,0.0,0.0,16,0,0,0,1,0,14,0,0,1,0,0,0,0,0,14,RescueTime for Chrome and Chrome OS,,,
0,0,0,0,1,1,0,0,0,0,1,90,0.5590878179654215,53.38151127803504,0.0803766828038994,3.627804424146255,2.507595455791131,178,6,68,0,0,0,0.0299782883291902,0.0037984678090523,0.0001280382407545,0.0,0.0014511000618851,0.0,0.0,0,0,0,0,0,0,6,0,0,0,0,0,0,0,0,6,Tabox - Save and Share Tab Groups,,,
0,1,0,0,0,1,0,0,0,0,0,63,0.4980421543221088,45.86448298281921,0.080155833326457,3.821717542503864,2.6876000079531925,2956,18,72,0,0,1,0.0372671947449768,0.0125615648412168,7.649126087344521e-05,4.249514492969179e-06,0.0003059650434937,0.0,0.0,0,0,0,0,0,0,1,0,0,0,0,0,0,0,0,1,__MSG_extName__,,,
0,0,0,0,0,0,0,0,0,0,0,0,0.0,0.0,0.0,0.0,0.0,0,0,0,0,0,0,0.0,0.0,0.0,0.0,0.0,0.0,0.0,0,0,0,0,0,0,0,0,0,0,0,0,0,0,0,0,Ntentan (Connections),,,
0,0,0,0,0,1,0,0,0,0,0,8,0.2151118924792514,51.65690933282646,0.0527892796932929,3.769577273498953,3.375814168613685,803,79,85,0,0,0,0.0202591817101465,0.0763162896787683,0.0075080783121079,0.0,0.0080783121079642,0.0,0.0,26,0,0,0,0,0,0,0,0,0,0,0,0,0,0,0,Smartschool++,,,
0,0,0,0,0,0,0,0,0,0,0,14,0.3564047484454494,26.80010775862069,0.119247355245094,4.210032188841201,3.3470106627101246,76,10,7,0,0,0,0.0896816881258941,0.0068247126436781,0.0008979885057471,0.0,0.0006285919540229,0.0,0.0,339,0,0,14,0,1,4,0,0,0,0,0,0,0,0,4,Visio Viewer Free Online,,,
0,0,0,0,0,0,0,0,0,0,0,0,0.0,0.0,0.0,0.0,0.0,0,0,0,0,0,0,0.0,0.0,0.0,0.0,0.0,0.0,0.0,0,0,0,0,0,0,0,0,0,0,0,0,0,0,0,0,Kleki,,,
0,0,0,0,0,0,0,0,0,0,0,0,0.0,0.0,0.0,0.0,0.0,0,0,0,0,0,0,0.0,0.0,0.0,0.0,0.0,0.0,0.0,0,0,0,0,0,0,0,0,0,0,0,0,0,0,0,0,Gojo Satoru & Geto Suguru Dark Browser Theme,,,
0,1,0,0,0,1,0,0,0,0,0,62,0.5555130900542607,41.99104774173826,0.0773076691594903,3.709235496114224,2.659389958614577,1595,23,77,0,0,0,0.0350262063979757,0.0174132340578839,0.0002510999268534,0.0,0.000840638885553,0.0,0.0,0,0,0,0,0,0,2,0,0,0,0,0,0,0,0,2,__MSG_name__,,,
0,0,1,0,0,1,0,1,0,0,0,46,0.4208569287941821,33.041490308634124,0.1039964822929985,3.860540034555042,3.127538394089364,178,7,79,0,0,4,0.0489845099806312,0.0032334828970553,0.0001271594397718,7.266253701247979e-05,0.0014350851059964,0.0,0.0,0,0,0,0,0,0,1,0,0,0,0,0,0,0,0,1,Webshare Proxy Extension,,,
0,0,0,0,0,0,0,0,0,0,0,0,0.3065782236962717,14.573689673066944,0.0873652105798236,5.468619916746718,3.924160959436277,25,0,24,0,0,0,0.1015049631764329,0.0064867669953295,0.0,0.0,0.0062272963155163,0.0,0.0,37,0,2,10,1,0,21,1,0,1,6,0,0,0,0,21,2048 Cupcakes,,,
0,0,0,0,0,1,0,0,0,0,1,26,0.4167142974935036,42.80990888175861,0.106216095518689,3.484937573059188,2.9929913730929645,98,10,58,0,0,4,0.0473387922885903,0.0001368938779102,1.3968763052062976e-05,5.587505220825191e-06,8.101882570196526e-05,0.0,0.0,0,0,0,0,0,0,18,0,0,0,0,0,5,0,0,16,VESPR Wallet,,,
0,1,0,0,0,1,0,0,0,0,0,41,0.432525993116545,44.76106870229008,0.0770024808729897,5.326577044050261,2.949283587267132,302,80,20,0,0,11,0.0697316111315121,0.0092213740458015,0.002442748091603,0.0003358778625954,0.0006106870229007,0.0,0.0,16,0,0,22,0,0,2,0,2,0,0,0,0,0,0,2,Check US Visa Slots - USVisaScheduling,,,
0,0,0,0,1,1,0,0,0,0,0,41,0.4745636805592813,43.39328244274809,0.0882062033227271,3.9049969063963936,2.7526783240822006,50,20,22,0,0,0,0.0341032968975575,0.0030534351145038,0.0012213740458015,0.0,0.0013435114503816,0.0,0.0,3,0,0,0,0,0,3,0,0,0,0,0,0,0,0,3,__MSG__extensionName__,,,
0,0,0,0,0,0,0,0,0,0,0,0,0.0,0.0,0.0,0.0,0.0,0,0,0,0,0,0,0.0,0.0,0.0,0.0,0.0,0.0,0.0,0,0,0,0,0,0,0,0,0,0,0,0,0,0,0,0,Techno Glitched Blue,,,
0,0,0,0,1,1,0,1,0,0,1,133,0.5438812528816922,63.13550158195012,0.0776731061783139,3.87472117894434,2.57248383706319,1916,63,166,0,0,3,0.0421883148584897,0.0069758720750306,0.0002293736642624,1.0922555441070992e-05,0.0006043814010725,0.0,0.0,0,0,0,8,0,0,5,0,0,0,0,0,0,0,0,5,__MSG_name__,,,
0,0,1,0,1,1,0,0,0,0,1,25,0.5286436052761349,51.48271719270142,0.0840756415135551,3.7112595969918503,2.83119229153929,64,70,20,0,1,1,0.0565678798836569,0.0016018822115986,0.0017520586689359,2.502940955622857e-05,0.0005005881911245,2.502940955622857e-05,0.0,0,0,0,0,0,0,1,0,0,0,0,0,0,0,0,1,Clique Browser Extension,,,
0,0,0,0,1,1,0,0,0,0,1,120,0.6347060500263124,57.516889151959,0.0368050162464055,3.011614121972966,1.4818263272901462,3223,17,116,0,0,2,0.0106428498798326,0.0049041611571568,2.5867433965766732e-05,3.043227525384321e-06,0.0001765071964722,0.0,0.0,0,0,0,0,0,0,0,0,0,0,0,0,0,0,0,0,__MSG_appName__,,,
0,0,0,0,0,1,1,0,0,0,1,2,0.5123516718962563,17.74056119539181,0.1006059425587149,4.1216499393404655,2.991919895766947,79,16,11,0,0,0,0.0499613984779971,0.0045055321090452,0.0009125128322117,0.0,0.0006273525721455,0.0,0.0,1,0,0,10,1,1,8,0,0,0,0,0,0,1,0,8,LetXPath,,,
0,0,0,0,0,0,0,0,0,0,0,4,0.2077388894590988,34.30434782608695,0.1131068459406753,6.910497237569061,3.5284050047037328,4,1,2,0,0,0,0.0243093922651933,0.0144927536231884,0.0036231884057971,0.0,0.0072463768115942,0.0,0.0,0,0,0,0,0,0,0,0,0,0,0,0,0,0,0,0,Google Calendar Quick Duplicate,,,
0,1,0,0,0,1,0,0,0,0,1,9,0.3374509103891467,29.786813186813188,0.0858264905390931,6.304088586030664,3.5493160965239245,30,0,12,0,0,0,0.0809199318568994,0.0659340659340659,0.0,0.0,0.0263736263736263,0.0,0.0,0,0,0,1,0,0,2,0,0,0,0,0,0,0,0,2,PaperPanda 2,,,
0,0,0,0,1,1,0,0,0,0,0,43,0.4715950410705226,43.410200600035296,0.0889006929201863,3.8677223512296113,2.7321303164300725,53,21,23,0,0,0,0.0337548610916822,0.0031178304606153,0.0012353667862815,0.0,0.0013530207659274,0.0,0.0,4,0,0,0,0,0,4,0,0,0,0,0,0,0,0,4,__MSG__extensionName__,,,
0,0,0,0,0,0,0,0,0,0,0,0,0.2165953399904897,17.706666666666667,0.0946267237280076,5.785714285714286,3.510127841297076,5,2,0,0,0,0,0.0497835497835497,0.0222222222222222,0.0088888888888888,0.0,0.0,0.0,0.0,0,0,0,8,0,0,1,0,0,0,0,0,0,0,0,1,ROBLOX Audio Downloader,,,
0,0,0,0,0,0,0,0,0,0,0,21,0.0278476143647909,717.2030464949358,0.0405554487695195,29.404414588008187,2.7258859508470805,13,0,4,0,0,0,0.0291922205744037,0.001036765292288,0.0,0.0,0.0003190047053194,0.0,0.0,1,0,0,0,0,0,0,0,0,0,0,0,0,0,0,0,__MSG_appName__,,,
1,1,0,0,1,1,0,0,0,0,0,26,0.4476377182910748,32.312413879493924,0.1096607118683159,3.2952092612961894,3.1009130238603504,37,4,48,0,0,0,0.039314768630953,0.0015449496847467,0.0001670215875401,0.0,0.0020042590504822,0.0,0.0,7,0,0,0,0,0,1,0,0,0,0,0,0,0,0,1,__MSG_name__,,,
0,0,0,0,1,1,0,0,0,0,0,39,0.3776782310631543,36.08534759358289,0.0970652130026443,3.640763234458365,3.0742997429429315,1034,7,66,0,0,3,0.0507790962991865,0.0201069518716577,0.000136120563928,5.833738454059309e-05,0.001283422459893,0.0,0.0,1,0,0,0,0,1,2,0,0,0,0,0,0,0,0,2,SelfGuide,,,
0,0,0,0,0,0,1,0,0,0,0,0,0.0,0.0,0.0,0.0,0.0,0,0,0,0,0,0,0.0,0.0,0.0,0.0,0.0,0.0,0.0,0,0,0,0,0,0,0,0,0,0,0,0,0,0,0,0,__MSG_appName__,,,
0,0,0,0,0,1,1,0,0,0,0,2,0.2851447211722673,15.27295703454086,0.0937710350541086,6.850737100737101,3.383577491022011,6,6,1,0,0,0,0.0442260442260442,0.0050547598989048,0.0050547598989048,0.0,0.0008424599831508,0.0,0.0,0,0,0,5,0,0,1,0,0,0,0,0,0,0,0,1,Multi Search,,,
0,0,0,0,0,1,0,0,0,0,0,31,0.5848234321289247,63.28221618357488,0.0763006361361101,3.945009568881808,2.5151451101747297,93,12,43,0,0,0,0.0630194928649766,0.0014039855072463,0.0001811594202898,0.0,0.0006491545893719,0.0,0.0,2,0,0,0,0,0,0,0,0,0,0,0,0,0,0,0,__MSG_appName__,,,
0,0,0,0,0,0,0,0,0,0,0,0,0.0,0.0,0.0,0.0,0.0,0,0,0,0,0,0,0.0,0.0,0.0,0.0,0.0,0.0,0.0,0,0,0,0,0,0,0,0,0,0,0,0,0,0,0,0,__MSG_extName__,,,
0,0,0,0,0,0,0,0,0,0,0,0,0.0,0.0,0.0,0.0,0.0,0,0,0,0,0,0,0.0,0.0,0.0,0.0,0.0,0.0,0.0,0,0,0,0,0,0,0,0,0,0,0,0,0,0,0,0,__MSG_appName__,,,
0,0,0,0,0,0,0,0,0,0,0,0,0.0,0.0,0.0,0.0,0.0,0,0,0,0,0,0,0.0,0.0,0.0,0.0,0.0,0.0,0.0,0,0,0,0,0,0,0,0,0,0,0,0,0,0,0,0,__MSG_themeName__,,,
0,0,1,0,1,1,0,0,0,0,1,338,0.4359055349998651,50.93029378358506,0.0732327643757576,4.229833572883097,2.853468140059963,933,136,437,0,0,20,0.041728531446498,0.0009436433533828,0.0001375514427224,2.022815334153922e-05,0.0004419851505126,0.0,0.0,2,4,6,4,0,0,23,0,0,0,0,0,0,0,0,20,Contentsquare - CS Live,,,
0,0,0,0,0,1,0,0,0,0,0,28,0.3771548011361242,64.57233177115572,0.0725089971259766,4.988523412097021,2.799696915237064,65,19,41,0,0,4,0.0352657829765131,0.001436908656822,0.0004200194535325,8.842514811212309e-05,0.0009063577681492,0.0,0.0,0,0,0,0,0,0,4,0,0,0,0,0,0,0,0,4,Chat AI - SideBar AI by Fusion,,,
0,0,0,0,1,0,0,0,0,0,1,216,0.4339720502259581,50.19833391595707,0.0865103955911928,4.477065798877332,3.0236404849390306,631,89,203,0,0,20,0.0758029711145495,0.0041619122370772,0.0005870209019015,0.000131914809416,0.0013389353155732,0.0,0.0,276,0,3,11,0,1,27,0,1,0,7,0,0,0,1,20,myViewBoard extension,,,
0,0,0,0,0,1,0,0,0,0,0,7,0.4075473847157435,42.79075039673543,0.1262367139003795,3.382028934212273,3.1416739164658223,82,12,8,0,0,0,0.0598150687961775,0.0185898889140784,0.0027204715484017,0.0,0.0018136476989344,0.0,0.0,3,0,0,4,0,0,9,0,0,0,0,0,0,0,0,9,__MSG_extension_name__,,,
0,0,0,0,0,1,0,0,0,0,0,247,0.5229767140496611,44.64479732553281,0.0792962882490119,3.948602704947255,2.7631709009470624,3928,40,303,0,0,3,0.0422733014740581,0.0162520221934437,0.0001654992076725,1.2412440575440745e-05,0.0012536564981195,0.0,0.0,0,0,0,2,0,0,9,0,0,0,0,0,0,0,0,9,Google Sheets Excel Shortcuts & Trace Formula,,,
0,0,0,0,0,0,0,0,0,0,0,0,0.0,0.0,0.0,0.0,0.0,0,0,0,0,0,0,0.0,0.0,0.0,0.0,0.0,0.0,0.0,0,0,0,0,0,0,0,0,0,0,0,0,0,0,0,0,Songbirds,,,
0,1,0,0,0,1,0,0,0,0,0,8,0.3402744109376515,37.449207828518176,0.1032677203529525,5.842924659438421,3.419605261325039,33,2,18,0,0,0,0.0444815123714206,0.0307548928238583,0.0018639328984156,0.0,0.0167753960857409,0.0,0.0,0,0,0,14,0,0,2,0,0,0,0,0,0,0,0,2,CNFans Plugin Extension by RepNews,,,
0,0,0,0,0,0,1,0,0,0,0,0,0.0,0.0,0.0,0.0,0.0,0,0,0,0,0,0,0.0,0.0,0.0,0.0,0.0,0.0,0.0,0,0,0,0,0,0,0,0,0,0,0,0,0,0,0,0,__MSG_appName__,,,
0,0,0,0,1,1,0,1,0,0,0,14,0.3982978003384095,36.880912703499554,0.0940101522842639,4.597863119104457,3.140730549996097,85,16,13,0,0,0,0.0689155677103854,0.0036320129897876,0.0006836730333717,0.0,0.0005554843396145,0.0,0.0,22,1,0,2,0,2,54,0,0,0,0,0,0,0,0,54,Global Cookie Manager,,,
0,1,0,0,0,1,1,0,0,0,0,69,0.521609292004169,49.23593789034725,0.07772543593567,3.597891309658467,2.376356263830109,206,10,95,0,0,2,0.0428923052920491,0.0019793608394027,9.608547764090935e-05,1.921709552818187e-05,0.0009128120375886,0.0,0.0,0,0,0,0,0,0,2,0,0,0,0,0,0,0,0,2,__MSG_appName__,,,
0,1,0,0,0,0,0,0,0,0,0,34,0.3998889301145408,34.42586750788644,0.1182382018168543,3.8351687192328,3.006296881409306,221,20,29,0,0,0,0.0403401638646158,0.003748176791832,0.0003392015196228,0.0,0.000491842203453,0.0,0.0,0,0,0,0,0,0,0,0,0,0,0,0,0,0,0,0,Economize! Adrenaline,,,
0,0,0,0,0,1,0,1,0,0,1,1,0.5634831946890941,44.83787410302783,0.0819952552106136,3.574159535224099,2.620633789706223,2,0,0,0,0,0,0.0345296234897023,0.0001166793069249,0.0,0.0,0.0,0.0,0.0,1,0,0,0,0,0,2,0,0,0,0,0,0,0,0,2,Shield - LinkedIn Analytics,,,
0,0,0,0,0,0,0,0,0,0,0,0,0.3443690879885775,28.58839050131926,0.1320721042298768,4.517269736842105,3.5913174782859216,16,4,2,0,0,3,0.0575657894736842,0.0422163588390501,0.0105540897097625,0.0079155672823219,0.0052770448548812,0.0,0.0,0,0,0,7,5,1,8,0,0,0,0,0,1,5,0,8,Wanderlustar,1.0,,
0,0,0,0,0,1,0,0,0,0,0,15,0.4709642920090935,50.33369115166386,0.0903349733975019,3.1653433697669624,2.9841613051196845,391,15,26,0,0,8,0.0409104970096927,0.0599601288145989,0.0023002606962122,0.0012268057046465,0.0039871185401012,0.0,0.0,1,0,0,0,0,0,4,0,0,0,0,0,0,0,0,4,POKY - Product Importer,,,
1,1,0,0,0,0,0,1,0,0,0,0,0.3417237533853752,30.5678391959799,0.086346981041899,6.608870967741935,3.613566090090361,4,1,4,0,0,0,0.032258064516129,0.0201005025125628,0.0050251256281407,0.0,0.0201005025125628,0.0,0.0,0,0,0,3,0,0,3,0,0,0,0,0,0,0,0,3,Cookie Killer for Facebook,,,
0,0,0,0,1,1,1,1,0,0,1,29,0.3728725163208529,45.95242169595111,0.0791838535481474,5.267509379868769,3.078448102256281,40,18,29,0,0,0,0.0535364361465827,6.111535523300229e-05,2.750190985485103e-05,0.0,4.4308632543926665e-05,0.0,0.0,557,0,0,1,0,0,1,0,0,0,0,0,0,0,0,1,Gero Dashboard,,,
0,0,0,0,0,0,0,0,0,0,0,0,0.0,0.0,0.0,0.0,0.0,0,0,0,0,0,0,0.0,0.0,0.0,0.0,0.0,0.0,0.0,0,0,0,0,0,0,0,0,0,0,0,0,0,0,0,0,"Ni de aqui, ni de alla",,,
0,0,0,0,1,1,0,0,0,0,0,10,0.4112531757220291,43.92041991195394,0.1121510475170942,3.8021491348530634,3.240735858921982,112,13,12,0,0,0,0.0700700357044767,0.0189637656620386,0.0022011513714866,0.0,0.0020318320352184,0.0,0.0,133,0,0,3,0,1,6,0,0,0,0,0,0,0,0,6,Dark Night Mode,,,
0,0,0,0,1,0,0,0,0,0,0,6,0.1764806957122008,53.06640973630832,0.0620926140605596,9.194919532529052,3.515475524388698,148,20,6,0,0,2,0.0389999481007223,0.0030020283975659,0.0004056795131845,4.0567951318458416e-05,0.0001217038539553,0.0,0.0,0,0,1,2,0,0,1,0,0,0,0,0,0,0,0,1,Google Ads API Web Navi,,,
0,0,0,0,0,1,0,0,0,0,0,59,0.3568321225424269,58.34959658406245,0.0827476530489287,5.356530927573308,2.9539558825548378,284,86,41,0,0,2,0.0570626482543167,0.003719809294284,0.0011264211243254,2.6195840100592027e-05,0.0005370147220621,0.0,0.0,30,1,0,5,0,1,14,0,0,0,0,0,0,0,0,14,Page Load Timer,,,
0,1,0,0,1,1,0,1,0,0,0,37,0.4442954101011576,43.47073764860195,0.0840469425409403,4.283225281632855,2.950035294270438,216,13,48,0,0,2,0.0612271057756304,0.0044970956257417,0.0002706585330307,4.163977431242323e-05,0.0009993545834981,0.0,0.0,0,0,0,0,0,0,0,0,0,0,0,0,0,0,0,0,__MSG_appName__,,,
0,0,0,0,1,1,0,0,0,0,0,317,0.2075466518531726,213.0200360393768,0.1025037622342155,7.671409932181485,2.826819891305815,633,84,226,0,0,18,0.0623163832778858,0.003667672910788,0.0004867054099623,0.0001042940164205,0.0013094693172797,0.0,0.0,79,2,0,0,0,0,3,0,0,0,0,0,0,0,0,3,"Webpilot - Copilot for All, Free & Open",,,
0,0,0,0,0,1,0,0,0,0,0,92,0.2501619842043511,46.262412651710186,0.0831188137113548,6.808825142004957,3.1986097297042977,49,43,55,0,0,0,0.0447178542447968,0.0045053328429569,0.0039536594336153,0.0,0.0050570062522986,0.0,0.0,0,0,9,2,0,1,8,0,0,0,0,0,0,0,0,8,Allkeyshop - Compare Game Prices,,,
1,1,0,0,0,1,1,0,0,0,0,5,0.3923346853210591,41.73945033542523,0.1247879607265288,3.7054919602690304,3.2673954601106727,119,9,15,1,0,4,0.0729143467996971,0.025752001731227,0.0019476303830339,0.0008656135035706,0.0032460506383899,0.0,0.0002164033758926,0,0,0,1,1,0,3,0,0,0,1,0,0,0,0,3,__MSG_extName__,,,
0,1,0,0,0,1,0,0,0,0,0,3,0.3295985060690943,27.64503816793893,0.1028411364545818,5.219645293315144,3.421626507052948,0,0,0,0,0,0,0.0136425648021828,0.0,0.0,0.0,0.0,0.0,0.0,0,0,0,0,0,0,0,0,0,0,0,0,0,0,0,0,Luna - ChatGPT for Chrome,,,
0,0,0,0,0,1,0,0,0,0,1,0,0.4238935387935902,22.77830822019991,0.1274485199081452,3.263505176760904,3.214201233374673,69,9,7,0,0,0,0.0527868676573145,0.0102938982545129,0.0013426823810234,0.0,0.0010443085185737,0.0,0.0,0,0,1,2,0,0,2,0,0,0,0,0,0,0,0,2,Proxy + Free VPN DEEPRISM,,,
0,0,0,0,0,0,0,0,0,0,0,0,0.0,0.0,0.0,0.0,0.0,0,0,0,0,0,0,0.0,0.0,0.0,0.0,0.0,0.0,0.0,0,0,0,0,0,0,0,0,0,0,0,0,0,0,0,0,Ribbet Photo Editor,,,
0,0,0,0,1,1,1,0,0,0,1,37,0.4417812131885102,34.38879077981225,0.0967325514359517,3.6798463184515127,2.7559867781414487,104,5,64,0,0,1,0.028572123334306,0.0048331629333581,0.0002323636025652,4.647272051305884e-05,0.0029742541128357,0.0,0.0,3,0,0,8,0,0,4,0,0,0,0,0,0,0,0,4,"ScreenApp - Record and take AI notes of meetings, videos, calls & lectures",,,
0,0,0,0,0,0,0,0,0,0,0,0,0.0,0.0,0.0,0.0,0.0,0,0,0,0,0,0,0.0,0.0,0.0,0.0,0.0,0.0,0.0,0,0,0,0,0,0,0,0,0,0,0,0,0,0,0,0,Caribbean Blue,,,
0,0,1,0,0,1,0,1,0,0,0,17,0.3983166149241178,27.62978045325779,0.1101374166656359,3.798350242864944,2.654812988098215,89,16,12,0,0,0,0.0641220935245595,0.0078788951841359,0.0014164305949008,0.0,0.0010623229461756,0.0,0.0,12,0,0,2,0,0,4,0,0,0,0,0,0,0,0,4,__MSG_appname__,,,
0,0,0,0,0,0,0,0,0,0,0,0,0.0,0.0,0.0,0.0,0.0,0,0,0,0,0,0,0.0,0.0,0.0,0.0,0.0,0.0,0.0,0,0,0,0,0,0,0,0,0,0,0,0,0,0,0,0,__MSG_appName__,,,
0,1,0,0,0,1,0,0,0,0,0,200,0.5587669329890583,50.239332926335386,0.0762659279098694,3.8994859723568647,2.535217251112841,1103,59,163,0,0,3,0.045171158724538,0.0066671099317573,0.0003566269138473,1.813357189054576e-05,0.0009852574060529,0.0,0.0,0,0,0,2,0,0,1,0,0,0,0,0,0,0,0,1,Pylote,,,
0,0,0,0,0,0,0,0,0,0,0,0,0.0,0.0,0.0,0.0,0.0,0,0,0,0,0,0,0.0,0.0,0.0,0.0,0.0,0.0,0.0,0,0,0,0,0,0,0,0,0,0,0,0,0,0,0,0,Jigsaw Puzzles,,,
1,1,1,0,1,1,0,0,0,0,0,12,0.6245361766661901,53.27043892566513,0.0733610021691704,3.389449017975519,2.5439490235918787,15,6,0,0,0,0,0.05309407085376,0.0006324577307416,0.0002529830922966,0.0,0.0,0.0,0.0,51,0,0,0,0,0,0,0,0,0,0,0,0,0,0,0,ShopBuddy Taiwan - 享受購物同時賺取現金回饋,,,
0,0,0,0,0,0,0,0,0,0,0,47,0.4459189127581138,45.36673591369633,0.0904921357323083,3.8635540085838898,2.767622953846843,128,16,41,0,0,1,0.0483896514291674,0.0023325315256214,0.0002915664407026,1.82229025439172e-05,0.0007471390043006,0.0,0.0,7,1,0,0,0,0,1,0,0,0,0,0,0,0,0,1,ArzDigital,,,
0,0,0,0,0,0,0,0,0,0,0,22,0.4491949165153724,40.089794545676895,0.0994359951189023,3.655173849677285,3.000080349695402,516,21,38,0,0,4,0.0533833021028523,0.0157759569524275,0.0006420447596918,0.0001222942399412,0.0011617952794423,0.0,0.0,20,1,0,2,0,1,4,0,0,0,0,0,0,0,0,4,Photo Editor,,,
1,1,0,0,1,1,0,0,0,0,0,17,0.4877340752613284,20.86627240708616,0.0598065252704999,6.706572200139576,2.8751234339236773,710,1,86,0,1,2,0.1131980054818905,0.0037323240288072,5.256794406770751e-06,1.0513588813541504e-05,0.0004520843189822,5.256794406770751e-06,0.0,0,0,0,0,0,0,10,0,0,0,0,0,0,0,0,10,__MSG_extension_name__,,,
0,0,0,0,0,0,0,0,0,0,0,69,0.5063340448039709,61.333866992684015,0.0417549778557877,2.8611480527569246,2.109197652216071,26636,8,48,0,0,2,0.0157558601078724,0.1292231860433525,3.881158914051736e-05,9.70289728512934e-06,0.0002328695348431,0.0,0.0,0,0,0,0,0,0,0,0,0,0,0,0,0,0,0,0,SuperX (Twitter Analytics),,,
0,0,0,0,0,1,0,0,0,0,0,1,0.3036085358056266,38.17375423949909,0.0857643329070758,6.306069191768565,3.22561931070808,97,15,4,0,0,0,0.0829108261258574,0.0253065483955126,0.0039133837725019,0.0,0.0010435690060005,0.0,0.0,1,0,0,36,0,1,10,0,0,0,3,0,0,0,0,10,__MSG_extension_name__,,,
0,0,0,0,0,1,0,0,0,0,0,45,0.5105944032096168,50.39455479841587,0.078126065702502,3.934327186952172,2.346599401660605,614,39,53,0,0,5,0.0612810110781713,0.0063489437384317,0.0004032716706821,5.170149624130122e-05,0.0005480358601577,0.0,0.0,0,0,0,0,0,0,1,0,0,0,0,0,0,0,0,1,FBA calculator for Amazon Sellers : SellerApp,,,
0,0,0,0,1,0,0,0,0,0,0,0,0.2866174920969441,15.09322033898305,0.0951001053740779,6.333333333333333,3.678710118241351,11,4,3,0,0,0,0.0695652173913043,0.0466101694915254,0.0169491525423728,0.0,0.0127118644067796,0.0,0.0,0,0,0,14,0,0,1,0,0,0,0,0,0,0,0,1,SEO Review Tools for Chrome!,,,
0,0,0,0,0,1,0,0,0,0,1,8,0.5697514867227594,46.27969502407705,0.0835818277495176,3.489145784754836,2.574257180835154,64,3,16,0,0,0,0.0352720943216526,0.0042803638309256,0.0002006420545746,0.0,0.0010700909577314,0.0,0.0,0,0,0,1,0,0,1,0,0,0,0,0,0,0,0,1,__MSG_name__,,,
0,0,0,0,0,0,0,0,0,0,0,0,0.1832699619771863,22.508928571428573,0.1152091254752851,7.065843621399177,3.43059201838597,2,2,1,0,0,0,0.0576131687242798,0.0178571428571428,0.0178571428571428,0.0,0.0089285714285714,0.0,0.0,2,2,0,2,1,0,2,0,0,0,0,0,0,1,0,2,__MSG_appName__,,,
0,0,0,0,0,1,0,0,0,0,0,1,0.4102694952735048,42.675245423189175,0.1251852931885008,3.400946339434276,3.2369842756170377,66,9,7,0,0,0,0.0532445923460898,0.0175112762005837,0.0023879013000795,0.0,0.0018572565667285,0.0,0.0,0,0,0,0,0,0,5,0,0,0,0,0,0,0,0,5,__MSG_extName__,,,
0,0,0,0,0,1,0,0,0,0,0,0,0.232533889468196,29.0,0.1115745568300312,5.536585365853658,2.786371157022033,8,0,0,0,0,0,0.0341463414634146,0.125,0.0,0.0,0.0,0.0,0.0,0,0,0,0,0,0,0,0,0,0,0,0,0,0,0,0,Dark Mode for All Websites,,,
0,0,0,0,0,0,0,0,0,0,0,0,0.0,0.0,0.0,0.0,0.0,0,0,0,0,0,0,0.0,0.0,0.0,0.0,0.0,0.0,0.0,0,0,0,0,0,0,0,0,0,0,0,0,0,0,0,0,Catppuccin Chrome Theme - Mocha,,,
0,0,0,0,0,0,0,0,0,0,0,0,0.0,0.0,0.0,0.0,0.0,0,0,0,0,0,0,0.0,0.0,0.0,0.0,0.0,0.0,0.0,0,0,0,0,0,0,0,0,0,0,0,0,0,0,0,0,Blue Rose,,,
0,0,0,0,0,0,0,0,0,0,0,0,0.0,0.0,0.0,0.0,0.0,0,0,0,0,0,0,0.0,0.0,0.0,0.0,0.0,0.0,0.0,0,0,0,0,0,0,0,0,0,0,0,0,0,0,0,0,Porsche 911 Turbo,,,
0,0,0,0,1,1,1,0,0,0,0,18,0.474470010711483,43.39628207410421,0.0613424295018301,5.060982033124597,2.594534231736385,55,20,14,0,0,0,0.0540249897582957,0.0013986725326145,0.000508608193678,0.0,0.0003560257355746,0.0,0.0,0,0,0,3,0,1,7,0,0,0,0,0,0,0,0,3,Limit - Set Limits for Distracting Sites,,,
0,0,0,0,0,0,0,0,0,0,0,8,0.4010476261934685,46.31484357665853,0.1154968017857477,3.744126423738074,2.994901394350657,67,10,6,0,0,0,0.0801916530071869,0.0148657643665409,0.0022187708009762,0.0,0.0013312624805857,0.0,0.0,11,0,0,4,0,1,4,0,0,0,0,1,0,0,0,4,Taborigine,1.0,,
0,1,0,0,0,1,0,0,0,0,0,0,0.4041587502638801,37.24823410696266,0.098216170572092,5.121798689696248,3.195014192021016,22,0,6,0,0,0,0.0586658725431804,0.0221997981836528,0.0,0.0,0.0060544904137235,0.0,0.0,0,0,0,2,0,0,2,0,0,0,0,0,0,0,0,2,DataLayer Checker Plus,,,
0,1,0,0,1,1,1,1,0,0,1,493,0.4917897942726226,55.03689228562271,0.0806590368053841,4.066918639336151,2.724824648388668,6011,353,424,0,0,22,0.0509224149242066,0.0086402060655367,0.00050740188673,3.1622780476095336e-05,0.0006094572237211,0.0,0.0,0,0,2,0,0,0,22,0,0,0,0,0,0,0,0,22,Sendspark Video and Screen Recorder,,,
0,0,0,0,0,1,1,0,0,0,0,26,0.4377278218741115,38.76455011549947,0.094891028056981,4.467184714402264,3.097930206498025,214,45,46,0,0,0,0.0656431614677235,0.0020095028827915,0.0004225590174094,0.0,0.0004319492177963,0.0,0.0,0,0,0,0,0,0,20,0,0,0,0,0,0,0,0,18,rePub,,,
0,0,0,0,0,0,0,0,0,0,0,1,0.2524768296580377,27.748031496062996,0.0790759256722823,5.756225425950197,3.544067150241206,18,1,13,0,0,0,0.0235910878112712,0.0236220472440944,0.0013123359580052,0.0,0.0170603674540682,0.0,0.0,0,0,0,0,0,0,0,0,0,0,0,0,0,0,0,0,Distraction Free Mode — Google Docs & Slides,,,
0,0,0,0,0,1,0,1,0,0,0,14,0.3965611556462015,38.536222855108576,0.0986382842696958,3.920438442944069,2.741975681455964,83,7,8,0,0,0,0.0669125614737017,0.0073869704521181,0.0006229975080099,0.0,0.0007119971520113,0.0,0.0,11,0,0,0,0,0,10,0,0,0,0,0,0,0,0,10,gs location changer,,,
0,0,0,0,0,1,0,0,0,0,1,77,0.4231415840050112,38.41195232279605,0.0724362141504873,5.696357384010973,3.144747703958716,7668,112,116,0,0,9,0.0847499686798307,0.0200961301583474,0.0002935272010608,2.3587007228107327e-05,0.0003040103153844,0.0,0.0,18,0,0,1,0,1,16,0,0,0,0,0,0,0,0,16,Ember Inspector,,,
1,1,0,0,1,1,1,0,1,0,1,481,0.4028413091998717,51.74105320687103,0.1011104481872062,4.562934140044524,2.8117589583483955,1127,98,246,0,0,13,0.0492985781924435,0.0038983320534905,0.0003389853959556,4.496745048391895e-05,0.0008509225245418,0.0,0.0,0,0,0,4,1,0,6,0,0,0,0,0,0,1,0,6,Kixie PowerCall,,,
1,1,0,0,0,1,0,0,0,0,0,14,0.3256508749466495,37.36246851385391,0.0812370727863685,6.650704951856946,3.335323655824041,171,10,40,0,0,0,0.0428988995873452,0.043073047858942,0.0025188916876574,0.0,0.0100755667506297,0.0,0.0,11,1,0,7,0,0,2,0,1,0,0,0,0,0,0,2,Aurora VPN — браузерный VPN,,,
0,0,1,0,1,1,0,0,0,0,0,7,0.6242772009682893,50.76453936139212,0.0691836291548378,3.1982758620689653,2.5532076111148148,174,19,18,0,0,0,0.037098834095497,0.0072436617959285,0.0007909745639232,0.0,0.0007493443237167,0.0,0.0,0,0,0,4,0,0,4,0,0,0,1,0,0,0,0,4,Netcraft Extension,,,
0,0,0,0,0,0,0,0,0,0,1,0,0.0,0.0,0.0,0.0,0.0,0,0,0,0,0,0,0.0,0.0,0.0,0.0,0.0,0.0,0.0,0,0,0,0,0,0,0,0,0,0,0,0,0,0,0,0,Solitaire Games,,,
1,1,1,0,1,1,0,0,0,0,0,17,0.5167443067458258,50.72614175806188,0.0885571603984961,3.766408378445317,2.9708076518116124,247,56,91,0,1,1,0.0522237554399745,0.0404321492879358,0.0091668030774267,0.0001636929120969,0.0148960550008184,0.0001636929120969,0.0,0,1,3,4,0,0,4,0,0,0,0,0,0,0,0,4,教えてURL,,,
0,0,0,0,0,0,0,0,0,0,0,0,0.0,0.0,0.0,0.0,0.0,0,0,0,0,0,0,0.0,0.0,0.0,0.0,0.0,0.0,0.0,0,0,0,0,0,0,0,0,0,0,0,0,0,0,0,0,__MSG_appName__,,,
1,1,0,0,0,1,0,1,1,0,0,0,0.4078360059513969,23.3367305887086,0.1224775444977131,3.5493135399990297,3.264405547606628,80,10,9,0,0,1,0.0583612283510406,0.0107281748692503,0.0013410218586562,0.0001341021858656,0.0012069196727906,0.0,0.0,0,0,0,0,1,0,4,0,0,0,0,0,0,0,0,4,Microsoft Bing Search & Trending Topics,,,
0,0,0,0,0,0,0,0,0,0,0,0,0.0,0.0,0.0,0.0,0.0,0,0,0,0,0,0,0.0,0.0,0.0,0.0,0.0,0.0,0.0,0,0,0,0,0,0,0,0,0,0,0,0,0,0,0,0,Britannica School,,,
0,0,0,0,0,1,0,0,0,0,0,5,0.4016498883633763,42.89059947216288,0.0573502283199815,4.584275333872764,2.742870189329809,14,3,7,0,0,0,0.0300585629251019,0.0004398642704536,9.425662938293326e-05,0.0,0.0002199321352268,0.0,0.0,9,1,0,0,0,0,2,0,0,0,0,0,0,0,0,2,__MSG_appName__,,,
0,0,0,0,0,1,0,0,0,0,0,0,0.3817442719881744,30.87058823529412,0.1385809312638581,3.9721254355400695,2.8246167453560598,2,0,2,0,0,0,0.0069686411149825,0.0235294117647058,0.0,0.0,0.0235294117647058,0.0,0.0,0,0,0,3,0,0,1,0,0,0,0,0,0,0,0,1,Turn Off YouTube Comments & Live Chat,,,
0,1,1,0,1,1,0,1,1,0,1,57,0.396885588033147,46.64026273046924,0.0847968043633538,4.022659120805569,2.6621677658983494,558,27,37,0,1,0,0.0351177439289063,0.0049797419101504,0.0002409552537169,0.0,0.0003301979402787,8.924268656183625e-06,0.0,0,0,0,0,0,0,1,0,0,0,0,0,0,0,0,1,Gem,,,
0,0,1,0,1,1,0,0,0,0,1,89,0.4947514021349233,36.70480741215547,0.0918211758305785,3.639339041935617,2.8399884606289363,1248,8,72,0,2,4,0.0389581853905212,0.0145446069576365,9.323465998484936e-05,4.661732999242469e-05,0.0008391119398636,2.3308664996212343e-05,0.0,1,0,0,0,0,0,2,0,0,0,0,0,0,0,0,2,__MSG_appName__,,,
0,0,0,0,0,1,0,0,0,0,0,379,0.515040926469867,47.02797031376792,0.0795432065767702,4.02217877147742,2.739035578892928,2264,83,411,0,0,13,0.0559839906945237,0.0063790460733928,0.0002338607880263,3.662879812460554e-05,0.0011580335407086,0.0,0.0,0,0,0,8,0,0,6,0,0,0,0,0,0,0,0,6,Claap - Meeting & Screen Recording,,,
0,0,0,0,0,0,0,0,0,0,0,1,0.7845284422190641,52.40141843971631,0.0318090659158221,4.3423049132947975,2.7639451076024777,6,0,4,0,0,0,0.0225794797687861,0.002127659574468,0.0,0.0,0.001418439716312,0.0,0.0,0,0,0,0,0,0,3,0,0,0,0,0,0,0,0,3,__MSG_appName__,,,
0,0,0,0,1,1,1,0,0,0,1,33,0.4245942686481843,30.562111658305334,0.1011306083819306,3.97208631465822,3.178203453636858,180,29,162,0,0,0,0.0838117593823354,0.0082846228195332,0.0013347447875914,0.0,0.0074561605375799,0.0,0.0,1,0,0,24,1,1,7,0,0,0,1,0,0,1,0,7,__MSG_extName__,1.0,,
0,0,0,0,0,0,0,0,0,0,0,0,0.0,0.0,0.0,0.0,0.0,0,0,0,0,0,0,0.0,0.0,0.0,0.0,0.0,0.0,0.0,0,0,0,0,0,0,0,0,0,0,0,0,0,0,0,0,Steady Flight,,,
0,0,0,0,0,1,0,0,0,0,1,16,0.2422556777016051,217.03789255125875,0.1350243106172365,3.217731228066712,2.5873459445362776,65,8,27,0,0,2,0.0301266516290479,0.0028116619084695,0.000346050696427,8.651267410675664e-05,0.0011679211004412,0.0,0.0,0,0,0,0,0,0,2,0,0,0,0,0,0,0,0,2,Thieve AliExpress Tools,,,
0,0,0,0,0,0,0,0,0,0,0,0,0.3268009008706175,30.161256544502617,0.0854146357860768,5.67906976744186,3.38793013402404,62,2,23,0,0,0,0.2028622540250447,0.0649214659685863,0.0020942408376963,0.0,0.0240837696335078,0.0,0.0,0,0,0,0,0,0,9,0,0,0,0,0,0,0,0,9,SimpleDraw,,,
0,1,0,0,1,1,0,0,0,0,1,58,0.3246681577496788,54.29877597196224,0.0597794295294546,5.790829272133902,3.074044692167091,302,112,70,0,0,5,0.0400779137829963,0.0017611075150306,0.0006531259658391,2.915740918924908e-05,0.0004082037286494,0.0,0.0,30,0,0,0,0,0,0,0,0,0,0,0,0,0,0,0,FlowCrypt: Encrypt Gmail with PGP,,,
0,0,0,0,0,1,0,0,0,0,1,97,0.5211711944111639,49.6875068101747,0.0795295597989027,4.21399155696751,2.675632565268101,632,16,115,0,0,9,0.0496508854852734,0.0076516096226255,0.0001937116360158,0.0001089627952589,0.0013923023838638,0.0,0.0,0,0,0,0,0,0,2,0,0,0,0,0,0,0,0,2,__MSG_extName__,,,
1,1,0,0,0,1,0,0,0,0,0,22,0.3342412114200603,40.46581860555448,0.0886574567391798,5.48119172386646,3.337502898439347,141,24,87,0,0,0,0.1029596280168278,0.0136919790250534,0.0023305496212856,0.0,0.0084482423771606,0.0,0.0,29,1,0,14,0,0,9,0,0,0,0,0,0,0,0,9,Storm Tracker: Hurricane & Tornado Alerts USA,,,
0,0,0,0,1,1,1,1,0,0,0,45,0.5189789029055764,44.58731992549454,0.0883258192831715,3.530582821587109,2.594527431813258,125,8,35,0,0,0,0.0533390424880351,0.0029472095819677,0.0001886214132459,0.0,0.0008252186829509,0.0,0.0,0,0,0,0,0,0,2,0,0,0,0,0,0,0,0,2,Scrolling Screenshot & Full Page Capture,,,
0,1,0,0,0,1,0,0,0,0,0,57,0.5179846605910045,51.24743241647976,0.0914309212570226,3.666059858438028,2.877537311565609,163,22,63,0,0,0,0.0381211301004826,0.0096210600873568,0.0012985479872506,0.0,0.0037185692362176,0.0,0.0,0,0,0,0,0,0,4,0,0,0,0,0,0,0,0,4,JobCopilot,,,
0,1,0,0,0,0,0,0,0,0,0,28,0.3331305352219042,74.09717243052373,0.1312757042119552,4.452320940641586,3.1244952876724854,559,5,24,0,0,0,0.0221803388698558,0.0150677915846788,0.0001347745222243,0.0,0.0006469177066767,0.0,0.0,0,0,0,0,0,0,3,0,0,0,0,0,0,0,0,3,__MSG_appName__,,,
0,0,0,0,0,0,0,0,0,0,0,0,0.0,0.0,0.0,0.0,0.0,0,0,0,0,0,0,0.0,0.0,0.0,0.0,0.0,0.0,0.0,0,0,0,0,0,0,0,0,0,0,0,0,0,0,0,0,Isle of Skye Scotland,,,
0,0,0,0,0,1,0,0,0,0,0,2,0.3576473549259882,44.517537580529705,0.1446571549920561,3.806336520622235,2.99476648235152,38,4,12,0,0,0,0.0359640359640359,0.0272011453113815,0.0028632784538296,0.0,0.0085898353614889,0.0,0.0,1,0,0,1,0,0,1,0,0,0,1,0,0,0,0,1,EasyReader,,,
0,0,0,0,1,1,0,0,0,0,1,24,0.4894662852570936,49.8684563501188,0.0872862387436085,3.8335491279585057,3.05361531738578,267,54,75,0,0,2,0.0552048892896503,0.005116118647965,0.0010347206254311,3.832298612707902e-05,0.0014371119797654,0.0,0.0,30,0,0,47,3,1,5,0,0,0,0,0,0,0,0,5,"GradeTransferer - Transfer, Scale & Sort Grades | Save Time, Reduce Errors",,,
0,0,0,0,1,1,0,0,0,0,0,77,0.5623683016837522,62.52634332492153,0.0819279995646456,3.910238289002156,2.6366358746152083,717,81,129,0,0,0,0.0605216944361159,0.0073552040376684,0.0008309226318704,0.0,0.0013233212285344,0.0,0.0,10,0,0,4,1,0,7,0,0,0,0,0,0,0,0,7,__MSG_appName__,,,
0,0,0,0,0,0,0,0,0,0,0,0,0.0,0.0,0.0,0.0,0.0,0,0,0,0,0,0,0.0,0.0,0.0,0.0,0.0,0.0,0.0,0,0,0,0,0,0,0,0,0,0,0,0,0,0,0,0,TagPro Capture the Flag,,,
1,1,0,0,1,1,1,1,0,0,0,26,0.3186856097239817,38.36961572832887,0.1111020300673359,4.318931346123355,3.3238702964628,166,22,44,0,0,0,0.027350562866656,0.0296693476318141,0.0039320822162645,0.0,0.007864164432529,0.0,0.0,0,0,0,9,1,1,7,0,0,0,0,0,0,0,0,7,Easy Quiz Poly,,,
0,0,0,0,1,1,0,0,0,0,1,27,0.5494965944397485,33.81232550665837,0.0877293091660199,2.506370865714802,2.8414888941617984,172,11,41,0,0,5,0.0508130577713082,0.0008636792737059,5.523530238817362e-05,2.5106955630988008e-05,0.0002058770361741,0.0,0.0,0,0,0,0,0,0,3,0,0,0,0,0,0,0,0,3,__MSG_appName__,,,
0,0,0,0,0,0,0,0,0,0,0,0,0.0,0.0,0.0,0.0,0.0,0,0,0,0,0,0,0.0,0.0,0.0,0.0,0.0,0.0,0.0,0,0,0,0,0,0,0,0,0,0,0,0,0,0,0,0,Blue Nebula - Full HD - Axlg,,,
0,0,0,0,0,1,1,0,0,0,0,16,0.2188998301998919,108.67942610547554,0.0513452430165042,3.0387350082196662,2.8732864355547485,511,20,23,0,0,1,0.012279560430068,0.014319340918007,0.0005604438715462,2.8022193577313237e-05,0.0006445104522782,0.0,0.0,0,0,0,0,0,0,3,0,0,0,0,0,0,0,0,3,__MSG_appName__,,,
0,0,0,0,0,1,1,0,0,0,1,37,0.5917511743525173,57.65855031984864,0.0875255020637807,3.371134507787691,2.7803012186096256,380,61,54,0,0,5,0.0617958944503251,0.0085593296693395,0.0013739976574466,0.000112622758807,0.0012163257951166,0.0,0.0,0,0,0,19,0,0,3,0,0,0,4,1,0,0,0,3,podStation Podcast Player,,,
0,0,0,0,0,1,0,0,0,0,0,30,0.5831348326691869,60.41148672233708,0.0780105423965063,3.851282359472747,2.538716151036791,94,12,43,0,0,0,0.0609671640424228,0.0012619821174448,0.0001611041000993,0.0,0.0005772896920226,0.0,0.0,1,0,0,0,0,0,0,0,0,0,0,0,0,0,0,0,__MSG_appName__,,,
0,0,0,0,0,1,0,0,0,0,0,32,0.7482231074939703,24.56153209331444,0.0820033645769073,1.8752990750990963,3.212867034201353,133,18,17,0,0,5,0.0380211363908488,0.0002738969982536,3.7068766680945006e-05,1.0296879633595836e-05,3.500939075422584e-05,0.0,0.0,17,0,0,3,0,0,11,0,0,0,0,0,0,0,0,11,__MSG_app_name__,,,
0,0,0,0,0,0,0,0,0,0,0,0,0.4303338171262699,12.929292929292927,0.0892597968069666,5.814814814814815,3.3811945918687982,0,0,0,0,0,0,0.0648148148148148,0.0,0.0,0.0,0.0,0.0,0.0,0,0,0,0,0,0,1,0,0,0,0,0,0,0,0,1,Doc2You,,,
0,0,0,0,0,0,1,1,0,0,0,7,0.3745740720324969,37.0885225569738,0.0830254666338757,5.888666085096137,3.3070421624140773,3589,24,50,0,0,1,0.0748449693491278,0.0463671128107074,0.0003100614955299,1.291922898041445e-05,0.0006459614490207,0.0,0.0,683,0,0,4,0,0,401,0,0,0,2,0,0,0,0,401,Foxtrick,,,
0,0,0,0,0,1,1,0,0,0,0,1199,0.3154368965452958,63.84001589992654,0.0744707141481163,4.533160475676385,2.590935493946872,23485,1294,1555,0,0,46,0.0220731846101321,0.0181973574508047,0.0010026561865591,3.564311018680089e-05,0.0012048920943581,0.0,0.0,11,0,2,0,0,0,2,0,0,0,0,0,0,0,0,2,BetterFloat,,,
0,0,0,0,0,1,0,0,0,0,0,183,0.5002880010985542,44.6199770037468,0.085681358887175,3.6176409409933306,2.7030391337812816,579,58,414,0,0,4,0.035519859003091,0.0028695755605336,0.0002874531649584,1.982435620403228e-05,0.0020518208671173,0.0,0.0,2,1,0,0,0,0,2,0,0,0,0,0,0,0,0,2,Jasper Everywhere Extension,,,
0,1,1,0,0,1,0,0,0,0,0,8,0.3597189136038431,103.88247780280086,0.0587386850187624,4.458672632077217,3.2621850216890693,23,8,15,0,0,0,0.0229181333903603,0.0005953767699515,0.000207087572157,0.0,0.0003882891977945,0.0,0.0,2,0,0,0,0,0,2,0,0,0,0,0,0,0,0,2,__MSG_name__,,,
0,0,0,0,0,0,0,0,0,0,0,0,0.0,0.0,0.0,0.0,0.0,0,0,0,0,0,0,0.0,0.0,0.0,0.0,0.0,0.0,0.0,0,0,0,0,0,0,0,0,0,0,0,0,0,0,0,0,__MSG_extName__,,,
0,0,1,0,1,1,0,1,0,0,0,0,0.562189744869446,54.65180061252508,0.0777823216130847,3.410060117063484,2.8341576672170907,390,0,52,0,0,0,0.043164552209229,0.0041187031365508,0.0,0.0,0.0005491604182067,0.0,0.0,79,0,0,0,0,0,5,0,0,0,0,0,0,0,0,5,Atmos™ Rewards Shopping,,,
0,0,0,0,0,0,0,0,0,0,0,0,0.0,0.0,0.0,0.0,0.0,0,0,0,0,0,0,0.0,0.0,0.0,0.0,0.0,0.0,0.0,0,0,0,0,0,0,0,0,0,0,0,0,0,0,0,0,Korean Radish,,,
0,0,0,0,0,0,0,0,0,0,0,0,0.0,0.0,0.0,0.0,0.0,0,0,0,0,0,0,0.0,0.0,0.0,0.0,0.0,0.0,0.0,0,0,0,0,0,0,0,0,0,0,0,0,0,0,0,0,Raora Color,,,
0,0,0,0,0,1,0,0,0,0,0,0,0.3774018379281537,35.55725190839695,0.1046365914786967,4.503171247357294,3.246316328818564,0,0,0,0,0,0,0.0126849894291754,0.0,0.0,0.0,0.0,0.0,0.0,0,0,0,0,0,0,0,0,0,0,0,0,0,0,0,0,Secured Web,,,
0,0,0,0,0,0,0,0,0,0,0,0,0.0,0.0,0.0,0.0,0.0,0,0,0,0,0,0,0.0,0.0,0.0,0.0,0.0,0.0,0.0,0,0,0,0,0,0,0,0,0,0,0,0,0,0,0,0,Bubbly,,,
0,0,0,0,0,0,0,0,0,0,0,0,0.0,0.0,0.0,0.0,0.0,0,0,0,0,0,0,0.0,0.0,0.0,0.0,0.0,0.0,0.0,0,0,0,0,0,0,0,0,0,0,0,0,0,0,0,0,Snake,,,
0,1,0,0,0,0,0,0,0,0,0,34,0.4004209012464046,34.37880329703877,0.1182770853307766,3.823865112455974,3.002914797862818,221,20,29,0,0,0,0.0401783622866828,0.003748176791832,0.0003392015196228,0.0,0.000491842203453,0.0,0.0,0,0,0,0,0,0,0,0,0,0,0,0,0,0,0,0,Menores Preços Dudu Rocha,,,
0,0,0,0,0,0,0,0,0,0,0,0,0.0,0.0,0.0,0.0,0.0,0,0,0,0,0,0,0.0,0.0,0.0,0.0,0.0,0.0,0.0,0,0,0,0,0,0,0,0,0,0,0,0,0,0,0,0,Daniel Ricciardo's MCL36 - McLaren Blue,,,
0,0,0,0,0,1,0,0,0,0,1,1,0.2827602968945725,13.839389736477116,0.0734384055938826,6.993054048187541,3.651667990202499,61,0,10,0,0,0,0.0414586498806164,0.0169209431345353,0.0,0.0,0.0027739251040221,0.0,0.0,0,0,0,0,0,0,8,0,0,0,0,0,0,0,0,8,__MSG_app_name__,,,
0,0,0,0,0,1,0,0,1,0,0,40,0.517705547111877,50.448207565854624,0.0972342204585456,3.553486190898889,2.5747210388440527,180,21,53,0,0,0,0.0678563652503056,0.0071301247771836,0.0008318478906714,0.0,0.0020994256288373,0.0,0.0,1,0,0,6,0,0,5,0,0,0,0,0,0,0,0,5,Chrome Extension Manager by cloudHQ,,,
0,0,1,0,1,1,0,1,0,0,1,37,0.3546499511990716,76.61460047182541,0.0733405833724211,7.004706314597011,2.858778625562041,1139,31,55,0,0,0,0.0531924354886446,0.0099152977636172,0.000269863240274,0.0,0.000478789619841,0.0,0.0,0,0,0,0,0,0,1,0,0,0,0,0,0,0,0,1,__MSG_EXTENSION_NAME__,,,
0,0,0,0,1,1,0,0,0,0,1,97,0.5262111559810033,45.72084154782634,0.0865038373152068,3.5163616983478416,2.634432928002441,501,80,149,0,0,2,0.0427395545178455,0.0036047833532399,0.0005756141083017,1.4390352707544862e-05,0.001072081276712,0.0,0.0,14,21,0,0,0,0,6,0,0,0,0,0,0,0,0,6,__MSG_appName__,,,
0,0,1,0,1,1,0,1,1,0,1,75,0.2651275744490727,71.68592525152124,0.0499082056010671,9.845251997474582,2.82576617086857,251,28,53,0,0,19,0.0592846101931073,0.0010482661844363,0.0001169380604152,7.935082671032355e-05,0.0002213470429287,0.0,0.0,0,0,0,0,0,0,7,0,0,0,0,0,0,0,0,7,Keep Aware,,,
0,0,0,0,1,1,0,0,0,0,0,8,0.5723197032288185,47.40901870171132,0.0710842753486457,3.532311631445164,2.008481955338147,130,3,22,0,0,0,0.0438336085496409,0.0046934796736226,0.0001083110693912,0.0,0.0007942811755361,0.0,0.0,13,1,0,1,0,0,2,0,0,0,1,0,0,0,1,2,History by Date,,,
0,0,0,0,1,1,0,0,0,0,1,318,0.4851286044640347,56.69600090008829,0.0870721275383721,3.789216962092749,2.678354234470901,4050,101,172,0,0,4,0.0513656567475299,0.0077232152221711,0.0001926036388738,7.627866886094971e-06,0.000327998276102,0.0,0.0,39,2,0,0,0,0,32,0,0,0,0,0,0,0,0,32,Crossmark Wallet,,,
0,0,1,0,1,1,0,0,0,0,1,162,0.4696164365962529,57.57797797797798,0.0887565696075273,3.844564961658246,2.722873072473665,524,104,161,0,1,0,0.0390635280794031,0.0023842023842023,0.0004732004732004,0.0,0.0007325507325507,4.55000455000455e-06,0.0,0,0,0,36,0,0,28,0,0,0,0,0,0,0,0,28,TagHound - Analytics/GTM/Pixel Debugger,,,
0,0,0,0,0,0,0,0,0,0,0,2,0.1534148596020669,155.38151658767774,0.0509766483308329,30.165340909090908,3.3895200211508016,8,1,4,0,0,0,0.0625,0.0189573459715639,0.0023696682464454,0.0,0.0094786729857819,0.0,0.0,0,0,0,0,0,0,0,0,0,0,0,0,0,0,0,0,Color Dropper,,,
0,0,0,0,0,0,0,0,0,0,0,24,0.5311132437217488,44.25666656122481,0.0941578661529762,3.5738579551959697,2.4623240487601628,80,4,18,0,0,2,0.0510017936877456,0.0025306044981494,0.0001265302249074,6.326511245373739e-05,0.0005693860120836,0.0,0.0,0,0,0,0,0,0,3,0,0,0,0,0,0,0,0,3,WebSocket King Client,,,
0,1,0,0,1,1,0,0,0,0,0,16,0.4762689577018306,54.655639837055766,0.0824055869221197,3.3462398145629577,2.781948779443081,40,2,22,0,0,2,0.0325579195099163,0.0028093833403567,0.0001404691670178,0.0001404691670178,0.0015451608371962,0.0,0.0,15,0,1,1,0,0,1,0,0,0,0,0,0,0,0,1,__MSG_appName__,,,
0,0,0,0,0,1,0,0,0,0,0,6,0.338694795118064,62.083333333333336,0.0927316193432034,4.6743156199677935,3.487994810487251,70,12,29,0,0,0,0.0185185185185185,0.0925925925925925,0.0158730158730158,0.0,0.0383597883597883,0.0,0.0,78,24,0,7,0,2,2,0,0,0,0,0,0,0,0,2,AT Price Tracker,,,
0,1,1,0,0,1,0,0,0,0,0,1,0.2974614356856553,14.83846153846154,0.1450261144175877,5.737864077669903,3.4399355278698223,3,1,3,0,0,0,0.0533980582524271,0.0057692307692307,0.0019230769230769,0.0,0.0057692307692307,0.0,0.0,0,0,0,4,0,0,1,0,0,0,0,0,0,0,0,1,Разблокировать Рутрекер / OPEN_Rutracker,,,
0,0,0,0,0,1,0,0,0,0,0,0,0.2751955407713746,38.31095406360424,0.1664119392250292,4.672790901137358,2.764635562253363,0,0,0,0,0,0,0.0376202974628171,0.0,0.0,0.0,0.0,0.0,0.0,0,0,0,0,0,0,1,0,0,0,0,1,0,0,0,1,ZenSearch,,,
0,0,0,0,0,0,0,0,0,0,0,0,0.0,0.0,0.0,0.0,0.0,0,0,0,0,0,0,0.0,0.0,0.0,0.0,0.0,0.0,0.0,0,0,0,0,0,0,0,0,0,0,0,0,0,0,0,0,__MSG_appName__,,,
0,1,0,0,0,1,0,0,0,0,0,16,0.6868510715509768,18.68373015873016,0.0456139997177476,5.202173671952978,2.0389237580509394,57,6,9,0,0,0,0.0169679494288566,0.0056547619047619,0.000595238095238,0.0,0.0008928571428571,0.0,0.0,0,0,0,4,0,0,4,0,1,0,0,0,0,0,0,4,Namso Validator,,,
0,1,0,0,0,1,0,0,0,0,0,31,0.3303364342257853,58.73420676153904,0.0854403015176725,4.4716676760447065,3.01499947498135,37,11,69,0,0,1,0.0667290645818422,0.0013929673970333,0.0004141254423612,3.7647767487388e-05,0.0025976959566297,0.0,0.0,2,0,0,2,1,0,14,0,0,0,0,0,0,1,0,14,Bing Rewards Auto Search: Automate searches with 1-Click,,,
0,1,0,0,0,1,0,0,0,0,0,28,0.3618731402301114,39.39502796768179,0.143531924190625,4.236057748282687,2.335295609598883,189,2,59,0,0,0,0.0161543835137967,0.0234928527035425,0.0002486016159105,0.0,0.0073337476693598,0.0,0.0,0,0,0,1,0,0,2,0,0,0,0,0,0,0,0,2,__MSG_extName__,,,
0,0,0,0,0,1,1,1,0,0,0,131,0.2922183216037914,104.33667041381212,0.126252477570605,5.776703616517713,2.910314397771389,452,48,144,0,0,1,0.0219524857759071,0.0023967590726875,0.000254523087365,5.302564320105203e-06,0.0007635692620951,0.0,0.0,29,0,0,0,0,0,6,0,0,0,0,0,0,0,0,6,__MSG_EXTENSION_NAME__,,,
0,0,0,0,1,1,0,0,0,0,0,2,0.2494874585537472,40.294670846394986,0.0990660355868283,5.732852882703777,3.661011244175864,48,4,49,0,0,0,0.0315606361829025,0.0501567398119122,0.0041797283176593,0.0,0.051201671891327,0.0,0.0,25,1,0,0,0,1,3,0,0,0,0,0,0,0,0,3,__MSG_name__,,,
0,1,0,0,0,1,0,1,0,0,1,148,0.4772746482197212,44.067773133147,0.0926410533082915,3.806348712800072,2.842093744262705,402,20,118,0,0,2,0.0455764677675547,0.0033144524969699,0.0001648981341776,1.6489813417761178e-05,0.0009728989916479,0.0,0.0,5,1,0,0,0,0,5,0,0,0,0,0,0,0,0,5,__MSG_extensionNameLite__,,,
0,0,0,0,1,1,1,0,0,0,0,42,0.5230991350695032,49.95042136598046,0.0664150921659223,5.889209345134528,2.739971307670847,351,36,88,0,0,0,0.0668734397458204,0.0036790910234371,0.0003773426690704,0.0,0.0009223931910611,0.0,0.0,2,0,0,0,0,0,2,0,0,0,0,0,0,0,0,2,__MSG_appName__,,,
0,0,0,0,0,1,0,0,0,0,0,3,0.3550660079371507,42.64768263943441,0.0723882544567731,5.517576228393863,3.1400599653079806,58,15,6,0,0,0,0.0211691590600116,0.0227808326787117,0.0058915946582875,0.0,0.002356637863315,0.0,0.0,1,0,0,3,0,0,1,0,0,0,0,0,0,0,0,1,__MSG_extName__,,,
0,0,0,0,0,0,0,0,0,0,0,0,0.0,0.0,0.0,0.0,0.0,0,0,0,0,0,0,0.0,0.0,0.0,0.0,0.0,0.0,0.0,0,0,0,0,0,0,0,0,0,0,0,0,0,0,0,0,Guitarist's Reference,,,
0,1,0,0,0,1,0,0,0,0,1,48,0.4511038403302334,39.75335229581471,0.072963568070035,5.9417614459227215,3.0619836193331107,111,6,20,0,0,1,0.0725471643462645,0.0064433737737272,0.0003482904742555,5.804841237592152e-05,0.0011609682475184,0.0,0.0,3,0,0,31,0,1,5,0,0,0,0,0,0,0,0,5,__MSG_appName__,,,
0,1,1,0,0,1,0,1,0,0,0,0,0.2231462231462231,38.005405405405405,0.058073458073458,5.88849765258216,3.2208914507069406,0,0,0,0,0,0,0.0375586854460093,0.0,0.0,0.0,0.0,0.0,0.0,0,0,0,5,0,0,0,0,0,0,0,0,0,0,0,0,Kagi Search,,,
0,0,0,0,0,1,0,0,0,0,0,10,0.3857341440580998,35.511651993785605,0.0998354594369686,4.79013369766761,3.2646085122181177,49,5,53,0,0,3,0.062701278422953,0.0084584843776972,0.0008631106507854,0.0005178663904712,0.0091489728983255,0.0,0.0,0,0,0,12,0,0,17,0,4,0,0,0,0,0,0,17,RYS — Remove YouTube Suggestions,,,
0,0,0,0,0,0,0,0,0,0,0,0,0.0,0.0,0.0,0.0,0.0,0,0,0,0,0,0,0.0,0.0,0.0,0.0,0.0,0.0,0.0,0,0,0,0,0,0,0,0,0,0,0,0,0,0,0,0,Banana,,,
0,0,0,0,1,1,0,1,0,0,1,17,0.4861145333519156,54.77589112004098,0.0705593405937045,4.594391545144389,2.380532412360163,92,11,11,0,0,1,0.0408835544610414,0.0002724367991045,3.25739651103221e-05,2.961269555483827e-06,3.25739651103221e-05,0.0,0.0,37,0,0,0,0,0,2,0,0,0,0,0,0,0,0,2,__MSG_appName__,,,
0,0,0,0,1,0,0,0,0,0,0,3,0.4247684018760417,36.719298245614034,0.113601302376061,3.472679260613447,3.2869221919009584,16,4,1,0,0,0,0.0795585347687724,0.0046783625730994,0.0011695906432748,0.0,0.0002923976608187,0.0,0.0,0,0,0,1,0,0,3,0,0,0,0,0,0,0,0,3,CSS Used,,,
0,0,0,0,0,0,0,0,0,0,0,0,0.0,0.0,0.0,0.0,0.0,0,0,0,0,0,0,0.0,0.0,0.0,0.0,0.0,0.0,0.0,0,0,0,0,0,0,0,0,0,0,0,0,0,0,0,0,Research In Context,,,
0,0,0,0,0,0,0,0,0,0,0,0,0.0,0.0,0.0,0.0,0.0,0,0,0,0,0,0,0.0,0.0,0.0,0.0,0.0,0.0,0.0,0,0,0,0,0,0,0,0,0,0,0,0,0,0,0,0,One Piece 15 - 1080p,,,
0,1,0,0,0,1,0,0,0,0,0,48,0.4015676600706519,50.58901311545904,0.087504494756908,5.025764517517964,2.7732355497886307,315,12,134,0,0,0,0.0358558135817397,0.0037626316921092,0.0001433383501755,0.0,0.0016006115769607,0.0,0.0,7,0,0,0,0,0,1,0,0,0,0,0,0,0,0,1,International Jobs by Leapfrog,,,
0,0,0,0,0,1,0,0,0,0,0,36,0.5921524151945537,54.65634637035587,0.0609736415891123,4.411464550403358,2.335436967138515,60,3,60,0,0,0,0.0892503443300321,0.0014685006608252,7.342503304126487e-05,0.0,0.0014685006608252,0.0,0.0,2,0,0,0,0,0,2,0,0,0,0,0,0,0,0,2,__MSG_app_name__,,,
0,1,0,0,0,1,0,0,0,0,0,79,0.4519788214413661,43.16287376748112,0.0880009431354462,3.988587842242503,2.833157979426081,2167,48,145,0,0,3,0.0472036614515428,0.0128794137400224,0.0002852846606004,1.7830291287525334e-05,0.0008617974122303,0.0,0.0,7,1,0,0,0,0,0,0,0,0,0,0,0,0,0,0,__MSG_name__,,,
0,0,0,0,0,0,0,0,0,0,0,0,0.0,0.0,0.0,0.0,0.0,0,0,0,0,0,0,0.0,0.0,0.0,0.0,0.0,0.0,0.0,0,0,0,0,0,0,0,0,0,0,0,0,0,0,0,0,__MSG_appName__,,,
0,0,0,0,0,1,0,1,0,0,0,11,0.433568195334699,42.80848561606658,0.0815932068988303,4.718924532656359,2.721402748254435,82,11,6,0,0,6,0.0404800369259173,0.0074181291840057,0.0009951148905373,0.0005427899402931,0.0005427899402931,0.0,0.0,1,0,0,0,0,0,1,0,1,0,0,0,0,0,0,1,__MSG_extension_name__,,,
0,0,0,0,1,1,0,0,0,0,0,73,0.3484859744092479,56.039778284969024,0.092752389997248,5.602050063789538,3.1602931149856346,91,12,51,0,0,1,0.0660947604592846,0.0042386697098141,0.0005589454562392,4.657878801993572e-05,0.0023755181890167,0.0,0.0,0,0,0,0,0,0,2,0,0,0,0,0,0,0,0,2,__MSG_name__,,,
0,1,0,0,1,1,0,0,0,0,0,16,0.5033819598544141,51.40533165407221,0.0862833689821008,3.504604282470292,2.7631688997140293,39,2,22,0,0,2,0.0381159359719145,0.0027287993282955,0.000139938427092,0.000139938427092,0.0015393226980128,0.0,0.0,16,0,1,1,0,0,1,0,0,0,0,0,0,0,0,1,__MSG_appName__,,,
0,0,0,0,1,1,0,0,0,0,1,95,0.3919792215685436,84.94516285357207,0.0624014733883183,5.979087561515607,2.874771408898316,573,22,184,0,0,4,0.0635364925684175,0.0048715790547606,0.0001870414296766,3.400753266848607e-05,0.0015643465027503,0.0,0.0,14,0,0,0,0,0,9,0,1,0,0,0,0,0,0,8,__MSG_appName__,,,
0,0,0,0,0,0,0,0,0,0,0,102,0.324403298994306,41.331311957587424,0.1014652633673864,4.2261254154496335,3.3739260113038023,410,53,178,0,0,8,0.1006957522866016,0.0049626590169093,0.0006415144582834,9.683237106164593e-05,0.0021545202561216,0.0,0.0,39,0,2,33,15,0,65,4,0,0,2,0,3,1,0,64,__MSG_appName__,,,
0,0,0,0,1,1,0,0,0,0,1,27,0.4546207131447529,41.91973470492691,0.0955017290125627,3.950714397864657,2.9110720080708528,236,13,76,0,0,0,0.0469461453917412,0.0159718462371413,0.000879805089334,0.0,0.005143475906876,0.0,0.0,0,0,0,0,0,0,2,0,0,0,0,0,0,0,0,2,Builder.io,,,
0,0,0,0,0,1,0,0,0,0,1,20,0.5433653669271261,47.67364136940388,0.0760080547978086,3.9197151485951327,2.5962450361003664,468,3,19,0,0,0,0.0443023843378732,0.02240842710079,0.0001436437634666,0.0,0.0009097438352884,0.0,0.0,58,0,1,0,0,0,1,0,0,0,0,0,0,0,0,1,__MSG_extName__,,,
0,0,0,0,0,0,0,0,0,0,0,14,0.3533919015064806,41.48042049934297,0.1210041142079376,4.030561399623519,3.2507628761385288,101,15,10,0,0,0,0.0862030782859041,0.0132720105124835,0.0019710906701708,0.0,0.0013140604467805,0.0,0.0,338,0,0,2,0,2,4,0,0,0,0,0,0,0,0,4,BOOL: Boolean Search Assistant,,,
1,1,0,0,1,1,0,1,0,0,1,48,0.3854478950396381,35.70458133634057,0.1020834149447615,3.9602166307083175,3.072051028824401,441,20,137,0,0,6,0.0672280007722295,0.006216521003665,0.0002819283901888,8.457851705666761e-05,0.0019312094727939,0.0,0.0,0,0,0,3,0,0,4,0,0,0,0,0,0,0,0,4,__MSG_appName__,,,
0,0,0,0,0,1,1,0,0,0,1,107,0.5153878883499473,51.22302180980336,0.0804503014510324,4.045905925010473,2.7638164248021,396,134,93,0,0,0,0.0511657254300747,0.0031247040999905,0.0010573493671685,0.0,0.0007338320234826,0.0,0.0,0,0,0,1,0,0,4,0,0,0,0,0,0,0,0,4,EVER Wallet,,,
0,0,0,0,0,0,0,0,0,0,0,16,0.4796776454099509,39.22835912364026,0.1130983211967947,3.3069079601540325,3.1220877963293625,98,12,8,0,0,1,0.0670547610869054,0.0075072774628466,0.0009192584648383,7.660487206986364e-05,0.0006128389765589,0.0,0.0,35,0,1,8,0,1,8,0,0,0,4,0,0,0,0,8,Sir Links-a-Lot,1.0,,
0,0,0,0,0,1,1,0,0,0,0,3,0.4149886479402115,57.18500979751797,0.0743314352427432,4.224294259344466,2.8204389287845277,14,3,7,0,0,0,0.0377838525455382,0.0022860875244937,0.0004898758981058,0.0,0.0011430437622468,0.0,0.0,0,0,0,0,0,0,3,0,0,0,0,0,0,0,0,1,__MSG_extName__,,,
0,1,0,0,0,0,0,0,0,0,0,1,0.2370595911265767,30.5,0.090691605045672,6.6995412844036695,3.673354889849416,2,0,0,0,0,0,0.0091743119266055,0.0136986301369863,0.0,0.0,0.0,0.0,0.0,0,0,0,0,0,0,0,0,0,0,0,0,0,0,0,0,MatPatify: Publisher's Edition,,,
0,0,0,0,1,1,1,1,0,0,1,127,0.5445226434032404,57.18714374623372,0.0868567006626708,3.210569359254254,2.493458750053572,389,11,27,0,0,4,0.0568250337872959,0.0038428482519485,0.0001086666600808,3.951514912029399e-05,0.0002667272565619,0.0,0.0,6,0,0,0,2,0,3,0,0,0,0,0,0,0,0,3,Tokpee,,,
0,0,0,0,0,0,0,0,0,0,0,0,0.0,0.0,0.0,0.0,0.0,0,0,0,0,0,0,0.0,0.0,0.0,0.0,0.0,0.0,0.0,0,0,0,0,0,0,0,0,0,0,0,0,0,0,0,0,Star Legends,,,
0,1,0,0,0,1,0,0,0,0,0,40,0.5089707801108859,40.363492883945376,0.0439194055404064,2.655552241232379,1.9175127376631296,126,15,53,0,0,4,0.0038678274072131,0.0002485785646363,2.9592686266231587e-05,7.891383004328424e-06,0.0001045608248073,0.0,0.0,3,0,0,0,0,0,1,0,0,0,0,0,0,0,0,1,Process Feedback for Google Docs,,,
0,0,0,0,0,0,0,0,0,0,0,0,0.0,0.0,0.0,0.0,0.0,0,0,0,0,0,0,0.0,0.0,0.0,0.0,0.0,0.0,0.0,0,0,0,0,0,0,0,0,0,0,0,0,0,0,0,0,__MSG_appName__,,,
0,0,0,0,0,0,0,0,0,0,0,14,0.4310990945774548,44.73754432138027,0.0971556992708827,3.663026922822224,2.855898296297812,43,59,15,0,0,1,0.052999477583936,0.0015718097744635,0.0021566692254267,3.65537156851994e-05,0.0005483057352779,0.0,0.0,5,0,0,0,0,0,2,0,0,0,0,0,0,0,0,2,__MSG_extName__,,,
0,0,0,0,1,1,0,0,0,0,0,361,0.5796310210361542,54.57585054311422,0.0650968878463831,3.799723480058557,2.8775936197181244,532,20,344,0,0,0,0.0302183300714124,0.0005890057428059,2.2143073037819263e-05,0.0,0.0003808608562504,0.0,0.0,3,3,0,2,0,0,176,0,0,0,0,0,0,0,0,176,__MSG_appName__,,,
0,0,0,0,0,0,0,0,0,0,0,0,0.3443040196594699,42.16666666666666,0.0918027031771107,4.95311167945439,3.276643966567901,2,0,1,0,0,1,0.0843989769820971,0.0075757575757575,0.0,0.0037878787878787,0.0037878787878787,0.0,0.0,0,0,0,0,0,0,0,0,0,0,0,0,0,0,0,0,Showdown Randbats Tooltip,,,
1,0,0,0,0,0,0,0,0,0,0,17,0.4218394135937082,50.705988476983066,0.0671750355248533,3.812010612504472,2.3893633819722138,1687,4,64,0,0,0,0.0168925632974283,0.049089216085666,0.000116394110458,0.0,0.0018623057673281,0.0,0.0,60,0,1,0,0,0,1,0,0,0,0,0,0,0,0,1,Magic Patterns — Import Website,,,
0,0,0,0,1,0,0,0,0,0,0,63,0.4506860064721188,29.41216263978624,0.0616520220373739,4.447705723559376,2.503116839950178,163,13,24,0,0,12,0.0439037714411909,0.0011522203214906,9.189487226612754e-05,8.48260359379639e-05,0.0001696520718759,0.0,0.0,44,0,0,4,0,0,3,0,0,0,1,0,0,0,0,3,Hola Video Accelerator,,,
0,0,0,0,0,0,0,0,0,0,0,10,0.389970210851318,23.661947579873733,0.1107202147301134,3.931573906565925,3.24202030581295,126,28,10,0,0,0,0.0492355716363378,0.0120528027549263,0.0026784006122058,0.0,0.0009565716472163,0.0,0.0,0,0,0,3,0,0,1,0,0,0,0,0,0,0,0,1,rockstar,,,
0,1,0,0,0,1,0,0,0,0,0,67,0.4668806992188844,41.92302011638555,0.093916245139534,3.664024974375808,2.8047441592286297,243,13,135,0,0,5,0.0346881217634803,0.0071780935219921,0.0003840132336868,0.0001476973975718,0.00398782973444,0.0,0.0,5,0,0,0,0,0,2,0,0,0,0,0,0,0,0,2,GetEmail.io for Gmail/Outlook/Salesforce,,,
0,1,0,0,0,1,0,0,0,0,0,38,0.3980006582195162,45.79775033689943,0.0940948306260137,4.468579301898346,2.8229125068186374,286,18,28,0,0,0,0.0657868952847519,0.0078655702538434,0.000495035890102,0.0,0.0007700558290476,0.0,0.0,12,0,0,8,4,2,3,1,0,0,0,0,0,1,0,0,Tracked for Basecamp,,,
0,0,0,0,0,0,0,0,0,0,0,0,0.0,0.0,0.0,0.0,0.0,0,0,0,0,0,0,0.0,0.0,0.0,0.0,0.0,0.0,0.0,0,0,0,0,0,0,0,0,0,0,0,0,0,0,0,0,__MSG_appName__,,,
0,0,0,0,0,1,0,0,0,0,0,29,0.5813327650599283,53.328497001721786,0.0574074984768633,5.460583097955806,2.58651664474136,163,18,48,0,0,2,0.0646792368524838,0.0012097013596152,0.000133586653209,1.484296146767203e-05,0.0003562310752241,0.0,0.0,185,0,0,3,1,0,20,0,0,1,0,0,0,1,0,20,__MSG_application_title__,,,
0,0,0,0,0,0,0,0,0,0,0,25,0.5934090933068873,48.26409823284824,0.0783735915344362,3.4629039488161704,2.508235553927159,39,3,40,0,0,0,0.0405640001630058,0.0012668918918918,9.745322245322246e-05,0.0,0.0012993762993762,0.0,0.0,0,0,0,0,0,0,1,0,0,0,0,0,0,0,0,1,Genshin Impact New Tab,,,
0,0,1,0,1,0,0,0,0,0,1,23,0.5013841502652955,45.1437615552692,0.0729301489782785,4.757933389748549,2.8890511778586263,90,18,11,0,0,1,0.0712493955512572,0.0050422992884755,0.0010084598576951,5.602554764972827e-05,0.000616281024147,0.0,0.0,2,0,0,0,2,0,13,0,0,0,0,0,0,0,0,13,Newsletter Creator for Gmail - Flashissue,,,
0,0,0,0,0,0,0,0,0,0,0,0,0.0,0.0,0.0,0.0,0.0,0,0,0,0,0,0,0.0,0.0,0.0,0.0,0.0,0.0,0.0,0,0,0,0,0,0,0,0,0,0,0,0,0,0,0,0,Japanese Cherry Blossom,,,
0,0,0,0,1,1,0,0,1,0,0,432,0.5117792162021632,59.07893797205677,0.0853819903333042,3.862858021764128,2.8349072312728345,6745,601,699,0,0,9,0.055058873484771,0.0141669537163836,0.0012623186335873,1.890327404706495e-05,0.001468154284322,0.0,0.0,89,0,0,1,0,0,13,0,0,0,0,0,0,0,0,13,Hippo Video: Video and Screen Recorder,,,
0,0,0,0,0,0,0,0,0,0,0,0,0.4515086206896552,28.03125,0.0872844827586206,5.954545454545454,3.2666491953554524,0,0,0,0,0,0,0.0454545454545454,0.0,0.0,0.0,0.0,0.0,0.0,0,0,0,0,0,0,0,0,0,0,0,0,0,0,0,0,Open in Google Maps,,,
0,1,0,0,0,1,0,0,0,0,0,36,0.5238551751547857,62.70977473356248,0.076134190114824,3.944016304132056,2.82535761566446,477,96,32,0,0,9,0.056310131412363,0.0117949605598278,0.0023738285403427,0.0002225464256571,0.0007912761801142,0.0,0.0,0,0,0,0,0,0,0,0,0,0,0,0,0,0,0,0,Google Meet Transcripts & AI Summary,,,
0,0,0,0,1,1,0,0,0,0,0,28,0.5733293860628298,64.40953398567841,0.070544181678379,4.1769236322462735,2.904822643608904,119,21,87,0,0,6,0.0781877524345807,0.0022307202039515,0.0003936565065796,0.0001124732875941,0.0016308626701158,0.0,0.0,0,0,0,4,0,0,5,0,0,0,0,0,0,0,0,5,Native MPEG-Dash + HLS Playback,,,
0,0,0,0,1,1,0,0,0,0,0,67,0.4473953512119214,65.96092356477506,0.0832378185685635,4.132519899455383,2.801517363017295,321,31,77,0,0,10,0.0395056556346878,0.0053015789125982,0.0005119904868864,0.0001651582215762,0.0012717183061372,0.0,0.0,4,0,0,0,0,0,1,0,0,0,0,0,0,0,0,1,__MSG_appName__,,,
0,0,0,0,0,0,0,0,0,0,1,12,0.3507186335867518,33.76846153846154,0.0935786210310601,6.071417087366153,3.304136438803605,35,8,54,0,0,6,0.0746326248432425,0.0033653846153846,0.0007692307692307,0.000576923076923,0.0051923076923076,0.0,0.0,1,0,0,1,0,0,3,0,0,0,0,0,0,0,0,2,__MSG_appName__,,,
0,0,0,0,0,1,0,0,0,0,0,8,0.3226401101811633,29.74983713355049,0.0912596673376417,5.845954234489266,3.468072297790397,10,0,14,0,0,0,0.0417551309271054,0.006514657980456,0.0,0.0,0.0091205211726384,0.0,0.0,0,0,0,0,0,0,3,0,0,0,0,0,0,0,0,3,__MSG_appName__,,,
0,1,1,0,1,1,0,0,0,0,0,16,0.3677886887233766,88.98006149706929,0.0492033751966933,4.422002742622659,3.097363061446593,21,3,26,0,0,1,0.0189314239654973,0.0010089362928797,0.0001441337561256,4.804458537522821e-05,0.0012491592197559,0.0,0.0,0,0,0,0,0,0,1,0,0,0,0,0,0,0,0,1,Vetted AI: Your Shopping Agent,,,
0,0,0,0,1,1,1,1,1,0,1,436,0.4642799527029284,66.51426398013155,0.0708620518113357,4.749232726704928,2.9333816171999043,5113,196,273,0,0,25,0.0531241223023677,0.0048136578715968,0.0001845251208357,2.3536367453534505e-05,0.0002570171325925,0.0,0.0,4,0,0,3,0,0,3,0,0,0,0,0,0,0,0,3,Finnie,,,
0,0,0,0,0,0,0,0,0,0,0,0,0.0,0.0,0.0,0.0,0.0,0,0,0,0,0,0,0.0,0.0,0.0,0.0,0.0,0.0,0.0,0,0,0,0,0,0,0,0,0,0,0,0,0,0,0,0,__MSG_appName__,,,
0,1,0,0,1,1,1,0,0,0,1,51,0.496220754552422,48.16841865583849,0.0767449632572287,4.001534570705989,2.956820908284691,79,6,65,0,0,1,0.053924300227185,0.0029979886911312,0.0002276953436302,3.7949223938370464e-05,0.002466699555994,0.0,0.0,15,1,0,0,0,0,9,0,0,0,0,0,0,0,0,9,Temp Mail - Disposable Temporary Email,,,
0,0,0,0,1,0,0,0,0,0,1,13,0.4410266194739489,39.81082151105246,0.1199032430710623,3.3994865286712472,3.141726003277394,118,19,26,0,0,3,0.0590054410456143,0.0077862091718904,0.0012537116463213,0.0001979544704717,0.0017156054107555,0.0,0.0,9,0,0,0,0,0,27,0,0,0,0,1,0,0,0,27,Finitimus,,,
0,0,0,0,0,0,0,0,0,0,0,0,0.0,0.0,0.0,0.0,0.0,0,0,0,0,0,0,0.0,0.0,0.0,0.0,0.0,0.0,0.0,0,0,0,0,0,0,0,0,0,0,0,0,0,0,0,0,Cartoon Cats,,,
0,0,0,0,0,1,0,0,0,0,1,5,0.5521345218842856,47.26558572146808,0.0908080011041752,3.500273169048509,2.7735452233288997,92,7,22,0,0,0,0.0406590562728239,0.0115635997988939,0.0008798391151332,0.0,0.0027652086475615,0.0,0.0,0,0,0,0,0,0,2,0,0,0,0,0,0,0,0,2,ZeroBlur,,,
0,0,0,0,0,0,1,0,0,0,0,0,0.0,0.0,0.0,0.0,0.0,0,0,0,0,0,0,0.0,0.0,0.0,0.0,0.0,0.0,0.0,0,0,0,0,0,0,0,0,0,0,0,0,0,0,0,0,Slacker Radio,,,
0,0,0,0,0,1,0,0,0,0,0,0,0.2641661300708307,34.43346007604563,0.0746941403734707,7.596795727636849,3.3892751040500846,71,6,1,0,0,0,0.0327102803738317,0.1349809885931558,0.0114068441064638,0.0,0.0019011406844106,0.0,0.0,9,0,0,1,0,0,1,0,0,0,0,0,0,0,0,1,SingleClick Cleaner,,,
0,0,0,0,0,1,0,0,0,0,0,30,0.5816890370605395,60.35430498751793,0.0779776156825706,3.863434740052165,2.539627079177764,93,12,43,0,0,0,0.0618907251608231,0.0012349285600467,0.0001593456206511,0.0,0.0005709884740001,0.0,0.0,0,0,0,0,0,0,0,0,0,0,0,0,0,0,0,0,__MSG_appName__,,,
0,0,0,0,0,1,0,0,0,0,1,19,0.445758949410288,35.12008242787561,0.0798937792392353,5.388063452175278,3.1613770478872096,65,8,14,0,0,0,0.0618815768807915,0.0060884226301985,0.0007493443237167,0.0,0.0013113525665043,0.0,0.0,36,0,0,6,0,1,6,0,0,0,0,0,0,0,0,6,__MSG_name__,,,
1,1,0,0,0,1,0,0,0,0,0,1,0.320142068601462,33.24086444007859,0.0933888755006254,2.724549658361516,3.090825622562257,15,3,11,0,0,0,0.0077300020705362,0.0029469548133595,0.0005893909626719,0.0,0.0021611001964636,0.0,0.0,0,0,0,0,0,0,0,0,0,0,0,0,0,0,0,0,Mobile View: Test responsive designs fast,,,
0,0,0,0,0,0,0,0,0,0,0,0,0.0,0.0,0.0,0.0,0.0,0,0,0,0,0,0,0.0,0.0,0.0,0.0,0.0,0.0,0.0,0,0,0,0,0,0,0,0,0,0,0,0,0,0,0,0,Mira! Let's Go,,,
0,0,0,0,1,1,0,0,0,0,0,1213,0.5777962062919741,55.91393445752327,0.0735430217233045,3.936938969676652,2.6306305056342696,15598,171,924,0,0,35,0.0418099509085352,0.0085072358955395,9.326435043834244e-05,1.908919453416366e-05,0.0005039547357019,0.0,0.0,20,1,0,1,0,0,1,0,0,0,0,0,0,0,0,1,__MSG_appName__,,,
1,1,1,0,0,1,0,0,0,0,0,1,0.3022816679779701,31.7680412371134,0.0813532651455546,6.174216027874564,2.5807481319329497,0,0,1,0,1,0,0.0313588850174216,0.0,0.0,0.0,0.0051546391752577,0.0051546391752577,0.0,0,0,0,0,0,0,0,0,0,0,0,0,0,0,0,0,Errors.net official extension,,,
0,0,0,0,0,0,0,0,0,0,0,2,0.2472501195600191,36.5748502994012,0.0900685477443009,6.464169381107492,3.938887833264326,10,0,0,0,0,0,0.0667752442996742,0.059880239520958,0.0,0.0,0.0,0.0,0.0,0,0,0,1,0,0,1,0,0,0,0,0,0,0,0,1,Descarga Masiva Facturas XML CFDI SAT México,,,
0,0,0,0,0,1,0,0,0,0,0,9,0.5626307073664779,48.5221708571159,0.0582692308608218,5.437452219048002,1.7267225955977654,80,24,38,0,0,0,0.0626644670663501,0.0018868814566724,0.0005660644370017,0.0,0.0008962686919194,0.0,0.0,0,0,0,17,0,3,3,0,0,0,0,0,0,0,0,3,__MSG_appName__,,,
0,0,0,0,0,1,0,0,0,0,0,2,0.2422404375759149,29.97421339011119,0.0897458423412756,7.827705871318701,3.948144625865893,237,29,35,0,0,28,0.0378915775651847,0.056068133427963,0.0068606576768393,0.0066240832741897,0.0082801040927371,0.0,0.0,0,0,0,3,0,0,1,0,0,0,0,0,0,0,0,1,__MSG_appName__,,,
0,1,0,0,1,1,0,0,0,0,0,68,0.5496927032400541,43.645579136066615,0.0865757620894884,3.207979825894708,2.5706412396968847,175,19,92,0,0,5,0.0213831698217493,0.0025299254033423,0.00027467761522,7.22835829526398e-05,0.0013300179263285,0.0,0.0,9,0,0,0,0,0,3,0,0,0,0,0,0,0,0,3,SeekAll,,,
0,0,0,0,1,1,1,1,0,0,1,217,0.4001152693652117,41.20327052854932,0.0909427357126585,4.025905890282187,2.8727927880326054,561,82,390,0,0,4,0.0563778577889714,0.0017900161133357,0.0002616422839456,1.276303824125333e-05,0.0012443962285221,0.0,0.0,9,4,0,0,0,0,45,0,0,0,0,0,0,0,0,45,__MSG_appName__,,,
0,0,0,0,0,0,0,0,0,0,0,0,0.279783393501805,11.333333333333334,0.1335740072202166,5.5,3.020183467300237,3,0,0,0,0,0,0.0892857142857142,0.0666666666666666,0.0,0.0,0.0,0.0,0.0,0,0,0,0,0,0,0,0,0,0,0,0,0,0,0,0,Shorts to Normal player,,,
0,0,0,0,1,1,0,0,0,0,1,5,0.4478589093953302,68.39087748005727,0.0653749672063977,5.942665673864482,3.0865251409955365,51,10,15,0,0,6,0.0378963044245013,0.0104315811004295,0.0020454080589077,0.0012272448353446,0.0030681120883616,0.0,0.0,3,0,0,0,0,0,4,0,0,0,0,0,0,0,0,3,Snow Rider 3D Unblocked,,,
1,1,0,0,0,1,0,0,0,0,1,6,0.424255914525566,20.19789700727959,0.0974306792164843,4.20706940874036,3.1884003667424428,55,9,15,0,0,0,0.0334190231362467,0.0148287948234025,0.0024265300620113,0.0,0.0040442167700188,0.0,0.0,0,0,0,0,0,0,2,0,0,0,0,0,0,0,0,2,__MSG_extension_name__,,,
0,0,0,0,0,1,0,0,0,0,0,11,0.3051241129698766,21.43304570150208,0.0840006839750349,7.920306965761511,3.622460411257417,39,1,11,0,0,0,0.1402990948445494,0.012464046021093,0.0003195909236177,0.0,0.0035155001597954,0.0,0.0,1,0,4,5,0,0,2,0,0,0,0,0,0,0,0,2,YouTube Livestreams Theater Mode,,,
0,0,1,0,1,1,1,0,0,0,1,50,0.4755430394708796,40.61496324994671,0.0837133928466032,4.063064210017564,2.680634576913815,367,35,55,0,1,0,0.0555598778748334,0.0034015812254961,0.0003244014792707,0.0,0.0005097737531397,9.26861369344987e-06,0.0,2,0,1,3,0,0,3,0,0,0,0,0,0,0,0,3,Swash,,,
0,0,0,0,0,0,0,0,0,0,0,0,0.0,0.0,0.0,0.0,0.0,0,0,0,0,0,0,0.0,0.0,0.0,0.0,0.0,0.0,0.0,0,0,0,0,0,0,0,0,0,0,0,0,0,0,0,0,Catppuccin Chrome Theme - Macchiato,,,
0,0,0,0,0,1,0,0,0,0,0,5,0.3779031197486666,52.02872197541068,0.0849107425537614,5.816529169456328,2.9195266395623425,78,3,17,0,0,1,0.0501117755863962,0.0040293418741605,0.0001549746874677,5.165822915590454e-05,0.0008781898956503,0.0,0.0,0,0,0,3,0,0,3,0,0,0,3,0,0,0,2,3,__MSG_name__,,,
0,0,0,0,0,1,0,0,0,0,1,1,0.2732569430957468,28.78034682080925,0.1048747329578558,6.876777251184834,3.484584134905357,3,2,3,0,0,0,0.1137440758293838,0.0173410404624277,0.0115606936416184,0.0,0.0173410404624277,0.0,0.0,0,0,0,2,0,0,1,0,0,0,0,0,0,0,0,1,Stop Slide Scrolling in Google Presentation,,,
0,0,0,0,1,1,0,1,0,0,1,233,0.4908240033742176,47.13866689528695,0.0871955269160373,3.977058191644707,2.9538132458012014,3258,352,298,0,0,3,0.0655398714312089,0.0121442096944937,0.0013120815876187,1.1182513530841371e-05,0.0011107963440635,0.0,0.0,23,0,0,8,0,0,57,0,0,0,0,0,0,0,0,57,__MSG_extName__,,,
0,0,0,0,0,0,0,0,0,0,0,0,0.0,0.0,0.0,0.0,0.0,0,0,0,0,0,0,0.0,0.0,0.0,0.0,0.0,0.0,0.0,0,0,0,0,0,0,0,0,0,0,0,0,0,0,0,0,Pro Guitar Tuner,,,
1,1,0,0,0,1,0,0,0,0,0,24,0.2612631303094495,44.29673590504451,0.0940687034570112,5.785205479452054,3.604929480737789,179,5,72,0,0,0,0.0441643835616438,0.0885262116716122,0.0024727992087042,0.0,0.0356083086053412,0.0,0.0,0,0,0,9,0,0,6,0,0,0,0,0,0,0,0,6,__MSG_appName__,,,
0,0,0,0,0,1,0,0,0,0,0,1,0.4489591424243334,28.82421450054393,0.0406709036214376,5.982226574090558,2.2077131550366254,32,3,10,0,0,0,0.0173876921250964,0.0020477378895501,0.0001919754271453,0.0,0.0006399180904844,0.0,0.0,0,0,0,2,0,0,1,0,0,0,0,0,0,0,0,1,__MSG_extension_name__,,,
0,0,0,0,0,0,0,0,0,0,0,0,0.0,0.0,0.0,0.0,0.0,0,0,0,0,0,0,0.0,0.0,0.0,0.0,0.0,0.0,0.0,0,0,0,0,0,0,0,0,0,0,0,0,0,0,0,0,Google Tips,,,
0,0,0,0,0,1,0,0,0,0,0,109,0.5617196223399369,51.63878079853016,0.0777619100460961,3.8430475056611817,2.41990794006281,1025,8,70,0,0,1,0.0437710911701652,0.0088831497482385,6.933190047405687e-05,8.666487559257109e-06,0.0006066541291479,0.0,0.0,0,0,5,4,0,0,10,0,0,0,0,0,0,0,0,10,"Blerp - Videos, TTS, Memes, Sound Alerts",,,
0,0,0,0,0,0,0,0,0,0,0,0,0.2980214344600165,29.734177215189877,0.105111294311624,6.969387755102041,3.3445313415586324,2,0,1,0,0,0,0.0561224489795918,0.0253164556962025,0.0,0.0,0.0126582278481012,0.0,0.0,0,0,1,2,0,0,1,0,0,0,0,0,0,0,0,1,__MSG_bookmarkerExtensionName__,,,
0,0,0,0,1,1,1,0,0,0,1,91,0.1806574078767681,178.76412605732602,0.1148820937753352,6.067530497662798,3.79893285067056,1731,82,52,0,0,18,0.0484960991779288,0.0078592865347856,0.0003723058901516,8.172568320401e-05,0.0002360964181449,0.0,0.0,0,0,0,0,1,0,4,0,0,0,0,0,0,0,0,4,__MSG_appName__,,,
0,1,0,0,1,1,0,0,0,0,1,68,0.4862399143285187,36.24147711473222,0.1002735640129336,3.4140965203308404,2.858596220317226,122,25,95,0,0,4,0.0498796986929772,0.0007538821842809,0.0001544840541559,2.4717448664948805e-05,0.0005870394057925,0.0,0.0,6,0,0,0,0,0,2,0,0,0,0,0,0,0,0,2,西柚找词——每小时亚马逊关键词排名更新,,,
0,0,0,0,0,0,0,1,0,0,1,7,0.4252264360967543,39.83562806488118,0.0969322008064404,4.619927840656353,3.0898631261256573,87,15,10,0,0,1,0.0751247961251421,0.0082044511505092,0.0014145605431912,9.43040362127499e-05,0.0009430403621274,0.0,0.0,0,0,0,0,0,0,0,0,0,0,0,0,0,0,0,0,Readwise Exporter,,,
0,0,0,0,0,0,0,0,0,0,0,0,0.0,0.0,0.0,0.0,0.0,0,0,0,0,0,0,0.0,0.0,0.0,0.0,0.0,0.0,0.0,0,0,0,0,0,0,0,0,0,0,0,0,0,0,0,0,Tiger,,,
0,1,0,0,0,0,0,0,0,0,0,0,0.5785898336847036,40.85947712418301,0.0715233856484734,5.329545454545454,3.0762799274059,0,0,0,0,0,3,0.077020202020202,0.0,0.0,0.0098039215686274,0.0,0.0,0.0,0,0,0,1,1,0,0,0,0,0,0,0,0,1,0,0,diagrams.net and draw.io Importer,,,
0,0,1,0,0,1,0,0,0,0,0,58,0.4935362619470241,40.332052797478326,0.0938378808128838,3.252700664851997,2.566855829490925,129,9,34,0,0,7,0.0381649705511348,0.0025413711583924,0.000177304964539,0.0001379038613081,0.0006698187549251,0.0,0.0,0,0,0,3,0,0,1,0,0,0,0,0,0,0,0,1,Аналитика и инструменты Авитолога - avToolsPro,,,
0,1,0,0,0,1,0,0,0,0,0,63,0.5627387939403116,41.51165898309615,0.0762401306362966,3.691028613186509,2.6440947793645524,1736,13,64,0,0,0,0.0298227267572981,0.0193314180085076,0.0001447629228747,0.0,0.0007126790049219,0.0,0.0,0,0,0,0,0,0,2,0,0,0,0,0,0,0,0,2,__MSG_name__,,,
0,0,1,0,0,1,0,1,0,0,1,64,0.5176463242604433,44.86491389475594,0.087903751893972,3.3813617360854704,2.3491328869851764,224,33,55,0,0,3,0.0554288402672733,0.002902569551527,0.0004276106928589,3.887369935080922e-05,0.0007126844880981,0.0,0.0,8,0,0,0,0,0,3,0,0,0,0,0,0,0,0,3,Btools,,,
0,0,0,0,1,1,0,0,0,0,0,2,0.2978359212617679,24.80757097791798,0.1180462159188164,4.301925025329281,3.3876482566677653,12,4,3,0,0,0,0.019756838905775,0.0189274447949526,0.0063091482649842,0.0,0.0047318611987381,0.0,0.0,0,0,0,0,0,0,2,0,0,0,0,0,0,0,0,2,Convert Case,,,
0,0,0,0,0,0,0,0,0,0,0,0,0.2671707624448645,31.397959183673468,0.0595463137996219,6.252525252525253,3.3274242033725074,14,0,3,0,0,0,0.0,0.1428571428571428,0.0,0.0,0.0306122448979591,0.0,0.0,0,0,0,0,0,0,1,0,0,0,0,0,0,0,0,1,Quick Create Plus,,,
0,0,0,0,0,1,0,0,0,0,0,14,0.5397808018690048,59.24701541133059,0.0785592074343858,3.739786309559616,2.7589560750473416,179,59,17,0,0,6,0.0566895102888846,0.0043171019945493,0.0014229554060246,0.0001447073294262,0.000410004100041,0.0,0.0,0,0,0,1,0,0,1,0,0,0,0,0,0,0,0,1,__MSG_plugin_name__,,,
0,1,0,0,0,1,0,0,0,0,0,49,0.4369656519464936,38.929234729068185,0.0659554419685769,3.1273809644404373,2.785308604184689,65,9,20,0,0,1,0.0084838477668486,0.0005467422572884,7.570277408609928e-05,8.41141934289992e-06,0.0001682283868579,0.0,0.0,33,1,0,0,0,0,1,0,0,0,0,0,0,0,0,1,__MSG_appName__,,,
1,1,1,0,1,1,0,0,0,0,0,285,0.4052358536724904,38.56662710356812,0.0861930462653851,3.4795156797561084,2.535461420701957,892,91,494,0,2,12,0.0420813548400781,0.0024564002720766,0.0002505968887432,3.304574357053752e-05,0.0013603831103204,5.507623928422919e-06,0.0,45,6,0,0,0,0,12,0,0,0,0,0,0,0,0,12,__MSG_extension_name__,,,
0,0,0,0,0,0,0,0,0,0,0,0,0.0,0.0,0.0,0.0,0.0,0,0,0,0,0,0,0.0,0.0,0.0,0.0,0.0,0.0,0.0,0,0,0,0,0,0,0,0,0,0,0,0,0,0,0,0,Van Gogh Bouquet,,,
0,0,0,0,1,1,1,0,0,0,1,208,0.443893307053557,34.38223058886807,0.0965834034329264,4.074181174316738,3.0971855746272965,446,36,256,0,0,10,0.0450512002867649,0.0018740913178307,0.000151271944937,4.201998470472557e-05,0.0010757116084409,0.0,0.0,5,0,0,0,0,0,18,0,0,0,0,0,0,0,0,18,"Screen Recorder, Webcam Recorder - Dubb Video",,,
0,1,0,0,0,1,0,0,0,0,0,28,0.5403140278114346,46.167365622344654,0.0860789991649247,3.653682878274512,2.690369663177133,358,6,31,0,0,1,0.0430844682337741,0.0098127895184058,0.0001644601595263,2.741002658772579e-05,0.0008497108242194,0.0,0.0,2,0,0,0,0,0,1,0,0,0,0,0,0,0,0,1,Gaea Extension,,,
0,0,0,0,1,1,0,0,0,0,0,48,0.5304301747533919,53.76121097902774,0.0907934916748696,3.681510704490565,2.339346419365041,266,34,59,0,0,0,0.0620522739367145,0.0064269836667633,0.0008214941528945,0.0,0.0014255339711993,0.0,0.0,0,0,0,0,0,0,0,0,0,0,0,0,0,0,0,0,__MSG_appName__,,,
1,1,0,0,1,1,0,1,0,0,1,341,0.4705594818603885,61.26675918547252,0.0763888585511453,5.013382700339172,2.9367182094973616,1281,158,354,0,0,13,0.0484536868912953,0.000681913638113,8.41080053254208e-05,6.920278919180192e-06,0.0001884445182607,0.0,0.0,3,0,2,0,0,0,23,0,0,0,0,0,0,0,0,23,__MSG_extName__,,,
0,0,1,0,1,1,0,1,0,0,1,163,0.4510680782127114,42.63716141906371,0.0797484108414842,3.574213902144432,2.907220200390522,212,36,190,0,1,2,0.03883564260578,0.0012018276851211,0.00020408394653,1.133799702944478e-05,0.0010771097177972,5.668998514722389e-06,0.0,20,4,0,0,0,0,1,0,0,0,0,0,0,0,0,1,__MSG_extName__,,,
0,1,1,0,0,1,0,1,0,0,1,26,0.3463830989125883,36.977060594655626,0.109596921849566,3.943850454948728,3.121697228708001,163,12,100,0,0,1,0.0552458373738832,0.0030673692133985,0.0002258185923974,1.881821603312006e-05,0.001881821603312,0.0,0.0,0,0,0,0,0,0,0,0,0,0,0,0,0,0,0,0,__MSG_appName__,,,
0,0,0,0,0,0,0,0,0,0,0,0,0.0,0.0,0.0,0.0,0.0,0,0,0,0,0,0,0.0,0.0,0.0,0.0,0.0,0.0,0.0,0,0,0,0,0,0,0,0,0,0,0,0,0,0,0,0,vidIQ for Chrome,,,
0,0,0,0,0,1,0,0,0,0,0,7,0.2670545428978221,38.81595521343597,0.0921586894236346,6.042836573074154,3.700086782088397,57,1,24,0,0,0,0.0919726421886249,0.039888033589923,0.0006997900629811,0.0,0.0167949615115465,0.0,0.0,0,0,0,3,0,0,2,0,0,0,0,0,0,0,0,2,__MSG_name__,,,
0,1,0,0,1,1,0,1,0,0,0,24,0.4055800082640174,28.78903992293696,0.1270466916982555,2.904917683980957,3.2034260627919324,31,3,12,0,0,0,0.0340434586026224,0.0033179920796318,0.0003210960077063,0.0,0.0012843840308252,0.0,0.0,4,0,0,5,0,0,3,0,0,0,0,0,0,0,0,2,Spreen Points,,,
0,0,1,1,1,1,0,0,0,0,0,58,0.4564102610344972,58.35887260187033,0.0704756300559508,3.627308660334947,2.575985395102158,152,43,21,0,3,1,0.03419055329578,0.0011622661130609,0.0003287989661948,7.646487585927404e-06,0.0001605762393044,2.2939462757782213e-05,0.0,55,0,0,0,0,0,2,0,0,0,0,0,0,0,0,2,Avast Online Security & Privacy (BETA),,,
0,0,0,0,0,1,0,0,0,0,0,51,0.3635963857567822,47.85971496953873,0.1082647535581324,4.159488791966731,3.004135622952113,208,28,54,0,0,0,0.0479460391520438,0.011314186248912,0.0015230635335073,0.0,0.0029373368146214,0.0,0.0,33,6,0,0,0,0,2,0,0,0,0,0,0,0,0,2,Modern for Hacker News,,,
0,1,0,0,0,0,0,0,0,0,0,50,0.487567182103913,59.24647372343866,0.0872053762022751,3.793493961205319,2.6655540148668764,1412,10,86,0,0,3,0.0324423569598633,0.0099284197499613,7.031458746431534e-05,2.1094376239294604e-05,0.0006047054521931,0.0,0.0,0,0,0,0,0,0,0,0,0,0,0,0,0,0,0,0,Showdex,,,
0,1,0,0,0,1,0,0,0,0,1,9,0.3508867454884878,29.46919431279621,0.084085252022402,6.291627469426152,3.523001507507097,26,0,10,0,0,0,0.0856067732831608,0.0616113744075829,0.0,0.0,0.0236966824644549,0.0,0.0,0,0,0,0,0,0,2,0,0,0,0,0,0,0,0,2,Open Access Button,,,
0,0,0,0,0,0,1,0,0,0,0,0,0.0,0.0,0.0,0.0,0.0,0,0,0,0,0,0,0.0,0.0,0.0,0.0,0.0,0.0,0.0,0,0,0,0,0,0,0,0,0,0,0,0,0,0,0,0,Learn Italian - Molto Bene,,,
0,0,1,0,1,1,0,1,0,0,0,23,0.5108668165361517,53.34657282696965,0.0785579682797122,4.167697153339564,2.6956666800646167,66,3,9,0,0,0,0.0610999933922992,0.0002414274949336,1.0973977042440028e-05,0.0,3.292193112732008e-05,0.0,0.0,1,0,1,1,0,0,7,0,0,0,0,0,0,0,0,7,ObservePoint Debugger,,,
0,0,0,0,0,0,1,0,0,0,0,0,0.0,0.0,0.0,0.0,0.0,0,0,0,0,0,0,0.0,0.0,0.0,0.0,0.0,0.0,0.0,0,0,0,0,0,0,0,0,0,0,0,0,0,0,0,0,The JAMA Network Reader,,,
0,0,1,0,1,1,0,1,0,0,0,187,0.3124006865868256,55.358019889273535,0.0918527284602478,4.834577353048055,3.057102450426751,744,214,351,0,1,9,0.0796202711639465,0.0096464273211715,0.0027746444176488,0.0001166906530786,0.0045509354700688,1.2965628119854266e-05,0.0,241,2,0,2,0,0,5,0,0,0,0,0,0,0,0,5,__MSG_extension_name__,,,
1,1,1,0,0,0,0,0,0,0,1,140,0.4171137124007072,52.202442492071015,0.0901552546608671,4.0503155117866045,2.8818181539260204,298,56,187,0,2,5,0.0646303367810477,0.0021727242900368,0.0004082971820203,3.645510553753053e-05,0.0013634209471036,1.4582042215012212e-05,0.0,0,0,0,0,0,0,1,0,0,0,0,0,0,0,0,1,__MSG_appName__,,,
0,1,0,0,0,1,0,0,0,0,0,11,0.4343162687758508,36.983979328165375,0.0847135548944198,5.930235983855287,3.0436812400103537,40,1,6,0,0,1,0.0582152432018383,0.0034453057708871,8.613264427217915e-05,8.613264427217915e-05,0.000516795865633,0.0,0.0,0,0,0,0,0,0,0,0,0,0,0,0,0,0,0,0,__MSG_appName__,,,
0,0,0,0,0,0,0,0,0,0,0,4,0.506091346628714,24.941736547868626,0.0976456221322294,2.8420706381390963,2.923587824458486,95,8,82,0,0,3,0.0979841520772168,0.0027661309107849,0.0002329373398555,8.735150244584206e-05,0.0023876077335196,0.0,0.0,0,0,0,9,0,0,3,0,0,0,5,0,0,0,0,3,__MSG_AppName__,,,
0,0,0,0,0,1,1,0,0,0,1,81,0.5131111272724657,56.63994015790019,0.0800727158159726,3.849074036877837,2.939050991949092,714,49,55,0,0,6,0.0523067299470304,0.010576054272637,0.0007258076461613,8.88744056524122e-05,0.0008146820518137,0.0,0.0,0,0,0,0,0,0,24,0,0,0,0,0,0,0,0,24,__MSG_name__,,,
1,1,0,0,1,1,0,0,0,0,0,1,0.5595045472298165,55.71888185654009,0.0995369078837248,3.238399252569293,2.866791932810046,77,9,8,0,0,0,0.0520087200249143,0.0203059071729957,0.0023734177215189,0.0,0.0021097046413502,0.0,0.0,0,0,0,0,0,0,0,0,0,0,0,0,0,0,0,0,__MSG_extName__,,,
0,0,0,0,1,1,0,0,0,0,0,56,0.4213287802514975,34.829516667084704,0.107143732197023,3.692134362083916,3.254207549211498,94,10,40,0,0,2,0.0445405118013051,0.002357721538037,0.0002508214402167,5.016428804334195e-05,0.0010032857608668,0.0,0.0,1,0,0,0,0,0,1,0,0,0,0,0,0,0,0,1,__MSG_appName__,,,
0,0,0,0,1,1,0,0,0,0,0,0,0.4232581959730797,39.78850742587735,0.0955501724664178,4.011050896605613,2.839522705781858,1,0,0,0,0,0,0.0505857050479562,3.2028800297227268e-06,0.0,0.0,0.0,0.0,0.0,0,0,0,0,0,0,2,0,0,0,0,0,0,0,0,2,Fabric web clipper – save anything from the web,,,
1,1,0,0,0,0,0,0,0,0,0,64,0.3670657566698446,42.27795126761721,0.090277701483553,5.565638887574978,3.216592068414415,687,69,221,0,0,2,0.0742502633453987,0.0020163302202994,0.0002025135155759,5.869956973215386e-06,0.0006486302455403,0.0,0.0,6,0,0,3,0,0,4,0,0,0,0,0,0,0,0,4,__MSG_extensionName__,,,
0,1,0,0,1,0,0,0,0,0,0,0,0.2760587894024366,16.333333333333332,0.0947592341906787,5.759922555663117,3.493755222274042,6,0,4,0,0,0,0.0406582768635043,0.0100502512562814,0.0,0.0,0.0067001675041876,0.0,0.0,0,0,0,0,0,0,0,0,0,0,0,0,0,0,0,0,Ubiq,,,
0,0,0,0,1,1,0,1,0,0,0,53,0.4921862819980934,35.71126542693736,0.0918824907917988,3.4899044755464983,2.7191882624055417,1079,7,69,0,0,2,0.0361271161407707,0.004511020435466,2.926519281581324e-05,8.361483661660925e-06,0.0002884711863273,0.0,0.0,9,0,0,0,0,0,2,0,0,0,0,0,0,0,0,2,__MSG_extName__,,,
0,1,0,0,0,1,1,0,0,0,0,0,0.3928424516659811,22.3392,0.0823392293980529,5.971624850657109,3.191568229706561,21,2,18,0,0,0,0.0313620071684587,0.0112,0.0010666666666666,0.0,0.0096,0.0,0.0,0,0,0,0,0,0,3,0,0,0,0,0,0,0,0,3,__MSG_chrome_extension_name__,,,
0,0,0,0,1,1,0,0,0,0,1,68,0.4222913131672426,36.62820904127243,0.1007854897399045,3.6546446243518194,2.9750214951055973,142,72,79,0,0,1,0.055732328757734,0.0016052271622522,0.0008139179977617,1.130441663557952e-05,0.0008930489142107,0.0,0.0,20,4,0,0,0,0,2,0,0,0,0,0,0,0,0,2,Google Meet Translation and AI Note Taker,,,
0,0,1,0,0,1,0,0,0,0,0,7,0.3438089266969701,35.127922440049765,0.0814654906263507,5.00908970035416,3.3283104343057373,17,6,18,0,1,0,0.0338204542432703,0.0007292694436103,0.0002573892153918,0.0,0.0007721676461756,4.2898202565312514e-05,0.0,16,2,1,2,0,0,3,0,0,0,0,0,0,0,0,3,Tipli: Cashback odměny a slevové kupóny,,,
0,1,0,0,1,1,0,0,0,0,0,17,0.3673815387596306,36.324578932343705,0.0965000841325929,4.5603702469167455,3.1675466177882807,200,27,10,0,0,1,0.0828568498243634,0.0095156532495955,0.0012846131886954,4.7578266247977927e-05,0.0004757826624797,0.0,0.0,15,0,1,11,0,2,9,0,0,0,0,0,0,0,0,9,Capital Koala,,,
0,0,0,0,0,0,0,0,0,0,0,1,0.4387978142076503,16.70326797385621,0.1079308817013735,4.06353801615115,3.1811242014441463,12,12,14,0,0,0,0.1462745695566052,0.0031372549019607,0.0031372549019607,0.0,0.0036601307189542,0.0,0.0,5,0,0,0,0,1,2,0,0,0,0,0,0,0,0,2,Từ điển Hán-Nôm-Trung tổng hợp,,,
0,0,0,0,0,1,0,0,0,0,0,109,0.4339279979861116,45.168738973960906,0.0922307711942422,4.107178222001833,3.083026602817257,251,30,144,0,0,1,0.0515495729789229,0.0017712229200479,0.0002116999506033,7.056665020111495e-06,0.001016159762896,0.0,0.0,4,0,0,0,0,0,1,0,0,0,0,0,0,0,0,1,__MSG_extensionName__,,,
0,1,0,0,1,1,0,0,0,0,1,51,0.5088907215746568,54.88132680244049,0.0848245775771221,3.749964546321842,2.5958560334249974,354,30,49,0,0,6,0.0398257612871619,0.0030420211394689,0.0002577984016499,5.155968032998195e-05,0.0004210707226948,0.0,0.0,0,0,0,1,0,0,1,0,0,0,0,0,0,0,0,1,Japanese IO,,,
0,1,0,0,1,1,0,1,0,0,0,1109,0.446080257543795,51.97850489396704,0.0876332193692599,3.7019838335042383,2.606419206921596,2514,342,1330,0,0,30,0.0299251295339052,0.0015017006132242,0.0002042886275746,1.7920055050409114e-05,0.0007944557739014,0.0,0.0,9,0,0,0,0,0,1,0,0,0,0,0,0,0,0,1,__MSG_displayName__,,,
0,0,0,0,0,1,0,0,0,0,0,194,0.4613383998397678,40.68395519360445,0.0931982765818703,3.686382946114185,2.9050387060122174,387,68,137,0,0,18,0.0522667253521126,0.0016526949176428,0.0002903960062008,7.686953105315528e-05,0.0005850625419045,0.0,0.0,16,1,0,0,0,0,1,0,0,0,0,0,0,0,0,1,__MSG_extensionName__,,,
0,0,0,0,0,0,0,0,0,0,0,0,0.3682539682539683,11.14102564102564,0.1269841269841269,6.112676056338028,2.876958315739369,0,0,1,0,0,0,0.028169014084507,0.0,0.0,0.0,0.0128205128205128,0.0,0.0,0,0,0,0,0,0,0,0,0,0,0,0,0,0,0,0,Enable Right Click,,,
0,0,0,0,0,0,0,0,0,0,0,0,0.3499147683248101,14.521634615384617,0.0932899426623276,6.227188081936685,3.7759631222883896,1,1,4,0,0,0,0.1126629422718808,0.001201923076923,0.001201923076923,0.0,0.0048076923076923,0.0,0.0,12,0,0,0,0,0,3,0,0,0,0,0,0,0,0,3,Audio Equalizer for Youtube™,,,
0,0,0,0,0,1,0,0,0,0,1,6,0.3391665297955892,37.22802511415525,0.0745300344915115,5.273273273273273,3.048893467300509,49,19,34,0,0,0,0.016093016093016,0.0139840182648401,0.0054223744292237,0.0,0.0097031963470319,0.0,0.0,0,0,2,32,0,0,1,0,0,0,0,0,0,0,0,0,AppstoreSpy for Play Store,,,
0,0,0,0,0,0,0,0,0,0,0,0,0.0,0.0,0.0,0.0,0.0,0,0,0,0,0,0,0.0,0.0,0.0,0.0,0.0,0.0,0.0,0,0,0,0,0,0,0,0,0,0,0,0,0,0,0,0,__MSG_appName__,,,
0,0,0,0,0,0,0,0,0,0,0,0,0.0,0.0,0.0,0.0,0.0,0,0,0,0,0,0,0.0,0.0,0.0,0.0,0.0,0.0,0.0,0,0,0,0,0,0,0,0,0,0,0,0,0,0,0,0,"iVocab: GRE, TOEFL and SAT",,,
0,0,0,0,0,0,0,0,0,0,0,34,0.3876064732256112,34.601066173231125,0.0892029992562497,4.922090413594101,3.103017604984213,102,14,11,0,0,0,0.1044004488618146,0.0044937879989426,0.0006167944312274,0.0,0.0004846241959644,0.0,0.0,23,0,0,180,0,0,2,0,0,0,0,0,0,0,0,2,Depth & Complexity Icons,,,
0,0,0,0,0,1,0,0,0,0,0,72,0.3643848954261735,35.725019627435586,0.100696672984451,4.03063955923046,3.1127236018111533,225,17,85,0,0,1,0.0539096947950109,0.0040147027335664,0.000303333095425,1.7843123260295483e-05,0.0015166654771251,0.0,0.0,1,0,0,0,0,0,2,0,0,0,0,0,0,0,0,2,CoVet,,,
0,0,0,0,0,1,0,0,0,0,0,83,0.5509150709734911,52.2405264764452,0.0788199988205667,3.569204250028258,2.720811407754183,242,74,189,0,4,0,0.0433009306356203,0.0017587976219893,0.0005378141488727,0.0,0.0013736064072561,2.9071035074203816e-05,0.0,0,0,0,0,0,0,4,0,0,0,0,0,0,0,0,4,__MSG_appName__,,,
0,0,0,0,0,0,0,0,0,0,0,0,0.0,0.0,0.0,0.0,0.0,0,0,0,0,0,0,0.0,0.0,0.0,0.0,0.0,0.0,0.0,0,0,0,0,0,0,0,0,0,0,0,0,0,0,0,0,__MSG_appName__,,,
0,0,0,0,1,1,0,0,0,0,0,18,0.4314186906155488,32.8120551879136,0.109487110365991,3.502956345699641,3.063861762340499,157,12,28,0,0,0,0.0501132730281656,0.0049007366712448,0.000374578599076,0.0,0.0008740167311774,0.0,0.0,2,1,0,0,0,0,2,0,0,0,0,0,0,0,0,2,__MSG_name__,,,
0,0,0,0,1,1,0,0,0,0,0,171,0.3783762494027676,49.32836849476469,0.0890933037091351,4.662595949430408,2.6939674711122064,1917,39,220,0,0,0,0.0289545457252258,0.0142053664717782,0.000288998065936,0.0,0.0016302455001519,0.0,0.0,11,0,1,8,0,0,2,0,0,0,0,0,0,0,0,2,ZapVoice,,,
0,0,0,0,0,1,1,1,0,0,0,320,0.3113325373645004,54.51196944264262,0.0731306618143858,6.1886416123182215,2.8021405577312724,9869,109,486,0,0,15,0.0341887145191267,0.0178317502362449,0.0001969460711065,2.710267033576595e-05,0.0008781265188788,0.0,0.0,8,0,3,0,0,0,9,0,0,0,0,0,0,0,0,8,"Timeless (prev. timeOS), Agentic Meeting Platform",,,
0,0,0,0,0,0,1,0,0,0,0,0,0.0,0.0,0.0,0.0,0.0,0,0,0,0,0,0,0.0,0.0,0.0,0.0,0.0,0.0,0.0,0,0,0,0,0,0,0,0,0,0,0,0,0,0,0,0,__MSG_application_title__,,,
0,0,0,0,0,1,0,0,0,0,1,18,0.38903125,34.4793991416309,0.1017731854838709,3.798890116294241,3.066133939756664,203,6,33,0,0,0,0.0468047352718606,0.0072603719599427,0.0002145922746781,0.0,0.0011802575107296,0.0,0.0,1,0,1,0,0,0,1,0,0,0,0,0,0,0,0,1,__MSG_extName__,,,
1,1,0,0,1,1,0,0,0,0,1,62,0.4029828833814027,51.029054505105904,0.0533889458794576,3.07101221222486,2.2243840335320177,621,71,97,0,0,4,0.0148956574087732,0.0014005160033197,0.0001601234077869,9.021037058420237e-06,0.0002187601486666,0.0,0.0,1,0,0,0,0,0,3,0,0,0,0,0,0,0,0,2,ARO Lite,,,
0,0,0,0,1,1,0,0,0,0,0,29,0.4237990582368747,34.47901687243977,0.0858155810768912,4.999269888770709,3.2264926841435,209,48,37,0,0,0,0.0904436552432802,0.0059869947577988,0.0013750035807384,0.0,0.0010598985934859,0.0,0.0,139,0,0,1,0,0,9,0,0,0,0,0,0,0,0,9,Tabs Backup & Restore,,,
0,0,0,0,0,1,0,0,0,0,0,2,0.46795367747283,31.84821256411245,0.0893331157464424,3.7928167333971112,2.970443124267264,20,1,3,0,0,0,0.0527761045955426,0.0003856388106899,1.9281940534495396e-05,0.0,5.784582160348617e-05,0.0,0.0,549,0,0,0,1,0,5,0,0,0,0,0,0,0,0,5,__MSG_appName__,,,
0,0,0,0,0,1,0,0,0,0,0,1,0.6341474907720097,63.96530612244898,0.0364721589570407,8.088943288453692,2.8304397287761223,0,0,0,0,0,0,0.0338637290901672,0.0,0.0,0.0,0.0,0.0,0.0,0,0,0,0,0,0,3,0,0,0,0,0,0,0,0,3,__MSG_extName__,,,
0,0,0,0,1,1,0,0,0,0,0,6,0.2858968207028155,60.29548563611491,0.107157603419223,3.8286314768409992,3.463168459072853,52,14,25,0,0,0,0.0373454045752162,0.0177838577291381,0.0047879616963064,0.0,0.0085499316005471,0.0,0.0,0,2,0,1,0,0,4,0,0,0,0,0,0,0,0,4,__MSG_appName__,,,
0,0,0,0,0,1,0,0,0,0,1,114,0.4567751742335159,34.39908829710549,0.0981426563799581,3.6151473677596657,2.932924716546822,206,11,130,0,0,5,0.0467058408936313,0.0020914342568809,0.00011167852828,5.076296740002233e-05,0.0013198371524005,0.0,0.0,10,0,0,0,0,0,2,0,0,0,0,0,0,0,0,2,InsTF - Instagram follower & unfollower tracker,,,
0,1,0,0,0,1,0,1,0,0,0,60,0.4976859154755976,64.2460517085023,0.0776151921851918,4.756670791047533,2.453846294608089,319,13,87,0,0,0,0.0446462866678979,0.0027291549030679,0.0001112194788084,0.0,0.0007443149735639,0.0,0.0,0,0,0,0,0,0,2,0,0,0,0,0,0,0,0,2,Semrush AI Writer and Editor,,,
0,0,0,0,0,1,0,1,0,0,0,16,0.535303603939221,62.26174444096461,0.0915867654648585,3.545695803615857,2.83141071983643,225,22,24,0,0,0,0.0489439929230939,0.0176166614469151,0.0017225180081428,0.0,0.0018791105543376,0.0,0.0,3,0,0,1,1,0,0,0,0,0,0,0,0,1,0,0,Linkedin Sales Navigator Email Finder & Lead Scraper – Scrupp,,,
0,0,0,0,0,1,0,0,0,0,0,7,0.3383795185759211,20.224800382174298,0.0862621143816279,6.218651330626973,3.572674589875511,226,1,121,0,0,0,0.0710043602465794,0.0154234627721285,6.824541049614414e-05,0.0,0.0082576946700334,0.0,0.0,4,0,0,34,0,1,66,0,0,0,0,0,0,0,0,66,__MSG_man_name__,1.0,,
0,0,0,0,0,0,1,0,0,0,0,0,0.0,0.0,0.0,0.0,0.0,0,0,0,0,0,0,0.0,0.0,0.0,0.0,0.0,0.0,0.0,0,0,0,0,0,0,0,0,0,0,0,0,0,0,0,0,Pinturillo 2,,,
0,0,0,0,1,1,0,0,0,0,0,13,0.5396499723885986,36.28405131453912,0.0909944352406439,3.0904986965644405,3.0041578804805416,38,5,8,0,0,0,0.0275946845262064,0.0030091859360152,0.0003959455178967,0.0,0.0006335128286347,0.0,0.0,2,0,0,0,0,0,1,0,0,0,0,0,0,0,0,1,xPrice - istoric preturi & coduri de reducere,,,
0,0,0,0,1,1,0,0,0,0,0,6,0.421411404941737,32.38192989805893,0.1060342068769334,3.5584105717169865,2.937362168165942,131,3,15,0,0,0,0.0393135725429017,0.0091467672112833,0.0002094679514034,0.0,0.0010473397570171,0.0,0.0,24,0,0,0,0,0,1,0,0,0,0,0,0,0,0,1,demado,,,
0,0,0,0,0,0,0,0,0,0,0,0,0.0,0.0,0.0,0.0,0.0,0,0,0,0,0,0,0.0,0.0,0.0,0.0,0.0,0.0,0.0,0,0,0,0,0,0,0,0,0,0,0,0,0,0,0,0,Symbaloo,,,
0,0,0,0,0,0,0,0,0,0,0,5,0.4333337764013132,43.742194469223904,0.1291388087674292,3.218431394885231,3.138295969700179,60,8,5,0,0,1,0.0563877655635928,0.0178412132024977,0.0023788284269997,0.0002973535533749,0.0014867677668748,0.0,0.0,0,0,0,14,0,0,2,0,0,0,0,0,0,0,0,2,Launchpad for iCloud,,,
1,0,1,0,0,1,0,1,0,0,0,21,0.299181209937772,35.08101721615844,0.0716480294452502,7.153807959666946,3.438894337987814,100,27,41,0,3,0,0.0366664120388052,0.0112523911331157,0.0030381456059412,0.0,0.0046134803645774,0.0003375717339934,0.0,0,0,0,2,0,0,0,0,0,0,0,0,0,0,0,0,Taplio X,,,
0,0,0,0,0,0,0,0,0,0,0,0,0.4204009050789581,23.306576680068925,0.1244660802164627,3.376040443241587,3.213928327209237,66,11,14,0,0,0,0.0537200633202267,0.0094773118897185,0.0015795519816197,0.0,0.0020103388856978,0.0,0.0,1,0,0,10,0,1,2,0,0,0,0,0,0,0,0,2,InstaPDFPro,1.0,,
0,0,1,0,0,1,0,0,0,0,0,405,0.4708190527371236,39.43974531097061,0.0950472790833946,3.839259762659664,2.863425218552021,2933,146,340,0,0,7,0.0414271234914297,0.0048494087458003,0.0002413957302716,1.1573767889738369e-05,0.0005621544403587,0.0,0.0,10,38,0,0,0,0,3,0,0,0,0,0,0,0,0,3,会译:一站式 AI 翻译 Agent｜对照式DeepL翻译｜DeepSeek划词翻译｜免费,,,
0,0,0,0,0,0,0,0,0,0,0,0,0.0,0.0,0.0,0.0,0.0,0,0,0,0,0,0,0.0,0.0,0.0,0.0,0.0,0.0,0.0,0,0,0,0,0,0,0,0,0,0,0,0,0,0,0,0,SignRequest,,,
0,0,0,0,0,1,0,0,0,0,0,2,0.3148880105401844,32.016304347826086,0.0966732542819499,7.104477611940299,2.9303524163879118,4,0,1,0,0,0,0.0895522388059701,0.0217391304347826,0.0,0.0,0.0054347826086956,0.0,0.0,0,0,0,1,0,0,2,0,0,0,0,0,0,0,0,2,Google Meet Auto Disable Mic/Cam,,,
1,1,0,0,1,1,0,0,0,0,0,26,0.4279849011464319,34.30008797009017,0.0950274556469229,4.090122119729619,2.9478661199791225,336,16,59,0,0,2,0.0513201628263061,0.0092368594677809,0.0004398504508467,5.498130635583901e-05,0.0016219485374972,0.0,0.0,12,0,0,0,0,0,2,0,0,0,0,0,0,0,0,2,__MSG_extName__,,,
0,1,0,0,0,1,1,0,0,0,0,23,0.305497659840542,37.83688524590164,0.0762253518154044,7.574047859791035,3.5593096120038346,147,14,46,0,0,0,0.061071789686552,0.0301229508196721,0.0028688524590163,0.0,0.0094262295081967,0.0,0.0,0,0,0,2,0,0,8,0,1,0,0,0,0,0,0,8,Push Go for Pushbullet,,,
0,1,0,0,0,1,0,0,0,0,0,29,0.4448219437438928,49.40335171000634,0.1004985410620023,3.764048977740826,3.0545955276231807,170,9,61,0,0,0,0.0303654434828615,0.0041469483339025,0.0002195443235595,0.0,0.0014880226374591,0.0,0.0,1,0,1,0,0,0,1,0,0,0,0,0,0,0,0,1,Sourcegraph,,,
1,1,0,0,1,1,1,1,0,0,0,83,0.4274636980260536,39.754285452977605,0.0831514213818169,3.933702733323892,2.8850390985836736,727,81,72,0,0,2,0.0378584027500611,0.0047492748699992,0.0005291489194909,1.3065405419530168e-05,0.000470354595103,0.0,0.0,36,0,0,3,0,0,5,0,0,0,0,0,0,0,0,5,Aliexpress Analyzer,,,
0,0,0,0,0,1,0,0,0,0,0,4,0.562695247815839,51.43897897694573,0.065753040846537,3.497844293572526,1.9254775253827807,81,12,9,0,0,0,0.0348712357731635,0.0027421375131182,0.000406242594536,0.0,0.000304681945902,0.0,0.0,0,0,0,0,0,2,1,0,0,0,0,0,0,0,0,1,Daily Inspiration,,,
0,1,0,0,0,1,0,0,0,0,1,121,0.3878454903855254,35.21341551787343,0.1108728621748737,4.158618289776807,3.119476123970909,188,162,89,0,0,4,0.039529034503112,0.0016027690392763,0.0013811094912913,3.410146892077376e-05,0.0007587576834872,0.0,0.0,24,2,0,0,0,0,17,0,0,0,0,0,0,0,0,17,Pixels Game Assistant,,,
0,0,0,0,0,1,0,0,0,0,0,0,0.3837908047487403,36.26346516007533,0.1183950511212303,3.510801393728223,3.247765394935913,68,21,10,0,0,0,0.0508710801393728,0.0128060263653483,0.003954802259887,0.0,0.0018832391713747,0.0,0.0,35,0,0,2,0,0,3,0,0,0,0,0,0,0,0,3,銘柄マーカー,,,
0,0,0,0,0,1,0,0,0,0,0,0,0.3937451016358452,31.78379117124505,0.1125331421234304,4.08547619047619,3.1661750963204587,91,15,10,0,0,0,0.0586507936507936,0.012436791034577,0.002050020500205,0.0,0.00136668033347,0.0,0.0,4,0,0,4,0,0,2,0,0,0,3,0,0,0,0,2,Steam Market History Plus,,,
0,0,0,0,0,1,0,0,0,0,0,18,0.555543698238045,44.670931244560485,0.0805599914627313,3.693146694536479,2.4507556610834142,507,3,32,0,0,0,0.0450067821484957,0.0220626631853785,0.000130548302872,0.0,0.0013925152306353,0.0,0.0,0,0,0,1,0,0,1,0,0,0,0,0,0,0,0,1,__MSG_name__,,,
0,1,0,0,0,1,0,0,0,0,1,48,0.5123665250278866,67.41014848430838,0.0668103747387644,4.393568018893407,2.5446690088863995,40,4,58,0,0,1,0.0416926618333584,0.0001371046245389,1.371046245389857e-05,3.4276156134746423e-06,0.0001988017055815,0.0,0.0,0,0,0,1,0,0,3,0,0,0,0,0,0,0,0,3,__MSG_extName__,,,
0,1,0,0,0,0,0,0,0,0,0,25,0.5704610703841877,48.83394067363689,0.0849105666832277,3.4040041347043144,2.4854842998284057,68,9,19,0,0,1,0.0447511794010896,0.0023158396621598,0.0003065081905799,3.4056465619997955e-05,0.0006470728467799,0.0,0.0,0,0,0,0,0,0,3,0,0,0,0,0,0,0,0,3,GLaDOS,,,
0,1,0,0,0,1,0,0,0,0,0,74,0.5752441856781026,59.13609164059268,0.0800888523978007,3.390154537159884,2.642573020122996,557,51,221,0,1,13,0.0607129161505877,0.0032454101044707,0.0002971560418815,7.574565773450564e-05,0.0012876761814865,5.826589056500434e-06,0.0,2,0,0,8,0,0,3,0,0,0,1,0,0,0,0,3,Open Earth Engine extension,,,
0,1,0,0,1,1,0,0,0,0,0,8,0.4045723318306891,34.90855581248686,0.1127275920613547,3.924930642441386,3.390468979601403,55,1,12,0,0,0,0.0345971821791872,0.011561908766029,0.0002102165230187,0.0,0.0025225982762245,0.0,0.0,0,0,0,0,0,0,1,0,0,0,0,0,0,0,0,1,Goldie May,,,
0,0,0,0,0,1,0,0,0,0,0,275,0.4879464156746318,50.90940419886954,0.0724721306174875,3.967168781218435,2.646197394770645,3094,115,232,0,0,5,0.0384664279754158,0.0111532472026762,0.0004145518514246,1.802399354020072e-05,0.0008363133002653,0.0,0.0,0,0,0,0,0,0,2,0,0,0,0,0,0,0,0,2,__MSG_name__,,,
1,1,1,0,1,1,1,0,1,0,0,167,0.5121976713969806,64.34399990116466,0.0537940848851694,3.7346810981138048,2.3105749731952385,421,197,172,0,0,3,0.0246053997097302,0.0007430299029825,0.00034768857693,5.294749902488356e-06,0.0003035656610759,0.0,0.0,13,1,0,0,0,0,6,0,0,0,0,0,0,0,0,6,Nudge Security Browser Extension,,,
0,0,0,0,0,1,0,0,0,0,0,30,0.5832911870890741,60.36256006872668,0.0778328838706177,3.860558374615268,2.5324061433360003,94,12,43,0,0,0,0.0612014835680212,0.0012617788397003,0.0001610781497489,0.0,0.0005771967032672,0.0,0.0,1,0,0,0,0,0,0,0,0,0,0,0,0,0,0,0,__MSG_appName__,,,
0,0,0,0,1,1,0,0,0,0,0,0,0.3033458682865683,24.55172413793104,0.0802237007038858,7.2841781874039935,3.808447213588488,3,0,3,0,0,0,0.032258064516129,0.0073891625615763,0.0,0.0,0.0073891625615763,0.0,0.0,0,0,0,0,0,0,2,0,0,0,0,0,0,0,0,2,DevilEar,,,
0,0,0,0,1,1,0,0,0,0,1,24,0.5123291146994886,53.4451705953937,0.0930909936803275,3.4272057192367096,2.7785631832327,1065,71,47,0,0,1,0.0632259441721463,0.0120002704286293,0.0008000180285752,1.1267859557398476e-05,0.0005295893991977,0.0,0.0,207,0,0,7,0,0,4,0,0,0,0,0,0,0,0,4,__MSG_appName__,,,
0,0,1,0,1,1,0,0,0,0,1,17,0.5387046783625731,44.841967696535086,0.0791184210526315,4.202231343688408,2.6322112824643464,26,4,18,0,0,3,0.0711353814440446,0.0017425105555927,0.0002680785470142,0.0002010589102607,0.0012063534615642,0.0,0.0,0,0,6,7,0,0,4,0,0,0,7,0,0,0,0,4,Emmet LiveStyle,,,
1,1,1,0,1,1,0,0,0,0,0,373,0.5361734494936036,58.4161706502519,0.0667606608942087,5.307868696491159,2.747225297428972,6319,105,361,0,0,5,0.0409209492390599,0.010279292893965,0.0001708064177664,8.133638941260486e-06,0.000587248731559,0.0,0.0,168,2,0,4,0,0,73,55,0,0,2,0,0,0,0,73,BuzzStream Buzzmarker,,,
1,1,0,0,1,1,1,1,0,0,0,32,0.4293917413430896,45.862698301277554,0.0866039297336364,4.389591009438243,3.173936633820266,243,6,28,0,0,5,0.0801058437112989,0.0085287098132809,0.0002105854274884,0.0001754878562403,0.0009827319949459,0.0,0.0,0,0,0,1,0,0,1,0,0,0,0,0,0,0,0,1,Discoverly,,,
0,0,0,0,0,0,0,0,0,0,0,0,0.2339331619537275,40.90769230769231,0.1461623209695189,5.5,3.1954858222439904,0,0,0,0,0,0,0.0407407407407407,0.0,0.0,0.0,0.0,0.0,0.0,0,0,0,0,0,0,0,0,0,0,0,0,0,0,0,0,Get CRX,,,
0,0,0,0,0,0,0,0,0,0,0,90,0.4773103696099764,58.20229371307798,0.0740674303813618,4.884200427005237,2.4680551335261027,213,21,109,0,0,2,0.0422492481901576,0.003690036900369,0.0003638064549659,3.4648233806281726e-05,0.0018883287424423,0.0,0.0,0,0,0,0,0,0,0,0,0,0,0,0,0,0,0,0,FigmaEX,,,
0,0,0,0,0,1,0,0,0,0,0,4,0.2910854503464203,27.874666666666663,0.0981062355658198,7.040415704387991,3.3276924580372333,17,5,4,0,0,0,0.0300230946882217,0.0453333333333333,0.0133333333333333,0.0,0.0106666666666666,0.0,0.0,0,0,0,5,0,0,2,0,0,0,0,0,0,0,0,2,Ad Skipper,,,
0,0,0,0,1,1,0,1,0,0,0,132,0.4472846376507187,43.51276775524537,0.0910562449469727,4.187551815779891,2.865390582541807,731,26,211,0,0,2,0.0371911392110829,0.0040108418927223,0.0001426564831884,1.0973575629883242e-05,0.0011577122289526,0.0,0.0,8,2,0,12,0,0,2,0,0,0,0,0,0,0,0,2,__MSG_appName__,,,
0,1,0,0,1,1,0,1,0,0,0,62,0.4220587160656217,40.97061416960589,0.1031952208703277,3.8902794126757945,2.9355838300956454,372,8,88,0,0,4,0.0351412109357713,0.0071308081582579,0.0001533507130808,7.667535654040791e-05,0.0016868578438889,0.0,0.0,6,1,0,0,0,0,0,0,0,0,0,0,0,0,0,0,EarnBetter - AI Autofill for job applications,,,
0,1,0,0,1,1,0,0,0,0,0,0,0.1860103626943005,35.490566037735846,0.1129533678756476,5.926829268292683,3.073985449726035,3,0,3,0,0,0,0.0195121951219512,0.0566037735849056,0.0,0.0,0.0566037735849056,0.0,0.0,0,0,0,1,0,0,1,0,0,0,0,0,0,0,0,1,__MSG_extName__,,,
0,0,0,0,0,1,0,1,0,0,1,138,0.3306667027207781,83.57294570972087,0.0997548428458232,3.922820900337924,2.908189664060504,662,39,182,0,0,8,0.031205355395966,0.0025923373327903,0.0001527207794242,3.132733936906739e-05,0.0007126969706462,0.0,0.0,49,0,0,0,0,0,4,0,0,0,0,0,0,0,0,4,__MSG_brandName_en__,,,
0,0,1,0,1,1,0,0,0,0,0,18,0.4281178970253977,25.047404547404547,0.0981239911717231,4.908959331846439,3.235259463663528,130,19,7,0,1,2,0.0727233901200588,0.0069712569712569,0.001018876018876,0.0001072501072501,0.0003753753753753,5.3625053625053626e-05,0.0,0,0,1,0,0,0,31,0,0,0,0,0,0,0,0,31,Email Finder – PIPILEADS,,,
0,0,0,0,0,0,0,0,0,0,0,0,0.0,0.0,0.0,0.0,0.0,0,0,0,0,0,0,0.0,0.0,0.0,0.0,0.0,0.0,0.0,0,0,0,0,0,0,0,0,0,0,0,0,0,0,0,0,Minimalist Green Tea,,,
0,0,0,0,0,0,0,0,0,0,0,0,0.0,0.0,0.0,0.0,0.0,0,0,0,0,0,0,0.0,0.0,0.0,0.0,0.0,0.0,0.0,0,0,0,0,0,0,0,0,0,0,0,0,0,0,0,0,Jardin,,,
0,0,0,0,1,1,0,0,0,0,1,67,0.5358941118301039,56.04035013048689,0.0812798053967527,3.7783316864607017,2.6361559545957483,1599,37,114,0,0,0,0.0550942950623899,0.0089548728172847,0.0002072109407376,0.0,0.0006384337092998,0.0,0.0,2,0,0,0,0,0,2,0,0,0,0,0,0,0,0,2,__MSG_name__,,,
1,1,1,0,1,1,1,0,0,0,0,83,0.5314279663123501,53.3114813556785,0.0714853957183726,3.9096988786250586,2.1871674146478144,757,6,98,0,0,10,0.0422661428457992,0.0043581137484959,3.4542513198118586e-05,5.757085533019764e-05,0.0005641943822359,0.0,0.0,0,0,0,3,0,0,4,0,0,0,0,0,0,0,0,4,Givebacks Genie,,,
0,1,0,0,0,1,0,0,0,0,0,60,0.5547657234011093,41.63170911266018,0.0771631987203909,3.713182205730672,2.6603687077964038,1484,23,74,0,0,0,0.0346790906797548,0.0170704212391009,0.0002645685232475,0.0,0.0008512204661007,0.0,0.0,0,0,0,0,0,0,2,0,0,0,0,0,0,0,0,2,__MSG_name__,,,
0,1,0,0,0,1,1,1,0,0,0,7,0.4474850906202712,34.53317924700444,0.1067929256619353,3.5840757585197185,3.0323931243881543,49,3,16,0,0,0,0.0494517475546694,0.0029803539930661,0.0001824706526367,0.0,0.0009731768140624,0.0,0.0,0,0,0,0,0,0,2,0,0,0,0,0,0,0,0,2,__MSG_extName__,,,
0,0,0,0,0,1,0,0,0,0,0,6,0.407498508082302,29.69707428450061,0.104903003727632,3.508648431214803,2.8192447691771614,295,3,15,0,0,0,0.041733708769107,0.015663994052992,0.0001592948547761,0.0,0.0007964742738809,0.0,0.0,3,0,1,0,0,0,1,0,0,0,0,0,0,0,0,1,__MSG_appName__,,,
0,0,0,0,0,1,1,0,0,0,0,78,0.5069366078271009,44.411978950958655,0.0798511928631801,4.043729205380224,2.75706670579267,1548,59,169,0,0,5,0.0479556951491563,0.0094282164348186,0.0003593441664433,3.045289546130046e-05,0.0010293078665919,0.0,0.0,1,0,0,0,0,0,1,0,0,0,0,0,0,0,0,1,__MSG_extName__,,,
0,0,0,0,1,1,1,1,0,0,0,52,0.4679864229447815,35.77080442654574,0.0982792610297467,3.5576116863841127,2.9757662036025083,362,30,110,0,0,3,0.0560232963866297,0.0030627093979491,0.0002538156959626,2.5381569596263832e-05,0.000930657551863,0.0,0.0,2,0,0,0,0,0,2,0,0,0,0,0,0,0,0,2,كوبونات صفقة | Safqa Coupons,,,
0,0,0,0,1,1,0,0,0,0,0,88,0.5199608434098957,49.85369559931923,0.0858092952942634,3.2121112279826245,2.841946361152809,201,19,118,0,0,1,0.0320419414027982,0.0013574843990598,0.0001283194208066,6.753653726666127e-06,0.0007969311397466,0.0,0.0,17,0,0,0,0,0,24,0,0,0,0,0,0,0,0,24,__MSG_meta_marketName__,,,
0,1,0,0,0,1,0,0,0,0,0,70,0.1290108205359234,560.4943410704009,0.0081841852210699,2.6095496544831778,3.4633144156712232,458,34,67,0,0,0,0.0007133601844132,0.0097619199863588,0.0007246840164545,0.0,0.0014280537971311,0.0,0.0,13,1,0,8,0,0,1,0,0,0,0,0,0,0,0,1,Extensão do Mercado Turbo,,,
0,0,0,0,0,1,0,0,0,0,0,198,0.4703051864619368,67.92042711477404,0.0687662214807117,5.593838728825702,2.686191311006477,7337,25,204,0,0,3,0.0367920335221341,0.0273736993109006,9.327279307244312e-05,1.1192735168693174e-05,0.0007611059914711,0.0,0.0,5,0,0,0,0,0,4,0,0,0,0,0,0,0,0,4,AuthoredUp – No. 1 LinkedIn ™ Content Tool,,,
0,0,0,0,1,1,0,0,0,0,0,248,0.4057651218519152,50.0292454757735,0.0677033194235141,3.13281171861977,2.4237370038698023,1083,35,785,0,0,14,0.0185501750291715,0.0015805604203152,5.1079976649153535e-05,2.043199065966141e-05,0.0011456509048453,0.0,0.0,4,0,0,0,0,0,2,0,0,0,0,0,0,0,0,2,__MSG_extensionName__,,,
0,0,0,0,0,1,1,0,0,0,0,5,0.3024555940839289,26.28957528957529,0.0929870497487792,6.691077441077441,3.208599722036761,18,1,4,0,0,0,0.0538720538720538,0.0347490347490347,0.0019305019305019,0.0,0.0077220077220077,0.0,0.0,0,0,0,5,0,2,2,0,0,0,0,0,0,0,0,2,PostureMinder,1.0,,
0,0,0,0,0,0,1,0,0,0,0,0,0.0,0.0,0.0,0.0,0.0,0,0,0,0,0,0,0.0,0.0,0.0,0.0,0.0,0.0,0.0,0,0,0,0,0,0,0,0,0,0,0,0,0,0,0,0,Stardoll,,,
0,0,0,0,0,0,0,0,0,0,0,0,0.0,0.0,0.0,0.0,0.0,0,0,0,0,0,0,0.0,0.0,0.0,0.0,0.0,0.0,0.0,0,0,0,0,0,0,0,0,0,0,0,0,0,0,0,0,Chile y Limón,,,
0,0,0,0,0,1,0,0,0,0,0,49,0.483703409617257,35.92106640814348,0.0888781757397587,3.736188314454083,2.641997754721684,472,7,77,0,0,0,0.0473589717323441,0.0091517207949587,0.0001357246728065,0.0,0.0014929714008725,0.0,0.0,2,0,0,0,0,0,1,0,0,0,0,0,0,0,0,1,__MSG_extensionName__,,,
0,0,0,0,1,1,0,0,0,0,0,118,0.3798623835860035,49.79439661462133,0.0965546101402929,5.000468563851794,2.99555056369064,194,18,85,0,0,5,0.0570650954823466,0.0047181283136339,0.0004377644827083,0.0001216012451967,0.0020672211683447,0.0,0.0,8,0,0,0,0,0,2,0,0,0,0,0,0,0,0,2,__MSG_name__,,,
0,0,0,0,1,1,0,0,0,0,0,2,0.3552509601377301,28.17567567567568,0.1076678585617798,3.6051934287228407,3.0586170841595086,0,4,2,0,0,0,0.0355060943296237,0.0,0.0077220077220077,0.0,0.0038610038610038,0.0,0.0,3,0,0,0,0,0,1,0,0,0,0,0,0,0,0,1,Yet Another Flags,,,
0,0,0,0,0,1,0,0,0,0,0,274,0.5417320975184187,59.43917683891551,0.0658287082870428,3.494229161907926,2.321388330867566,699,83,189,0,0,11,0.0306958230371493,0.0026021599044013,0.0003089832218387,4.09495836171884e-05,0.0007035883003316,0.0,0.0,25,0,0,3,0,1,3,0,1,0,0,0,0,0,0,3,Woowa CRM,,,
1,1,1,0,1,1,0,1,0,0,0,14,0.371976150758097,33.08321734362478,0.1011810770274083,3.772639256438392,2.7742903629097184,41,10,14,0,1,0,0.0470212353966307,0.0017293011092833,0.0004217807583618,0.0,0.0005904930617065,4.217807583618036e-05,0.0,0,0,0,0,0,0,2,0,0,0,0,0,0,0,0,2,Clockwork,,,
0,0,0,0,0,1,0,0,1,0,0,21,0.3510427572595881,48.06601322626358,0.1046319361709809,4.67405790980337,3.3728630598319103,664,20,115,0,0,1,0.0414378900933877,0.0784128483703353,0.002361832782239,0.0001180916391119,0.0135805384978743,0.0,0.0,18,0,0,29,2,0,6,0,0,1,0,0,0,0,0,6,BeFrugal Tab,,,
0,0,0,0,0,0,0,0,0,0,0,0,0.0,0.0,0.0,0.0,0.0,0,0,0,0,0,0,0.0,0.0,0.0,0.0,0.0,0.0,0.0,0,0,0,0,0,0,0,0,0,0,0,0,0,0,0,0,Lamborghini Drift,,,
0,0,0,0,0,0,0,0,0,0,0,1,0.4748386390985669,40.36877828054298,0.0900886117492615,4.264884568651276,3.241606961198889,2,0,5,0,0,0,0.0255164034021871,0.004524886877828,0.0,0.0,0.0113122171945701,0.0,0.0,0,0,0,0,0,0,0,0,0,0,0,0,0,0,0,0,Apidog Browser Extension,,,
0,0,0,0,1,1,0,0,0,0,0,2,0.3429912023460411,25.23692307692308,0.0785923753665689,5.4375757575757575,2.8239493085120304,7,0,3,0,0,0,0.0351515151515151,0.0215384615384615,0.0,0.0,0.0092307692307692,0.0,0.0,0,0,0,3,0,0,2,0,0,0,0,0,0,0,0,2,Work Mode - Block ALL Social Media URL Block,,,
1,1,0,0,1,1,0,0,0,0,1,235,0.4344217635791068,41.310188785350576,0.0694905273371282,6.230895456751399,3.1422335249901856,695,108,183,0,0,16,0.0985701212699975,0.003053428406989,0.0004744895941795,7.029475469327324e-05,0.0008039962568043,0.0,0.0,44,0,0,14,0,0,66,11,0,0,0,0,0,0,0,66,__MSG_extName__,,,
0,0,0,0,1,1,0,1,0,0,0,109,0.3821212050407163,54.39326060130837,0.0559024432515619,2.825588727913917,2.4386347460383107,374,25,314,0,0,0,0.0118313639735985,0.0009399370191933,6.283001465195942e-05,0.0,0.0007891449840286,0.0,0.0,9,0,0,0,0,0,3,0,0,0,0,0,0,0,0,3,__MSG_extensionName__,,,
0,1,0,0,1,1,0,0,0,0,0,0,0.3071032338234507,49.32675044883303,0.1952660962833921,4.061023622047244,2.680549206166137,4,2,1,0,0,0,0.036633378144805,0.0005984440454817,0.0002992220227408,0.0,0.0001496110113704,0.0,0.0,0,0,0,0,1,0,1,0,0,0,0,0,0,0,0,1,Tasks - To do & task list by Workona,,,
0,1,1,0,1,1,0,1,0,0,1,24,0.4615547094816661,35.298582312662745,0.1003895010082921,3.632539337728329,2.98346139045142,555,8,26,0,0,2,0.0502905860203882,0.0133812325200115,0.000192882630919,4.822065772977144e-05,0.000626868550487,0.0,0.0,1,0,0,0,0,0,2,0,0,0,0,0,0,0,0,2,Shop TODAY Savings,,,
0,0,0,0,1,1,0,0,0,0,1,135,0.3086263003630173,45.81684701365492,0.0979596128249266,4.288327244668961,2.9711291647209928,1426,148,129,0,0,20,0.0591745195428763,0.0046240600284707,0.000479916468593,6.48535768368965e-05,0.0004183055705979,0.0,0.0,31,1,0,0,0,0,1,0,0,0,0,0,0,0,0,1,MultiversX Wallet,,,
0,0,0,0,0,0,0,0,0,0,0,0,0.6426174018588271,25.95254185225004,0.014377133348909,2.686335403726708,0.7059195830875445,0,0,1,0,0,0,0.0122929606625258,0.0,0.0,0.0,0.000153586238673,0.0,0.0,0,0,0,0,0,0,0,0,0,0,0,0,0,0,0,0,__MSG_name__,,,
0,0,0,0,0,0,0,0,0,0,0,0,0.0,0.0,0.0,0.0,0.0,0,0,0,0,0,0,0.0,0.0,0.0,0.0,0.0,0.0,0.0,0,0,0,0,0,0,0,0,0,0,0,0,0,0,0,0,Word Search,,,
0,0,0,0,0,1,0,0,0,0,0,62,0.5611165129288259,48.98272762216519,0.0758273804805968,3.50891174364404,2.2289760436943347,832,62,65,0,0,6,0.0424462886406204,0.0051581544718471,0.0003843817034309,3.719822936428226e-05,0.000402980818113,0.0,0.0,0,0,0,0,0,0,15,0,0,0,0,0,0,0,0,15,__MSG_app_name__,,,
1,1,0,0,1,1,0,0,0,0,0,26,0.3017251807884544,59.51692478677909,0.1273697730248015,4.7574195732664855,3.1555697234033224,571,44,51,0,0,2,0.0363162899252279,0.0137959361182923,0.0010630843944043,4.832201792746865e-05,0.0012322114571504,0.0,0.0,32,0,0,2,0,0,8,0,0,0,0,0,1,0,0,8,__MSG_appName__,,,
0,0,0,0,1,1,0,0,0,0,0,73,0.3702251670430995,56.95864159015955,0.0633492127845826,2.759093859632224,2.500074291313915,278,23,236,0,0,0,0.0146796846956119,0.0010324746709451,8.54205663012152e-05,0.0,0.0008764892890037,0.0,0.0,9,0,0,0,0,0,2,0,0,0,0,0,0,0,0,2,__MSG_extensionName__,,,
0,0,0,0,0,1,0,0,0,0,0,31,0.5783973268591099,58.94462994780692,0.0767129135231134,3.8078854711320353,2.3568947220198684,161,18,51,0,0,0,0.0563261342284713,0.0017397693995094,0.0001945083800693,0.0,0.0005511070768632,0.0,0.0,1,0,0,0,0,0,0,0,0,0,0,0,0,0,0,0,Copilot for Gmail™ by cloudHQ,,,
0,0,0,0,0,0,0,0,0,0,0,0,0.0,0.0,0.0,0.0,0.0,0,0,0,0,0,0,0.0,0.0,0.0,0.0,0.0,0.0,0.0,0,0,0,0,0,0,0,0,0,0,0,0,0,0,0,0,Dark Forest,,,
0,1,0,0,0,1,0,0,0,0,0,18,0.3647829903122872,26.61666364624864,0.105027603008851,4.658699621755576,3.303040763025232,149,10,13,0,0,0,0.0690622146863179,0.0067506342877854,0.0004530627038782,0.0,0.0005889815150416,0.0,0.0,0,0,0,0,0,0,0,0,0,0,0,0,0,0,0,0,BuyBotPro - Amazon FBA Deal Analyzer,,,
0,0,0,0,0,1,0,0,0,0,0,10,0.4394691382984259,58.5790210173956,0.0836202049080483,6.103713889207186,3.179235085426644,59,6,28,0,0,0,0.0529200565295443,0.0016188333424792,0.0001646271195741,0.0,0.0007682598913461,0.0,0.0,6,0,0,0,0,0,1,0,0,0,0,0,0,0,0,1,Ona,,,
0,1,0,0,1,1,0,0,0,0,1,194,0.5493553991870946,50.02097445624061,0.0831910377478049,3.7024937806837945,2.61162430105604,1495,96,296,0,0,20,0.0522431734290264,0.0061375635309669,0.000394117791955,8.210787332397304e-05,0.0012151965251948,0.0,0.0,0,0,0,0,0,0,15,0,0,0,0,0,0,0,0,15,__MSG_extName__,,,
0,0,0,0,0,1,1,0,0,0,0,131,0.2219160410520249,232.1176166695368,0.0330638728366755,2.817800243379472,3.2345059590190792,348,45,24,0,0,0,0.0052808537284796,0.0099879455829171,0.0012915446874461,0.0,0.0006888238333046,0.0,0.0,0,0,0,6,0,0,1,0,0,0,0,0,0,0,0,1,KarmineCorp,,,
0,0,0,0,0,1,0,0,0,0,0,1,0.29952026114878,41.97405222331476,0.0766145741968124,4.932732559596921,2.974677762219869,5,5,1,0,0,0,0.0196400370992404,0.0002731344914235,0.0002731344914235,0.0,5.462689828471539e-05,0.0,0.0,1,0,0,0,0,0,1,0,0,0,0,0,0,0,0,1,Auto Link Bypasser,,,
0,0,0,0,0,1,0,0,0,0,0,4,0.534633566032234,61.54261425561288,0.0996260320713222,3.3559508619179863,2.887828323077066,327,41,76,0,0,0,0.0636868573144186,0.0237593547918331,0.0029790016711472,0.0,0.0055220518782242,0.0,0.0,34,0,0,1,0,0,2,0,0,0,0,1,0,0,0,2,__MSG_appName__,,,
0,0,0,0,0,0,0,0,0,0,0,0,0.0,0.0,0.0,0.0,0.0,0,0,0,0,0,0,0.0,0.0,0.0,0.0,0.0,0.0,0.0,0,0,0,0,0,0,0,0,0,0,0,0,0,0,0,0,TradingView: Free Stock Charts,,,
0,0,0,0,0,0,0,0,0,0,0,0,0.0,0.0,0.0,0.0,0.0,0,0,0,0,0,0,0.0,0.0,0.0,0.0,0.0,0.0,0.0,0,0,0,0,0,0,0,0,0,0,0,0,0,0,0,0,Spring Bird,,,
0,0,0,0,0,0,0,0,0,0,1,78,0.725812199739527,72.56663847192941,0.0632132798395753,2.2809129130863948,3.1264046201046365,553,59,152,0,0,18,0.0242176264637477,0.0017453383999697,0.0001862115110275,5.681029149991794e-05,0.0004797313504437,0.0,0.0,13,0,0,59,4,1,5,0,0,1,0,0,0,0,0,4,__MSG_extensionName__,,,
0,0,0,0,0,1,0,0,0,0,0,11,0.2689076214236572,35.49011156186612,0.081238663766444,5.432510702593805,3.490265367093526,60,7,10,0,0,0,0.042873331654495,0.0152129817444219,0.0017748478701825,0.0,0.0025354969574036,0.0,0.0,4,0,2,0,0,0,8,0,0,0,0,0,0,0,0,8,CrankWheel Screen Sharing,,,
0,0,0,0,1,1,1,0,0,0,0,36,0.4952149315285782,52.0654090886317,0.0952453338973193,3.628635198339549,3.120221337498327,37,24,14,0,0,12,0.0643803873437996,0.0009269001452978,0.0006012325266796,0.0003006162633398,0.0003507189738964,0.0,0.0,0,0,0,0,0,0,0,0,0,0,0,0,0,0,0,0,__MSG_appName__,,,
0,0,0,0,0,0,0,0,0,0,0,0,0.0,0.0,0.0,0.0,0.0,0,0,0,0,0,0,0.0,0.0,0.0,0.0,0.0,0.0,0.0,0,0,0,0,0,0,0,0,0,0,0,0,0,0,0,0,Orchid and Hummingbirds,,,
0,0,1,1,0,0,0,0,0,0,1,0,0.3085075066234913,28.80701754385965,0.0927288784221371,6.980916030534351,3.4000469865921725,0,0,0,0,1,0,0.0763358778625954,0.0,0.0,0.0,0.0,0.0087719298245614,0.0,0,0,0,0,0,0,0,0,0,0,0,0,0,0,0,0,I love adaptive – Mobile/Responsive testing,,,
0,0,0,0,0,0,0,0,0,0,0,11,0.4006110114896726,31.21619969434539,0.111493783938494,3.876443954257851,3.0739102044729734,150,9,17,0,0,0,0.0721832007894584,0.0152827305145185,0.0009169638308711,0.0,0.0017320427916454,0.0,0.0,13,0,1,4,0,0,4,0,0,0,0,0,0,0,0,4,CPS Test - Check Click Per Second,,,
1,1,0,0,1,1,0,0,0,0,0,56,0.5032181482566203,39.39251596297579,0.0935434024182371,3.664894523395699,2.9386951328124145,129,10,61,0,0,1,0.07357802542344,0.0021283967727565,0.0001649919978881,1.6499199788810244e-05,0.0010064511871174,0.0,0.0,43,0,0,0,0,0,1,0,0,0,0,0,0,0,0,1,SimpleLogin by Proton: Secure Email Aliases,,,
0,0,0,0,0,0,0,0,0,0,0,2,0.2403027436140019,18.23636363636364,0.1267738883632923,6.739583333333333,4.075259256328529,8,0,0,0,0,0,0.0833333333333333,0.1454545454545454,0.0,0.0,0.0,0.0,0.0,0,0,0,0,0,0,0,0,0,0,0,0,0,0,0,0,Miracle GSTIN Verifier,,,
0,0,0,0,1,1,1,1,0,0,0,32,0.4181942279999211,34.37106496985935,0.0885250429053321,4.876520878483302,3.14609033603379,198,24,31,0,0,0,0.0759202061398269,0.0055257870060281,0.000669792364367,0.0,0.0008651484706407,0.0,0.0,0,0,0,0,0,0,5,0,0,0,0,0,0,0,0,5,Passport,,,
0,1,0,0,1,1,0,0,0,0,1,24,0.3535983806304535,37.84632414688144,0.0974215863532741,4.191523431511167,3.2978967041115577,24,11,21,0,0,1,0.0450232526446689,0.0018322009313688,0.0008397587602107,7.634170547370028e-05,0.0016031758149477,0.0,0.0,0,0,0,4,1,0,1,0,0,0,0,0,0,0,0,1,ShowZone Connect - Download Your MLB The Show Data,,,
0,0,0,0,1,1,1,0,0,0,1,55,0.4385239452380536,42.98651701595847,0.0830193380308779,4.679986931821619,2.765355044486734,634,34,43,0,0,1,0.0619588957389268,0.0152374543357046,0.0008171505479715,2.403383964622188e-05,0.0010334551047875,0.0,0.0,2,0,0,0,0,0,5,0,0,0,0,0,0,0,0,5,__MSG_name__,,,
0,0,0,0,0,1,0,1,0,0,0,164,0.4978622729573848,35.318513048790464,0.0802091870883602,3.9202566069695246,2.7639098469796166,3241,42,183,0,0,0,0.035037905347995,0.0061680346978119,7.993133517682904e-05,0.0,0.0003482722461276,0.0,0.0,556,0,0,0,0,0,5,0,0,0,0,0,0,0,0,5,__MSG_PKG_NAME__,,,
0,0,0,0,0,1,0,0,0,0,0,43,0.402262195275958,38.69526401222191,0.0888539164759353,3.9270327349524816,3.257727533182219,233,12,51,0,0,2,0.0723812038014783,0.0055619211305261,0.0002864508736751,4.774181227919412e-05,0.0012174162131194,0.0,0.0,2,0,0,0,0,0,1,0,0,0,0,0,0,0,0,1,Ad Library - Save Facebook TikTok - Foreplay,,,
0,1,0,0,1,1,0,0,0,0,1,211,0.5323932613301379,47.21370087336245,0.0827771741031028,3.8144500736588696,2.718769802391674,1183,25,274,0,0,7,0.0460321224533793,0.0071749150897622,0.0001516254245511,4.245511887433285e-05,0.001661814653081,0.0,0.0,0,0,0,0,1,0,10,0,0,0,0,0,0,0,0,10,Beesy: Record Google Meets,,,
0,0,0,0,0,0,0,0,0,0,0,0,0.0,0.0,0.0,0.0,0.0,0,0,0,0,0,0,0.0,0.0,0.0,0.0,0.0,0.0,0.0,0,0,0,4,0,0,0,0,0,0,0,0,0,0,0,0,oWebster Search,,,
0,1,1,0,0,1,1,1,0,0,0,446,0.5415828826468346,48.74391572557835,0.0815845680297659,3.503295198073181,2.9112024899205644,1882,22,88,0,0,0,0.0464693953874629,0.0028165304296032,3.292437271587164e-05,0.0,0.0001316974908634,0.0,0.0,0,0,0,0,0,0,4,0,0,0,0,0,0,0,0,4,守候购物小助手,,,
0,0,0,0,0,0,0,0,0,0,0,10,0.5082595402559167,58.750473612990525,0.0907077341184463,3.407671922023088,2.848322060092117,25,8,11,0,0,2,0.0671966940663881,0.006765899864682,0.0021650879566982,0.0005412719891745,0.00297699594046,0.0,0.0,0,2,0,1,0,0,1,0,0,0,0,0,0,0,0,1,svg-grabber - Grab all the SVGs from any website,,,
0,1,0,0,1,1,0,1,0,0,0,3,0.3640671239672249,36.37979539641944,0.0806719239124856,5.779179179179179,2.6566747131634627,51,2,15,0,0,0,0.031031031031031,0.0326086956521739,0.0012787723785166,0.0,0.0095907928388746,0.0,0.0,0,0,0,3,0,0,1,0,0,0,0,0,0,0,0,1,TikTok All Liked Videos Remover,,,
1,1,1,0,1,1,0,0,0,0,0,21,0.393824686940966,36.76922037562492,0.119860465116279,4.106072487981179,3.2202523213114014,99,10,12,0,0,0,0.0752838487503835,0.0133765707336846,0.0013511687609782,0.0,0.0016214025131738,0.0,0.0,0,0,0,27,0,0,27,0,0,0,26,0,0,0,0,27,Link Research SEO Toolbar,,,11.0
0,0,0,0,0,1,0,1,0,0,0,4,0.2366017052375152,17.34972067039106,0.0825822168087697,8.141970519782777,3.761345926564992,26,0,4,0,0,0,0.0729247478665632,0.0290502793296089,0.0,0.0,0.0044692737430167,0.0,0.0,0,0,0,0,0,0,2,0,0,0,0,0,0,0,0,2,__MSG_appName__,,,
0,0,0,0,1,1,0,0,0,0,1,116,0.5097160094426062,48.34518258733404,0.0943618666751823,3.658911821227773,2.626683785551611,2239,27,89,0,0,6,0.0464308422097916,0.0180930754995999,0.0002181835812814,4.848524028476998e-05,0.0007191977308907,0.0,0.0,905,0,1,13,0,0,44,0,0,0,0,0,0,0,0,44,URL Shortener by Rebrandly,,,
0,0,0,0,0,1,0,0,0,0,1,1,0.324472840650911,75.00288006678416,0.0613025778743775,10.08011283359291,3.00325130610884,6,0,8,0,0,0,0.0696004851367219,9.275577404693442e-06,0.0,0.0,1.2367436539591256e-05,0.0,0.0,0,0,0,0,0,0,2,0,0,0,0,0,0,0,0,2,Taho,,,
0,0,0,0,1,1,1,0,0,0,1,65,0.4356668605053117,58.113592514988696,0.0683816415033222,3.920332054736287,2.411144401124679,112,8,67,0,0,0,0.0334869093048932,0.001161753417837,8.298238698836172e-05,0.0,0.0006949774910275,0.0,0.0,0,0,0,0,0,0,12,0,0,0,0,0,0,0,0,12,__MSG_app_name__,,,
0,0,0,0,0,0,0,1,0,0,0,2,0.3278831480270329,14.348940914158304,0.1006467553230143,6.892592592592592,3.309046608486039,4,2,2,0,0,0,0.1351851851851851,0.0044593088071348,0.0022296544035674,0.0,0.0022296544035674,0.0,0.0,0,0,0,0,0,0,3,0,0,0,0,0,0,0,0,3,XDown,,,
0,0,0,0,0,1,0,0,0,0,0,1,0.3993531202435312,16.330449114132673,0.0918236301369863,4.99204107830552,3.162723904538137,35,2,8,0,0,0,0.0572528883183568,0.0144210960032962,0.0008240626287597,0.0,0.0032962505150391,0.0,0.0,41,1,0,29,0,0,20,0,0,0,0,0,0,0,0,20,Gnosis IQ,,,
0,0,0,0,0,0,0,0,0,0,0,0,0.0,0.0,0.0,0.0,0.0,0,0,0,0,0,0,0.0,0.0,0.0,0.0,0.0,0.0,0.0,0,0,0,0,0,0,0,0,0,0,0,0,0,0,0,0,__MSG_appName__,,,
0,0,0,0,1,1,0,0,0,0,0,199,0.3573979145851108,42.51993135740529,0.0894707404005474,4.8772404431699785,3.071045919753109,631,90,137,0,0,28,0.0468977010511922,0.0012724288266633,0.0001814874713148,5.646276885352348e-05,0.0002762642618904,0.0,0.0,2,0,1,0,0,0,5,0,0,0,0,0,0,0,0,5,Fewcha Move Wallet,,,
1,1,1,0,1,1,0,0,0,0,1,66,0.5474968669212524,59.70560575506089,0.0786774486845062,4.440345519661824,2.7888259822512755,1363,24,33,0,13,0,0.045211750032184,0.0132145350190025,0.0002326844023888,0.0,0.0003199410532847,0.0001260373846273,0.0,0,0,0,0,0,0,2,0,0,0,0,0,0,0,0,2,__MSG_app_name__,,,
0,0,0,0,0,0,0,0,0,0,0,0,0.0,0.0,0.0,0.0,0.0,0,0,0,0,0,0,0.0,0.0,0.0,0.0,0.0,0.0,0.0,0,0,0,0,0,0,0,0,0,0,0,0,0,0,0,0,Opposing Viewpoints In Context,,,
0,0,0,0,0,1,0,0,0,0,1,8,0.4529976953985076,23.874322956438352,0.087898985918228,4.609994975395389,2.852897175263968,221,23,55,0,0,4,0.052718470606063,0.0039246328426062,0.0004084459519454,7.103407859920796e-05,0.0009767185807391,0.0,0.0,5,1,0,11,0,0,11,0,0,0,0,0,0,0,0,11,__MSG_extensionName__,,,
0,0,0,0,0,0,0,0,0,0,0,0,0.0,0.0,0.0,0.0,0.0,0,0,0,0,0,0,0.0,0.0,0.0,0.0,0.0,0.0,0.0,0,0,0,0,0,0,0,0,0,0,0,0,0,0,0,0,Perseid Meteor Shower,,,
0,1,0,0,0,1,0,1,0,0,1,55,0.3328887330022132,62.28477071343507,0.0649562202900895,8.900743794052202,3.0193202840076565,77,11,49,0,0,5,0.0660326385464912,0.0002019799279167,2.885427541668197e-05,1.311557973485544e-05,0.0001285326814015,0.0,0.0,43,0,3,0,0,0,3,0,0,0,0,0,0,0,0,2,Folio: Manage Real Estate Deals from Gmail,,,
1,1,0,0,1,1,0,0,0,0,0,8,0.4016124386314213,35.985015218918285,0.1143109467933236,3.880631092117203,3.1760871391774343,78,10,13,0,0,0,0.0689927699558001,0.0091313509716693,0.0011706860220088,0.0,0.0015218918286115,0.0,0.0,14,1,0,0,0,3,5,0,2,0,0,0,0,0,0,5,__MSG_qpush_name__,,,
0,0,0,0,0,0,0,0,0,0,0,10,0.4161144986685393,26.736862404782567,0.113069868661656,3.6525743383416103,3.013520371678578,72,8,9,0,0,0,0.0722323505374992,0.0069424356378362,0.0007713817375373,0.0,0.0008678044547295,0.0,0.0,12,0,0,7,0,1,5,0,0,0,0,1,0,0,0,5,Qwik Ant,1.0,,
0,0,0,0,0,1,0,0,0,0,0,4,0.4834355989782213,34.8203943024243,0.0961156611276433,3.5920518645192576,3.0218699911728333,28,3,20,0,0,0,0.0404298220985732,0.0026412602584661,0.0002829921705499,0.0,0.0018866144703329,0.0,0.0,4,0,0,0,0,0,1,0,0,0,0,0,0,0,0,1,Notion Boost,,,
0,1,1,0,0,1,0,0,0,0,1,20,0.377048638582345,29.71845703708127,0.1042421956856852,3.9455214766139712,3.1447237387182976,109,23,19,0,0,0,0.0551149949254296,0.0065086284110586,0.0013733803069206,0.0,0.0011345315578909,0.0,0.0,19,1,0,5,0,0,8,0,4,1,0,0,0,0,0,7,Youtube Transcript AI Summary,,,
0,0,0,0,1,1,0,0,0,0,0,48,0.5304374299556128,53.76046196965304,0.0907947335445327,3.681352081542429,2.339460105927075,266,34,59,0,0,0,0.0620522739367145,0.0064269836667633,0.0008214941528945,0.0,0.0014255339711993,0.0,0.0,0,0,0,0,0,0,0,0,0,0,0,0,0,0,0,0,__MSG_appName__,,,
0,0,0,0,0,1,0,0,0,0,1,5,0.3406758331391284,20.20217391304348,0.076942437660219,6.629371428571429,3.449798004013281,159,31,10,0,0,2,0.0609142857142857,0.0314229249011857,0.0061264822134387,0.000395256916996,0.0019762845849802,0.0,0.0,0,0,0,1,0,0,2,1,0,0,0,1,0,0,0,2,MagicScroll Web Reader,,,
0,0,0,0,0,0,0,0,0,0,1,401,0.4650678597869924,59.7626467336948,0.0705368920181171,4.267757079556694,2.7740697295228367,1208,408,752,0,0,6,0.048286904444766,0.0063588987734905,0.0021477075327683,3.158393430541664e-05,0.0039585197662788,0.0,0.0,29,1,2,4,8,4,3,1,0,0,0,0,0,0,0,3,Userpilot,,,
0,0,0,0,0,1,0,0,0,0,1,140,0.4825789361308705,44.76728321753523,0.0864033810724913,3.952082816212191,2.650558364214586,2335,23,190,0,0,1,0.0334595847664976,0.0109174389137732,0.0001075379421913,4.675562703971423e-06,0.0008883569137545,0.0,0.0,2,2,0,0,0,0,3,0,0,0,0,0,0,0,0,3,__MSG_extensionName__,,,
0,0,0,0,1,1,0,0,0,0,1,14,0.4571449225530747,29.85952067722931,0.0999835958765409,4.00347934261806,2.8922373115446507,560,29,31,0,0,0,0.064863498974663,0.0160155579706,0.0008293771091917,0.0,0.0008865755305153,0.0,0.0,33,2,0,1,0,0,7,0,0,0,0,0,0,0,0,7,Fontiran,,,
0,0,0,0,1,1,0,0,0,0,0,41,0.4746623318885602,43.37932930181418,0.0881976857019766,3.904977442278772,2.7491472272669766,50,20,22,0,0,0,0.0340429923628107,0.0030541811740272,0.0012216724696108,0.0,0.0013438397165719,0.0,0.0,3,0,0,0,0,0,3,0,0,0,0,0,0,0,0,3,__MSG__extensionName__,,,
0,1,0,0,0,1,0,0,0,0,0,9,0.4189597992943528,48.66173570019724,0.088331667405853,4.1733429018789145,3.1992728759675324,183,29,21,0,0,0,0.0257698329853862,0.0601577909270217,0.0095332018408941,0.0,0.0069033530571992,0.0,0.0,0,0,0,0,0,0,0,0,0,0,0,0,0,0,0,0,"AI Chat to Word, PDF & Google Docs - for Gemini",,,
0,0,0,0,1,1,0,1,0,0,1,67,0.4241619361568795,46.24311425926065,0.094883560706381,4.404349195821588,2.9270098570204346,1175,40,43,0,0,1,0.0526894379041618,0.0088447612667203,0.0003010982558883,7.5274563972088195e-06,0.0003236806250799,0.0,0.0,1,0,0,0,0,0,1,0,0,0,0,0,0,0,0,1,__MSG_appName__,,,
0,0,0,0,0,0,0,0,0,0,0,0,0.0,0.0,0.0,0.0,0.0,0,0,0,0,0,0,0.0,0.0,0.0,0.0,0.0,0.0,0.0,0,0,0,0,0,0,0,0,0,0,0,0,0,0,0,0,__MSG_appName__,,,
0,0,0,0,0,0,0,0,0,0,0,0,0.0,0.0,0.0,0.0,0.0,0,0,0,0,0,0,0.0,0.0,0.0,0.0,0.0,0.0,0.0,0,0,0,0,0,0,0,0,0,0,0,0,0,0,0,0,Azov Sea Theme,,,
0,0,0,0,0,1,0,0,0,0,0,33,0.5551417486435324,44.52897376307259,0.0843607517166363,3.43883398230628,2.6688448787435277,551,12,67,0,0,0,0.0539841350879733,0.0084245611889181,0.0001834750168185,0.0,0.0010244021772368,0.0,0.0,0,0,0,0,2,0,6,0,0,0,0,0,0,0,0,6,Obsidian Web,,,
0,1,0,0,1,1,0,0,0,0,1,155,0.5648745826446746,52.90396419597205,0.0794878315404144,3.4296006407459743,2.5102411512932425,911,54,275,0,0,3,0.0337186057263415,0.0056943906189446,0.0003375379730219,1.8752109612331387e-05,0.0017189433811303,0.0,0.0,0,0,0,0,0,0,1,0,0,0,0,0,0,0,0,1,SocialiQ - Influencer Marketing Research Assistant,,,
0,0,0,0,0,0,0,0,0,0,0,0,0.0,0.0,0.0,0.0,0.0,0,0,0,0,0,0,0.0,0.0,0.0,0.0,0.0,0.0,0.0,0,0,0,0,0,0,0,0,0,0,0,0,0,0,0,0,YouMeScript,,,
0,0,0,0,0,0,0,0,0,0,0,52,0.3864045987218876,57.4199149292239,0.0923384873203325,5.5028788331129785,2.8163928521727186,20,1,2,0,0,0,0.0244523108855432,0.0013946028868279,6.973014434139879e-05,0.0,0.0001394602886827,0.0,0.0,0,0,0,0,0,0,0,0,0,0,0,0,0,0,0,0,__MSG_appName__,,,
0,0,0,0,0,1,1,0,0,0,1,17,0.1963153902847909,125.88984,0.0338746783800125,2.2995703674755563,3.267901433855798,137,16,11,0,0,0,0.0070690256468603,0.01096,0.00128,0.0,0.00088,0.0,0.0,12,0,0,7,0,0,13,0,0,0,5,0,0,0,0,13,eyeCare - Protect your vision,,,
0,0,0,0,0,1,0,0,0,0,1,25,0.4687517625412911,35.08869237539884,0.0922580802514584,3.5865423132169374,2.641252660239857,385,44,59,0,0,0,0.0556839102551133,0.0052948619210034,0.0006051270766861,0.0,0.0008114203982836,0.0,0.0,3,0,0,31,1,2,9,0,1,0,0,0,0,1,0,9,Titans Quick View - Amazon Niche Finder,,,
0,0,0,0,1,1,1,0,0,0,0,97,0.4174648264843837,51.60681031619325,0.0908053822093308,4.130241791446825,2.7885521145432164,1285,67,49,0,0,0,0.0497168656707677,0.0137684963944754,0.0007178904734862,0.0,0.0005250243761317,0.0,0.0,0,0,0,0,0,0,13,0,0,0,0,0,0,0,0,13,__MSG_appName__,,,
0,0,0,0,0,0,0,0,0,0,0,8,0.4227853759382158,45.32700603968939,0.1258404365613961,3.233891718741795,3.225803268129133,63,17,8,0,0,0,0.0513574541826392,0.0181190681622088,0.0048892723612309,0.0,0.0023008340523439,0.0,0.0,0,0,0,0,0,0,0,0,0,0,0,0,0,0,0,0,Toggle Fullscreen in Hangout,,,
0,0,0,0,1,1,0,0,0,0,1,58,0.3726977758249472,68.90468612360752,0.0520733869956106,6.745191593630994,2.897707603546681,376,56,94,0,0,0,0.0447713015851221,0.0013630250455852,0.0002030037301935,0.0,0.0003407562613963,0.0,0.0,150,2,3,0,0,0,4,0,0,0,0,0,0,0,0,4,__MSG_app_name__,,,
1,1,1,0,0,1,0,0,0,0,1,103,0.4918708354079542,40.09797894060701,0.0918807712603052,3.555438006143271,2.748942272394038,109,82,88,0,0,4,0.0403476266268975,0.0008335053871976,0.0006270407500019,3.058735365862984e-05,0.0006729217804898,0.0,0.0,10,0,2,0,0,0,1,0,0,0,0,0,0,0,0,1,__MSG_name__,,,
0,0,0,0,0,0,0,0,0,0,1,2,0.331857100679067,28.7280701754386,0.1089459698848538,6.606870229007634,3.3681496549109355,1,0,0,0,0,0,0.0801526717557251,0.0087719298245614,0.0,0.0,0.0,0.0,0.0,0,0,0,0,0,0,1,0,0,0,0,0,0,0,0,1,Dólar Hoje,,,
0,0,0,0,0,0,0,0,0,0,0,0,0.1904761904761904,18.94736842105263,0.1058201058201058,8.620689655172415,3.591742156667236,2,0,2,0,0,0,0.0,0.1052631578947368,0.0,0.0,0.1052631578947368,0.0,0.0,0,0,0,2,0,0,1,0,0,0,0,0,0,0,0,1,Temporary Phone Number Generator,,,
1,1,1,0,1,1,0,0,0,0,0,10,0.3197717881386428,34.29380308273042,0.0878254698430347,5.72594315910074,2.878158430954332,21,3,8,0,0,0,0.0314717607585021,0.0008257313620635,0.0001179616231519,0.0,0.0003145643284051,0.0,0.0,0,0,0,0,0,0,1,0,0,0,0,0,0,0,0,1,ShopBuddy USA,,,
0,0,0,0,1,1,0,0,1,0,0,93,0.5679667381799721,44.449644441315215,0.0831516067101777,3.4795217644568743,2.555873461987414,2668,16,99,0,0,2,0.0424272136212828,0.0187847637822995,0.0001126522565655,1.408153207068929e-05,0.0006970358374991,0.0,0.0,0,0,0,0,0,0,2,0,0,0,0,0,0,0,0,2,__MSG_ext_name__,,,
0,0,0,0,1,1,0,0,0,0,0,23,0.5227821646026731,41.55731929708223,0.0777318535428101,3.732101112057853,2.711362289066851,42,5,21,0,0,0,0.0494964060212798,0.0017407161803713,0.0002072281167108,0.0,0.0008703580901856,0.0,0.0,1,0,0,0,0,0,2,0,0,0,0,0,0,0,0,2,Speed Test,,,
0,0,0,0,0,1,0,0,0,0,1,6,0.484576844596491,40.643094053541816,0.0847097799455363,4.460505631285398,2.835681466576057,45,18,5,0,0,0,0.0472683420548269,0.001776830135039,0.0007107320540156,0.0,0.0001974255705598,0.0,0.0,6,0,0,1,0,0,4,0,0,0,0,0,0,0,1,4,Siteimprove Accessibility Checker,,,
0,0,0,0,1,1,0,0,0,0,1,36,0.5434476456759139,45.184562439715634,0.0889798934519515,3.596159529869526,2.7641801580176435,1229,12,62,0,0,0,0.0622440810447088,0.0146349595722638,0.0001428962692165,0.0,0.0007382973909522,0.0,0.0,5,1,0,0,0,0,0,0,0,0,0,0,0,0,0,0,Beni - Find it Secondhand,,,
0,0,0,0,0,1,0,0,0,0,0,152,0.5178478353984219,50.75556820029264,0.0792526864699472,3.642201027704263,2.888011871414016,654,24,167,0,0,0,0.0711736325612473,0.0075945839236361,0.0002787003274728,0.0,0.0019392897786654,0.0,0.0,9,1,3,18,0,0,6,0,0,0,0,0,0,0,0,6,Better Lyrics (Lyrics for Youtube Music),,,
0,1,0,0,0,0,0,0,0,0,0,13,0.3645340578410956,34.2738326848249,0.0715773214359596,7.210585374976622,3.3673688851771084,16,3,8,0,0,0,0.0441368991958107,0.0077821011673151,0.0014591439688715,0.0,0.0038910505836575,0.0,0.0,0,0,0,2,0,0,2,0,0,0,0,0,0,0,0,2,ChatGPT Bulk Delete,,,
0,0,1,0,1,1,0,0,0,0,0,33,0.4024521740840399,42.415054069436536,0.0891526856910627,5.98961661341853,3.4613190817882917,30,4,39,0,0,0,0.044644358500084,0.004268639726807,0.0005691519635742,0.0,0.0055492316448491,0.0,0.0,0,0,0,0,0,0,1,0,0,0,0,0,0,0,0,1,__MSG_manifest_name__,,,
0,0,0,0,0,1,0,0,0,0,0,1,0.3286927706254285,41.76221498371336,0.1047268987582844,6.3045203969129,2.660852098729062,4,1,13,0,0,0,0.0130099228224917,0.003257328990228,0.000814332247557,0.0,0.010586319218241,0.0,0.0,0,0,0,0,0,3,1,0,0,0,0,0,0,0,0,1,Bug Magnet,,,
0,0,0,0,0,0,0,0,0,0,0,28,0.4264188515744278,40.95215124705272,0.067644527723222,6.113821795519622,3.1238106141140465,381,7,34,0,0,0,0.0671248105103587,0.0082415799606307,0.0001514201042635,0.0,0.0007354690778515,0.0,0.0,0,0,0,0,0,0,1,0,0,0,0,0,0,0,0,1,HTML to Figma - by Builder.io,,,
0,1,0,0,0,1,0,1,0,0,1,4,0.5231940784374516,45.96087352138308,0.0903929623314214,3.816339869281046,2.9681778024885395,4,1,5,0,0,1,0.0516339869281045,0.0036396724294813,0.0009099181073703,0.0009099181073703,0.0045495905368516,0.0,0.0,0,0,0,0,0,0,0,0,0,0,0,0,0,0,0,0,Star Citizen CCU Game,,,
0,0,0,0,1,1,0,0,0,0,0,0,0.3888260574530649,35.62779993863148,0.1065621151574555,4.934941260234959,3.191074675306985,89,0,0,0,0,0,0.0926486294054823,0.0273089904878797,0.0,0.0,0.0,0.0,0.0,12,0,0,1,0,0,2,0,0,0,1,0,0,0,0,2,Copy URLs,,,
0,0,0,0,1,1,0,0,0,0,0,34,0.3943671984805501,30.996403541128736,0.1102043129859362,3.7130451943951055,3.1826055124677555,160,7,41,0,0,0,0.0524143148477073,0.0049182343538669,0.0002151727529816,0.0,0.0012602975531784,0.0,0.0,0,0,0,0,0,0,1,0,0,0,0,0,0,0,0,1,__MSG_ext_name__,,,
0,0,0,0,0,1,0,0,0,0,0,76,0.4250095549385663,45.725180339894855,0.0846462072413432,4.415300144408779,2.8622444385878816,598,29,78,0,0,4,0.056772840199024,0.0045696295390634,0.0002216041080816,3.0566083873334146e-05,0.00059603863553,0.0,0.0,0,0,0,0,0,0,2,0,0,0,0,0,0,0,0,2,GemWallet,,,
0,0,0,0,1,0,0,0,0,0,0,0,0.3532684283727399,34.96666666666667,0.1298099211868335,3.5961538461538463,4.034788471755545,0,0,0,0,0,0,0.0115384615384615,0.0,0.0,0.0,0.0,0.0,0.0,0,0,0,0,0,0,0,0,0,0,0,0,0,0,0,0,__MSG_extensionName__,,,
0,0,0,0,0,0,0,0,0,0,0,0,0.0,0.0,0.0,0.0,0.0,0,0,0,0,0,0,0.0,0.0,0.0,0.0,0.0,0.0,0.0,0,0,0,0,0,0,0,0,0,0,0,0,0,0,0,0,TeX equation editor,,,
0,0,1,0,1,1,1,0,0,0,0,2,0.4085622052934448,32.14629318024349,0.104238399125623,4.046020157834067,3.1229118934955844,70,7,12,0,0,0,0.0476457896136907,0.0069286350588933,0.0006928635058893,0.0,0.001187766010096,0.0,0.0,3,0,0,0,0,1,13,0,0,0,0,0,0,0,0,10,Feedly Notifier,,,
0,0,0,0,0,1,0,0,0,0,1,4,0.3647762747138398,38.47638603696099,0.1204994797086368,4.013724562233791,3.286700223029862,5,0,2,0,0,0,0.0326549929010885,0.0102669404517453,0.0,0.0,0.0041067761806981,0.0,0.0,1,0,0,0,0,0,2,0,0,0,0,0,0,0,0,2,PlayXylo,,,
0,0,0,0,0,1,0,0,0,0,0,2,0.3219702892885066,12.673076923076923,0.1061767005473025,5.713298791018998,3.750745274925935,19,7,2,0,0,0,0.0690846286701209,0.0405982905982906,0.0149572649572649,0.0,0.0042735042735042,0.0,0.0,0,0,0,0,0,0,2,0,0,0,0,0,0,0,0,2,__MSG_AppName__,,,
0,0,0,0,0,1,0,1,0,0,0,17,0.58778237807322,48.22120782832258,0.0693697074098394,3.908752379496728,2.7449251902390417,106,11,12,0,0,0,0.0455057038447109,0.0055616768980534,0.0005771551497979,0.0,0.0006296237997796,0.0,0.0,2,0,0,0,0,0,1,0,0,0,0,0,0,0,0,1,GitKraken,,,
0,0,0,0,0,1,0,0,0,0,0,55,0.3941493951195519,21.751818280003267,0.0715352584097625,5.784495185377386,2.697072891870352,628,84,64,0,0,0,0.0534344857126382,0.0016542989381402,0.0002212756541461,0.0,0.0001685909745875,0.0,0.0,514,0,3,9,1,8,34,2,1,0,3,0,0,0,1,34,Yet Another REST Client,,,
0,0,0,0,0,0,0,0,0,0,0,0,0.0,0.0,0.0,0.0,0.0,0,0,0,0,0,0,0.0,0.0,0.0,0.0,0.0,0.0,0.0,0,0,0,0,0,0,0,0,0,0,0,0,0,0,0,0,Valley Landscape,,,
0,1,0,0,0,1,0,0,0,0,1,149,0.4246567962478516,53.401895178406455,0.0834579681401534,4.25657978008758,2.7127479001905312,435,266,57,0,0,8,0.0576442732543624,0.0013577118030412,0.0008302329646183,2.496941246972459e-05,0.0001779070638467,0.0,0.0,340,0,0,20,6,0,5,0,0,0,0,0,0,6,0,4,Salesforce DevTools,,,
1,1,0,0,1,1,1,1,1,0,1,197,0.3641761410488396,40.27896954789009,0.0865839422330238,6.316212523109074,3.1669936520190176,400,140,91,0,0,16,0.0670708601743084,0.0076273287187994,0.0026695650515798,0.0003050931487519,0.0017352172835268,0.0,0.0,91,0,0,29,11,6,61,1,0,0,3,0,4,3,0,61,Home - New Tab Page | ChatGPT search with GPT-4o AI answers,,,
0,0,0,0,0,1,0,0,0,0,0,10,0.5260204884262089,44.79272113762352,0.0510070230493332,5.894775563054226,2.1180658142879545,21,0,6,0,0,1,0.0446519657851369,0.0005623845103237,0.0,2.6780214777322515e-05,0.0001606812886639,0.0,0.0,0,0,0,0,0,0,0,0,0,0,0,0,0,0,0,0,Poshmark Bot Sharer by Flyp,,,
0,1,0,0,0,1,0,0,0,0,0,34,0.4553223433808837,34.176644683496406,0.1001389591624492,3.6450945016859895,2.558410812819016,63,20,48,0,0,0,0.0358052428837736,0.0008513973728309,0.0002702848802637,0.0,0.0006486837126331,0.0,0.0,0,0,0,0,0,0,2,0,0,0,0,0,0,0,0,2,Cloud Document Converter,,,
0,0,0,0,1,1,0,0,0,0,0,126,0.4679153464237975,46.3883830719946,0.0837547473706143,3.741489788638188,2.483608623532649,215,30,91,0,0,6,0.0526509408722019,0.0022656381723149,0.0003161355589276,6.322711178553364e-05,0.0009589445287472,0.0,0.0,0,0,0,0,0,0,2,0,0,0,0,0,0,0,0,2,__MSG_name__,,,
0,0,0,0,0,0,0,0,0,0,0,0,0.0,0.0,0.0,0.0,0.0,0,0,0,0,0,0,0.0,0.0,0.0,0.0,0.0,0.0,0.0,0,0,0,0,0,0,0,0,0,0,0,0,0,0,0,0,Zoho Invoice and Time Tracking,,,
0,1,0,0,0,1,0,0,0,0,0,58,0.5015488936239048,48.96193005754759,0.0543610146120272,4.650950690931058,2.392309332950274,857,28,38,0,0,10,0.0486747715774371,0.0054195914753683,0.0001770694997786,6.323910706380825e-05,0.0002403086068424,0.0,0.0,1,0,0,0,0,0,0,0,0,0,0,0,0,0,0,0,Moon: Shop online with Bitcoin,,,
0,0,1,0,0,1,1,1,0,0,1,28,0.5236224609857147,64.878613187569,0.0688966294014835,5.136361329611773,2.932852192915051,66,3,33,0,0,2,0.061896942161026,0.0002986479393292,1.35749063331463e-05,9.049937555430868e-06,0.0001493239696646,0.0,0.0,21,3,0,0,0,0,2,0,0,0,0,0,0,0,0,2,Phia: Best Price in One Click,,,
0,0,1,0,1,1,0,1,1,0,0,153,0.4326049581722942,33.3479430350596,0.1020494100670798,4.388872933635079,3.0522557424022003,386,74,161,0,3,2,0.0398740939011361,0.007111405884412,0.0013633265167007,3.684666261353378e-05,0.0029661563403894,5.5269993920300666e-05,0.0,33,0,0,15,0,2,10,0,2,0,0,0,0,0,0,10,AuctionGate,,,
0,1,0,0,0,1,0,0,0,0,0,514,0.4008188364185491,25.17113939579819,0.0841697206312959,5.908340133833851,3.0694096819185166,879,42,17,0,0,0,0.0392688101844295,0.0192564681140053,0.0009201042784848,0.0,0.0003724231603391,0.0,0.0,0,0,4,25,0,0,11,0,0,0,0,0,0,0,0,11,Invite fans and post likers in Facebook™,,,
0,0,0,0,0,1,0,0,0,0,0,22,0.410046378214191,36.02439090197771,0.086933645047792,5.559528115043486,3.211020532457956,94,1,55,0,0,0,0.0719796779471282,0.002536222108302,2.6981086258532768e-05,0.0,0.0014839597442193,0.0,0.0,38,0,6,31,0,11,19,5,0,0,0,2,0,0,0,19,Sauce for Strava™,,,
0,0,0,0,1,1,0,0,0,0,0,53,0.8045345511001134,70.10358921033847,0.0497082884741011,2.6690306243289745,3.089429330196237,169,77,93,0,0,12,0.0586396792223876,0.000297852466095,0.0001357079283391,2.114928753337622e-05,0.0001639069783836,0.0,0.0,3,2,0,0,0,0,9,0,0,0,0,0,0,0,0,9,Cursorful - Screen Recorder with Auto Zoom,,,
0,0,0,0,1,1,0,0,0,0,0,38,0.4912864754945757,41.8769011793412,0.1069059447729286,3.3683395150046023,3.1201823342324198,135,15,36,0,0,2,0.0576763598917372,0.005490036600244,0.0006100040666937,8.133387555917039e-05,0.001464009760065,0.0,0.0,0,0,0,0,0,0,0,0,0,0,0,0,0,0,0,0,__MSG_name__,,,
0,0,1,0,1,1,0,0,0,0,1,267,0.5335316038263557,48.84125200642055,0.087866963801475,3.715771849860464,2.7053152441270085,1964,82,395,0,0,19,0.0511055425534092,0.0075059237178017,0.0003133837804784,7.261331498891691e-05,0.0015095926010853,0.0,0.0,0,0,0,0,0,0,13,0,0,0,0,0,0,0,0,13,__MSG_extName__,,,
0,0,0,0,0,0,0,0,0,0,0,16,0.3674181223940102,37.68668096259233,0.0928969264974882,4.952978398428977,3.267739440373857,68,16,16,0,0,0,0.0854680340388392,0.0054006830275593,0.001270748947661,0.0,0.001270748947661,0.0,0.0,61,3,0,5,0,1,5,0,0,0,0,1,0,0,0,5,Qwik Jokes,1.0,,
0,0,0,0,1,1,0,0,0,0,0,8,0.4616474140001274,34.72181372549019,0.0940007155424645,4.07500385822316,3.2661474921391376,140,6,31,0,0,1,0.0453212613817583,0.0245098039215686,0.0010504201680672,0.0001750700280112,0.0054271708683473,0.0,0.0,0,0,0,0,0,0,0,0,0,0,0,0,0,0,0,0,Similarweb Sales Extension - Company & Contact Database,,,
0,0,0,0,0,1,0,0,0,0,0,10,0.4211675161710589,36.36941254626554,0.0989691664190532,3.699988242210464,2.872514683690007,85,9,32,0,0,0,0.0306055261610817,0.0040334060928157,0.0004270665274746,0.0,0.0015184587643541,0.0,0.0,2,0,1,0,0,0,1,0,0,0,0,0,0,0,0,1,Web Capture - HTML to React with MagicPath,,,
0,0,0,0,0,1,0,0,0,0,0,1,0.1410594170403587,122.48096885813148,0.0595011210762331,3.2041424315505744,3.285136189989647,28,2,4,0,0,0,0.0090793020286565,0.0968858131487889,0.0069204152249134,0.0,0.0138408304498269,0.0,0.0,0,0,0,2,0,0,4,0,0,0,2,0,0,0,0,4,Amazon Smile Redirect,,,
1,1,0,0,0,1,0,0,0,0,0,3,0.4307766669521909,22.35986851507789,0.0790249752205675,5.662384766510503,3.1926541476952077,31,30,12,0,0,2,0.0970228200090675,0.0044304702015149,0.0042875518079176,0.0002858367871945,0.001715020723167,0.0,0.0,0,0,0,1,0,0,3,0,0,0,0,0,0,0,0,3,View Rendered Source,,,
0,1,0,0,0,0,0,0,0,0,0,34,0.3999287549788922,34.42233981208236,0.1183668036505412,3.834612370747662,3.0091321662461614,221,20,29,0,0,0,0.0404749331379997,0.003748176791832,0.0003392015196228,0.0,0.000491842203453,0.0,0.0,0,0,0,0,0,0,0,0,0,0,0,0,0,0,0,0,Pague Menos Be!Tech,,,
1,1,0,0,1,0,0,0,0,0,1,0,0.5406058901057681,55.88771112858457,0.0734867582879293,4.1147058464397785,2.293852264755125,0,0,0,0,0,0,0.0421364218552081,0.0,0.0,0.0,0.0,0.0,0.0,0,0,0,0,0,0,1,0,0,0,0,0,0,0,0,1,__MSG_appName__,,,
0,0,0,0,0,1,0,0,1,0,0,9,0.4270869791666666,32.17180076363574,0.0590177083333333,4.989527683162239,1.8232396540028468,28,5,12,0,0,1,0.0357499158790783,0.0004837511445897,8.638413296245746e-05,1.727682659249149e-05,0.0002073219191098,0.0,0.0,0,0,0,0,0,0,2,0,0,0,0,0,0,0,0,2,Familycard.be,,,
0,0,0,0,1,1,0,0,0,0,0,40,0.4560542730168008,41.1804916099083,0.0898070305766079,3.773699126395341,2.841564853034332,397,8,73,0,0,0,0.0567236358593912,0.0075529850462311,0.0001522012099996,0.0,0.0013888360412465,0.0,0.0,2,0,0,0,0,0,3,0,0,0,0,0,0,0,0,3,__MSG_name__,,,
1,1,1,0,1,1,0,1,0,0,1,48,0.570445716146742,52.62380825091331,0.0760711710184806,3.940121409880179,2.5161494126556048,149,9,57,0,0,1,0.0329480564884364,0.0066381537913213,0.0004009623095429,4.455136772698922e-05,0.0025394279604383,0.0,0.0,0,0,0,4,0,0,7,0,0,0,0,0,0,0,0,7,__MSG_extName__,,,
0,0,0,0,0,0,0,0,0,0,0,0,0.0,0.0,0.0,0.0,0.0,0,0,0,0,0,0,0.0,0.0,0.0,0.0,0.0,0.0,0.0,0,0,0,0,0,0,0,0,0,0,0,0,0,0,0,0,Days Like This,,,
0,0,0,0,0,0,0,0,0,0,0,0,0.0,0.0,0.0,0.0,0.0,0,0,0,0,0,0,0.0,0.0,0.0,0.0,0.0,0.0,0.0,0,0,0,0,0,0,0,0,0,0,0,0,0,0,0,0,Flower Friends,,,
1,1,0,0,1,1,0,0,0,0,0,32,0.4564397191675458,46.81597170114696,0.094828254876211,4.014755854325183,2.7985145116748296,123,14,52,0,0,0,0.0382100908620817,0.0026369385786257,0.0003001393504126,0.0,0.0011148033015328,0.0,0.0,0,0,0,0,0,0,2,0,0,0,0,0,0,0,0,2,__MSG_extensionName__,,,
0,0,0,0,0,1,0,0,0,0,0,12,0.4557740595412696,20.049905038994627,0.0782448609756659,5.201826399778618,3.064452739823452,83,9,7,0,0,0,0.0728715063186053,0.0033539418919464,0.0003636804461146,0.0,0.0002828625692003,0.0,0.0,23,0,0,2,0,2,4,0,0,0,0,1,0,0,0,4,Web Translator,1.0,,
0,0,0,0,0,0,0,0,0,0,0,0,0.0,0.0,0.0,0.0,0.0,0,0,0,0,0,0,0.0,0.0,0.0,0.0,0.0,0.0,0.0,0,0,0,0,0,0,0,0,0,0,0,0,0,0,0,0,A Passion,,,
0,0,0,0,0,1,0,0,0,0,1,154,0.5387807189151862,58.57068962314965,0.0702203533509026,4.106752324521118,2.9132733647538904,601,218,235,0,0,9,0.0675742471611695,0.0013953121227317,0.0005061198714734,2.0894857079177575e-05,0.0005455879348451,0.0,0.0,16,0,1,0,0,0,1,0,0,0,0,0,0,0,0,1,XCAD Network,,,
0,0,0,0,0,1,0,0,0,0,0,0,0.4666987487969201,39.8398296757288,0.0562640359319858,6.384121424401634,2.034479712836965,59,6,21,0,0,0,0.031523642732049,0.0193252538486734,0.0019652800524074,0.0,0.0068784801834261,0.0,0.0,0,0,0,0,0,0,4,0,3,0,0,0,0,0,0,4,Web Filter for Chrome,,,
0,0,0,0,0,0,0,0,0,0,0,0,0.1101248799231508,131.78571428571428,0.0529875120076849,29.50471063257066,3.1890186848239948,0,0,0,0,0,0,0.079407806191117,0.0,0.0,0.0,0.0,0.0,0.0,0,0,0,0,0,0,0,0,0,0,0,0,0,0,0,0,__MSG_extName__,,,
0,1,0,0,0,1,0,0,0,0,0,80,0.5472553243563393,46.779450222882616,0.0821600514748163,3.859090634828452,2.719172972224538,896,23,107,0,0,8,0.0464902290571473,0.0066567607726597,0.0001708766716196,5.943536404160475e-05,0.0007949479940564,0.0,0.0,0,0,0,0,0,0,3,0,0,0,0,0,0,0,0,3,__MSG_ext_fulltitle__,,,
1,1,1,0,1,1,1,0,0,0,0,31,0.5923768645164396,54.95940976112073,0.069302187603573,3.5226508661471145,2.422420876171432,154,92,39,0,0,1,0.0414922021335036,0.000580884377605,0.0003470218359718,3.7719764779546834e-06,0.0001471070826402,0.0,0.0,0,0,0,14,0,0,42,0,0,0,0,0,0,0,0,42,Psono - Free Password Manager,,,
0,0,0,0,0,0,0,0,0,0,0,0,0.0,0.0,0.0,0.0,0.0,0,0,0,0,0,0,0.0,0.0,0.0,0.0,0.0,0.0,0.0,0,0,0,0,0,0,0,0,0,0,0,0,0,0,0,0,Solitaire Games,,,
0,0,1,0,0,1,0,0,1,0,0,18,0.5612339545224709,50.03522901599825,0.065691314910579,3.575298146819541,1.9307269364481785,40,3,10,0,0,1,0.0339027790938502,0.0010957703265395,8.21827744904668e-05,2.739425816348893e-05,0.0002739425816348,0.0,0.0,0,0,0,6,0,0,4,0,0,0,0,0,0,0,0,4,PrivadoVPN Web Proxy Extension,,,
0,0,0,0,1,1,0,0,0,0,0,2,0.4875273019887343,22.169107856191744,0.0783998160708127,5.275675675675676,3.077090964780886,6,2,5,0,0,0,0.02007722007722,0.0079893475366178,0.0026631158455392,0.0,0.0066577896138482,0.0,0.0,0,0,1,2,0,0,1,0,0,0,0,0,0,0,0,1,__MSG_extName__,,,
0,0,0,0,0,0,0,0,0,0,1,9,0.357283207753135,38.77464788732394,0.0980084666790915,6.595916652663418,3.2962686606892397,48,8,22,0,0,6,0.0910771298941354,0.002541565180557,0.0004235941967595,0.0003176956475696,0.0011648840410886,0.0,0.0,2,0,0,0,0,0,1,0,0,0,0,0,0,0,0,1,__MSG_appName__,,,
0,0,0,0,0,1,0,0,0,0,0,3,0.5104559880508716,54.29667810873657,0.0789643314349266,3.744845021350725,2.733622709379364,36,3,6,0,0,0,0.050245374009475,0.0003986269516111,3.321891263425977e-05,0.0,6.643782526851954e-05,0.0,0.0,24,2,0,0,0,0,2,0,0,0,0,0,0,0,0,2,__MSG_appName__,,,
0,0,0,0,0,0,0,0,0,0,0,0,0.0,0.0,0.0,0.0,0.0,0,0,0,0,0,0,0.0,0.0,0.0,0.0,0.0,0.0,0.0,0,0,0,0,0,0,0,0,0,0,0,0,0,0,0,0,__MSG_appName__,,,
0,1,0,0,1,1,0,0,0,0,0,9,0.4884272120816617,48.033782595750566,0.0722087996304732,4.7186434234886665,2.6740640634683146,11,1,5,0,0,0,0.0373795967370369,2.578824103096699e-05,2.3443855482697262e-06,0.0,1.172192774134863e-05,0.0,0.0,30,0,2,1,0,0,1,0,0,0,0,0,0,0,0,1,Mayday,,,
0,0,0,0,0,1,0,0,0,0,0,30,0.5858123499287906,63.151604074806144,0.0763048477607497,3.933588866536785,2.500914924363613,94,12,43,0,0,0,0.0634602326452128,0.0014292230500228,0.0001824540063858,0.0,0.0006537935228827,0.0,0.0,5,0,0,0,0,0,0,0,0,0,0,0,0,0,0,0,Notes for Gmail™ by cloudHQ,,,
0,0,0,0,1,1,0,0,0,0,0,13,0.3447314582718962,49.61287313432836,0.1271149734591566,3.7890496675791945,3.247098663831516,94,10,8,0,0,0,0.0452092295658975,0.0219216417910447,0.0023320895522388,0.0,0.001865671641791,0.0,0.0,4,1,0,0,0,0,2,0,0,0,0,0,0,0,0,2,Modern for Wikipedia,,,
1,1,1,0,0,1,0,0,1,0,0,5,0.4425785585185655,39.8230065585088,0.0956453266533489,3.718834870325604,2.8771020617598757,16,1,2,0,0,0,0.0273077267436655,0.0006903693476009,4.3148084225060405e-05,0.0,8.629616845012081e-05,0.0,0.0,0,0,0,0,0,0,3,0,0,0,0,0,0,0,0,3,__MSG_appName__,,,
0,0,0,0,0,1,0,0,0,0,1,2,0.3078960107064551,33.832878750309945,0.1026509866454056,6.807973537604457,3.4766479737746363,261,11,95,0,0,0,0.067983983286908,0.064716092239028,0.0027274981403421,0.0,0.0235556657575006,0.0,0.0,0,1,0,6,2,1,6,0,1,0,1,0,0,0,0,6,__MSG_name__,,,
0,0,0,0,0,1,0,0,0,0,0,7,0.4691292982918279,18.137650252035677,0.1097647464083807,3.5329353233830845,3.013245088719962,18,3,3,0,0,0,0.0382089552238806,0.0069794493989918,0.0011632415664986,0.0,0.0011632415664986,0.0,0.0,0,0,1,3,0,0,2,0,0,0,0,0,0,0,0,2,Content Control,,,
0,0,0,0,0,1,1,0,0,0,0,92,0.3833374003829853,24.943338496793107,0.0974764470945104,4.5600754368892185,3.2339206247651715,136,25,36,0,0,11,0.0898529656791131,0.0008705337139784,0.0001600245797754,7.041081510119955e-05,0.0002304353948766,0.0,0.0,177,0,0,30,0,1,82,0,0,0,12,0,0,0,1,80,Cleanflight - Configurator,,,
0,0,0,0,0,0,0,0,0,0,1,0,0.2475336322869955,19.29090909090909,0.1147982062780269,5.093220338983051,3.396621758586387,0,1,1,0,0,0,0.0084745762711864,0.0,0.0181818181818181,0.0,0.0181818181818181,0.0,0.0,0,0,0,0,0,0,1,0,0,0,0,0,0,0,0,1,Solitaire Card Games,,,
0,1,0,0,1,1,0,0,0,0,1,42,0.5907985732492198,40.9455091385399,0.0749465837897288,3.743516044660685,2.619988368360615,92,11,85,0,0,5,0.0443663226181436,0.0005591923317712,6.68599527117789e-05,3.0390887596263136e-05,0.0005166450891364,0.0,0.0,11,0,0,0,0,0,2,0,0,0,0,0,0,0,0,2,__MSG_appName__,,,
0,0,0,0,0,0,0,0,0,0,0,1,0.1890034364261168,12.65625,0.1036655211912944,7.812080536912751,3.833320954811958,8,0,2,0,0,0,0.1140939597315436,0.0625,0.0,0.0,0.015625,0.0,0.0,0,0,0,0,0,0,1,0,0,0,0,0,0,0,0,1,__MSG_AppName__,,,
0,0,0,0,0,0,0,0,0,0,0,0,0.0,0.0,0.0,0.0,0.0,0,0,0,0,0,0,0.0,0.0,0.0,0.0,0.0,0.0,0.0,0,0,0,0,0,0,0,0,0,0,0,0,0,0,0,0,Chrome Original White Theme,,,
0,0,0,0,0,0,0,0,0,0,0,0,0.0,0.0,0.0,0.0,0.0,0,0,0,0,0,0,0.0,0.0,0.0,0.0,0.0,0.0,0.0,0,0,0,0,0,0,0,0,0,0,0,0,0,0,0,0,Golden,,,
0,1,0,0,0,1,0,0,0,0,0,3,0.4016545259167661,21.698247334232136,0.1230094660050003,3.705294174475896,3.3594934793410127,153,10,25,0,0,1,0.0521205680610569,0.0187522980757445,0.0012256403971074,0.0001225640397107,0.0030641009927687,0.0,0.0,0,0,0,0,0,0,3,0,0,0,0,0,0,0,0,3,Extended Search Results,,,
0,0,0,0,0,0,0,0,0,0,0,0,0.0,0.0,0.0,0.0,0.0,0,0,0,0,0,0,0.0,0.0,0.0,0.0,0.0,0.0,0.0,0,0,0,0,0,0,0,0,0,0,0,0,0,0,0,0,Tonematrix,,,
0,1,0,0,1,1,0,1,0,0,0,1,0.4461164546488778,30.5,0.1022339435308718,4.442876526458616,3.392889572803316,14,0,6,0,0,0,0.0735413839891451,0.011400651465798,0.0,0.0,0.004885993485342,0.0,0.0,0,0,0,1,0,0,1,0,0,0,0,0,0,0,0,1,PFF for your Fantasy League,,,
1,1,0,0,1,1,0,0,0,0,1,67,0.4400056306878477,56.633072768969,0.0745506707888493,4.002367638000188,2.348929688086297,2710,35,56,0,0,4,0.0235409430823837,0.0167065321924395,0.0002157670209355,2.4659088106921805e-05,0.0003452272334969,0.0,0.0,0,0,0,0,0,0,3,0,0,0,0,0,0,0,0,3,UTM.io - Google Analytics URL Builder,,,
0,0,0,0,0,1,0,0,0,0,0,42,0.4499429076577406,30.671706748025844,0.1045767374913936,3.651106440514599,3.120905473295422,211,34,23,0,0,1,0.0851015408506137,0.0094669777458722,0.0015254845656855,4.486719310839914e-05,0.0010319454414931,0.0,0.0,26,0,0,3,1,0,9,0,0,0,3,0,0,0,0,6,Mahjong Solitaire,,,
0,0,0,0,1,1,0,0,0,0,0,83,0.3632372586627659,50.09736158447935,0.0952316538923675,4.933014868949255,3.0446518768103945,163,12,78,0,0,1,0.0715843057258087,0.0038849298090902,0.0002860071025097,2.383392520914269e-05,0.0018590461663131,0.0,0.0,0,0,0,0,0,0,2,0,0,0,0,0,0,0,0,2,__MSG_name__,,,
0,1,0,0,0,1,0,0,0,0,0,14,0.3694245322704694,18.764715761189017,0.0667420189598834,5.364716596556659,3.3758904385390696,58,12,30,0,0,6,0.0362981915954724,0.004870266185238,0.0010076412797044,0.0005038206398522,0.002519103199261,0.0,0.0,5,0,0,10,0,1,5,0,0,0,0,0,0,0,0,5,__MSG_appName__,1.0,,
0,0,0,0,0,0,0,0,0,0,1,10,0.4052533835142531,41.07277441659464,0.1168801820975734,3.565895912377407,3.3023965246069364,101,10,13,0,0,0,0.0581287135800701,0.0174589455488331,0.0017286084701815,0.0,0.0022471910112359,0.0,0.0,0,0,0,0,0,0,3,0,0,0,0,0,0,0,0,3,__MSG_appName__,,,
0,0,0,0,0,0,0,0,0,0,1,15,0.1492258821112569,127.78672293458854,0.049641975596492,15.400203400761512,3.314008426627903,186,10,81,0,0,6,0.0677299730866065,0.0150949521181626,0.0008115565654926,0.0004869339392955,0.0065736081804901,0.0,0.0,14,0,0,5,0,0,3,0,0,0,0,0,0,0,0,3,Music Speed Changer,,,
0,0,0,0,0,0,0,0,0,0,0,0,0.0,0.0,0.0,0.0,0.0,0,0,0,0,0,0,0.0,0.0,0.0,0.0,0.0,0.0,0.0,0,0,0,0,0,0,0,0,0,0,0,0,0,0,0,0,Common Core Math 1-6 by Sokikom,,,
0,0,0,0,0,0,0,0,0,0,0,0,0.0,0.0,0.0,0.0,0.0,0,0,0,0,0,0,0.0,0.0,0.0,0.0,0.0,0.0,0.0,0,0,0,0,0,0,0,0,0,0,0,0,0,0,0,0,Brilliant,,,
0,0,0,0,1,1,0,0,0,0,0,137,0.4842284637492189,45.562079168332666,0.0869123608133716,4.187654913705565,2.7303079524941007,749,40,115,0,0,4,0.042428018114306,0.0059896041583366,0.0003198720511795,3.198720511795282e-05,0.0009196321471411,0.0,0.0,1,1,0,0,0,0,1,0,0,0,0,0,0,0,0,1,IronVest Extension,,,
0,0,0,0,1,1,0,0,0,0,0,10,0.4424522515583323,47.952241307080016,0.0897485272512017,4.574967774389285,2.9498618480579344,49,13,21,0,0,1,0.0875279026629358,0.0068426197458455,0.0018153889121631,0.0001396453009356,0.002932551319648,0.0,0.0,26,0,0,3,0,0,10,0,0,0,0,0,0,0,0,10,__MSG_extName__,,,
1,1,0,0,1,0,0,1,0,0,1,4,0.5650925343165609,61.09350821954654,0.0800088673942346,4.090037326785005,2.366374294680632,20,0,4,0,0,0,0.0542009868453449,0.0003164406752844,0.0,0.0,6.328813505688021e-05,0.0,0.0,14,1,0,1,0,0,5,0,0,0,1,0,0,0,0,5,Piano Tag Inspector,,,
0,0,1,1,0,1,0,0,0,0,1,17,0.5084428950528217,40.59832109129066,0.094269325072901,3.524696482307772,2.7524455951799456,67,0,40,0,2,0,0.0443343364117463,0.0070304302203567,0.0,0.0,0.0041972717733473,0.0002098635886673,0.0,2,0,0,1,0,0,3,0,0,0,0,0,0,0,1,3,Emmet Re:view,,,
0,0,0,0,0,1,0,0,0,0,0,1,0.3172418723525942,32.346245530393325,0.1156190237886722,2.8706132974548715,3.194507940396566,7,6,3,0,0,0,0.0200695145195649,0.0041716328963051,0.0035756853396901,0.0,0.001787842669845,0.0,0.0,0,0,0,0,0,0,5,0,0,0,0,0,0,0,0,5,Download Manager,,,
1,1,0,0,1,1,0,0,0,0,0,88,0.5638668763933747,50.83439321849957,0.0780448129343215,3.5826753881220905,2.537800030927615,3520,91,162,0,0,7,0.0381996777714256,0.0232932098969672,0.00060218241495,4.632172422692351e-05,0.0010720170463945,0.0,0.0,0,0,0,0,0,0,4,0,0,0,0,0,0,0,0,4,BuddyX for Creators,,,
0,0,1,0,0,1,1,0,0,0,0,5,0.288775342014175,19.692242114237,0.1168205043678918,6.559055118110236,3.663152082968267,20,8,3,0,0,0,0.0708661417322834,0.0170502983802216,0.0068201193520886,0.0,0.0025575447570332,0.0,0.0,0,0,0,0,0,0,1,0,0,0,0,0,0,0,0,1,__MSG_extName__,,,
1,0,0,0,0,0,0,0,0,0,1,85,0.4175668519048994,46.78010593848301,0.0780699057293113,3.465545221081022,2.675065713315565,23035,11,84,0,0,3,0.0256002729737981,0.1101215232959489,5.258679211006894e-05,1.4341852393655163e-05,0.0004015718670223,0.0,0.0,6,0,0,0,0,0,4,0,0,0,0,0,0,0,0,4,__MSG_appName__,,,
0,0,0,0,1,1,0,0,0,0,0,133,0.5896236668825956,49.33171185685126,0.0736209750486383,3.862087655702063,2.1350900384453846,576,30,79,0,0,0,0.0563084678692887,0.0045046806447324,0.0002346187835798,0.0,0.0006178294634268,0.0,0.0,0,0,0,1,0,0,1,0,0,0,0,0,0,0,0,1,Shopstat – бесплатная аналитика Wildberries,,,
0,0,0,0,0,0,0,0,0,0,0,0,0.0,0.0,0.0,0.0,0.0,0,0,0,0,0,0,0.0,0.0,0.0,0.0,0.0,0.0,0.0,0,0,0,0,0,0,0,0,0,0,0,0,0,0,0,0,__MSG_appName__,,,
0,0,0,0,0,1,0,0,0,0,0,1,0.426403521316998,16.50083426028921,0.1023660834882649,3.883962056033532,3.15154236433384,43,2,16,0,0,1,0.1016986543128171,0.0059788654060066,0.00027808676307,0.000139043381535,0.0022246941045606,0.0,0.0,8,0,0,4,0,1,4,0,0,0,0,0,0,0,0,4,__MSG_appName__,,,
0,0,0,0,0,1,1,0,0,0,0,2,0.3974370879375987,20.306346066047787,0.1036772216547497,4.1768340029033455,3.284070112293596,225,10,25,0,0,0,0.067080787279295,0.0171206817835945,0.0007609191903819,0.0,0.0019022979759549,0.0,0.0,5,0,0,0,1,0,11,0,0,0,0,0,0,0,0,11,__MSG_app_name__,,,
0,0,0,0,0,0,0,0,0,0,0,0,0.0,0.0,0.0,0.0,0.0,0,0,0,0,0,0,0.0,0.0,0.0,0.0,0.0,0.0,0.0,0,0,0,0,0,0,0,0,0,0,0,0,0,0,0,0,Whale's Tail,,,
0,0,1,1,1,1,0,0,0,0,1,2,0.2698982508288556,37.74313551815767,0.1036469646736023,6.492768595041323,3.515932514521504,36,0,30,0,0,1,0.0439049586776859,0.0318866253321523,0.0,0.0008857395925597,0.0265721877767936,0.0,0.0,0,0,0,5,0,1,7,0,0,0,0,0,0,0,0,7,Block Yourself from Analytics,,,
0,0,0,0,0,1,0,0,0,0,0,51,0.6054062926619495,45.43271060614625,0.0523374018277435,3.0879088159197696,1.7161007256601322,870,8,122,0,0,0,0.020557246071149,0.0040981289921428,3.768394475533699e-05,0.0,0.0005746801575188,0.0,0.0,0,0,0,0,0,0,2,0,0,0,0,0,0,0,0,2,Calendar Color,,,
0,0,0,0,1,0,0,0,0,0,0,0,0.5398182789951897,33.666666666666664,0.0791020844468198,5.9734513274336285,2.983604351821707,0,0,0,0,0,0,0.079646017699115,0.0,0.0,0.0,0.0,0.0,0.0,0,0,0,0,0,0,0,0,0,0,0,0,0,0,0,0,Dental Intelligence Dashboard Extension,,,
0,1,0,0,0,0,0,0,0,0,0,1,0.3400702987697715,15.742647058823527,0.1069859402460457,5.934673366834171,3.922171652463846,5,1,4,0,0,0,0.0477386934673366,0.0183823529411764,0.0036764705882352,0.0,0.0147058823529411,0.0,0.0,0,0,0,1,0,0,1,0,0,0,0,0,0,0,0,1,AutoSync for AppSheet™,,,
0,0,0,0,0,1,0,0,0,0,0,2,0.2902632597754549,30.04804804804805,0.1019163763066202,6.305993690851735,3.479298686090184,4,0,10,0,0,0,0.0336487907465825,0.012012012012012,0.0,0.0,0.03003003003003,0.0,0.0,18,0,0,0,0,0,2,0,0,0,0,0,0,0,0,2,YouTube AdBlock - Coffee Break for YouTube,,,
0,0,0,0,0,0,0,0,0,0,0,0,0.0,0.0,0.0,0.0,0.0,0,0,0,0,0,0,0.0,0.0,0.0,0.0,0.0,0.0,0.0,0,0,0,0,0,0,0,0,0,0,0,0,0,0,0,0,Killerwhale (kéet),,,
0,0,0,0,1,1,0,0,0,0,0,12,0.4145926501308437,32.57893137503165,0.1159101364243105,3.163757113466559,3.157973120997297,31,9,17,0,0,1,0.0374652598144783,0.0015700177260065,0.0004558115978728,5.064573309698658e-05,0.0008609774626487,0.0,0.0,21,0,0,0,0,0,3,0,0,0,0,0,0,0,0,3,Youtube Subscriptions Transfer,,,
0,1,0,0,0,1,0,0,0,0,0,11,0.2027118384202241,159.41111838754276,0.0438771896190237,30.726143355821705,2.42825443905402,95,7,24,0,0,0,0.0800247332705812,0.0004937578611448,3.6382158189623806e-05,0.0,0.0001247388280787,0.0,0.0,1,0,0,0,0,0,1,0,0,0,0,0,0,0,0,1,Spoken,,,
0,1,0,0,0,0,0,1,0,0,1,0,0.3541522251490364,30.571115973741797,0.0831138222653542,6.163214581607291,3.4607711275329227,0,0,1,0,0,0,0.1077050538525269,0.0,0.0,0.0,0.0021881838074398,0.0,0.0,0,0,0,0,0,0,0,0,0,0,0,0,0,0,0,0,Hangar Link Connect,,,
0,0,0,0,0,0,0,0,0,0,0,0,0.0,0.0,0.0,0.0,0.0,0,0,0,0,0,0,0.0,0.0,0.0,0.0,0.0,0.0,0.0,0,0,0,0,0,0,0,0,0,0,0,0,0,0,0,0,__MSG_appName__,,,
0,0,0,0,1,0,1,1,0,0,1,73,0.5159592624500812,57.00034224936815,0.0824051622321134,3.848312859782936,2.876442700910726,832,124,55,0,0,20,0.0411223837128461,0.0109519797809604,0.0016322662173546,0.0002632687447346,0.0007239890480202,0.0,0.0,3,0,0,0,0,0,8,0,0,0,0,0,0,0,0,8,Visualping,,,
0,0,0,0,1,1,0,0,1,0,1,52,0.5611100326719488,51.95557445200302,0.0828467273098382,3.74046917713874,2.5766412057201045,174,17,75,0,0,7,0.0471338659433342,0.0032879818594104,0.0003212396069538,0.0001322751322751,0.0014172335600907,0.0,0.0,0,0,0,0,0,0,2,0,0,0,0,0,0,0,0,2,Pronounce: Speech and Pronunciation Checker,,,
1,1,0,0,0,0,0,1,0,0,0,6,0.5532050067872589,59.3736748064324,0.0948835116961833,3.402675287036005,2.836724145079121,134,4,17,0,0,1,0.0539739159513989,0.0159618820726623,0.0004764740917212,0.0001191185229303,0.0020250148898153,0.0,0.0,0,0,0,0,1,0,1,0,0,0,0,0,0,0,0,1,Ghostwrite: ChatGPT Email Assistant,,,
0,0,0,0,0,1,1,0,0,0,0,10,0.3864826949848582,29.97532402791625,0.1078348010117727,4.1727791154479785,3.2334442797445986,82,13,19,0,0,0,0.0654923330376378,0.0068128946493851,0.0010800930541708,0.0,0.0015785975407111,0.0,0.0,19,1,0,1,0,1,5,0,0,0,0,0,0,0,0,5,__MSG_name__,,,
0,0,0,0,0,0,0,0,0,0,0,0,0.1451247165532879,30.571428571428573,0.1269841269841269,6.695652173913044,3.481588645011371,3,0,1,0,0,0,0.0434782608695652,0.2142857142857142,0.0,0.0,0.0714285714285714,0.0,0.0,0,0,0,7,0,0,0,0,0,1,1,0,0,0,0,0,Presearch.com Start With Us,,,
0,1,0,0,0,1,1,0,0,0,0,107,0.4886357544350448,38.55570202083882,0.0823958153124997,3.734788063750424,2.5726944289105225,156,147,155,0,0,5,0.0708002712783994,0.0017881500670556,0.001684987563187,5.731250214921883e-05,0.0017766875666257,0.0,0.0,4,0,0,0,0,0,4,0,0,0,0,0,0,0,0,4,Trading Tools,,,
0,0,0,0,1,0,0,0,0,0,0,20,0.5211678505007954,55.47975196152873,0.1003092159806404,3.3731435058178034,2.8581869653339016,107,26,35,0,0,0,0.0499952700785166,0.0135408757276638,0.0032903062515818,0.0,0.0044292584155909,0.0,0.0,6,0,0,1,0,5,6,0,0,0,1,0,0,0,0,6,Recent History,,,
0,0,0,0,0,1,0,0,0,0,0,22,0.4278413428828145,58.56519721577726,0.082670703902026,4.790754899376044,3.068503416315653,583,62,80,0,0,0,0.0564197205378328,0.0901778808971384,0.0095901005413766,0.0,0.0123743232791956,0.0,0.0,0,0,0,0,0,0,5,0,0,0,0,0,0,0,0,4,__MSG_extName__,,,
1,1,0,0,0,0,0,0,0,0,0,1,0.2752513164193394,28.87142857142857,0.1129727142173288,5.316279069767442,2.524893101933244,2,0,0,0,0,0,0.0325581395348837,0.0285714285714285,0.0,0.0,0.0,0.0,0.0,0,0,0,0,0,0,0,0,0,0,0,0,0,0,0,0,+ Flip It,,,
0,0,0,0,1,1,0,0,0,0,0,62,0.475608393939507,36.675692394207786,0.0967330504837921,3.716451905169377,2.9073702437889275,1036,52,73,0,0,0,0.043831479337595,0.0097099208022868,0.0004873705421997,0.0,0.000684193261165,0.0,0.0,1,0,0,0,0,0,1,0,0,0,0,0,0,0,0,1,__MSG_extName__,,,
0,0,0,0,0,1,0,0,0,0,0,1,0.3710660808751008,24.470319634703195,0.0474311844346812,4.941784037558685,2.616984932713402,7,0,7,0,0,0,0.0117370892018779,0.0079908675799086,0.0,0.0,0.0079908675799086,0.0,0.0,2,0,0,3,0,0,1,0,0,0,0,0,0,0,0,1,__MSG_extName__,,,
0,0,0,0,1,1,0,1,0,0,0,119,0.3846592305590364,54.30919047619047,0.0538196233131055,2.676461917928855,2.427790393392512,390,25,345,0,0,0,0.0106776323727145,0.0008843537414965,5.668934240362812e-05,0.0,0.00078231292517,0.0,0.0,9,0,0,0,0,0,3,0,0,0,0,0,0,0,0,3,__MSG_extensionName__,,,
0,0,0,0,0,1,0,0,0,0,0,10,0.5600596784329108,49.790709493799554,0.0830114593798406,3.7591682960560826,2.8379218005563382,326,6,28,0,0,0,0.0445538652296246,0.0165684082130514,0.000304940028461,0.0,0.0014230534661516,0.0,0.0,0,0,0,0,0,0,0,0,0,0,0,0,0,0,0,0,Measuremate,,,
0,1,0,0,1,1,0,0,0,0,0,39,0.5814594012781991,62.919260873737166,0.0777689398187892,3.900063882230564,2.541799096303006,177,18,59,0,0,0,0.0619629369996834,0.0024262861372702,0.0002467409631122,0.0,0.0008087620457567,0.0,0.0,3,0,0,24,0,1,1,0,0,0,0,0,1,0,0,1,__MSG_appName__,,,
0,0,0,0,1,1,0,1,0,0,1,36,0.4244547467086492,70.29076002019667,0.0800355745142399,3.0218128749291115,2.7350594811323963,79,7,13,0,0,0,0.0280848894137968,0.0018994494001106,0.0001683056430477,0.0,0.000312567622803,0.0,0.0,0,0,1,0,0,0,1,0,0,0,0,0,0,0,0,1,__MSG_manifest_name__,,,
1,1,0,0,1,1,0,1,0,0,0,92,0.4187333157180315,50.92572212588648,0.085383261791504,5.167993838338629,2.903397605418721,329,28,80,0,0,0,0.0283865809896298,0.0005955117599997,5.068185191486897e-05,0.0,0.0001448052911853,0.0,0.0,8,0,0,0,0,0,3,0,1,0,0,1,0,0,0,3,Knowee AI (formerly StudyGPT) - Your Homework & Essay Helper,,,
0,0,0,0,0,1,0,1,0,0,0,267,0.4285265047544009,72.37359347329226,0.105731368434811,4.678653098900816,2.7289799438814075,4642,77,172,0,0,8,0.0305917985989001,0.0140524013501445,0.0002330967048602,2.421783946599664e-05,0.0005206835485189,0.0,0.0,0,0,0,0,0,0,2,0,0,0,0,0,0,0,0,2,__MSG_appName__,,,
0,0,0,0,0,0,0,0,0,0,0,752,0.5425484891222653,73.60594895990357,0.0558608931862027,4.617294599824915,2.725668297012405,1589,183,364,0,0,21,0.0331725431122194,0.001206095907775,0.0001389021718834,1.5939593494824186e-05,0.0002762862872436,0.0,0.0,0,0,0,1,7,0,7,0,0,0,0,0,0,1,0,7,Hiver in Gmail: AI-powered customer service platform,,,
0,0,0,0,0,0,1,0,0,0,0,0,0.0,0.0,0.0,0.0,0.0,0,0,0,0,0,0,0.0,0.0,0.0,0.0,0.0,0.0,0.0,0,0,0,0,0,0,0,0,0,0,0,0,0,0,0,0,Голосовой блокнот,,,
0,1,0,0,1,1,1,0,0,0,1,84,0.2684282144589873,60.07296187293194,0.075831572275606,6.975724540180611,2.889839807766918,196,17,97,0,0,3,0.0299265916102909,0.0032590079978716,0.0002826690610398,4.9882775477627575e-05,0.0016128764071099,0.0,0.0,9,1,0,0,0,0,3,0,0,0,0,0,0,0,0,3,__MSG_extensionName__,,,
0,1,0,0,0,1,0,0,0,0,0,18,0.4426036027963575,46.84151466756325,0.0921444245909387,3.795279751828205,2.6837630744294976,191,16,82,0,0,0,0.0413290252726194,0.0040136168782045,0.0003362192149281,0.0,0.0017231234765066,0.0,0.0,1,0,0,9,0,0,6,0,0,0,0,0,0,0,0,6,mtab,,,
0,0,0,0,1,1,0,1,0,0,1,30,0.4913387940762289,43.0846408489026,0.0768134271322047,4.138784201672002,2.829939230537911,211,27,19,0,0,1,0.080906102492527,0.002392073281335,0.0003060946852893,1.1336840195900598e-05,0.0002153999637221,0.0,0.0,71,0,0,137,0,1,11,0,2,0,0,0,0,0,0,11,TextOptimizer,1.0,,
1,1,0,0,0,0,0,0,0,0,0,0,0.5987853548124816,63.96779692681332,0.0686002069699038,3.869904689584003,2.693131341926551,24,4,2,0,0,0,0.0595422374095816,0.000560459576853,9.340992947550324e-05,0.0,4.6704964737751625e-05,0.0,0.0,0,0,0,0,0,0,1,0,0,0,0,0,0,0,0,1,Elicit: AI Research Assistant,,,
0,1,0,0,0,1,0,1,0,0,0,12,0.4788244665480373,40.77162993845543,0.0755444784109747,5.331861421458122,2.914969621244992,244,9,41,0,0,0,0.0536576906879381,0.0048441532658328,0.0001786777843954,0.0,0.0008139765733571,0.0,0.0,0,0,0,0,0,0,2,0,0,0,0,0,0,0,0,2,SBC Monkey. One click SBC solver,,,
0,0,1,0,1,1,0,0,0,0,0,0,0.3398141354854487,27.551483420593367,0.0996576179995108,6.1475054229934925,3.398419732033098,11,0,2,0,0,0,0.0571221981200289,0.019197207678883,0.0,0.0,0.0034904013961605,0.0,0.0,0,0,0,1,0,0,2,0,0,0,0,0,0,0,0,2,adam:ONE® assist,,,
0,0,0,0,1,1,0,0,0,0,0,8,0.3255570803110501,39.818666666666665,0.1100111089328889,4.295730845349166,3.543929813248648,17,2,7,0,0,2,0.075770426915465,0.0226666666666666,0.0026666666666666,0.0026666666666666,0.0093333333333333,0.0,0.0,0,0,0,2,0,1,9,0,0,0,0,0,0,0,0,9,Pexels,,,
0,0,0,0,0,0,1,0,0,0,0,0,0.0,0.0,0.0,0.0,0.0,0,0,0,0,0,0,0.0,0.0,0.0,0.0,0.0,0.0,0.0,0,0,0,0,0,0,0,0,0,0,0,0,0,0,0,0,PhotoFunia,,,
0,0,0,0,0,1,0,1,0,0,0,4,0.2366017052375152,17.34972067039106,0.0825822168087697,8.141970519782777,3.761345926564992,26,0,4,0,0,0,0.0729247478665632,0.0290502793296089,0.0,0.0,0.0044692737430167,0.0,0.0,0,0,0,0,0,0,2,0,0,0,0,0,0,0,0,2,__MSG_appName__,,,
1,1,0,0,0,1,0,0,0,0,1,119,0.434292893791546,67.84379492370547,0.0723501138588063,4.768222017250263,2.8410662459060374,382,85,53,0,0,0,0.0456638463894229,0.0007351370491752,0.0001635776156541,0.0,0.0001019954544667,0.0,0.0,4,0,0,0,0,0,2,0,0,0,0,0,0,0,0,2,tweak: mock and modify HTTP requests,,,
1,1,1,0,1,1,0,0,0,0,1,46,0.5800807143066216,44.07929713899527,0.0826568471161376,3.409749473035234,2.8035324347977006,79,6,39,0,0,2,0.0571121497663025,0.0025424001544749,0.0001930936826183,6.436456087278345e-05,0.0012551089370192,0.0,0.0,0,0,0,0,0,0,5,0,0,0,0,0,0,0,0,5,IITC Button,,,
0,1,0,0,0,1,1,0,0,0,1,36,0.4178650927935117,40.62800122812404,0.1133657765196495,3.499096443447613,3.157651293819548,109,25,19,0,0,5,0.0468311438641461,0.0066932760208781,0.0015351550506601,0.000307031010132,0.0011667178385016,0.0,0.0,2,0,0,0,0,0,3,0,0,0,0,0,1,0,0,3,什么值得买 实时推送,,,
0,0,0,0,0,1,0,0,0,0,0,7,0.4710757429375736,42.31932795238785,0.0908619502921537,3.680543974287057,2.847244154692859,106,14,8,0,0,0,0.0554693066905198,0.00069785508315,9.216953928397436e-05,0.0,5.2668308162271056e-05,0.0,0.0,36,1,0,0,0,0,8,0,0,0,0,0,0,0,0,8,Markdown Preview Plus,,,
0,0,0,0,0,0,0,0,0,0,0,0,0.0,0.0,0.0,0.0,0.0,0,0,0,0,0,0,0.0,0.0,0.0,0.0,0.0,0.0,0.0,0,0,0,0,0,0,0,0,0,0,0,0,0,0,0,0,__MSG_ext_name__,,,
0,1,0,0,0,1,0,1,0,0,0,52,0.2916695513514841,72.52914709842688,0.0829958438205584,7.398890015292359,3.1133109823199248,270,33,33,0,0,0,0.0877850134882042,0.0088672862819797,0.0010837794344641,0.0,0.0010837794344641,0.0,0.0,95,1,0,2,0,0,14,0,0,0,0,0,0,0,0,14,"Economic Calendar, Market & News",,,
1,1,0,0,0,1,0,0,0,0,1,55,0.3570613229337888,40.4273157162726,0.0840652227629698,4.816102862788944,3.088276609306156,839,26,38,0,0,1,0.0495462700538235,0.0466759388038943,0.0014464534075104,5.5632823365785815e-05,0.0021140472878998,0.0,0.0,2,0,0,1,0,0,4,0,0,0,0,0,0,0,0,4,AI Chrome Extension powered by ChatGPT - Magictool AI,,,
0,0,0,0,0,0,0,0,0,0,0,0,0.324815547957531,39.28260869565217,0.0914162317797372,5.753875968992248,3.4724256555315614,0,0,0,0,0,0,0.067829457364341,0.0,0.0,0.0,0.0,0.0,0.0,0,0,0,0,0,0,0,0,0,0,0,0,0,0,0,0,GTM Variable Builder,,,
0,0,1,0,0,1,0,0,0,0,0,0,0.4509040055938467,17.474169741697416,0.075716711617221,6.842507645259939,3.4108778638198656,2,1,2,0,0,0,0.0489296636085626,0.003690036900369,0.0018450184501845,0.0,0.003690036900369,0.0,0.0,0,0,0,3,0,0,1,0,0,0,0,0,0,0,0,1,Insight Tag Checker for LinkedIn,,,
0,0,0,0,0,1,1,0,0,0,1,5,0.4044905895568341,45.04774823968961,0.0535031599071943,5.151500007084315,3.3764363556458594,45,3,59,0,0,1,0.0727211368908616,0.0002586578531398,1.724385687598793e-05,5.747952291995977e-06,0.0003391291852277,0.0,0.0,0,0,0,11,0,0,6,0,0,0,0,0,0,0,0,6,__MSG_name__,,,
0,0,0,0,1,1,0,0,0,0,0,14,0.4566695413214219,60.17965367965368,0.0606454356413583,3.2475567597869754,2.5201784190308145,601,0,0,0,0,0,0.0187035985597136,0.0063456868334917,0.0,0.0,0.0,0.0,0.0,0,0,0,0,0,0,6,0,0,0,0,0,0,0,0,6,__MSG_extensionName__,,,
0,0,0,0,0,1,0,0,0,0,1,88,0.2854865798735544,43.702950963396894,0.046003647878133,2.654081507361559,3.225527319800889,106,15,13,0,0,1,0.0106354716644155,0.0021121007432203,0.0002988821806443,1.9925478709626e-05,0.0002590312232251,0.0,0.0,59,0,1,9,0,2,7,0,0,0,6,0,0,0,0,7,__MSG_extName__,1.0,,
0,0,0,0,0,1,1,0,0,0,0,36,0.4467668874876523,36.31819913003388,0.0999758821156487,3.6896843757746014,2.96380719322573,152,6,66,0,0,0,0.0364992150706436,0.0030468859622747,0.0001202718143003,0.0,0.0013229899573035,0.0,0.0,0,0,0,0,0,0,1,0,0,0,0,0,0,0,0,1,Click and Read CNRS,,,
0,0,0,0,0,0,0,0,0,0,0,0,0.0,0.0,0.0,0.0,0.0,0,0,0,0,0,0,0.0,0.0,0.0,0.0,0.0,0.0,0.0,0,0,0,0,0,0,0,0,0,0,0,0,0,0,0,0,The Scenic Route,,,
1,1,1,0,1,1,0,0,0,0,0,150,0.5540398795603191,48.09407737529249,0.0735890964295542,3.603721343648112,2.364772110959412,4746,13,81,0,2,7,0.0308263490952281,0.0392416262206163,0.0001074886516788,5.787850475017157e-05,0.0006697369835376,1.6536715642906164e-05,0.0,0,0,0,0,0,0,8,0,0,0,0,0,0,0,0,8,__MSG_EXT_NAME__,,,
0,0,1,0,0,1,1,0,0,0,0,205,0.4581856890770761,74.3943059430351,0.0813328985421425,3.978084571814404,2.61893649074404,1480,227,489,0,0,13,0.0485032725955248,0.0060014273665087,0.0009204891974307,5.271524038149614e-05,0.0019829040420424,0.0,0.0,20,0,0,13,1,11,4,0,7,0,0,0,0,0,0,3,Demandware With Ease,,,
0,0,0,0,1,1,1,0,0,0,0,19,0.3780471433206171,41.73113461193763,0.0971869511226464,5.031096414052545,2.8929295576406693,179,9,19,0,0,2,0.0819580122565378,0.0106948676584812,0.0005377307761247,0.0001194957280277,0.0011352094162633,0.0,0.0,35,0,0,8,0,0,28,0,0,0,0,0,0,0,0,28,TMetric – Time Tracker & Productivity App,,,
0,0,0,0,1,1,0,0,0,0,0,56,0.5417028387154049,51.86482220555139,0.06803092478859,3.719156127301832,2.4898840198000447,2561,11,161,0,0,0,0.0373784080940254,0.0153698424606151,6.601650412603151e-05,0.0,0.00096624156039,0.0,0.0,0,0,0,0,0,0,2,0,0,0,0,0,0,0,0,2,__MSG_extensionName__,,,
0,0,0,0,0,0,0,0,0,0,1,26,0.5252455363707411,37.58520388636348,0.078491763944703,4.088588089618898,2.5830097201794517,281,43,43,0,0,1,0.0620834171173364,0.0018867797839267,0.0002887243085724,6.714518804009911e-06,0.0002887243085724,0.0,0.0,4,0,0,0,0,0,55,0,0,0,0,0,0,0,0,35,__MSG_appName__,,,
0,0,0,0,1,1,0,0,0,0,0,1,0.4219851460221551,40.9775429326288,0.0706980110775428,5.069381870607317,3.057460439844794,2,3,18,0,0,0,0.0182014777437376,0.0013210039630118,0.0019815059445178,0.0,0.011889035667107,0.0,0.0,4,0,0,6,0,0,1,0,0,0,0,0,0,0,0,1,Volume Master - outdated browsers edition,,,
0,0,0,0,1,1,0,0,0,0,0,57,0.4253955375018101,29.07649138119136,0.0972270224639706,3.739407851638021,2.864429408005817,321,26,144,0,0,3,0.0414924610001225,0.0028016583024219,0.0002269255945886,2.6183722452542004e-05,0.001256818677722,0.0,0.0,2,2,0,0,0,0,1,0,0,0,0,0,0,0,0,1,"Эй, Бро! - Твой Chat GPT помощник",,,
0,0,0,0,0,1,0,0,0,0,0,15,0.3639712037502092,33.419974391805376,0.0739438584742452,5.266360734237829,3.1841706864464183,54,1,34,0,0,0,0.0343176376695929,0.0345710627400768,0.0006402048655569,0.0,0.0217669654289372,0.0,0.0,0,0,0,6,0,2,4,0,0,0,0,0,0,0,0,4,__MSG_extName__,1.0,,
0,0,0,0,0,1,0,0,0,0,0,7,0.3486144108444428,46.82301492025382,0.1066531589281071,4.100820264621767,3.2739416118137665,75,6,10,0,0,0,0.0939690122253999,0.0064311438861258,0.00051449151089,0.0,0.0008574858514834,0.0,0.0,124,0,0,1,0,0,4,0,0,0,0,0,0,0,0,4,AddToAny: Share Anywhere,,,
0,1,0,0,0,1,0,0,0,0,0,124,0.275851851935409,48.372020066548174,0.1503784468015725,4.134048053018475,3.1223514263198786,482,45,213,0,0,4,0.028699633454175,0.0022368353884065,0.0002088331794155,1.8562949281381823e-05,0.0009884770492335,0.0,0.0,4,0,1,0,0,0,1,0,0,0,0,0,0,0,0,1,Complexity | Perplexity AI Supercharged,,,
0,1,0,0,0,1,0,0,0,0,1,34,0.3164877569460164,53.500987591392025,0.0830825791466724,4.878302919120723,3.2778714073313635,270,24,74,0,0,0,0.0360612253655606,0.0021504006116695,0.0001911467210372,0.0,0.0005893690565316,0.0,0.0,13,0,0,0,0,0,6,0,0,0,0,0,0,0,0,6,Cornerstone Guide Player,,,
0,0,0,0,0,1,0,0,0,0,0,6,0.3448416495427522,33.51922035733622,0.0757478314065661,5.4060759493670885,3.284024072341059,24,12,20,0,0,0,0.0788185654008438,0.0129940443963183,0.0064970221981591,0.0,0.0108283703302652,0.0,0.0,0,0,0,0,0,0,3,0,0,0,0,0,0,0,0,3,__MSG_appName__,,,
0,0,0,0,0,1,0,0,0,0,1,106,0.5219243678860843,48.19152599977343,0.0821751545018929,3.813685611803424,2.919430594382922,221,47,169,0,0,0,0.0600076069328741,0.0025036818851251,0.0005324572334881,0.0,0.0019145802650957,0.0,0.0,3,0,0,0,0,0,6,0,0,0,0,0,0,0,0,1,__MSG_extName__,,,
0,0,0,0,1,0,0,0,0,0,0,0,0.334020618556701,15.943014705882351,0.0885512750949538,6.612817089452603,3.5020561891202147,2,0,6,0,0,0,0.0507343124165554,0.0036764705882352,0.0,0.0,0.0110294117647058,0.0,0.0,0,0,0,0,0,0,0,0,0,0,0,0,0,0,0,0,Fast Signature,,,
1,1,0,0,1,1,0,0,0,0,1,105,0.4035910415469739,40.58703243088109,0.0874129513746911,3.8700503031084734,2.727013847369925,162,16,59,0,0,1,0.0465427774856383,0.003874485793552,0.0003826652635607,2.391657897254377e-05,0.00141107815938,0.0,0.0,4,1,0,3,0,0,5,0,0,0,0,0,0,0,0,5,Whisk Automator - Bulk AI Image Generation Toolkit for Whisk AI,,,
0,0,0,0,1,1,0,0,0,0,0,29,0.3579193242939909,60.41216116349877,0.0599002042989583,6.704330676472524,2.5075276544245817,1009,3,47,0,0,0,0.0319361715280505,0.0099421600796161,2.956043631203997e-05,0.0,0.0004631135022219,0.0,0.0,0,0,0,0,0,0,0,0,0,0,0,0,0,0,0,0,IDRISS,,,
0,1,0,0,0,1,0,0,0,0,1,12,0.4334799249966171,37.02653631284916,0.0775511782103574,5.348454819901828,3.14499032815873,62,9,6,0,0,1,0.0928836448275067,0.0022787415466039,0.0003307850632167,3.675389591296677e-05,0.0002205233754778,0.0,0.0,74,0,0,0,0,0,0,0,0,0,0,0,0,0,0,0,GQueues for Google Calendar,,,
0,0,0,0,0,1,0,0,0,0,0,1,0.4225885683360393,42.83759124087591,0.0963323758378085,4.778658812868147,3.2830406495576305,13,2,9,0,0,0,0.0647938377888536,0.0118613138686131,0.0018248175182481,0.0,0.0082116788321167,0.0,0.0,0,0,0,1,0,0,1,0,0,0,0,0,0,0,0,1,__MSG_app_name__,,,
0,0,0,0,1,1,1,1,0,0,0,51,0.4117106314255464,37.48392904774607,0.0965168404982923,4.268678009088027,2.7434665233951976,179,30,69,0,0,1,0.0589312761985276,0.0059682582021872,0.0010002667377967,3.334222459322486e-05,0.0023006134969325,0.0,0.0,37,0,0,5,0,4,18,0,0,0,1,0,0,0,0,18,__MSG_appTitle__,,,
0,1,0,0,0,1,0,0,0,0,0,12,0.4270239591075703,32.605484986209845,0.1082893402951569,3.5639069958425296,3.0457087893904,253,8,20,0,0,0,0.0396550839193142,0.0098279143844928,0.0003107640912092,0.0,0.0007769102280231,0.0,0.0,0,0,0,0,0,0,1,0,0,0,0,0,0,0,0,1,__MSG_name__,,,
1,1,0,0,1,1,0,0,0,0,0,5,0.3240861501645228,40.85478217325989,0.1007059527370625,5.049810246679317,3.5042042392208512,161,45,43,0,0,0,0.0288780834914611,0.0403104656985478,0.0112669003505257,0.0,0.0107661492238357,0.0,0.0,4,0,0,0,0,0,2,0,0,0,0,0,0,0,0,2,__MSG_appName__,,,
0,0,0,0,0,1,0,0,0,0,0,11,0.4167550473399024,22.981734104046243,0.1198634759636707,3.518108823780644,3.2752249970231677,80,12,9,0,0,0,0.0558213034936362,0.0092485549132947,0.0013872832369942,0.0,0.0010404624277456,0.0,0.0,0,0,0,2,0,0,4,0,0,0,0,0,0,0,0,4,Content Site Search Guru,,,
1,0,0,0,0,1,0,1,0,0,1,36,0.5442877670630787,60.60834286903152,0.0685782020130726,4.492922638653966,2.9697890901650057,257,38,83,0,0,0,0.0408840024926555,0.0267346301882866,0.0039529803391241,0.0,0.0086341412670342,0.0,0.0,1,3,0,1,0,0,4,0,0,0,0,0,0,0,0,4,__MSG_name__,,,
0,0,0,0,0,0,0,0,0,0,0,0,0.0,0.0,0.0,0.0,0.0,0,0,0,0,0,0,0.0,0.0,0.0,0.0,0.0,0.0,0.0,0,0,0,0,0,0,0,0,0,0,0,0,0,0,0,0,__MSG_appName__,,,
0,0,1,0,1,0,0,0,0,0,0,1,0.3431166689997356,28.00360847992783,0.0699765137728835,5.086103453867358,2.7240327882369133,17,1,1,0,1,1,0.0434571104264634,0.0076680198466396,0.0004510599909788,0.0004510599909788,0.0004510599909788,0.0004510599909788,0.0,0,0,0,2,0,0,10,0,0,0,0,0,0,0,0,10,__MSG_extName__,,,
0,0,0,0,0,1,0,0,0,0,0,0,0.4169293111211166,36.97435897435897,0.0983791085096803,4.391923990498812,3.0594222820661274,0,0,0,0,0,0,0.014251781472684,0.0,0.0,0.0,0.0,0.0,0.0,0,0,0,0,0,0,0,0,0,0,0,0,0,0,0,0,Safe Browsing Live,,,
0,0,0,0,0,0,0,0,0,0,0,0,0.0,0.0,0.0,0.0,0.0,0,0,0,0,0,0,0.0,0.0,0.0,0.0,0.0,0.0,0.0,0,0,0,0,0,0,0,0,0,0,0,0,0,0,0,0,Dog,,,
0,0,0,0,0,1,0,0,0,0,0,0,0.2500819188675536,30.210633946830267,0.0971885444655613,7.342813220599539,3.529860803274265,7,0,6,0,0,0,0.02152190622598,0.0143149284253578,0.0,0.0,0.0122699386503067,0.0,0.0,0,0,0,1,0,0,1,0,0,0,0,0,0,0,0,1,Chrome Tab Counter,,,
0,1,0,0,1,0,0,1,0,0,0,6,0.4700491341700455,31.9240979891363,0.1070517422034877,3.343541670739575,2.875909559657644,57,11,20,0,0,0,0.0468905788743133,0.0020504334688298,0.0003956976869671,0.0,0.0007194503399402,0.0,0.0,3,0,0,0,0,0,1,0,0,0,0,0,0,0,0,1,Sell The Trend - Winning Product Dropshipping,,,
1,1,0,0,1,1,1,1,0,0,1,121,0.2143109975171996,81.54662942788745,0.0897038145236148,5.8821700217647646,2.8332065094180208,119,18,24,0,0,2,0.0294819642121399,0.0006881078768113,0.0001040835443916,1.1564838265736852e-05,0.0001387780591888,0.0,0.0,20,1,0,27,0,0,9,0,0,0,0,0,0,0,0,4,Salesforce Tool Suite,,,
0,0,0,0,0,0,0,0,0,0,0,0,0.0,0.0,0.0,0.0,0.0,0,0,0,0,0,0,0.0,0.0,0.0,0.0,0.0,0.0,0.0,0,0,0,0,0,0,0,0,0,0,0,0,0,0,0,0,__MSG_extName__,,,
0,0,0,0,0,1,0,1,0,0,0,3,0.4685586761746311,17.717095977417078,0.0755256323848934,5.415002522180351,3.2669689172343315,70,9,19,0,0,0,0.0625203999881309,0.0030875088214537,0.0003969654199011,0.0,0.0008380381086803,0.0,0.0,17,0,0,1,0,0,7,0,0,0,0,0,0,0,0,7,__MSG_app_name__,,,
0,0,0,0,0,0,0,0,0,0,0,0,0.0,0.0,0.0,0.0,0.0,0,0,0,0,0,0,0.0,0.0,0.0,0.0,0.0,0.0,0.0,0,0,0,0,0,0,0,0,0,0,0,0,0,0,0,0,__MSG_themeName__,,,
0,0,1,0,1,1,0,0,0,0,1,77,0.3304761630106733,41.6120738500482,0.0769075350585608,5.172170467909907,2.5524526127416416,385,9,27,0,0,0,0.0188417681604608,0.0028330279549953,6.622662751937129e-05,0.0,0.0001986798825581,0.0,0.0,1,0,0,0,0,1,36,0,0,0,0,0,0,0,0,36,Web Ad Blocker,,,
0,0,1,0,1,1,0,0,1,0,0,2,0.3210025668126227,30.398104265402843,0.0945191001056922,7.28988326848249,3.797085802735816,4,0,2,0,0,0,0.0233463035019455,0.0189573459715639,0.0,0.0,0.0094786729857819,0.0,0.0,0,0,0,0,0,0,2,0,0,0,0,0,0,0,0,2,Extensions Reloader,,,
0,0,0,0,0,0,0,0,0,0,0,0,0.0,0.0,0.0,0.0,0.0,0,0,0,0,0,0,0.0,0.0,0.0,0.0,0.0,0.0,0.0,0,0,0,0,0,0,0,0,0,0,0,0,0,0,0,0,JotForm,,,
0,0,0,0,1,1,1,0,0,0,0,82,0.4938461750522884,46.932191995178094,0.0905487066871443,3.959777156692373,2.874873427746506,216,91,53,0,1,7,0.0499902566114897,0.0025036801780394,0.0010547911861184,8.113778354757572e-05,0.0006143289325745,1.159111193536796e-05,0.0,36,0,0,0,0,0,8,0,0,0,0,0,0,0,0,8,__MSG_default_title__,,,
0,0,0,0,0,1,0,0,0,0,0,30,0.5828737857023197,61.23248715662015,0.0737758123406754,3.899770058973111,2.298816793701976,98,12,45,0,0,1,0.0583238651734025,0.001230954743572,0.0001507291522741,1.2560762689510507e-05,0.0005652343210279,0.0,0.0,5,0,0,0,1,0,1,0,0,0,0,0,0,0,0,1,__MSG_appName__,,,
0,0,1,0,1,1,0,1,0,0,0,43,0.4007804075509012,35.76608164224712,0.1035425217691511,3.911120909269057,3.0950597981374264,70,6,52,0,0,1,0.050705467372134,0.0027423019666222,0.0002350544542819,3.9175742380318105e-05,0.0020371386037765,0.0,0.0,122,0,0,1,0,0,2,0,0,0,0,0,0,0,0,2,Alerte Bons Plans eBuyClub,,,
0,0,0,0,0,0,0,0,0,0,0,0,0.0,0.0,0.0,0.0,0.0,0,0,0,0,0,0,0.0,0.0,0.0,0.0,0.0,0.0,0.0,0,0,0,0,0,0,0,0,0,0,0,0,0,0,0,0,__MSG_appName__,,,
0,0,0,0,0,0,0,0,0,0,0,0,0.0,0.0,0.0,0.0,0.0,0,0,0,0,0,0,0.0,0.0,0.0,0.0,0.0,0.0,0.0,0,0,0,0,0,0,0,0,0,0,0,0,0,0,0,0,__MSG_appName__,,,
1,1,0,0,1,1,0,0,0,0,1,109,0.5066911011977352,40.55979318248448,0.0881699518114166,4.6452566471202505,2.6648016188926937,642,21,175,0,0,6,0.0763300934479342,0.0057034727219423,0.0001865621918392,5.330348338263905e-05,0.0015546849319936,0.0,0.0,28,0,0,6,0,0,12,0,1,0,0,0,0,0,0,12,__MSG_appName__,,,
0,0,0,0,0,1,0,0,0,0,0,30,0.5826004507287211,59.89435465901197,0.0783484473105873,3.8482146121418186,2.5369843734995694,93,12,43,0,0,0,0.0610690672448752,0.001218984703708,0.0001572883488655,0.0,0.0005636165834349,0.0,0.0,1,0,0,0,0,0,0,0,0,0,0,0,0,0,0,0,Schedule Email by cloudHQ,,,
0,0,0,0,0,1,0,0,0,0,1,1,0.3880527633795354,24.03027649193044,0.1205970119412385,3.638228617927963,3.371272609019189,111,17,20,0,0,0,0.0630433851556811,0.0138871512573501,0.0021268610033779,0.0,0.0025021894157387,0.0,0.0,2,0,0,0,0,0,2,0,0,0,0,0,0,0,0,2,2048 Game,,,
0,0,0,0,0,1,0,0,0,0,0,8,0.3557463447806868,32.517806267806264,0.1237249234954097,3.256994986252628,3.154130817522059,1,2,7,0,0,0,0.0260391395762574,0.0007122507122507,0.0014245014245014,0.0,0.0049857549857549,0.0,0.0,7,0,0,0,0,0,2,0,0,0,0,0,0,0,0,2,__MSG_extname__,,,
0,0,0,0,0,0,0,0,0,0,0,0,0.0,0.0,0.0,0.0,0.0,0,0,0,0,0,0,0.0,0.0,0.0,0.0,0.0,0.0,0.0,0,0,0,0,0,0,0,0,0,0,0,0,0,0,0,0,Black Dragon,,,
0,1,0,0,0,1,0,0,0,0,0,7,0.4376431128454865,34.68411967779056,0.0671622536846518,6.2211123723042,3.257015943811424,51,0,6,0,0,0,0.0276958002270147,0.0293440736478711,0.0,0.0,0.003452243958573,0.0,0.0,0,0,0,3,0,0,2,0,0,0,0,0,0,0,0,2,Moqups,,,
0,0,1,0,0,1,0,0,0,0,0,74,0.4729591349050562,57.91367367960081,0.1014086751338702,3.794958043485372,3.258215149022436,264,31,62,0,0,8,0.0276840193845111,0.0016283329940972,0.0001912057682462,4.934342406355433e-05,0.0003824115364925,0.0,0.0,0,0,0,0,0,0,2,0,0,0,0,0,0,0,0,2,MetaSuites - Builders' Swiss Army Knife,,,
0,0,0,0,0,1,0,0,0,0,0,12,0.55944688322058,45.48431179621734,0.0806873624881082,3.5811945870275315,2.621720302361405,157,3,17,0,0,1,0.0344898575389091,0.008582048759156,0.0001639881928501,5.466273095003826e-05,0.0009292664261506,0.0,0.0,5,0,0,0,0,0,1,0,0,0,0,0,0,0,0,1,IMDownloader | Download story reels highlight image and video,,,
0,0,0,0,0,1,0,0,0,0,0,45,0.5228141336007348,65.19249639548995,0.0621542206064891,4.18351167852614,2.455128841226656,433,29,51,0,0,3,0.049139786266397,0.0044913751076166,0.0003008080326117,3.11180723391455e-05,0.0005290072297654,0.0,0.0,0,0,0,1,0,0,1,0,0,0,0,0,0,0,0,1,Math Equations Anywhere,,,
1,1,0,0,0,1,0,1,1,0,0,0,0.4151421802307238,21.74931488972987,0.1247411384744236,3.427993608309198,3.245595462667077,77,10,7,0,0,1,0.0553280735044442,0.0100482839618948,0.0013049719431032,0.0001304971943103,0.0009134803601722,0.0,0.0,0,0,0,0,1,0,4,0,0,0,0,0,0,0,0,4,__MSG_ExtnName__,,,
0,0,0,0,0,0,0,0,0,0,0,4,0.4166602466979961,38.655465037338764,0.1102137421569382,2.9464840302069373,3.1305480874883584,21,0,4,0,0,0,0.0764000130765961,0.0035641547861507,0.0,0.0,0.0006788866259334,0.0,0.0,0,0,0,4,0,0,3,0,0,0,0,0,0,0,0,3,Bullseye Game,,,
0,0,0,0,1,0,0,0,0,0,0,8,0.287625703085052,29.0153452685422,0.1035026418953468,5.686542443064182,3.3572634996964825,16,3,4,0,0,0,0.0757763975155279,0.0204603580562659,0.0038363171355498,0.0,0.0051150895140664,0.0,0.0,0,0,0,6,1,1,1,0,0,0,2,0,0,1,0,1,Window Expander For YouTube,1.0,,
0,0,0,0,0,0,0,0,0,0,0,4,0.3636279993527775,48.62919225318847,0.1211860669494563,3.575991012678543,3.316028833014622,91,14,14,0,0,1,0.0493767720537099,0.01432845221225,0.002204377263423,0.0001574555188159,0.002204377263423,0.0,0.0,1,0,0,0,0,1,1,0,0,0,0,0,0,0,0,1,Rusprofile – быстрый анализ контрагентов,,,
0,1,0,0,0,1,0,0,0,0,0,20,0.4581845909198756,34.74985431549867,0.0995292766726616,3.1643168057400684,2.7289253412961747,270,38,43,0,0,0,0.0661185358417563,0.0058273800530939,0.0008201497852502,0.0,0.0009280642306779,0.0,0.0,18,1,1,5,0,1,3,0,1,0,0,0,0,0,0,3,Google Search Console Enhanced Analytics,,,
0,0,0,0,0,0,0,0,0,0,0,29,0.4270513113536369,24.56315501186781,0.1018127535569396,4.063702758278381,3.1609331151470688,254,32,163,0,0,0,0.0908884634474934,0.0092751506299068,0.001168522914004,0.0,0.0059521635932079,0.0,0.0,11,0,0,0,0,2,3,0,0,0,0,0,0,0,0,3,__MSG_application_title__,,,
0,0,1,1,1,0,0,0,0,0,0,12,0.4471640648669335,44.61042424242424,0.1141018077060046,3.494981458590853,3.2405961351008368,83,15,23,0,1,1,0.0641285537700865,0.0201212121212121,0.0036363636363636,0.0002424242424242,0.0055757575757575,0.0002424242424242,0.0,0,0,0,4,0,2,4,0,0,0,0,0,0,0,0,4,KB SSL Enforcer,,,
0,0,1,0,0,1,0,0,0,0,1,55,0.477760743570841,47.90564631516857,0.0674640979097093,6.195823300500061,2.6505694381622966,3705,38,106,0,0,5,0.0476894675056235,0.0147664274013877,0.0001514505374501,1.9927702296069854e-05,0.0004224672886766,0.0,0.0,81,5,0,4,0,0,2,0,0,0,0,0,0,0,0,2,MyTonWallet · My TON Wallet,,,
0,0,0,0,1,1,0,1,0,0,0,54,0.4696397209063314,35.73208449092989,0.0943720781755914,3.7475069915655537,3.074563429670959,178,6,55,0,0,4,0.0449577163485643,0.0036362150678215,0.0001225690472299,8.171269815329302e-05,0.0011235495996077,0.0,0.0,8,0,0,0,0,0,1,0,0,0,0,0,0,0,0,1,__MSG_name__,,,
0,0,1,0,1,1,0,0,0,0,1,160,0.4559157386894192,35.2917237671352,0.0997815539090444,3.6923753806443353,2.953259095844599,618,76,336,0,0,2,0.056648409959949,0.0024982718265277,0.0003072308395082,8.085022092322868e-06,0.0013582837115102,0.0,0.0,39,7,0,0,0,0,4,0,0,0,0,0,0,0,0,4,Lolli: Earn Bitcoin and Cash Back,,,
0,0,0,0,1,1,0,0,0,0,0,4,0.3566094706523792,33.620539300057374,0.0920649230555067,5.392518384312054,3.444272363573529,62,0,62,0,0,0,0.0677111087427617,0.0071141709695926,0.0,0.0,0.0071141709695926,0.0,0.0,0,0,0,2,0,17,4,0,0,0,0,0,0,0,0,4,Save as Shortcut,,,
0,0,0,0,1,0,1,0,0,0,1,101,0.4003471602173156,18.765562375124127,0.087473176046853,5.263585218402031,2.9363917819857126,431,174,83,0,0,7,0.076291120174419,0.002578275486642,0.0010408815189691,4.187454386657574e-05,0.0004965124487036,0.0,0.0,1,0,0,15,1,1,184,0,1,0,3,0,0,0,0,184,Join,,,
0,0,0,0,1,1,0,0,0,0,0,36,0.3689992521020465,28.059402028361944,0.1010961615459579,4.434905851386921,3.2786548805864437,196,24,33,0,0,0,0.0541462991351632,0.0086051718839179,0.0010536945163981,0.0,0.0014488299600474,0.0,0.0,13,1,0,0,0,0,10,0,0,0,0,0,0,0,0,10,Titan Browser Extension,,,
0,1,0,0,0,1,0,0,0,0,0,54,0.5549665197052939,41.08094187793883,0.0776208327465534,3.692818656196352,2.672740225530314,1606,14,63,0,0,0,0.0302721261876837,0.0194628920451791,0.000169664065151,0.0,0.0007634882931795,0.0,0.0,0,0,0,0,0,0,2,0,0,0,0,0,0,0,0,2,__MSG_name__,,,
0,0,0,0,0,1,0,0,0,0,0,95,0.3704431082137472,38.76714657415438,0.0874516653637835,5.888573804396494,2.880622372267037,590,145,253,0,0,0,0.0277072983518475,0.0204683434518647,0.0050303555941023,0.0,0.0087771032090199,0.0,0.0,22,0,0,46,0,4,8,0,0,0,6,0,0,0,0,8,Discogs Enhancer,,,
0,1,0,0,1,1,0,1,0,0,1,98,0.5033018915240862,40.22394139052765,0.0684054956849711,5.017326275620115,2.5454827944577896,509,78,132,0,0,2,0.0755963738360488,0.0035080222749076,0.0005375751226773,1.3783977504548712e-05,0.0009097425153002,0.0,0.0,22,0,0,5,0,0,8,0,0,0,0,0,0,0,0,8,Classwork Zoom for Google Classroom,,,
0,1,1,0,0,1,0,0,0,0,0,7,0.3901239669421487,27.42982971227246,0.1137190082644628,3.786470482684371,3.3662801059844947,5,2,8,0,1,0,0.0436030863089897,0.0029359953024075,0.001174398120963,0.0,0.004697592483852,0.0005871990604815,0.0,0,0,0,0,0,0,0,0,0,0,0,0,0,0,0,0,"Twillot - Your Twitter, Organized",,,
1,1,0,0,1,1,1,0,0,0,1,230,0.459230192088518,43.02666355774704,0.0994135316093222,3.8884945680127943,3.047145533491097,324,99,132,0,0,3,0.0701283175717894,0.0007406543818621,0.0002263110611245,6.857910943168492e-06,0.0003017480814994,0.0,0.0,14,0,0,0,0,0,7,0,0,0,0,0,0,0,0,7,Altair GraphQL Client,,,
0,0,1,0,0,1,0,1,0,0,0,81,0.5049268254584037,57.66006382283719,0.0836051817373272,3.849069539965445,2.786254073975312,480,34,185,0,0,1,0.0599854953667447,0.0040203362006147,0.0002847738142102,8.37570041794745e-06,0.0015495045773202,0.0,0.0,25,0,0,0,0,0,1,0,0,0,0,0,0,0,0,1,RoKit - Roblox WebKit. Best Roblox Enhancer,,,
0,0,0,0,0,1,0,0,0,0,0,5,0.397042698830067,33.960550800148866,0.0746883549613038,9.08676498755028,3.4002293045581298,60,0,26,0,0,0,0.0407967822256272,0.0223297357647934,0.0,0.0,0.0096762188314104,0.0,0.0,0,0,0,10,0,0,1,0,0,0,0,0,0,0,0,1,SlowedAndReverb.Studio,,,
0,1,0,0,0,0,0,1,0,0,0,0,0.4151825467497774,17.570247933884296,0.0794746215494212,5.616847826086956,3.2323131612323226,4,0,2,0,0,0,0.0380434782608695,0.0165289256198347,0.0,0.0,0.0082644628099173,0.0,0.0,0,0,0,1,0,0,1,0,0,0,0,0,0,0,0,1,X Token Manager – auth_token for Twitter (X),,,
0,1,0,0,0,1,0,1,0,0,0,11,0.5536919892441917,47.97340037895351,0.0838084013755768,3.72860992784491,2.588027615130556,61,8,24,0,0,1,0.0407371989915674,0.0044454161200991,0.0005830053927998,7.287567409998542e-05,0.0017490161783996,0.0,0.0,1,0,0,0,0,0,1,0,0,0,0,0,0,0,0,1,XT Viewer — Twitch в 1080p/1440p (2K) для России,,,
0,1,0,0,0,1,0,1,0,0,0,0,0.4886476638585393,56.52053764944417,0.0776959975106845,4.323698706067797,2.676293995466578,0,0,0,0,0,0,0.0480417799795603,0.0,0.0,0.0,0.0,0.0,0.0,1,0,0,0,0,0,1,0,0,0,0,0,0,0,0,1,Happenstance,,,
0,1,0,0,0,0,0,0,0,0,0,0,0.1505540695452808,40.67834394904459,0.1568207871608712,3.863416988416988,3.6303621343934007,38,0,0,0,0,1,0.0178571428571428,0.1210191082802547,0.0,0.0031847133757961,0.0,0.0,0.0,0,0,0,0,0,0,0,0,0,0,0,0,0,0,0,0,Myibidder Auction Bid Sniper for eBay,,,
0,0,0,0,0,0,1,0,0,0,0,0,0.0,0.0,0.0,0.0,0.0,0,0,0,0,0,0,0.0,0.0,0.0,0.0,0.0,0.0,0.0,0,0,0,0,0,0,0,0,0,0,0,0,0,0,0,0,Kingdom Rush Frontiers,,,
0,0,0,0,1,1,0,0,0,0,0,13,0.5851095898291434,47.12624584717608,0.0822090548236783,3.551039856494198,2.339322203723772,24,3,9,0,0,0,0.041089747183138,0.0026578073089701,0.0003322259136212,0.0,0.0009966777408637,0.0,0.0,2,0,0,0,0,0,1,0,0,0,0,0,0,0,0,1,__MSG_appName__,,,
0,0,0,0,0,1,0,0,0,0,0,23,0.4254860995227447,19.610505028271128,0.1032019490705203,4.2591395325441805,3.1343606430894204,77,24,39,0,0,0,0.0636263036115489,0.0010593074605511,0.000330173753938,0.0,0.0005365323501492,0.0,0.0,0,0,0,0,0,1,1,0,0,0,0,0,0,0,0,1,__MSG_chatgpttoolkit_name__,,,
0,0,0,0,1,1,0,1,0,0,0,231,0.4690201476938462,48.247261721453015,0.0736284362079359,5.453174062637254,2.461000019655988,4453,53,180,0,0,12,0.04933819632991,0.0138799708249434,0.0001652006408538,3.740391868388078e-05,0.0005610587802582,0.0,0.0,20,6,0,4,0,0,2,0,0,0,0,0,0,0,0,2,BrowserStack Accessibility Toolkit,,,
0,1,0,0,0,0,0,0,0,0,0,12,0.5250607265473396,47.21501301746112,0.0666233551813202,2.984418327268307,2.1628108675231124,50,7,14,0,0,0,0.0256275846001514,0.0006815424669111,9.541594536755584e-05,0.0,0.0001908318907351,0.0,0.0,0,0,2,2,0,0,2,0,0,0,0,0,0,0,0,2,常用工具(ToolBox),,,
1,1,0,0,0,1,0,0,0,0,1,68,0.4159597750958596,34.51235412022554,0.0908800305526968,3.821650365222733,2.8480484750760016,221,5,104,0,0,0,0.0567702984172081,0.0041398947230391,9.366277653934772e-05,0.0,0.0019481857520184,0.0,0.0,3,1,0,0,0,0,3,0,0,0,0,0,0,0,0,3,WebSocket DevTools,,,
0,0,0,0,0,0,0,0,0,0,0,0,0.0,0.0,0.0,0.0,0.0,0,0,0,0,0,0,0.0,0.0,0.0,0.0,0.0,0.0,0.0,0,0,0,0,0,0,0,0,0,0,0,0,0,0,0,0,__MSG_appName__,,,
0,0,0,0,1,1,0,0,0,0,1,123,0.3168836529057612,67.66073895301757,0.0817071197762744,4.440718765838061,3.080270166148745,354,65,76,0,0,2,0.0347571892246167,0.0011241485527381,0.0002064114574236,6.351121766882075e-06,0.0002413426271415,0.0,0.0,2,0,0,0,0,0,21,0,0,0,0,0,0,0,0,21,floccus bookmarks sync,,,
1,1,0,0,0,1,1,0,0,0,1,86,0.4824559313959028,34.77581607321501,0.0800003107069619,4.25654575889669,2.975046733321718,96,15,36,0,0,9,0.0463444871655707,0.0017785023528104,0.0002778909926266,0.0001667345955759,0.0006669383823039,0.0,0.0,17,0,0,5,2,3,37,0,0,0,1,0,0,2,0,37,__MSG_extentionTitleFree__,,,
0,0,0,0,0,1,0,0,0,0,0,15,0.5455052242909891,43.14421262900899,0.0711760546782936,4.036484220943716,2.383482271147674,45,18,20,0,0,0,0.0588843509279842,0.0012484740872267,0.0004993896348906,0.0,0.0005548773721007,0.0,0.0,0,0,0,0,0,0,4,0,0,0,0,0,0,0,0,4,__MSG_appName__,,,
0,0,0,0,1,1,0,0,0,0,0,2,0.2021837406948839,33.67647253693765,0.0263160911633879,4.835181784212242,2.5689801239682084,79,10,12,0,0,1,0.0057242349798459,0.00261710726827,0.0003312794010468,3.312794010468429e-05,0.0003975352812562,0.0,0.0,0,0,0,18,0,0,14,0,0,0,1,0,0,0,0,14,PorNo! Porn Blocker (Beta),,,
0,0,0,0,1,1,1,1,0,0,1,217,0.4001517349726053,41.199661185658776,0.0909421706039384,4.02473140321472,2.872972664853868,561,82,390,0,0,4,0.0563785485736902,0.0017897819720143,0.0002616080600805,1.2761368784415817e-05,0.0012442334564805,0.0,0.0,9,4,0,0,0,0,45,0,0,0,0,0,0,0,0,45,__MSG_appName__,,,
0,0,0,0,0,0,0,0,0,0,0,0,0.0,0.0,0.0,0.0,0.0,0,0,0,0,0,0,0.0,0.0,0.0,0.0,0.0,0.0,0.0,0,0,0,0,0,0,0,0,0,0,0,0,0,0,0,0,__MSG_appName__,,,
0,0,0,0,0,0,0,0,0,0,0,0,0.0,0.0,0.0,0.0,0.0,0,0,0,0,0,0,0.0,0.0,0.0,0.0,0.0,0.0,0.0,0,0,0,0,0,0,0,0,0,0,0,0,0,0,0,0,Telepathy,,,
0,0,0,0,0,0,0,0,0,0,0,3,0.3014029995162071,28.971014492753625,0.12385099177552,4.064150943396227,3.492097385249239,2,0,4,0,0,0,0.0339622641509433,0.0289855072463768,0.0,0.0,0.0579710144927536,0.0,0.0,0,0,0,0,0,0,1,0,0,0,0,0,0,0,0,1,Fidget Spinner,,,
0,0,0,0,1,1,0,0,0,0,1,94,0.4393209868799464,64.20257241079543,0.0949663503602346,3.642051736796016,2.7009025974207725,1745,58,107,0,0,1,0.0347596923566822,0.0068953254040384,0.0002291856008219,3.951475876239776e-06,0.0004228079187576,0.0,0.0,0,0,0,0,0,0,1,0,0,0,0,0,0,0,0,1,Dust,,,
0,0,0,0,0,1,0,0,0,0,0,87,0.4300238194908553,46.389770749791936,0.0754155798139208,6.589215700934579,3.010977320144335,284,48,128,0,1,1,0.0733278504672897,0.0014324985498474,0.0002421124309601,5.044008978335981e-06,0.000645633149227,5.044008978335981e-06,0.0,11,10,0,0,0,0,7,0,2,0,0,0,0,0,0,7,Sublime,,,
0,1,0,0,0,0,0,0,0,0,0,71,0.1393500745610252,150.93028883282707,0.0529894133679844,33.13222514250606,2.691270510802504,88,18,45,0,0,1,0.1036283578523398,0.0022653555063584,0.0004633681717551,2.574267620861865e-05,0.0011584204293878,0.0,0.0,2,0,0,7,0,0,7,0,0,0,7,0,0,0,0,7,__MSG_name__,,,
1,1,1,0,1,1,0,1,1,0,1,84,0.5632041067523574,42.75343926692524,0.0888598023888241,3.2907719548232524,2.6932169476067065,342,25,71,0,0,4,0.052801902305433,0.0020376427690492,0.0001489504948135,2.3832079170167e-05,0.0004230194052704,0.0,0.0,0,0,0,0,0,0,5,0,0,0,0,0,0,0,0,5,Loy Trust - Gerenciador de Certificados Digitais e Credenciais,,,
0,0,0,0,0,0,0,0,0,0,0,0,0.2111307420494699,29.62162162162162,0.0865724381625441,6.37719298245614,3.8960498137769375,0,0,0,0,0,0,0.0175438596491228,0.0,0.0,0.0,0.0,0.0,0.0,0,0,0,1,1,0,0,0,0,0,0,0,0,1,0,0,TI 84 Calculator Online - TI84 Graphing Calculator,,,
0,0,0,0,0,0,0,0,0,0,0,0,0.0,0.0,0.0,0.0,0.0,0,0,0,0,0,0,0.0,0.0,0.0,0.0,0.0,0.0,0.0,0,0,0,0,0,0,0,0,0,0,0,0,0,0,0,0,__MSG_extName__,,,
0,0,0,0,1,1,0,0,0,0,1,96,0.5097947796932689,65.28827727511428,0.0700713210663575,4.705029701267431,2.4761266105090654,570,22,183,0,0,4,0.0770099621623051,0.0049070670374228,0.0001893955698654,3.443555815735328e-05,0.0015754267856989,0.0,0.0,14,0,0,0,0,0,8,0,1,0,0,0,0,0,0,7,__MSG_appName__,,,
0,0,0,0,0,0,0,0,0,0,0,7,0.4496353594191815,35.90091116173121,0.0919977982670784,3.487386788937315,2.0510312150952443,14,1,24,0,0,0,0.0426273067513488,0.0008858516831181,6.327512022272843e-05,0.0,0.0015186028853454,0.0,0.0,0,0,0,0,0,0,2,0,0,0,0,0,0,0,0,2,Gimli Tailwind,,,
0,1,0,0,1,0,0,0,0,0,0,129,0.2473517449262696,89.69881445176674,0.1271871504175874,5.43098720595704,3.012377953575728,399,140,196,0,0,8,0.0308728062642677,0.0013213233102626,0.0004636222141272,2.6492697950127492e-05,0.0006490710997781,0.0,0.0,0,0,0,0,0,0,1,0,0,0,0,0,0,0,0,1,ChatTube,,,
1,1,1,0,1,1,0,1,0,0,1,141,0.4470949148417119,34.20068085106383,0.0924273476858206,4.104389817455196,3.0214333065645347,339,19,116,0,1,1,0.0578648294236413,0.0048085106382978,0.0002695035460992,1.4184397163120568e-05,0.0016453900709219,1.4184397163120568e-05,0.0,21,0,0,1,0,3,52,0,1,0,1,2,0,0,0,52,LogMeOnce,,,
0,0,0,0,0,1,0,0,0,0,0,0,0.2388300322432059,32.9375,0.0882081989866421,6.784841075794621,3.771049351318864,3,0,1,0,0,0,0.0244498777506112,0.0234375,0.0,0.0,0.0078125,0.0,0.0,0,0,0,0,0,0,1,0,0,0,0,0,0,0,0,1,New Adjacent Tab,,,
1,1,0,0,1,1,0,0,0,0,0,117,0.4383159942182962,52.76918005808092,0.0771361289451308,6.808436170374347,3.181307938594923,608,28,146,0,0,5,0.0928197985985502,0.0014628501035784,6.736809687532331e-05,1.2030017299164876e-05,0.0003512765051356,0.0,0.0,15,15,0,0,0,0,568,0,0,0,0,0,0,0,0,568,__MSG_plugin_title__,,,
0,0,0,0,0,1,0,0,0,0,0,0,0.3087094849870749,11.966494845360824,0.0771525154106184,6.222343921139102,3.612285289911988,11,1,9,0,0,0,0.0591456736035049,0.0141752577319587,0.0012886597938144,0.0,0.0115979381443298,0.0,0.0,0,0,0,0,0,0,1,0,0,0,0,0,0,0,0,1,ChatReplay,,,
1,1,0,0,0,1,0,0,0,0,1,8,0.3744944442079271,39.55265429434614,0.1052194644301588,3.749655754452983,3.234858515506841,13,2,25,0,0,0,0.0374450317594278,0.0028053517479499,0.0004315925766076,0.0,0.005394907207596,0.0,0.0,2,5,0,0,0,0,3,0,0,0,0,0,0,0,0,3,Alpine.js devtools,,,
0,0,0,0,1,1,1,0,0,0,0,177,0.4209411562917315,38.99521768671928,0.0967616153943537,3.931869012701853,3.1678917646710247,144,21,70,0,0,3,0.0629628851309362,0.0009407829404693,0.0001371975121517,1.9599644593111377e-05,0.0004573250405059,0.0,0.0,23,1,1,0,0,0,1,0,0,0,0,0,0,0,0,1,Suku Wallet,,,
0,0,0,0,0,0,0,0,0,0,0,0,0.0,0.0,0.0,0.0,0.0,0,0,0,0,0,0,0.0,0.0,0.0,0.0,0.0,0.0,0.0,0,0,0,0,0,0,0,0,0,0,0,0,0,0,0,0,朱鹮 (Crested Ibis),,,
1,1,1,0,1,1,1,0,0,0,0,108,0.4772538115909461,42.88785830063825,0.0840783071934824,5.437149161135911,2.685195610554929,959,100,141,0,2,19,0.0831463504885172,0.003127639659384,0.0003261355223549,6.196574924744228e-05,0.0004598510865204,6.522710447099187e-06,0.0,25,0,3,531,0,0,19,7,3,0,0,0,0,0,0,17,Lazy Scholar,,,
0,0,0,0,1,1,0,0,0,0,0,35,0.5384961820883385,49.17888820584877,0.0874237307317824,3.749265452037168,2.84908705359233,96,5,42,0,0,2,0.0628030217611906,0.0028102221831913,0.0001463657387078,5.85462954831533e-05,0.0012294722051462,0.0,0.0,0,0,0,0,0,0,1,0,0,0,0,0,0,0,0,1,Supernormal: AI Meeting Notes,,,
0,0,0,0,1,1,0,0,1,0,0,8,0.1609727909455918,149.10817547357925,0.0426916141116457,3.6908282545708864,3.475491912553539,177,24,58,0,0,0,0.006943750624438,0.088235294117647,0.011964107676969,0.0,0.0289132602193419,0.0,0.0,0,0,0,1,0,0,1,2,0,0,0,0,0,0,0,1,__MSG_appName__,,,
0,0,1,0,1,1,0,0,0,0,1,20,0.4462684195016942,61.211303387075205,0.0846045120249588,4.180124030543701,3.013225106882403,232,6,47,0,0,3,0.0699643242384508,0.0016326645507709,4.222408320959331e-05,2.111204160479665e-05,0.0003307553184751,0.0,0.0,0,0,0,0,0,0,3,0,0,0,0,0,0,0,0,3,Webrecorder ArchiveWeb.page,,,
1,1,0,0,0,1,0,0,0,0,0,1,0.2710223835450696,33.87974683544304,0.1117967332123412,6.845175766641735,3.76944106617352,10,9,6,0,0,0,0.0605833956619297,0.0210970464135021,0.0189873417721519,0.0,0.0126582278481012,0.0,0.0,0,0,0,0,0,0,1,0,0,0,0,0,0,0,0,1,Libron,,,
0,1,0,0,1,1,0,1,0,0,0,239,0.5095030293047612,44.71711216323074,0.0892474498759105,3.590635989006371,2.7956954989512,10209,253,285,0,0,4,0.0573157059693524,0.0168885050968247,0.0004185318630127,6.617104553560498e-06,0.0004714686994411,0.0,0.0,43,0,0,0,0,0,2,0,0,0,0,0,0,0,0,2,__MSG_app_name__,,,
0,0,0,0,0,0,0,0,0,0,0,0,0.265450861195542,13.318840579710145,0.1377912867274569,5.783505154639175,3.0651491039257284,0,0,0,0,0,0,0.0309278350515463,0.0,0.0,0.0,0.0,0.0,0.0,0,0,0,0,0,0,0,0,0,0,0,0,0,0,0,0,Word Counter Plus,,,
1,1,0,0,1,1,0,0,0,0,1,12,0.3999057205148945,37.96076385265575,0.1035360163703469,3.7861007074490223,2.8469835842559794,52,4,16,0,0,0,0.0370832755352106,0.0054262756965459,0.0004174058228112,0.0,0.0016696232912449,0.0,0.0,1,0,0,0,0,0,0,0,0,0,0,0,0,0,0,0,__MSG_appName__,,,
0,0,0,0,1,1,0,0,0,0,0,40,0.3501452323909308,40.51140719591826,0.0845968328448736,4.080685863148249,3.060834651623236,410,28,186,0,4,6,0.0333128479011043,0.0027097047082771,0.0001850530044677,3.965421524308034e-05,0.0012292806725354,2.643614349538689e-05,0.0,0,0,0,0,0,0,0,0,0,0,0,0,0,0,0,0,__MSG_extensionName__,,,
0,0,0,0,0,0,0,0,0,0,0,0,0.354014598540146,15.636363636363637,0.083941605839416,6.790697674418604,3.267813796387117,0,0,0,0,0,0,0.0465116279069767,0.0,0.0,0.0,0.0,0.0,0.0,0,0,0,0,0,0,0,0,0,0,0,0,0,0,0,0,Masav,,,
0,0,1,0,1,1,0,0,0,0,1,812,0.4363199463665994,53.74850491863108,0.0765147689236898,4.614984557792914,2.6370973687417427,29420,488,1047,0,0,24,0.0479858303851708,0.0087151364917161,0.0001445610675716,7.109560700244332e-06,0.0003101545855481,0.0,0.0,0,0,0,8,0,0,5,0,0,0,0,0,0,0,0,5,Lace,,,
0,0,1,0,1,1,0,0,0,0,1,34,0.5282503737393155,51.911205162006524,0.0791239852915297,3.8667775709703887,2.502712890023632,153,71,69,0,0,7,0.0360688248616854,0.0007076944425171,0.0003284072249589,3.237817710862878e-05,0.0003191563172136,0.0,0.0,0,0,0,0,0,0,6,0,0,0,0,0,0,0,0,6,Arcade: AI Interactive Product Demos,,,
0,0,0,0,0,1,0,0,0,0,1,164,0.426743123673937,47.35149236949117,0.0607295656803002,7.098013613838101,3.3920940292127484,2305,38,150,0,0,23,0.065534939550495,0.0047555286889389,7.8399171444546e-05,4.745213008485679e-05,0.0003094704135968,0.0,0.0,0,0,0,0,0,0,2,0,0,0,0,0,0,0,0,2,Google Analytics UTM Builder,,,
0,0,1,0,0,0,0,0,0,0,0,11,0.4413101975633311,38.5360057119543,0.0921881947030358,4.96550338060686,2.97453408783785,92,17,21,0,0,1,0.0492867744063324,0.0031279749762001,0.0005779953760369,3.399972800217598e-05,0.0007139942880456,0.0,0.0,0,0,0,0,0,0,14,0,2,0,0,0,0,0,0,14,AskYourPDF,,,
0,0,0,0,0,0,0,0,0,0,0,1,0.3351028533510285,28.271844660194176,0.110484406104844,4.673846153846154,3.07781439539844,5,2,5,0,0,0,0.04,0.0485436893203883,0.0194174757281553,0.0,0.0485436893203883,0.0,0.0,0,0,0,0,0,0,1,0,0,0,0,0,0,0,0,1,Dice Thrower,,,
0,0,1,0,0,1,0,0,0,0,0,130,0.5300020427048279,38.61753750560253,0.0687600655211451,4.660190068779935,2.2402695236082404,399,40,62,0,0,0,0.0511180599024487,0.0005553807907842,5.567727225907748e-05,0.0,8.62997720015701e-05,0.0,0.0,35,2,0,0,0,0,2,0,0,0,0,0,0,0,0,2,Sidekick,,,
0,0,0,0,0,1,0,0,0,0,0,128,0.3482981544968709,49.15843285287471,0.1349141437500959,3.740705536288148,3.1568495901427345,432,123,288,0,0,6,0.0673491383098316,0.001828169037926,0.0005205203510761,2.539123663786172e-05,0.0012187793586173,0.0,0.0,8,0,8,0,0,0,1,0,0,0,0,0,0,0,0,1,Boxy SVG,,,
0,0,0,0,0,0,0,0,0,0,0,0,0.0,0.0,0.0,0.0,0.0,0,0,0,0,0,0,0.0,0.0,0.0,0.0,0.0,0.0,0.0,0,0,0,0,0,0,0,0,0,0,0,0,0,0,0,0,__MSG_appName__,,,
0,0,0,0,0,0,0,0,0,0,0,0,0.3234247063011748,31.13142857142857,0.1016375934496262,6.064908722109534,3.284232630547214,6,1,0,0,0,0,0.0405679513184584,0.0342857142857142,0.0057142857142857,0.0,0.0,0.0,0.0,0,0,0,2,0,0,1,0,0,0,0,0,0,0,0,1,Subscribe RSS Feeds in Feedly,,,
0,1,0,0,1,1,0,0,0,0,0,86,0.3483428466829348,56.18866586224889,0.0683956114516028,5.718589790508438,2.8010204930560696,582,41,202,0,0,1,0.0303783450071124,0.0047449778241586,0.0003342681972345,8.152882859379076e-06,0.0016468823375945,0.0,0.0,1,0,0,0,0,0,0,0,0,0,0,0,0,0,0,0,__MSG_extensionName__,,,
0,0,0,0,0,1,0,0,0,0,0,56,0.4481085642601867,34.28241012766412,0.0982741763527308,3.759017146401187,2.9875996584212903,397,15,115,0,0,1,0.0349919987361806,0.004241226430212,0.000160247850008,1.068319000053416e-05,0.0012285668500614,0.0,0.0,0,0,0,6,0,0,3,0,0,0,0,0,0,0,0,3,__MSG_ExtensionName__,,,
0,0,0,0,0,0,0,0,0,0,0,0,0.0840336134453781,46.8,0.1092436974789916,6.037037037037037,3.989581380054276,0,0,0,0,0,0,0.037037037037037,0.0,0.0,0.0,0.0,0.0,0.0,0,0,0,0,0,0,0,0,0,0,0,0,0,0,0,0,Gmail Email Thread Reverse,,,
0,1,0,0,0,1,0,0,0,0,0,17,0.4078782074212544,54.21931948515356,0.0978210113738206,4.044328474596605,3.16937888256414,43,10,15,0,0,0,0.0324815547957531,0.0018266003993033,0.0004247907905356,0.0,0.0006371861858034,0.0,0.0,0,0,0,0,0,0,0,0,0,0,0,0,0,0,0,0,"EasyGen - Intelligent LinkedIn content, made easy.",,,
0,0,0,0,1,1,0,0,0,0,0,314,0.3571072413282147,37.50824837001706,0.1443036254366914,2.8735944024870883,2.640078823698409,305,18,151,0,0,1,0.0279625309595222,0.002669233798626,0.00015752855205,8.751586225003282e-06,0.0013214895199754,0.0,0.0,0,0,0,0,0,0,0,0,0,0,0,0,0,0,0,0,Undetectable AI: Your AI tool kit,,,
0,0,0,0,0,0,0,0,0,0,0,0,0.0,0.0,0.0,0.0,0.0,0,0,0,0,0,0,0.0,0.0,0.0,0.0,0.0,0.0,0.0,0,0,0,0,0,0,0,0,0,0,0,0,0,0,0,0,__MSG_appName__,,,
0,0,0,0,1,1,0,0,0,0,0,9,0.5043750485595562,68.61096605744126,0.0798218634545469,3.976174884295879,2.850335378817229,104,22,28,0,0,0,0.0812835247632572,0.0048489369638194,0.0010257366654233,0.0,0.0013054830287206,0.0,0.0,0,0,0,3,0,0,2,0,0,0,0,0,0,0,0,2,"AutoBuy Flash Sales, Deals, and Coupons",,,
0,0,1,0,1,1,0,0,0,0,1,242,0.5730469514168222,60.35827795434845,0.0864498621960371,3.5729858567883315,2.800101005648958,1383,113,173,0,0,2,0.0474190906639393,0.0086868585354823,0.0007097722447646,1.2562340615303443e-05,0.0010866424632237,0.0,0.0,0,0,0,0,0,0,2,0,0,0,0,0,0,0,0,2,__MSG_ext_name__,,,
0,0,0,0,0,0,0,0,0,0,0,0,0.2474358974358974,31.10958904109589,0.126068376068376,5.130081300813008,3.0795429575904336,3,0,1,0,0,0,0.016260162601626,0.0410958904109589,0.0,0.0,0.0136986301369863,0.0,0.0,0,0,0,0,0,0,1,0,0,0,0,0,0,0,0,1,ChartFox Browser Extension,,,
0,1,0,0,0,1,0,0,0,0,0,16,0.5242169470380205,55.1473937826879,0.0708053406791918,4.101069925534353,3.03110721409589,548,116,203,0,0,0,0.0717957095693476,0.006440618205324,0.0013633425398131,0.0,0.0023858494446729,0.0,0.0,0,0,0,0,0,0,1,0,0,0,0,0,0,0,0,1,PaTMa Property Insights,,,
1,1,0,0,1,1,0,1,0,0,1,53,0.3820261497211791,47.655819424838775,0.0754639851562522,4.4833806748979566,2.979504278007018,243,35,89,0,0,5,0.0391113342272098,0.0006725898862409,9.687508649561294e-05,1.3839298070801849e-05,0.0002463395056602,0.0,0.0,2,0,0,3,0,0,4,0,0,0,0,0,0,0,0,4,MerciApp — Correcteur d’orthographe et assistant de rédaction,,,
0,0,0,0,0,1,0,0,1,0,0,63,0.5743417140604306,48.79314708459067,0.0889579997035004,3.312171701042848,2.7106282695015027,702,42,55,0,0,1,0.0490810382230836,0.0113890781660663,0.0006813978389954,1.622375807131964e-05,0.0008923066939225,0.0,0.0,3,0,0,0,0,0,2,0,0,0,0,0,0,0,0,2,__MSG_name__,,,
0,0,1,0,1,1,0,1,0,0,0,12,0.5480707688736342,39.99877634262406,0.1011391334626672,3.066988228151246,2.564801667665295,8,0,0,0,0,0,0.0544405842075083,0.0002719238613188,0.0,0.0,0.0,0.0,0.0,1,0,0,0,0,0,2,0,0,0,0,0,0,0,0,2,Hamty.cz doplněk,,,
0,0,0,0,0,0,0,0,0,0,0,0,0.0,0.0,0.0,0.0,0.0,0,0,0,0,0,0,0.0,0.0,0.0,0.0,0.0,0.0,0.0,0,0,0,6,0,0,0,0,0,0,0,0,0,0,0,0,EPSON L380 RESETTER,,,
0,0,0,0,0,0,0,0,0,0,0,0,0.0,0.0,0.0,0.0,0.0,0,0,0,0,0,0,0.0,0.0,0.0,0.0,0.0,0.0,0.0,0,0,0,0,0,0,0,0,0,0,0,0,0,0,0,0,RGB Ravens,,,
0,0,0,0,0,1,0,0,0,0,1,185,0.3039585444267699,70.54375828810777,0.1008871823861173,4.148629271407163,2.9427635887813066,346,67,75,0,0,0,0.0350181515017201,0.0020212759742725,0.0003914031510874,0.0,0.0004381378556949,0.0,0.0,52,0,0,0,0,0,19,0,0,0,0,0,0,0,0,17,Fake Data - A form filler you won't hate,,,
0,0,0,0,0,1,0,0,0,0,0,37,0.3365131791584196,59.80427402243104,0.0725956691460346,5.540485074280365,3.0247697389728927,253,12,113,0,0,0,0.0471553563767451,0.002556330201071,0.0001212488632919,0.0,0.0011417601293321,0.0,0.0,1,1,0,0,0,0,1,0,0,0,0,0,0,0,0,1,USC Schedule Helper,,,
0,0,0,0,0,0,0,0,0,0,0,0,0.3071871579715432,48.845454545454544,0.0875592849325063,5.740458015267175,3.3447809713175105,0,0,0,0,0,0,0.0305343511450381,0.0,0.0,0.0,0.0,0.0,0.0,0,0,0,0,0,0,0,0,0,0,0,0,0,0,0,0,__MSG_appName__,,,
0,0,0,0,1,1,0,0,0,0,1,137,0.5527790419216463,44.457652835274864,0.0871971801251959,3.272978861714873,2.604316164761127,246,39,194,0,0,7,0.0372886832885472,0.0009473380186771,0.0001501877346683,2.6956772889188407e-05,0.000747087705786,0.0,0.0,27,0,0,0,0,0,2,0,0,0,0,0,0,0,0,2,__MSG_name__,,,
0,1,0,0,0,0,0,0,0,0,0,0,0.4096193531250638,42.85633213859021,0.1289867805406289,3.2212722875302324,3.246925851290448,65,9,10,0,0,0,0.0539962877552168,0.0194145758661887,0.0026881720430107,0.0,0.0029868578255675,0.0,0.0,0,0,0,0,0,0,0,0,0,0,0,0,0,0,0,0,Modern List See More for SP,,,
0,0,0,0,1,0,0,0,0,0,1,3,0.5411924106820017,31.15912887535007,0.0904535389554502,2.218977764676642,2.733243077068769,82,0,16,0,0,3,0.0552097241247767,0.000335740840826,0.0,1.2283201493637302e-05,6.551040796606561e-05,0.0,0.0,0,0,0,0,1,0,7,0,0,0,0,0,0,0,0,6,Fleeting Notes,,,
0,0,0,0,0,1,0,0,0,0,0,155,0.5294617983401918,46.24114581486865,0.0855307188194598,3.732740061007891,2.9931548580028267,406,199,363,0,0,74,0.056970949823951,0.0028787180487113,0.0014109972701811,0.0005246924522281,0.0025738291913354,0.0,0.0,0,0,0,16,0,2,8,0,0,0,0,0,0,0,0,8,__MSG_appName__,,,
0,0,0,0,0,0,0,0,0,0,0,0,0.0,0.0,0.0,0.0,0.0,0,0,0,0,0,0,0.0,0.0,0.0,0.0,0.0,0.0,0.0,0,0,0,0,0,0,0,0,0,0,0,0,0,0,0,0,Lone Tree,,,
0,1,0,0,0,1,0,0,0,0,0,418,0.4604820077809722,54.68168176538908,0.0861213370670371,3.812620327478732,2.578294312715432,725,202,376,0,0,5,0.0669576458333102,0.0022454510259388,0.0006256291134339,1.548586914440573e-05,0.0011645373596593,0.0,0.0,10,0,0,0,0,0,2,0,0,0,0,0,0,0,0,2,__MSG_name__,,,
0,0,0,0,1,1,0,0,0,0,1,178,0.3923536396359934,40.74885789077348,0.0798324885496393,4.295754382244263,2.90563305894119,294,62,184,0,0,6,0.0342863202199075,0.001054254670635,0.0002223258148958,2.1515401441531896e-05,0.0006598056442069,0.0,0.0,4,0,0,0,0,0,2,0,0,0,0,0,0,0,0,2,__MSG_appName__,,,
1,1,0,0,1,1,0,0,0,0,0,204,0.4913353356371173,57.511895259125545,0.0648233693596734,4.173452342140859,2.682348875683433,1864,54,157,0,0,7,0.0422557551912465,0.0029463508085867,8.535565647193459e-05,1.106462213525078e-05,0.0002481636678906,0.0,0.0,0,0,0,3,0,0,7,0,0,0,0,0,0,0,0,7,Kudos: Put Your Cards to Work,,,
1,1,1,0,1,1,0,1,0,0,1,174,0.561433490904537,48.547690770807264,0.0891820448851888,3.48393856888606,2.6648899333558123,1804,38,90,0,1,1,0.0509871173815164,0.0092894402133893,0.000195675569905,5.149357102765719e-06,0.0004634421392489,5.149357102765719e-06,0.0,0,0,0,0,0,0,3,0,0,0,0,0,0,0,0,3,__MSG_app_name__,,,
0,0,0,0,0,0,0,0,0,0,1,36,0.3336762886876315,54.62631670165033,0.0927234382405144,8.240029834623595,3.442461953848588,158,22,68,0,0,9,0.0689977109642241,0.0015213079396868,0.0002118276878045,8.665678137456912e-05,0.0006547401259411,0.0,0.0,0,0,0,1,0,0,2,0,0,0,0,0,0,0,0,2,Python Shell,,,
0,1,0,0,0,0,0,0,0,0,0,0,0.2079681274900398,38.25,0.1155378486055776,6.032,3.2644456373785955,4,0,0,0,0,0,0.0,0.125,0.0,0.0,0.0,0.0,0.0,0,0,0,0,0,0,0,0,0,0,0,0,0,0,0,0,Enable UI3 Beta for Figma,,,
0,0,0,0,1,1,0,0,0,0,0,7,0.5619667118655621,50.19404287138584,0.0828162238879002,3.689415437003405,2.5915272617173137,236,3,4,0,0,3,0.0451759364358683,0.0294117647058823,0.0003738783649052,0.0003738783649052,0.0004985044865403,0.0,0.0,0,0,0,0,0,0,1,0,0,0,0,0,0,0,0,1,All in One SEO Analyzer by AIOSEO,,,
1,1,1,0,1,1,0,1,0,0,1,208,0.4853053434639207,46.61117599976284,0.0816471643645208,3.877464812752286,2.9417053317308377,549,58,135,0,2,2,0.0624443281265783,0.003254972875226,0.0003438769157798,1.1857824682062075e-05,0.0008004031660391,1.1857824682062075e-05,0.0,14,0,0,0,0,0,2,0,0,0,0,0,0,0,0,2,__MSG_ext_name__,,,
0,0,0,0,0,0,0,0,0,0,1,0,0.4119336824202166,43.9431236834186,0.1293875801850785,3.183011922421845,3.228965920259552,68,9,6,0,0,0,0.0541179056095818,0.0204634366536262,0.0027083960276858,0.0,0.0018055973517905,0.0,0.0,0,0,0,1,0,0,0,0,0,0,0,0,0,0,0,0,__MSG_appName__,,,
0,0,0,0,0,1,0,1,0,0,0,105,0.5992261342733018,57.876413192194136,0.071583726345864,3.8789385949278175,2.54495998250492,1690,34,84,0,0,5,0.0424079762641141,0.0152120688413624,0.0003060416216605,4.5006120832433214e-05,0.0007561028299848,0.0,0.0,56,5,0,8,0,0,4,0,0,0,0,0,0,0,0,4,Accessible Web Helper,,,
0,0,0,0,0,0,0,0,0,0,0,0,0.0,0.0,0.0,0.0,0.0,0,0,0,0,0,0,0.0,0.0,0.0,0.0,0.0,0.0,0.0,0,0,0,0,0,0,0,0,0,0,0,0,0,0,0,0,Multiplex Nebula,,,
0,1,1,0,0,1,0,1,0,0,0,782,0.4323142377536911,42.8996946755857,0.0675061193247985,3.700010990971856,2.1604451019334143,33736,103,1111,0,0,15,0.0182886064165269,0.0095907117697728,2.92815779074759e-05,4.264307462253772e-06,0.0003158430393709,0.0,0.0,1,0,0,0,0,0,0,0,0,0,0,0,0,0,0,0,__MSG_extensionName__,,,
1,1,0,0,1,1,0,1,0,0,0,4,0.3766906940957317,15.162303664921463,0.1041953510974325,5.415355269432522,3.325066732707602,15,10,4,0,0,0,0.0896518836432999,0.0098167539267015,0.006544502617801,0.0,0.0026178010471204,0.0,0.0,0,0,0,0,0,0,0,0,0,0,0,0,0,0,0,0,"Авто-Кэшбэк + Детектор скидок — ""Мой Сайдекс""",,,
0,0,0,0,0,0,0,0,0,0,0,0,0.0,0.0,0.0,0.0,0.0,0,0,0,0,0,0,0.0,0.0,0.0,0.0,0.0,0.0,0.0,0,0,0,0,0,0,0,0,0,0,0,0,0,0,0,0,__MSG_appName__,,,
0,0,0,0,0,0,0,0,0,0,0,0,0.11081887972704,25.90057361376673,0.0296417401194199,4.948704663212435,4.1269228656003385,1,0,0,0,0,0,0.0031088082901554,0.0019120458891013,0.0,0.0,0.0,0.0,0.0,0,0,0,0,1,0,1,0,0,0,0,0,0,0,0,1,Free Games,,,
0,0,1,0,0,1,0,0,0,0,0,12,0.3156048505582128,53.50464613570647,0.0799100287225113,6.159715660105343,3.217809738764051,15,0,17,0,0,0,0.0509185377621079,0.0002105499564863,0.0,0.0,0.0002386232840178,0.0,0.0,0,0,0,0,0,0,1,0,0,0,0,0,0,0,0,1,Ping Network VPN,,,
0,0,1,0,0,1,0,0,0,0,0,19,0.537501804752388,33.00009688670714,0.1212746111233538,3.53138692259659,2.8661336244782083,39,5,15,0,0,0,0.0449748915113893,0.0006297635964345,8.073892261981656e-05,0.0,0.0002422167678594,0.0,0.0,0,0,0,0,0,0,6,0,0,0,0,0,0,0,0,6,__MSG_manifest_name__,,,
0,0,0,0,0,0,0,0,0,0,0,1,0.2510578279266572,21.90322580645161,0.080865068171133,5.9118942731277535,3.9954014837672,5,3,0,0,0,0,0.0352422907488986,0.053763440860215,0.032258064516129,0.0,0.0,0.0,0.0,0,0,0,0,0,0,0,0,0,0,0,0,0,0,0,0,rustLink,,,
0,0,0,0,1,1,0,1,0,0,0,219,0.5094128890067382,53.56572106410539,0.065871101207824,4.710179165530662,2.4238128045940672,9671,161,342,0,0,12,0.054570861873991,0.019183810300264,0.0003193665038095,2.3803714569658597e-05,0.0006784058652352,0.0,0.0,0,0,1,1,0,1,10,0,0,0,0,0,0,0,0,10,__MSG_extName__,,,
0,0,1,0,1,1,0,1,0,0,0,12,0.3415826221877424,57.17057761732852,0.0897982932505818,4.787047619047619,3.541039123374827,67,27,25,0,0,0,0.0150857142857142,0.0302346570397111,0.0121841155234657,0.0,0.0112815884476534,0.0,0.0,14,0,0,14,0,0,3,0,0,0,0,0,4,0,0,3,DNS Checker - SEO and Domain Analysis,,,
1,1,0,0,0,1,0,0,0,0,0,3,0.3116913667372383,22.429752066115704,0.0777464126087979,8.119047619047619,3.555125896625656,30,0,7,0,0,0,0.0748299319727891,0.0826446280991735,0.0,0.0,0.0192837465564738,0.0,0.0,2,0,0,1,0,0,1,0,0,0,0,0,0,0,0,1,__MSG_appName__,,,
0,0,0,0,0,0,0,0,0,0,0,0,0.0,0.0,0.0,0.0,0.0,0,0,0,0,0,0,0.0,0.0,0.0,0.0,0.0,0.0,0.0,0,0,0,0,0,0,0,0,0,0,0,0,0,0,0,0,__MSG_extName__,,,
0,0,0,0,0,1,0,0,0,0,0,84,0.3717315151448178,30.82713748109591,0.0810725691489949,3.947521540706591,3.1289107816826216,336,156,191,0,0,3,0.039753873609265,0.0118172545985298,0.0054865824921745,0.0001055112017725,0.0067175465128547,0.0,0.0,0,0,0,5,0,0,2,0,0,0,0,0,0,0,0,2,__MSG_extName__,,,
0,0,0,0,0,0,0,0,0,0,0,0,0.0,0.0,0.0,0.0,0.0,0,0,0,0,0,0,0.0,0.0,0.0,0.0,0.0,0.0,0.0,0,0,0,0,0,0,0,0,0,0,0,0,0,0,0,0,Manyland,,,
0,0,0,0,0,1,0,0,0,0,0,17,0.4205828748573472,23.59600614439324,0.1215713661164954,3.415718717683557,3.2283419083306977,68,10,7,0,0,1,0.0573693800167429,0.0094958804636223,0.0013964530093562,0.0001396453009356,0.0009775171065493,0.0,0.0,0,0,0,0,0,0,3,0,0,0,0,0,0,0,0,3,2048 Game,,,
0,0,0,0,0,0,0,0,0,0,0,0,0.0,0.0,0.0,0.0,0.0,0,0,0,0,0,0,0.0,0.0,0.0,0.0,0.0,0.0,0.0,0,0,0,0,0,0,0,0,0,0,0,0,0,0,0,0,Dracula Chrome Theme,,,
0,0,0,0,1,1,0,0,0,0,0,143,0.4578522083203903,59.89558372490066,0.0826397028247724,3.983609908245768,2.855026037418049,435,72,143,0,0,1,0.0642658147351845,0.0065722876093492,0.0010878269146509,1.5108707147929351e-05,0.0021605451221538,0.0,0.0,7,0,0,6,1,0,13,0,1,0,0,0,0,0,0,13,Surfingkeys,,,
0,1,0,0,1,1,0,0,0,0,1,230,0.5654873978133558,52.01201068308812,0.0780230374814673,3.857579713147609,2.552323568279427,5519,50,249,0,0,17,0.0563806757159413,0.0171995225644397,0.0001558210052947,5.297914180023124e-05,0.000775988606368,0.0,0.0,0,0,0,10,0,0,4,0,0,0,3,0,0,0,0,4,Toby Mini,,,
1,1,0,0,1,1,1,0,1,0,0,181,0.3726343727892842,39.426258659079664,0.084522374475333,4.346430473215237,3.085681128371757,457,66,54,0,0,1,0.0694380347190173,0.0035332137555665,0.0005102671944581,7.73132112815438e-06,0.0004174913409203,0.0,0.0,92,0,0,4,0,1,8,0,0,0,0,0,0,0,0,8,Trackerbot,,,
0,0,1,1,1,1,0,1,0,0,1,152,0.4519501038010049,49.37150546304883,0.0588450886560713,6.260791869565049,2.492630254840311,691,66,312,0,3,4,0.0631980382292927,0.0013929766560496,0.0001330484215619,8.063540700721686e-06,0.0006289561746562,6.047655525541265e-06,0.0,38,0,4,0,0,0,62,0,0,0,0,0,2,0,0,61,__MSG_name__,,,
0,0,1,1,0,0,1,0,0,0,0,144,0.4606975403183427,46.531096191376285,0.1056017402742884,3.409440924794548,2.8780654854491408,447,48,100,0,1,2,0.054088337459639,0.0054864801836191,0.0005891522344825,2.454800977010789e-05,0.0012274004885053,1.2274004885053945e-05,0.0,0,0,0,0,1,0,3,0,0,0,0,0,0,0,0,3,京价保 - 京东价保助手,,,
0,1,0,0,1,1,0,0,0,0,1,68,0.5867609640316132,54.45236928993868,0.0825155378818425,3.276878473061126,2.6681053004645445,1168,11,136,0,0,0,0.0509404493078133,0.0105946808896629,9.97786727622365e-05,0.0,0.0012336272268785,0.0,0.0,5,5,0,2,0,0,4,0,1,0,0,0,0,0,0,4,XTranslate,,,
0,0,0,0,0,0,0,0,0,0,0,0,0.0,0.0,0.0,0.0,0.0,0,0,0,0,0,0,0.0,0.0,0.0,0.0,0.0,0.0,0.0,0,0,0,0,0,0,0,0,0,0,0,0,0,0,0,0,BMW M Power,,,
0,0,0,0,0,1,0,0,0,0,0,0,0.2835879052369077,22.992523364485983,0.0972568578553615,6.417985012489592,3.329594686417593,18,0,6,0,0,0,0.0274771024146544,0.0336448598130841,0.0,0.0,0.011214953271028,0.0,0.0,0,0,0,2,0,2,2,0,0,0,0,0,0,0,0,2,EZProxy Redirect,,,
0,0,0,0,0,0,0,0,0,0,0,0,0.0,0.0,0.0,0.0,0.0,0,0,0,0,0,0,0.0,0.0,0.0,0.0,0.0,0.0,0.0,0,0,0,0,0,0,0,0,0,0,0,0,0,0,0,0,Deadpool Funny,,,
0,0,0,0,0,1,1,0,0,0,1,44,0.4370694936472844,32.115469146238375,0.1069569116302195,3.424231251670344,3.027798644207629,655,6,67,0,0,1,0.039019232607453,0.0048145834099011,4.410305413649896e-05,7.350509022749826e-06,0.0004924841045242,0.0,0.0,1,0,0,0,0,0,1,0,0,0,0,0,0,0,0,1,Joom Pulse – Extensão para Google Chrome,,,
0,0,0,0,0,1,0,0,0,0,1,0,0.2717719529351016,72.98193040765109,0.1070341735404439,2.497816879763613,2.928130868660757,0,0,0,0,0,0,0.012231021278626,0.0,0.0,0.0,0.0,0.0,0.0,5,2,0,0,0,0,0,0,0,0,0,0,0,0,0,0,__MSG_extName__,,,
0,0,0,0,0,0,0,0,0,0,0,0,0.0,0.0,0.0,0.0,0.0,0,0,0,0,0,0,0.0,0.0,0.0,0.0,0.0,0.0,0.0,0,0,0,0,0,0,0,0,0,0,0,0,0,0,0,0,Noteflight,,,
0,0,0,0,0,1,0,0,0,0,0,231,0.5361233087185778,55.05986429703107,0.0809813413468911,3.763559023351903,2.649912408365476,660,50,252,0,0,2,0.0638426508303347,0.0022731969415168,0.0001722118895088,6.888475580354068e-06,0.0008679479231246,0.0,0.0,0,0,0,0,0,0,1,0,0,0,0,0,0,0,0,1,__MSG_pluName__,,,
0,0,0,0,0,0,0,1,0,0,0,22,0.5654591507430571,45.20706741729865,0.085802218648773,3.421243076078817,2.71505231420369,213,14,81,0,0,0,0.0419922600707683,0.0024775508305029,0.0001628437165588,0.0,0.0009421672172335,0.0,0.0,0,0,0,0,0,0,2,0,0,0,0,0,0,0,0,2,Nifty – Passwordless Authenticator,,,
0,0,1,0,1,0,0,0,0,0,0,18,0.3889781348885915,28.11889332003988,0.0949732785112435,5.463048460490915,3.217087540341232,80,18,9,0,0,0,0.0678911880957916,0.006646726487205,0.0014955134596211,0.0,0.0007477567298105,0.0,0.0,0,0,0,0,0,0,0,0,0,0,0,0,0,0,0,0,EZLynx Carrier Integration,,,
0,0,0,0,0,0,0,0,0,0,0,2,0.351748522181095,22.886543535620053,0.1043036296337218,5.357913669064748,3.205662409018136,5,3,5,0,0,0,0.0455635491606714,0.0065963060686015,0.0039577836411609,0.0,0.0065963060686015,0.0,0.0,6,0,0,1,0,0,2,0,0,0,0,0,0,0,0,2,Search Commands,,,
0,0,0,0,0,1,0,0,0,0,1,19,0.4056920716892323,56.23898342059337,0.0926376568559259,5.142182011708355,2.6282246634069466,42,3,13,0,0,1,0.0560298030867482,0.0045811518324607,0.00032722513089,0.00010907504363,0.0014179755671902,0.0,0.0,10,0,0,0,0,0,0,0,0,0,0,0,0,0,0,0,Social Share Preview,,,
0,0,0,0,0,0,0,0,0,0,0,6,0.4427717131949415,28.30216298885733,0.1103928060128847,4.011694806904073,3.195633905165609,69,10,8,0,0,0,0.1026209904862181,0.007537688442211,0.0010924186148131,0.0,0.0008739348918505,0.0,0.0,3,0,0,2,0,0,2,0,0,0,0,0,0,0,0,2,Mindomo - AI Mind Map Maker,,,
0,0,0,0,0,1,0,0,0,0,0,3,0.293021212501569,15.565488565488565,0.0836575875486381,6.647639182522903,3.734834569795362,16,1,9,0,0,0,0.018322762508809,0.0166320166320166,0.001039501039501,0.0,0.0093555093555093,0.0,0.0,23,0,0,0,0,0,1,0,0,0,0,0,0,0,0,1,Why Salesforce,,,
0,1,0,0,0,0,0,0,0,0,0,0,0.4687903083750504,61.15345223379834,0.0649621847068249,4.243866893368958,2.516439522349524,57,7,1,0,0,0,0.0587806655331552,0.0050326681970686,0.0006180469715698,0.0,8.829242450997704e-05,0.0,0.0,0,0,0,0,0,0,0,0,0,0,0,0,0,0,0,0,__MSG_name__,,,
0,0,1,0,0,1,0,0,0,0,1,26,0.4833465811891966,58.32096867192005,0.0921964369027665,3.5098814229249014,2.7834581821403384,170,16,35,0,10,0,0.0311072326882603,0.0108911525402011,0.0010250496508424,0.0,0.0022422961112178,0.0006406560317765,0.0,0,0,0,0,0,0,2,0,0,0,0,0,0,0,0,2,__MSG_appName__,,,
0,0,0,0,0,0,0,0,0,0,0,0,0.0,0.0,0.0,0.0,0.0,0,0,0,0,0,0,0.0,0.0,0.0,0.0,0.0,0.0,0.0,0,0,0,0,0,0,0,0,0,0,0,0,0,0,0,0,Altered Landscape,,,
0,0,0,0,0,0,0,0,0,0,0,30,0.4412901369479661,40.578253031792855,0.1175852697671943,3.190337120380843,3.08733953570882,110,11,9,0,0,1,0.0573290342184783,0.009013438216978,0.0009013438216978,8.194034742707309e-05,0.0007374631268436,0.0,0.0,38,0,0,2,0,2,2,0,1,0,0,0,0,0,0,2,Pastebin.com,,,
0,0,0,0,1,1,0,1,0,0,1,65,0.5642316832371752,46.137452965780085,0.0874494949365178,3.12901822586862,2.609754077500829,196,30,77,0,0,1,0.0436705027256208,0.0015826106616281,0.0002422363257594,8.074544191980362e-06,0.0006217399027824,0.0,0.0,9,0,0,0,0,0,2,0,0,0,0,0,0,0,0,2,__MSG_title__,,,
0,0,0,0,0,1,0,0,0,0,0,52,0.5565091581888542,58.1502242865778,0.0785380244343867,4.12782556922003,2.737400813805269,247,45,125,0,0,6,0.069606695820587,0.0078579836477587,0.0014316164540451,0.0001908821938726,0.0039767123723475,0.0,0.0,0,0,0,3,0,0,1,0,0,0,0,0,8,0,0,1,Netflix 同時字幕で英語学習,,,
0,0,0,0,1,1,0,0,0,0,0,0,0.3428848171765276,23.110894941634243,0.0941157478408265,6.857608695652174,3.503259206036195,7,3,4,0,0,0,0.0467391304347826,0.0136186770428015,0.0058365758754863,0.0,0.0077821011673151,0.0,0.0,0,0,0,1,0,0,1,0,0,0,0,0,0,0,0,1,AD Skipper for Youtube,,,
1,1,1,0,0,1,1,1,0,0,0,101,0.3409092151586297,52.80990700322642,0.0961052707504064,5.146163996785822,3.038039071274281,1509,95,105,0,1,0,0.0392299242898952,0.0143196052381856,0.0009014993357373,0.0,0.000996394002657,9.489466691971913e-06,0.0,46,2,0,0,0,0,1,0,0,0,0,0,0,0,0,1,Tealium Tools,,,
0,0,0,0,0,0,0,0,0,0,0,0,0.0,0.0,0.0,0.0,0.0,0,0,0,0,0,0,0.0,0.0,0.0,0.0,0.0,0.0,0.0,0,0,0,0,0,0,0,0,0,0,0,0,0,0,0,0,__MSG_appName__,,,
0,1,0,0,0,0,0,0,0,0,0,6,0.3998683270306942,28.21060037523452,0.131897776814317,2.8187147948040003,3.379968786050247,8,1,3,0,0,0,0.0341993332566961,0.0018761726078799,0.0002345215759849,0.0,0.0007035647279549,0.0,0.0,2,0,0,0,0,0,1,0,0,0,0,0,0,0,0,1,Etymonline,,,
0,0,0,0,1,1,0,1,0,0,0,62,0.317128330522526,67.87996966212414,0.0862536603247086,6.233115796652102,2.753193068089968,526,26,72,0,0,2,0.0318613263129514,0.012869131211313,0.00063611675189,4.893205783769237e-05,0.0017615540821569,0.0,0.0,0,0,0,5,0,1,3,0,0,0,0,0,0,0,0,3,写作猫浏览器插件,1.0,,
0,0,1,1,0,1,0,0,0,0,1,37,0.4440432289944054,43.5559597964096,0.0868518269553548,4.348424159601767,3.268715279505011,151,37,65,0,0,5,0.0803449413316997,0.0027745622255296,0.0006798596181761,9.187292137515388e-05,0.001194347977877,0.0,0.0,18,0,0,2,0,1,12,0,0,0,1,0,0,0,0,12,M3U8 finder and HLS player,,,
0,0,1,1,1,1,1,0,0,0,0,96,0.3771868888657491,33.26565656565656,0.0978803789917928,4.323974237391738,2.801214349056173,518,62,109,0,1,4,0.0852026805337696,0.0084392310198761,0.001010101010101,6.516780710329097e-05,0.0017758227435646,1.6291951775822744e-05,0.0,107,0,0,27,0,2,69,0,0,0,20,1,0,0,0,69,__MSG_name__,,,
0,0,0,0,1,1,1,0,0,0,1,244,0.4183517491096136,60.5425548005445,0.0829809972928176,4.534454128947584,2.8904134014856764,294,14,118,0,0,7,0.0547971943251909,0.0016469573303605,7.842653954098067e-05,3.9213269770490335e-05,0.0006610236904168,0.0,0.0,66,4,2,0,0,0,3,0,0,0,0,0,0,0,0,3,Text Request,,,
0,0,0,0,0,0,0,0,0,0,0,0,0.0,0.0,0.0,0.0,0.0,0,0,0,0,0,0,0.0,0.0,0.0,0.0,0.0,0.0,0.0,0,0,0,0,0,0,0,0,0,0,0,0,0,0,0,0,gruvbox slate,,,
0,0,0,0,0,0,0,0,0,0,0,0,0.0,0.0,0.0,0.0,0.0,0,0,0,0,0,0,0.0,0.0,0.0,0.0,0.0,0.0,0.0,0,0,0,0,0,0,0,0,0,0,0,0,0,0,0,0,Aston Martin DBC Concept - Full HD - Axlg,,,
0,1,0,0,0,1,0,0,0,0,0,56,0.4793277093474459,34.24659479568774,0.0947614761884765,3.692940358198574,2.596371082927156,109,16,63,0,0,1,0.0246623775575262,0.0021801308078484,0.000320019201152,2.000120007200432e-05,0.0012600756045362,0.0,0.0,3,0,0,0,0,0,1,0,0,0,0,0,0,0,0,1,__MSG_appName__,,,
0,0,0,0,1,1,0,0,0,0,1,17,0.46574778180869,36.40495804729214,0.1010589811512367,3.509659437996335,2.7548264738873605,53,3,17,0,0,0,0.0361369883934025,0.004042715484363,0.000228832951945,0.0,0.0012967200610221,0.0,0.0,2,0,0,0,0,0,1,0,0,0,0,0,0,0,0,1,__MSG_extensionName__,,,
0,0,0,0,1,1,0,0,0,0,0,9,0.5962372421199806,44.12072687437575,0.0889625816457906,2.862884394514463,2.267433078901043,8,1,7,0,0,0,0.0496984171655016,0.0002577568708315,3.221960885394851e-05,0.0,0.0002255372619776,0.0,0.0,0,0,0,0,0,0,0,0,0,0,0,0,0,0,0,0,__MSG_name__,,,
0,0,0,0,0,1,0,0,0,0,0,0,0.4134137831958297,36.49890061565523,0.1213549820864191,3.3787101211576105,2.7825645248535804,84,12,7,0,0,0,0.051161314216179,0.0184696569920844,0.0026385224274406,0.0,0.0015391380826737,0.0,0.0,6,0,0,0,0,8,3,0,0,0,0,0,0,0,0,3,お天気予報,,,
0,1,0,0,1,1,0,0,0,0,0,155,0.5011785810503541,24.652655409078147,0.0798838813003673,4.618077189462193,3.1443241129154758,1021,83,183,0,0,0,0.0855861890090095,0.0060986900658849,0.0004957798976184,0.0,0.001093105075472,0.0,0.0,48,0,0,1,0,0,7,0,0,0,0,0,0,0,0,7,Hope Chest,,,
0,0,0,0,0,1,0,0,0,0,1,3,0.4235189419351305,24.18808193668529,0.1016854009501773,3.7870087451269625,2.5753267396415964,85,10,10,0,0,0,0.0818933726688441,0.0058624732740188,0.0006897027381198,0.0,0.0006897027381198,0.0,0.0,12,0,0,1,0,0,4,0,0,0,0,0,0,0,0,4,Did you mean?,,,
0,0,0,0,0,1,0,0,0,0,0,8,0.3260051225123876,36.90691114245416,0.101817685691074,4.94496398331859,3.013976303287543,58,10,24,0,0,1,0.0394919752306331,0.0136342266102491,0.002350728725905,0.0002350728725905,0.005641748942172,0.0,0.0,0,0,0,9,0,6,3,0,0,0,1,0,0,0,0,3,TeX for Gmail,,,
1,1,0,0,1,1,0,0,0,0,1,84,0.3998310553279795,54.01404482014705,0.0773011908958749,3.636224793924794,3.0039431136845467,391,120,141,0,0,2,0.0369683224402408,0.0086074054506229,0.002641658961828,4.402764936380047e-05,0.0031039492801479,0.0,0.0,70,0,0,7,0,0,28,0,2,0,0,0,0,0,0,26,__MSG_n__,,,
0,0,0,0,1,1,1,0,1,0,1,312,0.5300732440099984,61.74593842205613,0.0720711191382247,3.947311272149868,2.5474716187866178,9289,98,217,0,0,11,0.0365418334769168,0.0336706805182,0.0003552294854972,3.987269735172794e-05,0.0007865795750295,0.0,0.0,0,0,0,0,0,0,0,0,0,0,0,0,0,0,0,0,WA WorkFlow,,,
0,0,0,0,0,0,0,0,0,0,0,0,0.3455149501661129,27.41509433962264,0.0921373200442967,6.629526462395543,3.7413202896216378,1,0,0,0,0,0,0.0473537604456824,0.0062893081761006,0.0,0.0,0.0,0.0,0.0,0,0,0,0,0,0,0,0,0,0,0,0,0,0,0,0,Search Anime by Screenshot,,,
0,0,0,0,0,1,0,0,0,0,0,50,0.34669899707331,20.737029254889283,0.0814989471054322,5.33686895810956,3.483482573985902,389,23,192,0,0,1,0.0637158372120778,0.0062873767577177,0.0003717472118959,1.6162922256343948e-05,0.003103281073218,0.0,0.0,0,0,1,8,0,0,1,0,0,0,0,0,0,0,0,1,"Torii Image Translator — AI Manga Translator, Manhwa Translator ...",,,
0,0,0,0,0,1,0,0,0,0,0,56,0.5257733075770521,45.05567535777298,0.0927001684064539,3.6148248293358702,2.7050204411139904,968,13,70,0,0,0,0.047055730809674,0.0172515193099392,0.0002316836270962,0.0,0.0012475272228261,0.0,0.0,0,0,1,2,0,0,4,0,0,0,0,0,0,0,0,3,1of10.com - Optimization Tool For Youtube,,,
0,0,0,0,0,1,0,0,0,0,1,18,0.4929415764337609,39.01399452388196,0.0940301279607417,3.812343572879606,2.8625995712214967,157,16,24,0,0,5,0.0427389757460802,0.0068234169238124,0.0006953800686687,0.0002173062714589,0.0010430701030031,0.0,0.0,0,0,2,0,0,0,2,0,0,0,0,0,0,0,0,2,Cheese-PIP,,,
0,0,0,0,0,1,0,0,0,0,0,1,0.1947979041916167,32.82911392405063,0.0793413173652694,5.835714285714285,3.731369449543671,7,1,3,0,0,0,0.0428571428571428,0.0443037974683544,0.0063291139240506,0.0,0.0189873417721519,0.0,0.0,0,0,0,0,0,0,1,0,0,0,0,0,0,0,0,1,MS Office 365 Apps by OUBRECHT.com,,,
0,0,0,0,0,1,0,0,0,0,0,1,0.342305441778818,14.132743362831858,0.1067875950848449,6.323636363636363,3.4680549475549114,1,0,1,0,0,0,0.0327272727272727,0.0044247787610619,0.0,0.0,0.0044247787610619,0.0,0.0,0,0,0,5,0,0,1,0,0,0,0,0,0,0,0,1,Share on Twitter,,,
0,1,1,0,1,1,1,1,0,0,1,144,0.3246090330316418,61.89822086344571,0.0800620537154275,4.902707112842377,3.332497026739485,355,45,185,0,1,1,0.0438438180535533,0.0029253982249837,0.0003708251271106,8.240558380235845e-06,0.0015245033003436,8.240558380235845e-06,0.0,94,1,0,0,0,0,2,0,0,0,0,0,0,0,0,2,__MSG_extName__,,,
0,0,0,0,0,1,0,0,0,0,0,12,0.308892846478693,35.150732459521976,0.0957002090176172,6.972086811352254,3.414589287755118,272,0,106,0,0,0,0.0762604340567612,0.0524286815728604,0.0,0.0,0.0204317656129529,0.0,0.0,0,0,0,6,2,12,6,0,0,0,1,0,0,0,0,6,__MSG_namefull__,,,
0,0,1,0,0,1,0,0,0,0,0,0,0.2867375886524823,25.358878504672894,0.0980141843971631,6.263237518910741,3.754899822327223,12,0,2,0,1,1,0.0786686838124054,0.022429906542056,0.0,0.0018691588785046,0.0037383177570093,0.0018691588785046,0.0,3,0,0,1,0,0,1,0,0,0,1,0,0,0,0,1,Ninja Download Manager,,,
0,0,0,0,1,1,0,1,0,0,1,61,0.5594421668353432,46.05747276654956,0.0886901800876791,3.1400331431186426,2.6434819440094013,185,39,77,0,0,1,0.045516318479022,0.0014222126553863,0.0002998178030273,7.68763597506131e-06,0.0005919479700797,0.0,0.0,9,0,0,0,0,0,2,0,0,0,0,0,0,0,0,2,Etsy™ Tags Tool for EHunt,,,
0,1,0,0,0,1,0,1,0,0,0,14,0.3581017042034623,46.48880119453925,0.0833887326727336,5.820322715789207,3.3044418388172585,51,16,28,0,0,3,0.0498800289453973,0.0027197098976109,0.0008532423208191,0.0001599829351535,0.0014931740614334,0.0,0.0,0,0,0,0,0,0,1,0,0,0,0,0,0,0,0,1,Твич 1080 и 1440 | Вернуть 1080/1440 на Твич от STREAM KEY (не ВПН),,,
1,1,0,0,1,1,0,0,0,0,0,16,0.4042426903238307,39.69061876247505,0.1019442598102096,3.862846033183837,3.1682631490841104,75,13,11,0,0,0,0.0856770430594525,0.0074850299401197,0.0012974051896207,0.0,0.0010978043912175,0.0,0.0,13,1,0,0,0,0,2,0,0,0,0,0,0,0,0,2,__MSG_manifest_name__,,,
0,1,0,0,0,0,0,1,0,0,0,0,0.7509316698964557,44.9246972090574,0.0350078546938962,4.357353335119207,2.9325499770610413,1,0,1,0,0,0,0.022769890168765,0.0005265929436545,0.0,0.0,0.0005265929436545,0.0,0.0,0,0,0,0,0,0,0,0,0,0,0,0,0,0,0,0,fleetyards-sync,,,
0,0,0,0,0,0,0,0,0,0,0,0,0.0,0.0,0.0,0.0,0.0,0,0,0,0,0,0,0.0,0.0,0.0,0.0,0.0,0.0,0.0,0,0,0,0,0,0,0,0,0,0,0,0,0,0,0,0,Clearline – Search Safety Signals,,,
0,0,0,0,0,1,0,0,0,0,0,37,0.5808599312625788,56.16684150513113,0.0573906405044725,6.05900530948296,2.544645322073819,104,12,49,0,0,2,0.0692750474604834,0.0006776347939403,7.818863007004398e-05,1.303143834500733e-05,0.0003192702394526,0.0,0.0,5,0,0,0,0,0,0,0,0,0,0,0,0,0,0,0,__MSG_appName__,,,
1,1,0,0,0,1,1,1,0,0,0,4,0.2888758594957625,39.30197594501718,0.0745056233676243,7.303483905153,3.70787131789961,18,1,23,0,0,7,0.0438468671347198,0.0077319587628865,0.0004295532646048,0.0030068728522336,0.0098797250859106,0.0,0.0,1,0,0,9,0,1,6,0,1,0,0,0,0,0,0,6,Zoho Sheet - Extension & Web Clipper,,,
0,0,0,0,0,1,0,0,0,0,0,43,0.3249487050002957,57.12268640930724,0.0996101125077909,4.8218869921926695,3.5698587432146427,116,6,35,0,0,0,0.0281857880111155,0.0306716023268112,0.0015864621893178,0.0,0.0092543627710206,0.0,0.0,14,0,0,19,2,0,12,0,0,0,0,0,0,2,0,12,__MSG_extension_name__,,,
0,0,0,0,1,1,0,0,0,0,0,42,0.2726900813009478,94.64445281373268,0.0584328930922276,8.240522901803972,3.0618267072719645,1913,8,33,0,0,2,0.0262359703730631,0.0379194830422803,0.000158575987631,3.964399690776824e-05,0.0006541259489781,0.0,0.0,0,0,0,0,0,0,8,0,0,0,0,0,0,0,0,8,ProfilePro - AI SEO Tool for Google Business Profile SEO,,,
0,0,0,0,0,1,0,0,0,0,1,126,0.3603941043272966,39.29954109303296,0.0948090403150014,4.853789226787447,2.9369794373379348,677,42,29,0,1,2,0.0683031381429958,0.0076334156434281,0.0004735649291343,2.2550710911161474e-05,0.0003269853082118,1.1275355455580735e-05,0.0,32,0,0,0,0,1,9,0,0,0,0,0,0,0,0,9,MakkhiChoose,,,
0,0,0,0,0,1,0,0,0,0,1,34,0.457623687385322,43.55141983776369,0.0882640028395535,4.911801846384874,3.060932938767747,102,187,65,0,0,5,0.0821089514968459,0.0011017379375897,0.0020198528855812,5.400676164655815e-05,0.0007020879014052,0.0,0.0,74,0,0,4,0,4,12,0,2,0,0,0,0,0,0,12,__MSG_manifest_chrome_extension_name__,,,
0,0,0,0,0,1,0,0,0,0,0,0,0.2856506734943783,27.90032154340836,0.1055326728264499,5.536772777167947,3.395326287520404,0,0,0,0,0,0,0.0197585071350164,0.0,0.0,0.0,0.0,0.0,0.0,0,0,0,0,0,0,0,0,0,0,0,0,0,0,0,0,__MSG_appName__,,,
0,0,0,0,0,0,0,0,0,0,0,0,0.2017045454545454,14.347826086956522,0.0994318181818181,7.225806451612903,3.4213186268636337,0,0,0,0,0,0,0.032258064516129,0.0,0.0,0.0,0.0,0.0,0.0,0,0,0,0,0,0,0,0,0,0,0,0,0,0,0,0,Downloads Folder Launcher,,,
0,0,0,0,0,0,0,0,0,0,1,12,0.4901712871155356,46.8817906643301,0.0802134767158656,5.13904532046125,3.073642225874776,38,17,44,0,0,2,0.1210333422722803,0.0060538473793213,0.0027083001433805,0.00031862354628,0.0070097180181615,0.0,0.0,23,0,0,0,1,0,9,0,0,0,0,0,0,0,0,9,Калькулятор,,,
0,0,0,0,0,0,0,0,0,0,0,0,0.0,0.0,0.0,0.0,0.0,0,0,0,0,0,0,0.0,0.0,0.0,0.0,0.0,0.0,0.0,0,0,0,0,0,0,0,0,0,0,0,0,0,0,0,0,Twitter用 センシティブ画像大好き君,,,
0,0,0,0,0,0,0,0,0,0,0,0,0.0,0.0,0.0,0.0,0.0,0,0,0,0,0,0,0.0,0.0,0.0,0.0,0.0,0.0,0.0,0,0,0,0,0,0,0,0,0,0,0,0,0,0,0,0,__MSG_extName__,,,
0,0,0,0,0,1,0,0,0,0,0,102,0.403316299129775,49.80327989735573,0.0866857426522458,4.904707759165461,2.676490686431293,807,44,60,0,0,6,0.0656818562064478,0.003967142035483,0.0002163001853299,2.949547981771793e-05,0.0002949547981771,0.0,0.0,26,0,3,6,1,0,12,0,0,0,2,0,0,0,0,11,__MSG_appName__,,,
0,0,0,0,1,1,0,0,0,0,0,4,0.4433145473067117,37.4874347706674,0.0908437298737072,4.634936591401176,3.2188562676827543,141,21,19,0,0,0,0.0602768326631611,0.0096814062070859,0.0014419115627574,0.0,0.0013045866520186,0.0,0.0,0,0,0,3,0,0,5,0,0,0,0,0,0,0,0,5,__MSG_app_name__,,,
0,1,0,0,1,1,0,1,0,0,0,34,0.4675825441670405,34.53913497085573,0.0993618809546449,3.803906374059136,2.828384284249528,146,3,39,0,0,3,0.0567980436370565,0.003311333378694,6.804109682248077e-05,6.804109682248077e-05,0.0008845342586922,0.0,0.0,9,0,1,0,0,0,2,0,0,0,0,0,0,0,0,2,CRM de vendas para Whatsapp Web - via Agendor,,,
0,0,0,0,0,0,0,0,0,0,0,0,0.2643155100492984,36.69285714285714,0.0610542282897231,5.18348623853211,3.736303082215991,0,0,3,0,0,0,0.0244648318042813,0.0,0.0,0.0,0.0214285714285714,0.0,0.0,0,0,0,0,0,0,1,0,0,0,0,0,0,0,0,1,Workiva,,,
0,0,0,0,0,0,0,0,0,0,1,0,0.3711029325731548,39.841876629018245,0.1094263559294991,3.4328556043409826,3.5132091016162392,83,11,10,0,0,0,0.0438654626791483,0.0180278019113814,0.0023892267593397,0.0,0.0021720243266724,0.0,0.0,6,0,0,9,2,0,40,0,0,0,0,2,0,2,0,38,Meme Soundboard,,,
0,1,0,0,0,1,0,0,0,0,0,25,0.452243140323989,33.30357642233477,0.0928406830509027,4.011719752226662,3.1719494627478952,34,9,34,0,0,2,0.0530733423743723,0.0010564583786471,0.0002796507472889,6.214461050865363e-05,0.0010564583786471,0.0,0.0,13,1,0,0,0,0,1,0,0,0,0,0,0,0,0,1,Word Replacer Max,,,
0,0,0,0,1,1,1,0,0,0,0,52,0.4220060986732195,37.88475483121546,0.0926922288310544,5.050782929393909,3.069766304038837,62,10,22,0,0,2,0.0581745287661157,0.0010912034918511,0.0001760005632018,3.520011264036045e-05,0.0003872012390439,0.0,0.0,1,0,0,4,0,0,1,0,0,0,0,0,0,0,0,1,__MSG_appName__,,,
0,0,0,0,0,1,0,0,0,0,1,3,0.3226515945883737,19.15721649484536,0.0770568527659139,6.558269570335492,3.578321659112744,49,1,16,0,0,0,0.0341377280753384,0.0252577319587628,0.0005154639175257,0.0,0.0082474226804123,0.0,0.0,0,0,0,7,0,0,1,0,0,0,0,0,0,0,0,1,SheetsGPT - AI Google Sheets Formula Maker,,,
0,1,0,0,0,1,0,0,0,0,1,316,0.4276796918891826,44.49380168619928,0.0806950068946846,3.922019608881592,2.883698128833096,439,43,107,0,0,0,0.0406841262065221,0.0035384392178356,0.0003465897183757,0.0,0.0008624441829348,0.0,0.0,32,0,5,45,0,0,38,0,0,0,0,0,0,0,0,38,RevSeller,,,
0,0,0,0,0,0,1,1,0,0,1,62,0.4237469255920013,22.60773064795036,0.0941376404058649,4.8301630301904135,3.1941701064123253,250,38,27,3,0,0,0.0916176858906025,0.0050859525989217,0.0007730647950361,0.0,0.0005492828806835,0.0,6.1031431187061336e-05,4,0,0,11,10,0,104,17,0,0,7,0,0,9,1,72,__MSG_appName__,,,
0,1,0,0,0,1,0,0,0,0,0,7,0.4147407114440593,22.409323603093345,0.1202847637438056,3.4285599839775687,3.274280422735948,110,13,12,0,0,3,0.0567594632485479,0.0119812656573358,0.0014159677595033,0.0003267617906546,0.0013070471626184,0.0,0.0,0,0,0,19,0,2,8,0,0,0,2,0,0,0,0,8,Url Shortener,,,
0,1,0,0,0,0,0,0,0,0,0,34,0.4004260841343584,34.37834537498728,0.1184320218909832,3.8232365816682847,3.00949937950771,221,20,29,0,0,0,0.0404466247636568,0.003748176791832,0.0003392015196228,0.0,0.000491842203453,0.0,0.0,0,0,0,0,0,0,0,0,0,0,0,0,0,0,0,0,Black Friday de Verdade,,,
0,0,0,0,0,1,0,0,0,0,0,43,0.5812683748978207,61.966680367536895,0.0776789921933137,3.888180681028492,2.4337190214164943,181,23,67,0,0,0,0.0631132731063238,0.0023998621073706,0.0003049548534227,0.0,0.0008883467469272,0.0,0.0,1,0,0,0,0,0,0,0,0,0,0,0,0,0,0,0,Resize Gmail Sidebar by cloudHQ,,,
0,0,0,0,0,0,0,0,0,0,0,0,0.2984845157039315,18.1964586846543,0.0763013397759718,5.775713337757133,3.4304097611792934,3,0,1,0,0,0,0.0955540809555408,0.0025295109612141,0.0,0.0,0.0008431703204047,0.0,0.0,0,0,0,0,0,0,0,0,0,0,0,0,0,0,0,0,Net iD Client,,,
0,0,0,0,0,1,0,0,0,0,1,81,0.5254072148807948,43.67806257299158,0.0876766010276469,3.490130976504576,2.536649110479408,361,26,77,0,0,3,0.0494101035641914,0.0044378880078677,0.0003196262831151,3.687995574405311e-05,0.000946585530764,0.0,0.0,0,0,0,0,0,0,4,0,0,0,0,0,0,0,0,4,Ad Library downloader,,,
0,0,0,0,0,1,0,0,0,0,1,9,0.4016874853701615,41.5101763907734,0.1303066414146788,3.2020714346603016,3.1951296956336277,67,8,9,0,0,1,0.056389054641548,0.0151515151515151,0.0018091361374943,0.0002261420171867,0.0020352781546811,0.0,0.0,0,0,0,3,0,0,10,0,0,0,3,0,0,0,0,10,Holmes,,,
1,1,0,0,1,1,0,0,0,0,0,0,0.3516570037935724,27.289473684210527,0.1027843389879035,6.933074684772066,2.8463475584830182,14,2,8,0,0,0,0.08729388942774,0.0283400809716599,0.0040485829959514,0.0,0.0161943319838056,0.0,0.0,4,0,0,2,1,0,1,0,0,0,0,0,0,1,0,1,Bionify | Read faster!,,,
0,1,1,0,0,1,0,0,1,0,1,139,0.466947340233173,47.6744780960212,0.0898064691315386,4.099627280499302,2.6669966168550183,418,63,157,0,0,0,0.0399144400928588,0.0063648683629497,0.0009592983417842,0.0,0.0023906323755576,0.0,0.0,0,0,0,0,0,0,1,0,0,0,0,0,0,0,0,1,Ries - Learn language naturally in a native environment,,,
0,0,0,0,0,0,0,0,0,0,0,0,0.3424657534246575,23.93495934959349,0.0975212002609262,6.969565217391304,3.606475518414489,6,0,2,0,0,0,0.017391304347826,0.048780487804878,0.0,0.0,0.016260162601626,0.0,0.0,0,0,0,1,0,1,1,0,0,0,0,0,0,0,0,1,TheGoodocs - Free Google Doc Templates,,,
0,0,0,0,0,1,0,0,0,0,0,1,0.2855286536370627,25.937142857142856,0.1024423877588904,6.512544802867383,3.829857842999829,11,1,18,0,0,0,0.0979689366786141,0.0078571428571428,0.0007142857142857,0.0,0.0128571428571428,0.0,0.0,0,0,0,7,0,1,2,0,0,0,1,0,0,0,0,2,Bee Hive,1.0,,
1,1,0,0,1,1,0,0,0,0,1,32,0.5380731507242096,50.47927418012319,0.0936756562728724,3.332836047040175,2.6000356747529523,150,17,21,0,0,2,0.0575531183347125,0.0083236224404861,0.0009433438765884,0.0001109816325398,0.001165307141668,0.0,0.0,0,0,0,10,0,0,7,0,0,0,8,0,0,0,0,7,Smooth Key Scroll,,,
0,0,0,0,0,0,0,0,0,0,0,0,0.0,0.0,0.0,0.0,0.0,0,0,0,0,0,0,0.0,0.0,0.0,0.0,0.0,0.0,0.0,0,0,0,0,0,0,0,0,0,0,0,0,0,0,0,0,Nissan GT-R R35 - Full HD - Axlg,,,
0,0,1,0,1,1,0,1,0,0,0,20,0.5628462922813133,27.91790738970086,0.0821512751113567,3.634305652477321,2.827436649624851,19,11,21,0,5,4,0.0539567341242149,0.0012976369348449,0.0007512634885944,0.0002731867231252,0.0014342302964075,0.0003414834039065,0.0,8,0,0,0,0,0,0,0,0,0,0,0,0,0,0,0,__MSG_APPNAME__,,,
0,0,0,0,0,1,0,0,0,0,0,7,0.3979204424723455,18.764705882352946,0.0618320729954377,6.162454116413215,2.7381778429350843,64,21,39,0,0,0,0.0288411116937598,0.0098811178014512,0.0032422417786012,0.0,0.0060213061602593,0.0,0.0,2,0,0,2,0,0,7,0,0,0,0,0,0,0,0,7,JSON Formatter,,,
0,1,0,0,1,1,0,1,0,0,1,348,0.3071680883417849,46.36841186885934,0.0778427411763913,5.757229016430227,3.1879184015097297,1363,191,310,0,0,15,0.0367886594295403,0.0014590929430429,0.0002044657022165,1.6057515880883207e-05,0.0003318553282049,0.0,0.0,0,2,0,6,0,0,15,0,0,0,0,0,0,0,0,15,NUFI,,,
0,0,0,0,0,0,0,0,0,0,1,28,0.4845823704192803,21.039438164332715,0.1000674637920392,3.8574463543307886,3.1416400982854986,190,29,28,0,0,2,0.0890350386777397,0.0040070862156234,0.0006116078960688,4.2179854901299136e-05,0.0005905179686181,0.0,0.0,33,1,0,7,0,4,8,0,1,0,0,0,0,0,0,8,Agenty - Advanced Web Scraper,,,
0,0,0,0,0,1,0,0,0,0,1,104,0.4745077572444591,46.46801724877379,0.072857250340132,5.474200069649627,2.951556661686721,180,10,118,0,0,0,0.0782813625920174,0.0014036072706856,7.7978181704759e-05,0.0,0.0009201425441161,0.0,0.0,6,0,0,0,0,0,1,0,0,0,0,0,0,0,0,1,Panda New Tab,,,
0,0,0,0,0,1,0,0,0,0,1,15,0.5183658619167942,51.96463147024655,0.0731055360535892,3.525457422282265,2.2581602596640797,282,16,76,0,0,3,0.0452301061689598,0.0026000848254623,0.0001475225432886,2.7660476866621185e-05,0.000700732080621,0.0,0.0,12,0,0,4,0,5,1,0,3,0,0,0,0,0,0,1,__MSG_appName__,,,
0,0,0,0,0,1,0,0,0,0,0,2,0.4165091796838694,21.870341504888763,0.1225300361238994,3.3650137741046837,3.2981906654200506,100,9,9,0,0,0,0.0566327611782157,0.0141703273345614,0.0012753294601105,0.0,0.0012753294601105,0.0,0.0,11,0,0,0,0,0,2,0,0,0,0,0,0,0,0,2,__MSG_name__,,,
0,0,0,0,0,0,0,0,0,0,0,0,0.0869565217391304,35.285714285714285,0.0948616600790513,6.3,3.616405679214772,0,0,0,0,0,0,0.0333333333333333,0.0,0.0,0.0,0.0,0.0,0.0,0,0,0,1,0,0,0,0,0,0,1,0,0,0,0,0,INFOhio,,,
0,0,0,0,0,1,0,1,0,0,0,0,0.3264798182014933,34.278625954198475,0.1144897738340006,4.416,3.549839642246214,4,0,4,0,0,0,0.011,0.015267175572519,0.0,0.0,0.015267175572519,0.0,0.0,2,0,1,3,0,0,1,0,0,0,0,0,0,0,0,1,Secure Input Guard,,,
0,1,0,0,0,1,1,0,0,0,0,25,0.4472254568689495,52.57360374120204,0.0705505352401453,5.82220744783654,3.1203949702915232,158,14,6,0,0,6,0.0866272912108725,0.0024878363696483,0.0002204411973106,9.447479884740746e-05,9.447479884740746e-05,0.0,0.0,0,0,0,0,0,0,0,0,0,0,0,0,0,0,0,0,国自然结题报告下载,,,
0,0,0,0,0,1,0,0,0,0,0,306,0.1671662671311217,206.18105262122336,0.0960893827756918,5.425795992989832,3.17166095814165,30243,150,451,0,0,11,0.0347632845898343,0.0371906162036131,0.0001844589634144,1.3526990650390009e-05,0.0005546066166659,0.0,0.0,9,2,2,0,0,0,3,0,0,0,0,0,0,0,0,3,__MSG_appName__,,,
0,0,0,0,0,1,0,0,0,0,0,16,0.4043237322190666,34.61961643835616,0.0804007421606968,6.3933543791484535,3.2275637338461185,48,5,42,0,0,2,0.0759268253197344,0.0052602739726027,0.0005479452054794,0.0002191780821917,0.0046027397260273,0.0,0.0,9,0,0,8,0,1,27,0,0,0,3,0,0,0,0,27,List Highlighter for Trello,,,
0,0,0,0,0,1,0,0,0,0,0,15,0.4011686648671408,45.45363472900077,0.0904700175133838,4.612010372374694,3.1098779606749605,234,70,78,0,0,2,0.083011209895632,0.008586840849877,0.0025687130747495,7.339180213570144e-05,0.0028622802832923,0.0,0.0,19,0,0,1,0,0,12,0,1,0,0,0,0,0,0,12,Grammar.com,,,
0,0,0,0,0,1,0,0,0,0,1,8,0.5044193802022612,56.13968499870901,0.1059024482824065,3.2370751341681574,2.9581337458086288,74,14,13,0,0,0,0.0470035778175313,0.0191066356829331,0.0036147689129873,0.0,0.0033565711334882,0.0,0.0,5,0,0,4,0,0,5,0,0,0,0,0,0,0,0,5,Tailored Notion,,,
0,0,0,0,0,0,0,0,0,0,0,0,0.2206572769953051,25.666666666666668,0.1056338028169014,6.410852713178294,2.87340119320735,0,0,0,0,0,0,0.0387596899224806,0.0,0.0,0.0,0.0,0.0,0.0,0,0,0,0,0,0,1,0,0,0,0,8,0,0,0,0,WEBZEN Starter,,,
1,1,1,0,0,1,0,0,1,0,0,5,0.442574348469907,39.82339489126683,0.0956444168228309,3.718924403855911,2.877135254913572,16,1,2,0,0,0,0.0273077267436655,0.0006903693476009,4.3148084225060405e-05,0.0,8.629616845012081e-05,0.0,0.0,0,0,0,0,0,0,3,0,0,0,0,0,0,0,0,3,__MSG_appName__,,,
0,0,0,0,0,0,1,0,0,0,0,0,0.0,0.0,0.0,0.0,0.0,0,0,0,0,0,0,0.0,0.0,0.0,0.0,0.0,0.0,0.0,0,0,0,0,0,0,0,0,0,0,0,0,0,0,0,0,TU-95 - Pilot the Plane!,,,
0,1,0,0,0,1,0,0,0,0,0,80,0.4052369100766577,38.31751925095638,0.1020764455877468,4.707985650334448,2.9848805028755625,800,36,129,0,0,4,0.0426034502956545,0.0028180722976447,0.000126813253394,1.409036148822398e-05,0.0004544141579952,0.0,0.0,359,0,3,0,0,0,30,0,0,0,0,0,0,0,0,30,GetEmail.io gets the email of anyone on Earth,,,
0,1,0,0,1,1,0,0,0,0,0,40,0.5308407219029049,67.46082964208348,0.0722724658771427,4.542369015690664,2.759604772104288,295,33,80,0,0,0,0.0535953371486495,0.0031793246898811,0.0003556532703934,0.0,0.0008621897464084,0.0,0.0,3,0,0,22,0,1,1,0,0,0,0,0,1,0,0,1,__MSG_appName__,,,
1,1,0,0,0,1,0,0,0,0,0,113,0.5894283141688931,47.06589105889533,0.0725607656951361,3.8422292338840536,2.487235275831283,88,55,67,0,0,3,0.0713730876413528,0.0006713457430576,0.000419591089411,2.2886786695148e-05,0.0005111382361916,0.0,0.0,7,0,0,0,0,0,2,0,0,0,0,0,0,0,0,2,__MSG_name__,,,
0,0,0,0,1,1,1,0,0,0,0,95,0.492052344755728,49.1056602223561,0.0755262935690517,4.388909148926471,2.7243920431700386,323,41,82,0,0,1,0.0666974908667027,0.0044224765868886,0.0005613669970973,1.369187797798346e-05,0.0011227339941946,0.0,0.0,21,1,0,0,0,0,10,0,0,0,0,0,0,0,0,10,WA-Sender,,,
1,1,1,0,0,1,0,1,0,0,0,30,0.3774688557081486,40.139445446776186,0.1144261075396057,4.048139327394915,2.985069232475118,503,25,38,0,0,0,0.0334467772805111,0.0079606241889026,0.00039565726585,0.0,0.000601399044092,0.0,0.0,0,0,0,0,0,0,1,0,0,0,0,0,0,0,0,1,__MSG_appName__,,,
0,0,0,0,0,0,1,0,0,0,0,0,0.3615424742185305,25.942702702702704,0.1151438545804743,4.98314606741573,3.1056306226986483,9,1,0,0,0,0,0.03457216940363,0.0048648648648648,0.0005405405405405,0.0,0.0,0.0,0.0,0,0,0,0,0,0,0,0,0,0,0,0,0,0,0,0,"Google Rank Checker,Keyword SERP Ranking Tool",,,
0,1,0,0,1,1,0,0,1,0,0,266,0.5761580895745673,50.27033087339373,0.0535934443660072,3.2157129795527366,1.93644489990494,3249,41,379,0,0,12,0.0225377615780349,0.0059085833584904,7.45619937513412e-05,2.182302256136816e-05,0.0006892437958965,0.0,0.0,338,0,0,0,0,0,2,0,0,0,0,0,0,0,0,2,Cooby: Best WhatsApp Extension for Work,,,
0,0,0,0,1,1,0,0,0,0,0,33,0.3708168329973141,26.154775986988025,0.0825899390264654,5.042823773682844,2.886469775757504,196,32,135,0,0,0,0.0383106958502754,0.0072453053378678,0.0011829069939376,0.0,0.0049903888806742,0.0,0.0,0,0,0,5,2,1,3,0,0,0,0,0,0,1,0,3,Sidebar for ChatGPT - Free Access,,,
0,0,0,0,1,1,1,0,0,0,0,70,0.388307451937083,60.368735457524096,0.0848799250179883,4.609182145496613,2.743152073097675,309,16,108,0,0,0,0.0579137328425047,0.0014673061398926,7.59770169523719e-05,0.0,0.0005128448644285,0.0,0.0,7,0,0,0,0,0,1,0,0,0,0,0,0,0,0,1,__MSG_ext_name__,,,
0,1,0,0,1,1,1,0,0,0,0,13,0.3568266840441194,34.96024995660476,0.0929838534501484,5.897105394744153,2.791869696492166,41,0,4,0,0,2,0.0612256236457581,0.0071168199965283,0.0,0.0003471619510501,0.0006943239021003,0.0,0.0,66,0,0,0,0,0,0,0,0,0,0,0,0,0,0,0,RiteTag,,,
0,0,0,0,1,1,0,0,0,0,0,56,0.4758679022051605,64.92290725237581,0.0581255022258443,3.711281377263992,2.505441267920231,1985,20,81,0,0,0,0.0293305851778833,0.0142154300078059,0.0001432285139325,0.0,0.0005800754814268,0.0,0.0,39,0,0,4,0,1,6,0,0,0,0,0,0,0,0,6,"Taskade - AI Agents, Chat Bots, & Task Automation",,,
0,0,0,0,0,0,0,0,0,0,0,0,0.0,0.0,0.0,0.0,0.0,0,0,0,0,0,0,0.0,0.0,0.0,0.0,0.0,0.0,0.0,0,0,0,0,0,0,0,0,0,0,0,0,0,0,0,0,TeamGantt Project Management,,,
0,0,0,0,1,1,0,1,0,0,1,26,0.3919569937337258,49.94440070852195,0.1023002093909119,3.989300044583148,3.201010929257479,87,19,8,0,0,0,0.0850468123049487,0.0085613068293642,0.0018697106868726,0.0,0.000787246604999,0.0,0.0,288,0,0,19,0,1,10,0,0,0,8,0,0,0,0,10,Awesome Cookie Manager,1.0,,
0,0,0,0,0,0,0,0,0,0,0,0,0.0,0.0,0.0,0.0,0.0,0,0,0,0,0,0,0.0,0.0,0.0,0.0,0.0,0.0,0.0,0,0,0,0,0,0,0,0,0,0,0,0,0,0,0,0,AirMech,,,
0,1,0,0,0,1,0,0,0,0,1,258,0.3393594511228343,45.77024549141427,0.101518752342241,4.048471301738152,3.155662096574112,2331,429,450,0,0,7,0.0525294641740652,0.0251423763914056,0.0046272327206834,7.550263180602296e-05,0.0048537406161014,0.0,0.0,2,2,0,14,0,2,7,42,1,0,0,0,0,0,0,7,Kortex-NotebookLM,,,
0,0,1,0,1,1,0,0,0,0,1,88,0.1855189412639273,129.3101864232865,0.0461094997259728,18.66861373641926,2.501276935208842,265,84,164,0,0,5,0.0474025916227104,0.0005026164505415,0.0001593199314924,9.483329255501751e-06,0.0003110531995804,0.0,0.0,0,0,0,0,0,0,2,0,0,0,0,0,0,0,0,2,Decodo(Smartproxy) Extension,,,
1,1,1,0,0,1,0,0,1,0,0,5,0.442577155160113,39.82313600276148,0.0956450233745863,3.718864714835706,2.877153858004926,16,1,2,0,0,0,0.0273077267436655,0.0006903693476009,4.3148084225060405e-05,0.0,8.629616845012081e-05,0.0,0.0,0,0,0,0,0,0,3,0,0,0,0,0,0,0,0,3,__MSG_appName__,,,
1,1,0,0,1,1,0,0,0,0,0,29,0.3703063017760905,36.88094849799406,0.0992585487324894,4.48017828609873,3.2296816781266684,217,16,91,0,0,0,0.0660247245816163,0.0070778564206268,0.0005218695978342,0.0,0.0029681333376822,0.0,0.0,0,0,0,0,0,0,12,0,0,0,0,0,0,0,0,12,__MSG_extensionName__,,,
0,0,0,0,1,1,0,0,0,0,0,56,0.475864386960654,64.92339422932318,0.0581250728517439,3.711349085441746,2.50543647717124,1985,20,81,0,0,0,0.0293305851778833,0.0142154300078059,0.0001432285139325,0.0,0.0005800754814268,0.0,0.0,39,0,0,4,0,1,6,0,0,0,0,0,0,0,0,6,"New Tab Todo List: Checklist, Notes, Outliner",,,
0,0,0,0,0,1,0,0,0,0,0,0,0.4353741496598639,30.93142857142857,0.0988184747583243,5.716981132075472,3.0824034635165134,2,0,4,0,0,0,0.0424528301886792,0.0114285714285714,0.0,0.0,0.0228571428571428,0.0,0.0,0,0,0,0,0,0,1,0,0,0,0,0,0,0,0,1,Dino - The Dinosaur Game For PC,,,
0,1,0,0,1,1,0,0,0,0,0,10,0.5398186512774961,48.753980236069175,0.0805586666151732,3.972630097071486,2.667327517624814,317,3,25,0,0,0,0.0468333087789945,0.0217540488608289,0.00020587427944,0.0,0.0017156189953335,0.0,0.0,0,0,0,0,0,0,1,0,0,0,0,0,0,0,0,1,AliScraper - Aliexpress Dropshipping Importer,,,
0,0,0,0,1,1,0,1,0,0,1,66,0.5327723472249929,43.49292502799722,0.0841140727309152,3.489438033299027,2.6591653006263045,133,20,70,0,0,3,0.0446292362829468,0.0010063863918399,0.0001513362995248,2.27004449287206e-05,0.0005296770483368,0.0,0.0,0,0,0,0,0,0,1,0,0,0,0,0,0,0,0,1,__MSG_appName__,,,
0,0,0,0,0,0,0,0,0,0,0,0,0.2062015503875969,17.457142857142856,0.0961240310077519,5.611111111111111,3.3137393944078744,0,0,0,0,0,0,0.0277777777777777,0.0,0.0,0.0,0.0,0.0,0.0,0,0,0,0,0,0,1,0,0,0,0,0,0,0,0,1,Treasure Arena,,,
0,0,0,0,0,1,0,0,0,0,0,1,0.3518941233608548,40.68941081190524,0.1194657600777076,4.476413780295292,3.3007634521997757,44,2,10,0,0,0,0.0587798309963784,0.0089086859688195,0.0004049402713099,0.0,0.0020247013565499,0.0,0.0,0,0,0,3,0,0,2,0,0,0,0,0,0,0,0,2,Scroll To Top,,,
0,1,0,0,0,1,0,0,0,0,1,104,0.4036779841863415,32.65932576655938,0.1139236444896295,3.086055640056916,3.1486616592012826,59,192,50,0,0,1,0.0256856876502625,0.0012493647297984,0.0040657292901914,2.1175673386413687e-05,0.0010587836693206,0.0,0.0,13,1,0,0,0,0,2,0,0,0,0,0,0,0,0,1,Nature Wallpapers HD video New Tab background,,,
0,0,0,0,0,1,0,0,0,0,0,15,0.493745961975665,46.00160093514942,0.1002143700952365,3.607328904412444,2.741861720173738,177,7,30,0,0,0,0.0401373218970846,0.0044978654198007,0.0001778816832689,0.0,0.0007623500711526,0.0,0.0,5,0,1,0,0,0,1,0,0,0,0,0,0,0,0,1,Weatherly (Weather Forecast),,,
0,0,0,0,0,1,0,0,0,0,0,144,0.2211411338776183,91.4070023576962,0.1095492488160648,4.158661184967853,2.79898039321464,304,33,119,0,0,0,0.0090388550783567,0.001023913775682,0.0001111485348602,0.0,0.0004008083529808,0.0,0.0,6,1,1,0,0,0,2,0,0,0,0,0,0,0,0,2,__MSG_appName__,,,
0,0,0,0,0,1,0,0,0,0,0,30,0.5856858724752699,60.23429569172047,0.0776366652166378,3.8523354206434193,2.5150857016131765,93,12,43,0,0,0,0.061429186647423,0.0012587810127096,0.0001624233564786,0.0,0.0005820170273818,0.0,0.0,1,0,0,0,0,0,0,0,0,0,0,0,0,0,0,0,Video Email for Gmail™ by cloudHQ,,,
0,0,0,0,1,1,1,0,0,0,1,166,0.4409572242276812,28.50597061114728,0.1041410107151911,3.81947695370148,2.9782961593556383,794,95,175,0,0,7,0.0616295431925043,0.0084730388756682,0.0010137766916731,7.469933517591694e-05,0.0018674833793979,0.0,0.0,49,0,0,20,3,1,39,0,0,0,0,7,0,0,1,38,Fluvid - Screen Video Recorder,,,
1,1,0,0,1,1,0,0,0,0,0,19,0.3500110523443634,65.2544241037376,0.0850097974427638,5.152796372013364,2.9238837122130503,92,4,14,0,0,0,0.0281024230801703,0.0035087719298245,0.0001525553012967,0.0,0.0005339435545385,0.0,0.0,1,0,0,0,0,0,1,0,0,0,0,0,0,0,0,1,__MSG_extName__,,,
0,0,0,0,0,1,0,0,0,0,0,1,0.5344407075556469,59.48757763975155,0.0854920284459962,3.925424795468848,3.1248577346531348,29,2,17,0,0,0,0.0210824417872876,0.0450310559006211,0.0031055900621118,0.0,0.0263975155279503,0.0,0.0,0,0,0,0,0,0,1,0,0,0,0,0,0,0,0,1,GFormTasker,,,
0,0,0,0,0,0,0,0,0,0,0,0,0.0,0.0,0.0,0.0,0.0,0,0,0,0,0,0,0.0,0.0,0.0,0.0,0.0,0.0,0.0,0,0,0,0,0,0,0,0,0,0,0,0,0,0,0,0,Le Petit Érudit,,,
0,0,0,0,0,1,0,0,0,0,0,9,0.3710760164267871,25.76003725165563,0.1139589020966581,3.848207346331903,3.34353331950336,90,12,8,0,0,0,0.0470719426891494,0.0093129139072847,0.0012417218543046,0.0,0.0008278145695364,0.0,0.0,14,0,0,2,0,1,4,0,0,0,0,0,0,0,0,4,Newz Finder,,,
0,0,0,0,0,1,0,0,0,0,1,6,0.4467834241191478,35.498196460028524,0.0788480544255211,5.34255512428772,3.2196584583408114,96,15,11,0,0,0,0.0649103972252043,0.0080530156866034,0.0012582837010317,0.0,0.0009227413807566,0.0,0.0,7,0,0,0,0,0,0,0,0,0,0,0,0,0,0,0,__MSG_name__,,,
0,0,0,0,1,1,1,0,0,0,1,122,0.4378633397470573,46.30464556727744,0.1226847255222848,2.566955662700344,3.1348782764201464,58,12,22,0,0,0,0.0267911118974948,0.0026836942439385,0.0005552470849528,0.0,0.0010179529890801,0.0,0.0,3,1,0,9,0,0,19,0,0,0,0,0,0,0,0,18,__MSG_name__,,,
0,0,0,0,1,1,1,1,0,0,0,16,0.4886283578265882,49.52898183064793,0.0860399302653261,3.893858426819613,2.78460923915184,76,8,33,0,0,0,0.052457792825135,0.0005210833047651,5.485087418580734e-05,0.0,0.0002262598560164,0.0,0.0,0,0,0,0,0,0,1,0,0,0,0,0,0,0,0,1,Browserflow - Web Scraping & Web Automation,,,
0,0,0,0,0,0,0,0,0,0,0,0,0.0,0.0,0.0,0.0,0.0,0,0,0,0,0,0,0.0,0.0,0.0,0.0,0.0,0.0,0.0,0,0,0,0,0,0,0,0,0,0,0,0,0,0,0,0,Stars In Outer Space,,,
0,1,1,0,0,1,0,1,0,0,1,165,0.4298129394833584,56.5769392033543,0.0872581496792447,4.419041797802116,2.9116398705586968,393,37,130,0,3,6,0.0442495819827973,0.0021399983664134,0.0002014756731737,3.2671730784938334e-05,0.0007078875003403,1.6335865392469167e-05,0.0,137,11,14,5,0,0,26,0,0,0,0,0,0,0,0,26,SourceWhale,,,
0,0,1,0,1,1,0,0,0,0,0,46,0.4944988473368287,54.02229285744829,0.0568995161120265,5.650074304620906,2.7402480858265035,128,19,57,0,0,3,0.061020917451772,0.0018244793819576,0.0002708211582593,4.276123551463147e-05,0.0008124634747779,0.0,0.0,0,1,0,2,0,0,4,0,0,0,0,0,0,0,0,4,Moonsift: Wishlist & Gift List Maker,,,
0,0,0,0,0,1,0,0,0,0,1,112,0.4629837412561184,47.661961909397135,0.0925863781136403,3.9013905502392334,2.911286848872081,150,62,22,0,0,4,0.0678827751196172,0.0019211803732213,0.0007940878875981,5.123147661923486e-05,0.0002817731214057,0.0,0.0,13,0,0,0,0,0,0,0,0,0,0,0,0,0,0,0,Egypt ETA PDF Tool,,,
0,1,1,0,1,1,0,1,0,0,1,37,0.5833495578465453,36.964710543051055,0.0680218551744572,3.2885506184007363,2.575744772625129,1693,9,46,0,0,1,0.0464681753669073,0.0176499410973613,9.382721197652236e-05,1.042524577516915e-05,0.0004795613056577,0.0,0.0,1,0,0,0,0,0,2,0,0,0,0,0,0,0,0,2,Checkmate - Save While You Shop.,,,
0,1,0,0,1,1,0,0,0,0,0,0,0.4075745760695735,43.32513181019332,0.1285206381094619,3.275289215417512,3.249794120887157,67,9,6,0,0,0,0.0531279127145128,0.0196250732278851,0.0026362038664323,0.0,0.0017574692442882,0.0,0.0,0,0,0,4,0,0,3,0,0,0,0,0,0,0,0,3,Website Informer Addon,,,
0,0,1,0,1,1,0,0,0,0,0,31,0.4166686459880738,36.875571891225,0.0956704436643279,4.615689796611129,3.254467590073513,106,16,12,0,2,0,0.0674521229951062,0.0027245154988947,0.0004112476224746,0.0,0.000308435716856,5.140595280933532e-05,0.0,52,0,0,5,0,2,10,0,0,0,0,0,0,0,0,10,SEO-анализ сайта от Be1.ru,,,
0,1,0,0,0,1,1,1,0,0,1,111,0.530207377776441,48.90925375524132,0.0862773759217207,3.54585770700906,2.8270457084442837,680,30,97,0,0,4,0.0518404324963571,0.0068049676263672,0.0003002191599867,4.002922133157205e-05,0.0009707086172906,0.0,0.0,6,0,6,2,0,0,3,0,0,0,0,0,0,0,0,3,Powtoon Capture - Screen and Webcam Recorder,,,
0,0,0,0,1,1,0,0,0,0,0,11,0.0538721680821619,287.9830298333979,0.0512570793756179,19.65381309752705,2.82366945950718,105,6,33,0,0,0,0.0379818242498885,0.0040681906237892,0.000232468035645,0.0,0.001278574196048,0.0,0.0,0,0,0,0,0,0,1,0,0,0,0,0,0,0,0,1,__MSG_extension_name__,,,
0,0,0,0,0,1,0,1,0,0,0,32,0.3351183314445815,59.8431115508286,0.0971935943329584,5.969480397326894,2.825804272508195,159,42,58,0,0,0,0.0258598623973453,0.0013109077417759,0.0003462775166955,0.0,0.0004781927611509,0.0,0.0,0,0,1,0,0,0,1,0,0,0,0,0,0,0,0,1,Indy AI,,,
0,0,1,0,0,1,0,0,0,0,1,135,0.4403864488248488,61.04269440316989,0.0880097522286488,4.335545696163662,2.845210418553032,255,23,119,0,0,2,0.0572051800633212,0.0031575037147102,0.0002847944526993,2.4764735017335315e-05,0.0014735017335314,0.0,0.0,0,0,0,0,0,0,3,0,0,0,0,0,0,0,0,3,__MSG_appName__,,,
0,0,0,0,0,1,0,0,0,0,0,45,0.3971671444997314,18.293906810035843,0.0742306552923987,5.766693823360792,3.156637269037538,162,28,82,0,0,0,0.0322561177997043,0.007846556233653,0.001356194904582,0.0,0.003971713649133,0.0,0.0,0,0,0,5,0,0,2,0,0,0,0,0,0,0,0,2,Firewall Bypass vu,,,
0,0,0,0,0,1,0,0,0,0,0,17,0.523765492801693,42.98446001487454,0.0945440241637424,3.460124452638857,2.621825278514693,72,10,32,0,0,0,0.043539986171929,0.0028183348338356,0.0003914353935882,0.0,0.0012525932594825,0.0,0.0,1,0,0,0,0,0,1,0,0,0,0,0,0,0,0,1,__MSG_name__,,,
0,0,0,0,1,1,1,0,0,0,0,14,0.4376212540698886,31.910248411322936,0.0998118916231737,3.491788740302164,2.8621865836954594,23,5,20,0,0,0,0.0376620559412004,0.00053148469093,0.0001155401502021,0.0,0.0004621606008087,0.0,0.0,0,0,0,0,0,0,5,0,0,0,0,0,0,0,0,5,__MSG_extName__,,,
0,0,0,0,0,0,1,0,0,0,0,0,0.0,0.0,0.0,0.0,0.0,0,0,0,0,0,0,0.0,0.0,0.0,0.0,0.0,0.0,0.0,0,0,0,0,0,0,0,0,0,0,0,0,0,0,0,0,"Inoreader - RSS, News and Social Reader",,,
0,0,0,0,0,1,0,0,0,0,0,21,0.4327659368519266,55.78388263250336,0.090029326260194,3.7899510254567335,2.916207138537438,158,63,49,0,0,4,0.0826416166613736,0.0032648000826531,0.0013017873747287,8.265316664944726e-05,0.0010125012914557,0.0,0.0,0,0,0,4,0,0,5,0,0,0,0,0,0,0,0,5,The Watermelon Game,,,
0,0,0,0,0,0,1,0,0,0,0,0,0.0,0.0,0.0,0.0,0.0,0,0,0,0,0,0,0.0,0.0,0.0,0.0,0.0,0.0,0.0,0,0,0,0,0,0,0,0,0,0,0,0,0,0,0,0,KanbanFlow,,,
0,0,0,0,1,1,0,0,0,0,0,25,0.4388038470980692,39.40594396413393,0.0645527363399617,6.101207854096097,2.6370086956767893,449,16,19,0,0,0,0.070968238148192,0.0043665574216888,0.0001556011553385,0.0,0.0001847763719645,0.0,0.0,0,0,0,0,0,0,1,0,0,0,0,0,0,0,0,1,Papier,,,
0,0,0,0,0,1,0,0,1,0,0,156,0.4442208400268705,51.29655854334331,0.0599176508882285,7.43695874771477,2.905707849056922,1399,48,122,0,0,4,0.0681703237253495,0.0009435947520214,3.2374945030041254e-05,2.697912085836771e-06,8.228631861802151e-05,0.0,0.0,116,3,3,3,0,0,3,0,0,0,0,0,0,0,0,3,__MSG_appName__,,,
1,1,0,0,1,1,0,0,0,0,1,32,0.3741642950514869,35.54308212937654,0.1178143621928328,3.833745135585892,3.3043106721804585,276,42,49,0,0,0,0.0706961517079498,0.0179617336977743,0.0027333073018352,0.0,0.0031888585188077,0.0,0.0,50,0,0,5,0,0,21,0,0,0,0,5,0,0,0,21,Go Fucking Work,,,
0,1,0,0,1,1,0,0,0,0,0,100,0.4663339017043223,34.1559898349503,0.081318151339788,3.993679235452903,2.631916193000952,1726,40,171,0,0,2,0.0456648205708938,0.0114224451709396,0.0002647148359429,1.3235741797149022e-05,0.0011316559236562,0.0,0.0,0,0,1,0,0,0,2,0,0,0,0,0,0,0,0,2,__MSG_appName__,,,
1,1,1,0,0,1,1,0,0,0,1,16,0.4151726920408642,40.56291751874574,0.1010936041867918,3.862719265783436,3.305141753890415,21,0,8,0,4,0,0.0782177485012212,0.0007157464212678,0.0,0.0,0.0002726653033401,0.00013633265167,0.0,0,0,0,2,0,0,1,0,0,0,0,0,0,0,0,1,__MSG_extensionName__,,,
1,1,0,0,1,1,0,0,0,0,0,50,0.5134664398426648,38.119041528097554,0.0821436263298371,3.68313426679088,2.450891381400309,489,4,76,0,0,0,0.0281891201675959,0.008339728830903,6.821864074358318e-05,0.0,0.001296154174128,0.0,0.0,7,0,0,0,0,0,2,0,0,0,0,0,0,0,0,2,__MSG_appName__,,,
0,1,0,0,0,1,0,0,0,0,0,120,0.4901763140209915,45.19318236830518,0.0801290128884133,3.872317641942236,2.7110667151108148,5910,28,154,0,0,2,0.0350616783765171,0.0136241980511172,6.454780802559781e-05,4.61055771611413e-06,0.0003550129441407,0.0,0.0,0,0,0,0,0,0,1,0,0,0,0,0,0,0,0,1,__MSG_extName__,,,
0,0,0,0,1,1,0,0,0,0,1,5,0.4753558684897792,60.72378116393032,0.0612180221079647,2.82477831707855,2.0651848240136284,3,1,7,0,0,1,0.019208310955999,1.3413456379439856e-05,4.471152126479952e-06,4.471152126479952e-06,3.129806488535966e-05,0.0,0.0,0,0,0,0,0,0,7,0,0,0,0,0,0,0,0,7,__MSG_extensionName__,,,
0,0,0,0,1,1,0,0,0,0,1,50,0.3445126626884497,31.21391063003053,0.075475723169868,7.0573175049183705,3.1115114036459333,265,30,97,0,0,3,0.0711382387079137,0.0029419927837912,0.0003330557868442,3.330557868442964e-05,0.0010768803774632,0.0,0.0,95,0,0,0,0,8,29,0,7,0,0,0,0,0,0,29,Black Ice IceViewer for Chrome,,,
0,0,0,0,0,0,0,0,0,0,1,9,0.351756143266826,38.65802086270087,0.0985951138226524,6.707078177423428,3.3085554402115664,48,7,22,0,0,7,0.0890183628558028,0.0027065125458133,0.0003946997462644,0.0003946997462644,0.0012404849168311,0.0,0.0,2,0,0,0,0,0,1,0,0,0,0,0,0,0,0,1,__MSG_appName__,,,
0,0,0,0,0,0,0,0,0,0,0,1,0.3092092621060722,17.04724750758561,0.0990343966179861,6.040348101265823,3.5899219216284552,33,2,7,0,0,0,0.1255274261603375,0.0143042912873862,0.00086692674469,0.0,0.0030342436064152,0.0,0.0,1,0,1,5,0,0,2,0,0,0,0,0,0,0,0,2,2048 Cupcakes Offline Game,,,
0,0,0,0,1,1,0,0,0,0,1,25,0.1726807333323635,83.53174579371982,0.150046602290342,4.441123146297243,3.005677804931356,12,11,8,0,0,0,0.0312921296081074,0.0003598956302672,0.0003299043277449,0.0,0.0002399304201781,0.0,0.0,0,0,1,0,0,0,4,0,0,0,0,0,0,0,0,4,__MSG_appName__,,,
0,0,0,0,1,1,0,0,0,0,0,317,0.417786347548825,70.67710733093577,0.091110161119375,4.336265146072822,2.772784963180776,4265,201,331,0,0,8,0.0261901577076218,0.0131886957570435,0.0006215540087141,2.47384680085224e-05,0.0010235541138526,0.0,0.0,0,0,0,2,0,0,3,0,0,0,0,0,0,0,0,3,MailMaestro - Gmail AI assistant,,,
0,1,0,0,0,1,0,0,0,0,1,298,0.5585726822478211,50.52638327597108,0.0467641060831388,2.779478831684889,1.7911228760015314,5743,230,478,0,0,20,0.0114889428451424,0.0027590573757103,0.0001104968128875,9.608418511963442e-06,0.0002296412024359,0.0,0.0,10,0,0,4,0,0,3,0,0,0,0,0,0,0,0,3,__MSG_appName__,,,
0,0,0,0,1,1,0,0,0,0,0,1,0.3617724572296422,46.94432548179872,0.1054183231339616,4.782963298595378,3.693455790988748,70,4,5,0,0,0,0.0348889895786135,0.1498929336188436,0.0085653104925053,0.0,0.0107066381156316,0.0,0.0,0,0,0,0,0,0,2,0,0,0,0,0,0,0,0,2,__MSG_extensionName__,,,
0,0,0,0,1,0,0,0,0,0,0,14,0.393580495161493,45.60918462980319,0.1259168028151313,3.4658540728786207,3.2377042373298512,62,9,5,0,0,1,0.0668903423086723,0.014526710402999,0.0021087160262417,0.0002343017806935,0.0011715089034676,0.0,0.0,160,0,0,4,0,1,3,0,0,0,0,0,0,0,0,3,grt memo,,,
0,0,0,0,1,1,0,0,0,0,0,6,0.5414706939817736,24.097046704877656,0.077512547143507,3.6281756371630975,2.141894457058473,48,6,18,0,0,0,0.034565589121407,0.0011048960707133,0.0001381120088391,0.0,0.0004143360265175,0.0,0.0,2,0,0,0,0,0,1,0,0,0,0,0,0,0,0,1,__MSG_extName__,,,
0,0,0,0,0,0,0,0,0,0,0,0,0.0,0.0,0.0,0.0,0.0,0,0,0,0,0,0,0.0,0.0,0.0,0.0,0.0,0.0,0.0,0,0,0,0,0,0,0,0,0,0,0,0,0,0,0,0,PosterMyWall,,,
0,0,0,0,0,0,0,0,0,0,0,0,0.0,0.0,0.0,0.0,0.0,0,0,0,0,0,0,0.0,0.0,0.0,0.0,0.0,0.0,0.0,0,0,0,0,0,0,0,0,0,0,0,0,0,0,0,0,__MSG_appName__,,,
0,0,0,0,1,0,0,0,0,0,0,0,0.3639131317231581,16.038029386343993,0.1107672011365942,4.442639094042344,3.4446634504175537,20,3,7,0,0,0,0.0487444608567208,0.017286084701815,0.0025929127052722,0.0,0.0060501296456352,0.0,0.0,0,0,0,0,0,0,4,0,0,0,0,0,0,0,0,4,Colorblind - Dalton for Chromium,,,
0,0,0,0,1,1,0,0,0,0,0,2,0.2709623513221272,35.33482142857143,0.0650987909171336,6.823254535459044,3.9122765709476033,131,9,4,0,0,0,0.0272127542605827,0.1169642857142857,0.0080357142857142,0.0,0.0035714285714285,0.0,0.0,0,0,0,1,0,0,2,0,0,0,0,0,0,0,0,2,Close & Clean,,,
0,0,0,0,0,0,0,1,0,0,0,60,0.4008543456219969,41.64837270009684,0.0948020232873516,4.44259645982498,3.068813413447945,43,36,47,0,0,0,0.0701985547600106,0.000301741681052,0.0002526209422761,0.0,0.0003298106746382,0.0,0.0,124,18,0,1,0,0,3,0,0,0,0,0,0,0,0,3,Benable,,,
0,0,0,0,0,1,0,0,0,0,0,41,0.5872495144934725,49.90919138220481,0.0820682591812052,3.485087874725444,2.493865068488024,1070,22,62,0,0,0,0.0516984878927784,0.0149692221600447,0.0003077783995523,0.0,0.0008673754896474,0.0,0.0,13,0,0,0,0,0,2,0,0,0,0,0,0,0,0,2,WordStater для Wordstat - сбор ключевых слов,,,
0,0,0,0,0,0,0,0,0,0,0,0,0.0,0.0,0.0,0.0,0.0,0,0,0,0,0,0,0.0,0.0,0.0,0.0,0.0,0.0,0.0,0,0,0,0,0,0,0,0,0,0,0,0,0,0,0,0,Editey,,,
0,1,0,0,0,1,0,0,0,0,0,50,0.4479890900396102,37.09951979096783,0.0810816634445892,4.21524607350078,2.6337277637218204,431,65,107,0,0,1,0.0443908189244943,0.0038045972952932,0.0005737791744641,8.827371914833515e-06,0.0009445287948871,0.0,0.0,1,0,0,3,0,0,3,0,0,0,0,0,0,0,0,3,NotebookLM - WebSync Full Site Importer,,,
0,1,0,0,1,1,0,1,0,0,0,18,0.3995597344442872,61.40729530417746,0.0698487852696768,3.789694924306232,2.722755932893849,55,6,119,0,0,0,0.0244102099416275,5.200665306929083e-05,5.673453062104454e-06,0.0,0.0001125234857317,0.0,0.0,18,2,0,0,0,0,3,0,0,0,0,0,0,0,0,3,VetRec,,,
0,0,0,0,0,1,0,0,0,0,0,0,0.4074187954296678,41.425776154448215,0.129773574231001,3.3757143606144813,3.192343323520999,84,13,10,0,0,0,0.053216588895297,0.0219149491260109,0.0033915992695016,0.0,0.0026089225150013,0.0,0.0,0,0,1,1,0,0,3,0,0,0,0,0,0,0,0,3,BTS BT21 Cursor,,,
0,0,0,0,0,1,0,0,0,0,1,48,0.3779262725435945,52.41248228994069,0.0785897782889122,4.043314738236788,3.0173530719990063,80,5,69,0,0,0,0.0398400898062979,0.0019210911797901,0.0001200681987368,0.0,0.0016569411425689,0.0,0.0,0,0,0,0,0,0,2,0,0,0,0,0,0,0,0,2,Vue.js devtools (v5),,,
1,1,0,0,0,0,0,0,0,0,0,69,0.5610612130835476,33.549222081819615,0.0801118840995481,3.3663955139546453,2.579367218831612,157,4,80,0,0,0,0.0427123178450113,0.0015499131258884,3.9488232506713e-05,0.0,0.0007897646501342,0.0,0.0,7,0,0,0,0,0,1,0,0,0,0,0,0,0,0,1,Elasticvue,,,
0,0,0,0,0,0,0,0,0,0,0,0,0.0,0.0,0.0,0.0,0.0,0,0,0,0,0,0,0.0,0.0,0.0,0.0,0.0,0.0,0.0,0,0,0,0,0,0,0,0,0,0,0,0,0,0,0,0,Pathuku,,,
0,0,0,0,1,0,0,0,0,0,1,8,0.4084692362477517,23.237273259215915,0.1254934150963894,3.2753615935138383,3.333125541452062,86,16,12,0,0,1,0.0513487813422751,0.0125804564072557,0.0023405500292568,0.0001462843768285,0.0017554125219426,0.0,0.0,0,0,0,0,0,0,4,0,0,0,0,0,0,0,0,4,CMS Detect - What CMS is that site using?,,,
0,1,0,0,1,1,0,0,0,0,0,146,0.3645729488719444,35.033998346082285,0.0875053108675626,5.181575441729736,3.326914783895192,367,67,25,0,0,0,0.0707967970019469,0.0037936737647302,0.0006925780442422,0.0,0.0002584246433739,0.0,0.0,9,0,0,2,0,0,96,0,0,0,0,0,0,0,0,95,AppSheet Toolbox,,,
0,0,0,0,0,0,0,0,0,0,0,0,0.0,0.0,0.0,0.0,0.0,0,0,0,0,0,0,0.0,0.0,0.0,0.0,0.0,0.0,0.0,0,0,0,0,0,0,0,0,0,0,0,0,0,0,0,0,__MSG_extName__,,,
1,1,1,0,1,1,0,0,0,0,1,36,0.4635314431759934,33.5114534931116,0.1008383114720409,3.380067276177333,2.88679522076911,63,5,12,0,0,0,0.0219186648266344,0.0025678650036683,0.0002037988098149,0.0,0.0004891171435558,0.0,0.0,1,0,0,1,0,0,1,0,0,0,0,0,0,0,0,1,Kabeen,,,
0,0,0,0,0,0,0,0,0,0,0,0,0.0,0.0,0.0,0.0,0.0,0,0,0,0,0,0,0.0,0.0,0.0,0.0,0.0,0.0,0.0,0,0,0,0,0,0,0,0,0,0,0,0,0,0,0,0,Minimalist Hibiscus Tea,,,
0,0,0,0,0,0,1,0,0,0,0,0,0.0,0.0,0.0,0.0,0.0,0,0,0,0,0,0,0.0,0.0,0.0,0.0,0.0,0.0,0.0,0,0,0,0,0,0,0,0,0,0,0,0,0,0,0,0,Bookopolis,,,
1,1,0,0,0,1,0,0,0,0,0,69,0.4291222336724759,47.153768825851735,0.0938925864984428,3.900344133822673,3.0137522142641493,97,40,71,0,0,0,0.0838285691823337,0.0017729200175464,0.0007311010381634,0.0,0.0012977043427401,0.0,0.0,4,0,0,0,0,0,2,0,0,0,0,0,0,0,0,2,CardPointers X: Credit Card Rewards Made Easy,,,
0,0,0,0,0,1,0,0,0,0,0,279,0.496691929135489,52.16126948709668,0.0788140980149918,3.828104253382864,2.729986541774968,3966,45,189,0,0,5,0.0326246848379059,0.0291095387686797,0.0003302897742285,3.669886380317665e-05,0.00138721705176,0.0,0.0,3,0,0,0,0,0,1,0,0,0,0,0,0,0,0,1,__MSG_appName__,,,
1,1,0,0,1,1,1,1,0,0,0,16,0.692453757287178,35.93365203870878,0.0479530554309347,4.160435775113796,1.0339643346607914,74,7,10,0,0,0,0.0520661044055934,0.0017172959550718,0.0001624469146689,0.0,0.0002320670209556,0.0,0.0,35,0,1,9,0,0,11,0,0,0,0,0,0,0,0,11,__MSG_appName__,,,
0,0,1,0,0,1,1,0,1,0,0,3,0.0851394416753362,298.10601861942274,0.062228214534879,15.72911334895004,2.8609149329980217,265,38,41,0,2,0,0.0321844494277116,0.0082510819815051,0.0011831740199894,0.0,0.0012765824952517,6.227231684154809e-05,0.0,2,6,7,1,0,0,2,0,0,0,0,0,0,0,0,2,WebDefender: Antivirus & Privacy Protection,,,
0,0,0,0,0,0,0,0,0,0,0,0,0.0,0.0,0.0,0.0,0.0,0,0,0,0,0,0,0.0,0.0,0.0,0.0,0.0,0.0,0.0,0,0,0,0,0,0,0,0,0,0,0,0,0,0,0,0,__MSG_appName__,,,
0,0,0,0,0,0,0,0,0,0,0,0,0.0,0.0,0.0,0.0,0.0,0,0,0,0,0,0,0.0,0.0,0.0,0.0,0.0,0.0,0.0,0,0,0,0,0,0,0,0,0,0,0,0,0,0,0,0,BuiltWith,,,
1,1,0,0,1,1,0,0,0,0,1,13,0.371892294986996,41.549495214370005,0.1083860271912632,4.035843933114192,2.922112850230985,141,19,25,0,0,0,0.064370444476204,0.0184869542415104,0.0024911498623311,0.0,0.0032778287662252,0.0,0.0,11,0,0,7,0,0,9,0,0,0,0,0,0,0,0,9,音読さん,,,
0,0,0,0,0,1,0,0,0,0,1,73,0.4896806571402977,49.818006865221456,0.0840742960641642,4.510869658986016,2.89227022400869,493,16,78,0,0,4,0.0656773264089579,0.0045613937694876,0.0001480371203079,3.70092800769793e-05,0.000721680961501,0.0,0.0,0,0,0,0,0,0,28,0,0,0,0,0,0,0,0,25,Unsplash For Chrome,,,
0,0,0,0,0,0,0,0,0,0,0,31,0.3833501253240076,40.20141040709478,0.0874324592421431,5.011979423578325,3.0911762441857,81,9,10,0,0,0,0.1073215418222817,0.0043273854044235,0.0004808206004915,0.0,0.0005342451116572,0.0,0.0,22,0,0,6,0,2,4,0,0,0,0,1,0,0,0,4,Qwik Biz Tools,2.0,,
0,0,0,0,1,1,0,0,0,0,1,61,0.470942618177938,46.49160041630113,0.0780340689329951,6.208066848081897,2.798966058590476,670,33,116,0,0,10,0.0826187226590771,0.0036508083543572,0.0001798159338713,5.448967693070548e-05,0.0006320802523961,0.0,0.0,82,1,0,2,3,18,93,3,7,0,0,0,0,0,0,93,Verified First - Background Screening,,,
1,1,0,0,1,0,0,1,0,0,1,47,0.3904971705040575,43.572344675333774,0.0914181128622171,4.610872069784392,3.066399343251987,109,16,18,0,0,0,0.065928381651031,0.0038196026211584,0.000560675614115,0.0,0.0006307600658793,0.0,0.0,0,0,0,0,0,0,0,0,0,0,0,0,0,0,0,0,Homer (formerly KoalaData) – Property Search Extension,,,
0,1,1,0,1,1,0,0,0,0,1,23,0.5601952591887583,50.17393773067096,0.0919849789243854,3.4089772985478506,2.7862756488679445,204,10,32,0,0,1,0.0537756570476406,0.0064351282293933,0.0003154474622251,3.154474622251664e-05,0.0010094318791205,0.0,0.0,1,0,0,0,1,0,7,0,0,0,0,0,0,0,0,7,DealCloud,,,
0,0,0,0,0,0,0,0,0,0,0,0,0.0,0.0,0.0,0.0,0.0,0,0,0,0,0,0,0.0,0.0,0.0,0.0,0.0,0.0,0.0,0,0,0,0,0,0,0,0,0,0,0,0,0,0,0,0,Star Wars,,,
0,0,0,0,0,0,0,0,0,0,0,0,0.0,0.0,0.0,0.0,0.0,0,0,0,0,0,0,0.0,0.0,0.0,0.0,0.0,0.0,0.0,0,0,0,0,0,0,0,0,0,0,0,0,0,0,0,0,__MSG_appName__,,,
0,0,0,0,0,1,1,0,0,0,1,12,0.340823891599824,37.79285134037368,0.0991434375589017,4.089760267608251,2.984785174781921,37,0,3,0,0,0,0.0332651923434305,0.0300568643379366,0.0,0.0,0.0024370430544272,0.0,0.0,334,0,0,0,0,0,3,0,0,0,0,0,0,0,0,3,Ink for Google™,,,
0,1,0,0,1,1,0,0,0,0,0,43,0.3766605689945669,51.53308393996585,0.0517391623875683,2.953381787746581,2.3497783138569237,3304,9,145,0,0,0,0.0056909083037908,0.0123723076001318,3.3701806416823944e-05,0.0,0.0005429735478266,0.0,0.0,3,0,0,0,0,0,2,0,0,0,0,0,0,0,0,2,QuickForm - Autofill Forms Quickly,,,
0,0,0,0,0,0,0,0,0,0,0,0,0.0,0.0,0.0,0.0,0.0,0,0,0,0,0,0,0.0,0.0,0.0,0.0,0.0,0.0,0.0,0,0,0,0,0,0,0,0,0,0,0,0,0,0,0,0,Ferrari,,,
0,1,0,0,0,1,0,0,0,0,1,50,0.4314879507371662,46.030551356512056,0.1218392360200637,3.3123381840907062,3.170989946092557,223,53,35,0,0,2,0.0529119423860964,0.017742063807781,0.0042167236852573,0.0001591216485002,0.0027846288487548,0.0,0.0,2,0,0,6,0,2,2,0,0,0,0,0,0,0,0,2,WAIX Extension,1.0,,
0,0,1,0,0,1,0,0,0,0,0,29,0.569771184682415,48.49157086014999,0.0929339933015205,3.0085817912142665,2.9257070273758723,174,7,38,0,0,0,0.1003124794802566,0.0006380989053303,2.567064561673726e-05,0.0,0.000139354933348,0.0,0.0,70,0,0,0,0,0,6,0,0,0,0,0,0,0,0,6,__MSG_extName__,,,
0,0,0,0,0,1,0,0,0,0,0,148,0.4433642364017019,43.835836225827016,0.0872340219038926,4.290046656298601,2.689600811966873,864,18,247,0,0,1,0.044315018297299,0.0043716289377548,9.107560286989344e-05,5.05975571499408e-06,0.0012497596616035,0.0,0.0,0,0,0,4,0,0,2,0,0,0,0,0,0,0,0,2,Wallchain X Score,,,
0,1,0,0,0,1,0,0,0,0,0,187,0.5260952033438959,58.9682409607044,0.065995789238025,4.178014996446584,2.4795764244752485,1066,114,149,0,0,1,0.045658823973715,0.0046466011376762,0.0004969160691323,4.358912887125951e-06,0.0006494780201817,0.0,0.0,9,0,1,0,0,0,2,0,0,0,0,0,0,0,0,2,__MSG_appName__,,,
1,1,0,0,0,0,0,0,0,0,1,4,0.4586682056543548,35.851041484333976,0.076531387748898,5.378486055776892,3.2118832374349564,84,9,8,0,0,0,0.0601680867769796,0.0073516541221774,0.0007876772273761,0.0,0.0007001575354454,0.0,0.0,0,0,0,0,0,0,0,0,0,0,0,0,0,0,0,0,qTest Integration,,,
0,1,0,0,0,0,0,0,0,0,0,0,0.118616931347412,122.49631083202512,0.1593417070160206,7.144155595732471,3.756633846567892,5,0,0,0,0,0,0.0055966580485125,0.0003924646781789,0.0,0.0,0.0,0.0,0.0,0,0,0,0,0,0,0,0,0,0,0,0,0,0,0,0,NotionCn,,,
0,1,0,0,0,1,0,0,0,0,1,38,0.5085704132696458,44.86162337541256,0.0896659006598067,3.3844720346571795,2.855395655208674,148,11,30,0,0,1,0.0507393692974176,0.0027597009080907,0.000205112905331,1.864662775737008e-05,0.0005593988327211,0.0,0.0,4,0,0,0,0,0,2,0,0,0,0,0,0,0,0,2,__MSG_appName__,,,
0,0,0,0,1,1,1,1,0,0,1,16,0.5134980740353855,37.94374702049897,0.1081233270222628,3.254798464491363,3.026452372232747,28,4,4,0,0,0,0.0437460012795905,0.0011123470522803,0.0001589067217543,0.0,0.0001589067217543,0.0,0.0,5,0,0,0,0,0,3,0,0,0,0,0,0,0,0,3,__MSG_name__,,,
1,1,0,0,1,1,0,1,0,0,0,130,0.4812266219480517,36.54758689129672,0.0662730454222773,3.432468069351548,2.1270804529980856,208,15,107,0,0,2,0.0320274977795412,0.0001304773022814,9.409420837601552e-06,1.2545894450135402e-06,6.71205353082244e-05,0.0,0.0,17,1,0,0,0,0,3,0,0,0,0,0,0,0,0,3,Writer,,,
0,0,0,0,1,1,1,0,0,0,0,18,0.59041033686228,43.1328418230563,0.0760814264821348,3.5292130650101625,2.5184803065021097,269,3,31,0,0,0,0.0332445920285498,0.0090147453083109,0.0001005361930294,0.0,0.001038873994638,0.0,0.0,0,0,0,0,0,0,6,0,0,0,0,0,0,0,0,6,__MSG_appName__,,,
0,1,0,0,1,1,0,0,0,0,1,26,0.5712022458417719,49.03226132175494,0.0815621193819898,3.5917740982020767,2.680712981249405,102,14,55,0,0,2,0.0465632855837727,0.0025748472762154,0.0003534104104609,5.048720149442117e-05,0.0013883980410965,0.0,0.0,0,0,0,0,0,0,2,0,0,0,0,0,0,0,0,2,__MSG_extension_name__,,,
0,0,0,0,1,1,0,0,0,0,0,2,0.341286060548453,42.297325102880656,0.0720260443895252,7.813616447590158,3.622049082769584,53,13,20,0,0,0,0.1193124368048533,0.0545267489711934,0.0133744855967078,0.0,0.0205761316872428,0.0,0.0,7,2,0,14,0,4,1,0,0,0,0,0,0,0,0,1,Fontonic - Change Fonts,,,
0,0,1,1,0,1,0,0,0,0,0,4,0.4062342563048868,20.672661100406764,0.1211289032015884,3.616692358511341,3.203658404712653,74,9,8,0,1,1,0.0633340673860383,0.0079212160137015,0.0009633911368015,0.0001070434596446,0.0008563476771569,0.0001070434596446,0.0,0,0,0,0,0,0,3,0,0,0,0,0,0,0,0,3,Referer Control,,,
0,0,0,0,1,1,0,0,0,0,1,24,0.3319331450125667,52.9421309969154,0.079262318742276,6.354390127303954,2.953560945585699,250,15,61,0,0,0,0.0467253315391561,0.0041018573209949,0.0002461114392596,0.0,0.0010008531863227,0.0,0.0,0,0,0,0,0,0,1,0,0,0,0,0,0,0,0,1,__MSG_extensionName__,,,
0,0,0,0,0,1,0,0,0,0,0,16,0.457486198856195,30.91431677862773,0.0780385755535666,4.734306496056404,2.64396373135035,92,3,26,0,0,0,0.021937995738462,0.0007144798664233,2.3298256513804216e-05,0.0,0.0002019182231196,0.0,0.0,0,0,0,0,0,0,3,0,0,0,0,0,0,0,0,3,Windsurf Plugin: AI Code Autocompletion on all IDEs,,,
0,0,0,0,0,1,0,0,0,0,1,19,0.2666397212759258,57.20406749125178,0.0518018192305563,4.313684000796972,3.225236193205881,94,16,36,0,0,1,0.0299382347081091,0.0032567647160724,0.0005543429303953,3.464643314970724e-05,0.0012472715933894,0.0,0.0,2,0,0,7,0,0,2,0,0,0,1,0,0,0,0,2,World Clocks,,,
0,0,1,1,0,0,0,0,0,0,0,1,0.309566662051779,28.369918699186996,0.1063270109372836,6.720689655172414,3.199893550304304,0,0,0,0,2,0,0.0706896551724138,0.0,0.0,0.0,0.0,0.008130081300813,0.0,0,0,0,0,0,0,0,0,0,0,0,0,0,0,0,0,FlareGet Integration,,,
0,0,0,0,1,0,0,1,0,0,0,29,0.4447393048735691,33.03980912826404,0.0998583891145231,3.698707000203477,2.948081951004721,665,5,35,0,0,0,0.0378589353870058,0.014690938010869,0.0001104581805328,0.0,0.0007732072637299,0.0,0.0,2,0,0,0,0,0,1,0,0,0,0,0,0,0,0,1,__MSG_extensionName__,,,
1,1,0,0,0,1,0,0,0,0,1,4,0.4004479796821813,50.082882882882885,0.1100901250462971,4.0705821741370425,3.561494906121614,64,0,11,0,0,0,0.0575304825691224,0.0576576576576576,0.0,0.0,0.0099099099099099,0.0,0.0,0,0,0,1,1,0,1,0,0,0,0,0,0,1,0,1,TextRecruit Extension,,,
1,1,1,0,1,1,1,1,0,0,1,175,0.5450862226877481,57.38097265950218,0.0723306741806478,4.341946030402929,2.719396017768759,732,166,349,0,3,16,0.0796977300431036,0.0035024928945328,0.0007942811755361,7.65572217384231e-05,0.0016699043991693,1.4354479075954334e-05,0.0,13,4,0,14,0,3,11,0,2,0,0,0,0,0,0,11,__MSG_extensionName__,,,
0,0,0,0,1,0,0,0,0,0,0,0,0.3152585592680091,30.78903456495828,0.0926613417332283,6.141732283464567,3.4319904160557164,35,6,4,0,0,0,0.0841276419394944,0.0417163289630512,0.0071513706793802,0.0,0.0047675804529201,0.0,0.0,0,0,0,0,0,0,1,0,0,0,0,0,0,0,0,1,__MSG_name__,,,
0,1,0,0,0,1,0,0,0,0,1,34,0.4211554358423051,45.77808963655541,0.0895757623471168,3.8747050512970342,2.7866583687350674,170,8,43,0,0,0,0.0393326577559489,0.0030391333106888,0.00014301803815,0.0,0.0007687219550565,0.0,0.0,0,0,0,0,0,0,1,0,0,0,0,0,0,0,0,1,__MSG_app_name__,,,
0,0,0,0,0,1,0,0,0,0,0,14,0.3964790048516472,28.650633921446936,0.1057105906450672,4.632666966041593,3.253810132807966,233,33,65,0,0,1,0.0676226017745706,0.0103289298696692,0.0014628956467771,4.43301711144605e-05,0.0028814611224399,0.0,0.0,0,0,0,3,1,0,4,0,1,0,0,0,0,1,0,4,__MSG_appName__,,,
0,0,0,0,1,1,0,0,0,0,0,237,0.4450538036304708,61.01015903064565,0.0740389184385577,4.5203465793765325,2.819146419243772,320,164,112,0,0,0,0.03956918095104,0.0020745946436559,0.0010632297548736,0.0,0.0007261081252795,0.0,0.0,21,1,0,0,0,0,1,0,0,0,0,0,0,0,0,1,__MSG_extension_full_name__,,,
1,1,1,0,1,1,0,0,0,0,1,189,0.3070146202178871,63.29777939852891,0.0826393404858651,5.409578806506626,2.959734508064177,3643,108,136,0,0,3,0.0458779248567363,0.0141328636603457,0.0004189814096396,1.1638372489991e-05,0.0005276062195462,0.0,0.0,20,0,0,0,0,0,2,0,0,0,0,0,0,0,0,2,GateKeeper Password Manager,,,
0,1,0,0,1,1,1,0,0,0,1,8,0.4716350666427751,60.85526375002813,0.0752461122332229,4.516083886617191,2.9090427295846566,13,3,5,0,0,0,0.0501445624253744,2.4376157867498708e-05,5.6252672001920094e-06,0.0,9.375445333653349e-06,0.0,0.0,0,0,0,13,0,0,4,0,0,0,0,0,0,0,0,4,__MSG_appName__,,,
0,0,0,0,1,1,1,0,0,0,0,232,0.5273725593887678,48.59191058452739,0.0848058829013989,3.5470902942869387,2.677690993878949,3047,118,305,0,0,3,0.0500304766376419,0.0098799298320703,0.0003826162521116,9.727531833347923e-06,0.0009889657363903,0.0,0.0,24,5,0,22,0,0,218,0,0,0,0,0,0,0,0,205,__MSG_extensionName__,,,
0,1,0,0,0,1,0,0,0,0,0,23,0.421809793436091,46.21894597865552,0.0810434215278505,5.173161234103968,3.1589790633339567,56,76,73,0,0,7,0.0762737249135419,0.006161293871713,0.0083617559687534,0.0007701617339641,0.0080316866541973,0.0,0.0,0,0,0,0,0,0,5,0,0,0,0,0,0,0,0,5,AI Email Response Generator - superReply,,,
0,1,1,0,1,1,1,0,0,0,0,134,0.3153495934368808,54.40378093306288,0.0754214990293928,5.5206792328536,3.065327845132457,637,177,210,0,0,11,0.0465379005723859,0.0020673427991886,0.0005744421906693,3.5699797160243406e-05,0.0006815415821501,0.0,0.0,26,4,1,1,0,1,12,0,0,0,0,0,0,0,0,12,Copper CRM for Gmail and LinkedIn,,,2.0
0,1,0,0,0,1,0,0,0,0,0,33,0.429845437143241,35.293342345386954,0.111942671134565,3.445622555893788,2.988733012405252,69,7,14,0,0,0,0.0496516970505409,0.0033312412494568,0.0003379520108144,0.0,0.0006759040216289,0.0,0.0,0,0,5,2,1,0,3,0,0,0,0,0,0,0,0,3,Humanlinker,,,
0,0,0,0,0,0,0,0,0,0,1,41,0.0822635787416553,325.00103156591706,0.0514591820041374,19.15643335783958,2.5053553889764477,815,40,23,0,0,2,0.0273143183595487,0.0280242074135203,0.0013754212227494,6.877106113747335e-05,0.0007908672030809,0.0,0.0,1023,0,0,0,0,0,1,0,0,0,0,0,0,0,0,1,NTL MOD for Slither.io,,,
0,0,0,0,0,0,0,0,0,0,0,27,0.340618911050642,71.4403552035072,0.0970633437275472,3.988488576816238,3.331606610356612,198,10,154,0,0,2,0.1194108663721647,0.002465999103273,0.0001245454092562,2.490908185124296e-05,0.0019179993025457,0.0,0.0,0,0,0,0,0,0,3,0,0,0,0,0,0,0,0,3,__MSG_appName__,,,
0,0,0,0,0,0,0,0,0,0,0,4,0.5524683210137276,34.40965732087228,0.0563621964097148,5.010355987055016,3.0757637228433423,2,1,3,0,0,0,0.0307443365695792,0.0015576323987538,0.0007788161993769,0.0,0.0023364485981308,0.0,0.0,0,0,0,0,0,0,7,0,0,0,0,0,0,0,0,7,__MSG_extName__,,,
0,0,0,0,0,1,0,0,0,0,0,389,0.2908919412068009,63.29592743255248,0.0702239979869925,5.00476461935829,3.171710122331908,1501,137,231,0,0,2,0.0095925792988901,0.0701828213400664,0.0064057605087202,9.351475195212044e-05,0.0108009538504699,0.0,0.0,10,0,0,29,0,3,11,1,0,0,0,0,0,0,0,11,__MSG_appName__,3.0,,
0,0,0,0,0,1,0,1,0,0,0,64,0.5583608995929632,50.469966294462125,0.0843534861532135,3.251958152702281,2.614062356809529,128,20,66,0,0,4,0.0427175878086014,0.0012051142034006,0.0001882990942813,3.76598188562713e-05,0.0006213870111284,0.0,0.0,9,0,0,0,0,0,0,0,0,0,0,0,0,0,0,0,__MSG_title__,,,
0,0,0,0,1,1,0,0,0,0,0,48,0.5062182776961118,54.17291144386476,0.0846845054544248,3.7920524952887114,2.8363658137643526,159,76,58,0,0,2,0.0438997274908824,0.0107730876075614,0.0051494003658784,0.0001355105359441,0.0039298055423809,0.0,0.0,0,0,0,5,0,0,2,0,0,0,0,0,0,0,0,2,__MSG_appName__,,,
0,0,0,0,0,0,0,0,0,0,1,0,0.4222728848044474,37.13513149022252,0.0837013181439891,4.964048934490924,3.1764790504666127,66,8,7,0,0,0,0.1007629571165482,0.0029669588671611,0.0003596313778377,0.0,0.000314677455608,0.0,0.0,17,0,1,7,0,1,2,0,0,0,0,0,0,0,0,2,News-Wave,1.0,,
0,0,0,0,1,1,0,0,0,0,0,25,0.484699948912527,49.78182045772224,0.0793992178912562,4.799034295584796,2.6839656954795794,265,34,12,0,0,4,0.064486472628016,0.0013821375670206,0.0001773308576554,2.086245384182088e-05,6.258736152546263e-05,0.0,0.0,6,0,7,5,0,1,10,0,0,0,2,0,0,0,0,10,Asciidoctor.js Live Preview,,,
0,0,0,0,1,1,1,0,0,0,0,7,0.4208674115380004,21.716696004516923,0.1049876748259416,3.764432851792402,3.176050643681781,135,15,13,0,0,0,0.0592027822364901,0.0044837091899432,0.0004981899099936,0.0,0.0004317645886611,0.0,0.0,45,0,0,13,0,0,12,0,1,0,0,0,1,0,0,12,Habitica Pomodoro SiteKeeper,,,
0,0,1,0,1,1,1,0,0,0,0,9,0.460134613061524,37.3316005591473,0.0950348612728752,3.57556767755482,2.7833553574691683,131,9,20,0,0,0,0.0504469987228607,0.0057225231521929,0.0003931504455705,0.0,0.0008736676568233,0.0,0.0,1,0,0,0,0,0,2,0,0,0,0,0,0,0,0,2,艦これウィジェット,,,
0,1,0,0,1,1,0,0,0,0,0,112,0.5647503234172095,62.34086987564705,0.0748383477560688,4.081719358264964,2.575095736145848,800,111,152,0,0,2,0.0691091825402778,0.0095198429225917,0.0013208782055096,2.379960730647944e-05,0.0018087701552924,0.0,0.0,0,0,0,0,0,0,1,0,0,0,0,0,0,0,0,1,ChatGPT for Gmail,,,
0,0,0,0,0,1,0,0,0,0,0,58,0.4756100195614772,45.78192825203667,0.0789763001486532,4.027960634698455,2.663618490094233,3005,10,93,0,0,1,0.0296375910907715,0.0153388325132204,5.104436776446087e-05,5.104436776446087e-06,0.0004747126202094,0.0,0.0,0,0,0,0,0,0,1,0,0,0,0,0,0,0,0,1,__MSG_extName__,,,
0,0,0,0,0,0,1,0,0,0,0,0,0.0,0.0,0.0,0.0,0.0,0,0,0,0,0,0,0.0,0.0,0.0,0.0,0.0,0.0,0.0,0,0,0,0,0,0,0,0,0,0,0,0,0,0,0,0,Learn Portuguese - Tudo Bem,,,
0,1,0,0,1,1,0,0,0,0,0,400,0.4948754052000443,54.97333378350725,0.0689969479227807,4.1198836550345135,2.6314175523579366,10224,18,350,0,0,0,0.0142875210900685,0.00420967508835,7.411399803433207e-06,0.0,0.0001441105517334,0.0,0.0,9,0,0,2,0,0,2,0,0,0,0,0,0,0,0,2,Getscreen.me - Remote Desktop Access,,,
0,0,0,0,0,0,0,0,0,0,1,9,0.3540811519243009,38.26948435347373,0.0984465761526009,6.530238660502311,3.277588120953894,85,10,26,0,0,6,0.0944801949269024,0.0041822475890572,0.0004920291281243,0.0002952174768746,0.0012792757331234,0.0,0.0,2,0,0,0,0,0,2,0,0,0,0,0,0,0,0,2,__MSG_AppName__,,,
0,1,0,0,0,1,0,0,0,0,0,33,0.4401879094236239,58.93200705112062,0.0754284897914591,4.350357911378508,3.120871743371596,266,56,55,0,0,0,0.0227482324008607,0.0669856459330143,0.0141022412490556,0.0,0.0138504155124653,0.0,0.0,3,1,0,0,0,0,0,0,0,0,0,0,0,0,0,0,"Convert ChatGPT to Google Doc, Microsoft Word, PDF",,,
0,0,1,0,0,0,0,0,0,0,0,1,0.2764210745089889,26.418803418803417,0.0940455159513665,5.777540106951872,3.472969511313771,0,0,0,0,0,0,0.095187165775401,0.0,0.0,0.0,0.0,0.0,0.0,0,0,0,0,0,0,0,0,0,0,0,0,0,0,0,0,Dezoomify,,,
0,0,0,0,0,0,0,0,0,0,1,96,0.5940851541861766,52.63261596626436,0.0909423246725899,3.121127336173156,2.51176118013066,300,34,57,0,0,6,0.0515516852931776,0.007270612185546,0.0008240027143618,0.0001454122437109,0.0013814163152537,0.0,0.0,0,0,0,0,0,0,2,0,0,0,0,0,0,0,0,2,SmartVision,,,
0,0,0,0,1,1,1,0,0,0,0,48,0.4939402896084591,46.48909495369587,0.0641582100579099,5.379339763657388,2.8440658716854825,366,43,94,0,0,2,0.0660835660095326,0.0044248857509006,0.0005198636264719,2.4179703556834397e-05,0.0011364460671712,0.0,0.0,2,0,0,2,0,0,7,0,0,0,0,0,0,0,0,7,__MSG_EXTENSION_NAME__,,,
0,0,0,0,0,0,0,0,0,0,0,0,0.0,0.0,0.0,0.0,0.0,0,0,0,0,0,0,0.0,0.0,0.0,0.0,0.0,0.0,0.0,0,0,0,0,0,0,0,0,0,0,0,0,0,0,0,0,Aurora - Multi Color Tabs,,,
0,0,0,0,0,1,0,0,0,0,1,171,0.429260461731113,44.85105161975266,0.0898062383952368,4.151222245029301,3.031120988270283,611,75,241,0,0,10,0.0534380126769627,0.0043829445353074,0.0005380046483601,7.173395311468825e-05,0.0017287882700639,0.0,0.0,2,1,0,2,0,0,11,0,0,0,0,2,24,0,0,11,__MSG_extName__,,,
0,0,0,0,0,0,0,0,0,0,0,0,0.2345276872964169,31.36842105263158,0.1099348534201954,6.307692307692308,3.514429655612367,1,0,0,0,0,0,0.1025641025641025,0.0263157894736842,0.0,0.0,0.0,0.0,0.0,0,0,0,0,1,0,1,0,0,0,0,0,0,0,0,1,My New Tab,,,
0,1,0,0,1,1,0,0,0,0,1,92,0.4340529025350986,43.754452259526325,0.0884616285278828,4.126632874533224,2.7002641088615214,183,31,130,0,0,6,0.0464568813275994,0.0013506232794314,0.0002287941074446,4.428273047316098e-05,0.0009594591602518,0.0,0.0,0,0,0,0,0,0,3,0,0,0,0,0,0,0,0,3,__MSG_extensionName__,,,
0,0,0,0,0,0,0,0,0,0,0,0,0.0,0.0,0.0,0.0,0.0,0,0,0,0,0,0,0.0,0.0,0.0,0.0,0.0,0.0,0.0,0,0,0,0,0,0,0,0,0,0,0,0,0,0,0,0,Swisscows,,,
0,1,0,0,0,1,0,0,0,0,0,45,0.6391619727779355,18.269319587210838,0.0516284796977168,2.5429427613312563,1.8646348816112597,237,21,100,0,0,1,0.0110442905560208,0.0002402530259716,2.128824280761511e-05,1.0137258479816718e-06,0.0001013725847981,0.0,0.0,5,0,0,0,0,0,2,0,0,0,0,0,0,0,0,2,__MSG_extension_name__,,,
0,0,1,0,1,1,0,0,0,0,0,77,0.5099172868385985,36.14627135642394,0.0851440296679709,3.739497552528964,2.7659964547518645,166,18,81,0,0,5,0.027346374022818,0.0014864429241735,0.0001611805580429,4.477237723414163e-05,0.000725312511193,0.0,0.0,0,0,0,0,0,0,5,0,0,0,0,0,0,0,0,5,__MSG_name__,,,
0,0,0,0,1,1,0,0,0,0,1,184,0.5255638724635195,51.32828558733766,0.0840118520172378,3.857420520553,2.7453851435879844,6055,79,175,0,0,2,0.0505061108672278,0.0220520216477649,0.0002877142378486,7.283904755661415e-06,0.0006373416661203,0.0,0.0,0,0,0,3,0,0,0,0,0,0,0,0,0,0,0,0,WAPremium MultiWeb,,,
0,0,0,0,0,1,0,0,0,0,1,135,0.5213256349265403,46.06412413308965,0.0826590912441909,3.97485027263354,2.701685867614563,525,116,182,0,0,17,0.0629841298223484,0.0021181055663814,0.0004680004680004,6.858627548282721e-05,0.0007342765963455,0.0,0.0,6,0,0,0,0,0,2,1,0,0,0,0,0,0,0,2,__MSG_extName__,,,
0,0,0,0,0,1,0,0,0,0,0,37,0.5800766158574471,55.83255894214116,0.0575725491893934,6.036626022011482,2.5618791524054734,109,12,51,0,0,2,0.0703466718742838,0.0006966325167607,7.669348808374929e-05,1.2782248013958214e-05,0.0003259473243559,0.0,0.0,5,0,0,0,1,0,1,0,0,0,0,0,0,0,0,1,__MSG_appName__,,,
0,0,0,0,1,1,0,0,0,0,1,431,0.4682096090030538,59.443300524192026,0.0832539570960692,4.2522325619316685,2.922080817409624,1003,291,158,0,0,14,0.0594187971280191,0.0021013773135053,0.0006096717828814,2.933128852350484e-05,0.0003310245419081,0.0,0.0,0,0,0,0,0,0,1,0,0,0,0,0,0,0,0,1,PIP,,,
0,0,0,0,0,1,0,0,0,0,0,11,0.4473536371898514,44.63307928338117,0.1003212379264645,3.505281827395338,2.908867577315091,44,4,24,0,0,2,0.0301512434708037,0.0043551420370187,0.0003959220033653,0.0001979610016826,0.002375532020192,0.0,0.0,0,0,0,0,0,0,1,0,0,0,0,0,0,0,0,1,Pomodoro Chrome Extension,,,
0,0,0,0,0,1,0,0,0,0,0,0,0.3203698268271206,38.46718146718147,0.0763134722629879,6.993255671367259,3.2187134495154672,47,7,1,0,0,0,0.0318822808093194,0.0907335907335907,0.0135135135135135,0.0,0.0019305019305019,0.0,0.0,9,0,0,1,0,0,1,0,0,0,0,0,0,0,0,1,__MSG_name__,,,
1,1,0,0,1,1,0,0,0,0,1,106,0.3317162958115183,64.19733333333333,0.0909563154450261,4.628200972447326,3.1348154661167347,158,33,9,0,0,0,0.01645056726094,0.0421333333333333,0.0088,0.0,0.0024,0.0,0.0,5,0,0,6,0,1,1,0,0,0,0,0,0,0,0,1,Findymail - Email & Phone Finder,,,
0,0,0,0,0,1,0,1,0,0,1,0,0.390472287675443,40.505102040816325,0.0883720930232558,6.142523364485982,3.281434022536508,8,0,4,0,0,1,0.0573727933541017,0.0068027210884353,0.0,0.0008503401360544,0.0034013605442176,0.0,0.0,1,0,0,2,0,0,2,0,0,0,0,0,0,0,0,2,Fabasphere,,,
0,1,0,0,0,1,0,0,0,0,0,9,0.5877640523610214,53.63568844551634,0.0853016035763444,3.168288777997238,2.635798190265622,75,5,16,0,0,0,0.0968012588097425,0.0010277351458013,6.851567638675729e-05,0.0,0.0002192501644376,0.0,0.0,0,0,0,0,0,0,3,0,0,0,0,0,0,0,0,3,__MSG_appName__,,,
0,0,0,0,0,0,0,0,0,0,1,4,0.5011475632892707,43.83976056175895,0.0848798909429786,5.306604866743917,2.951627132847173,76,23,8,0,0,5,0.0595953293519921,0.0043743524807183,0.0013238171981121,0.0002877863474156,0.000460458155865,0.0,0.0,13,1,0,7,0,0,3,0,0,0,0,0,0,0,0,3,__MSG_appName__,,,
0,0,0,0,1,1,0,0,0,0,0,61,0.530669695160767,34.418335343787696,0.084631156169731,3.313060440200303,2.6107488525150675,108,6,75,0,0,2,0.0213274588201803,0.0011843403882004,6.579668823335893e-05,2.193222941111964e-05,0.0008224586029169,0.0,0.0,9,0,0,0,0,0,1,0,0,0,0,0,0,0,0,1,__MSG_extName__,,,
0,0,0,0,0,0,0,0,0,0,0,0,0.1798418972332015,32.8,0.1106719367588932,6.096153846153846,4.751348298677572,0,0,0,0,0,0,0.0576923076923076,0.0,0.0,0.0,0.0,0.0,0.0,0,0,0,0,0,0,0,0,0,0,0,0,0,0,0,0,__MSG_name__,,,
0,1,0,0,0,1,0,0,0,0,0,144,0.3885557654736125,36.6353468299908,0.0920429533709314,3.775243595752325,2.9627255277149374,1028,32,196,0,0,1,0.0436010409466998,0.0042412565341342,0.0001320235497006,4.125735928146183e-06,0.0008086442419166,0.0,0.0,4,0,0,0,0,0,0,0,0,0,0,0,0,0,0,0,AI Copilot for Sheets - by Arcwise,,,
0,0,0,0,0,0,0,0,0,0,0,0,0.0,0.0,0.0,0.0,0.0,0,0,0,0,0,0,0.0,0.0,0.0,0.0,0.0,0.0,0.0,0,0,0,0,0,0,0,0,0,0,0,0,0,0,0,0,__MSG_ext_name__,,,
0,0,0,0,0,0,0,0,0,0,0,0,0.0,0.0,0.0,0.0,0.0,0,0,0,0,0,0,0.0,0.0,0.0,0.0,0.0,0.0,0.0,0,0,0,0,0,0,0,0,0,0,0,0,0,0,0,0,__MSG_appName__,,,
0,0,0,0,0,0,0,0,0,0,0,8,0.3573260088580618,37.96251917177914,0.0945320830419928,6.18394513916902,3.417499375716224,25,1,69,0,0,3,0.1344666628248717,0.0004792944785276,1.9171779141104296e-05,5.751533742331288e-05,0.0013228527607361,0.0,0.0,0,0,0,4,0,0,4,0,0,0,0,0,0,0,0,4,__MSG_AppName__,,,
0,0,0,0,0,1,0,0,0,0,0,55,0.5037205851254698,52.187791823892326,0.0863960149271814,3.893701564041144,2.8094239587485736,215,38,59,0,0,1,0.0561751444272227,0.0012036860786706,0.0002127445162301,5.598539900793873e-06,0.0003303138541468,0.0,0.0,25,1,0,0,0,0,3,0,0,0,0,0,0,0,0,3,Cognism - Premium Sales Intelligence,,,
0,0,0,0,0,1,0,0,0,0,1,112,0.342627805495464,40.39897592197501,0.0964462595258891,4.4390322962383655,3.461047951705366,380,16,125,0,0,7,0.0702573100016979,0.0046327339225845,0.0001950624809509,8.53398354160317e-05,0.0015239256324291,0.0,0.0,2,0,0,0,0,0,0,0,0,0,0,0,0,0,0,0,__MSG_extName__,,,
0,0,0,0,1,0,0,0,0,0,0,44,0.4379016877706733,20.057715430861723,0.0761114656995917,5.482097735399285,3.29068156029964,115,34,278,0,0,0,0.1363210170838299,0.0030728122912491,0.0009084836339345,0.0,0.0074281897127588,0.0,0.0,0,0,0,2,0,1,2,0,0,0,0,0,0,0,0,2,Shopify Scraper,,,
0,0,0,0,0,1,0,0,0,0,0,0,0.330045754956787,14.640699523052463,0.1022877478393492,7.263440860215054,3.773484015757922,3,0,4,0,0,0,0.0241935483870967,0.0047694753577106,0.0,0.0,0.0063593004769475,0.0,0.0,1,0,0,0,0,0,1,0,0,0,0,0,0,0,0,1,Sound Booster,,,
0,1,1,0,0,1,0,1,0,0,0,101,0.6089960614441982,80.46685054970669,0.0621193410113704,3.2261032614013025,2.5871351681065096,309,5,80,0,1,5,0.0340511820700484,0.0012004195641194,1.942426479157764e-05,1.942426479157764e-05,0.0003107882366652,3.884852958315528e-06,0.0,0,0,0,0,0,0,1,0,0,0,0,0,0,0,0,1,Iago - Learn Japanese through TV,,,
0,0,0,0,0,0,0,0,0,0,0,0,0.0,0.0,0.0,0.0,0.0,0,0,0,0,0,0,0.0,0.0,0.0,0.0,0.0,0.0,0.0,0,0,0,0,0,0,0,0,0,0,0,0,0,0,0,0,SAS Writing Navigator,,,
1,1,0,0,1,1,0,0,0,0,0,34,0.5116809228570756,46.6504511573166,0.087673149512261,3.8917321093738138,2.8360919820863986,131,14,50,0,0,2,0.0563091653140401,0.0005038500296156,5.384656805052347e-05,7.692366864360495e-06,0.000192309171609,0.0,0.0,0,0,0,1,0,0,7,0,0,0,0,0,0,0,0,7,ParagraphAI,,,
0,0,1,0,0,1,0,0,0,0,1,325,0.4545557683235738,37.72643840926957,0.0675969694530286,5.809011981993606,2.599188051748713,1078,322,235,0,7,5,0.0410277810570473,0.0029021246352153,0.0008668683975318,1.3460689402668446e-05,0.0006326524019254,1.8844965163735827e-05,0.0,54,0,0,50,1,27,18,0,7,0,0,0,0,0,0,18,__MSG_appName__,,,
0,1,0,0,0,1,0,1,0,0,0,17,0.3338143523816683,95.1433434718308,0.0544664098845351,4.997743817968258,3.1251044238423296,720,17,29,0,0,2,0.027752898481106,0.0200909674358902,0.0004743700644585,5.5808242877473e-05,0.0008092195217233,0.0,0.0,100,0,0,2,0,0,2,0,0,0,0,0,0,0,0,2,Zoho Assist - FREE Remote Support Tool,,,
0,0,0,0,0,1,0,0,0,0,0,30,0.57697177179706,63.47438266771078,0.0710090477293227,3.957091894692788,2.334253720408147,94,12,43,0,0,0,0.0647928555137037,0.0009814669799008,0.0001252936570086,0.0,0.0004489689376141,0.0,0.0,3,0,0,0,0,0,0,0,0,0,0,0,0,0,0,0,Gmail Message Preview by cloudHQ,,,
1,1,0,0,0,0,0,0,0,0,0,29,0.3085922481363407,54.04512349588347,0.0887787339102087,4.1574713884690135,3.266285898992769,115,29,10,0,0,2,0.0679967301107443,0.0060692421363732,0.0015305045387375,0.0001055520371543,0.0005277601857715,0.0,0.0,47,0,0,11,2,0,90,0,0,0,11,0,0,0,0,90,__MSG_appName__,,,
0,0,0,0,0,0,0,0,0,0,0,0,0.0,0.0,0.0,0.0,0.0,0,0,0,0,0,0,0.0,0.0,0.0,0.0,0.0,0.0,0.0,0,0,0,0,0,0,0,0,0,0,0,0,0,0,0,0,NOVA RNA Lab,,,
0,0,0,0,1,1,1,0,0,0,1,146,0.3597924006056782,39.057876602452325,0.0920462254465622,5.005751191648331,3.071030457904429,499,106,53,0,0,2,0.0703579032676579,0.0069608157685493,0.0014786502434193,2.789906119659073e-05,0.0007393251217096,0.0,0.0,338,0,0,108,6,6,172,0,0,0,66,5,0,5,26,151,SMS from Gmail ™ & Facebook™ (MightyText),,,
0,0,0,0,0,0,0,0,0,0,0,0,0.0,0.0,0.0,0.0,0.0,0,0,0,0,0,0,0.0,0.0,0.0,0.0,0.0,0.0,0.0,0,0,0,0,0,0,0,0,0,0,0,0,0,0,0,0,Ultimate Self,,,
0,0,0,0,0,1,0,0,0,0,1,212,0.6693300857608538,48.16845657351339,0.0760713085808776,3.20908970602999,3.0204412542611814,1146,35,99,0,0,13,0.0504604404530478,0.001814715346221,5.542324355823558e-05,2.058577617877321e-05,0.0001567686032075,0.0,0.0,97,1,0,0,0,0,5,0,0,0,0,0,0,0,0,5,__MSG_Extension_Name__,,,
0,0,0,0,0,0,0,0,0,0,0,0,0.0,0.0,0.0,0.0,0.0,0,0,0,0,0,0,0.0,0.0,0.0,0.0,0.0,0.0,0.0,0,0,0,0,0,0,0,0,0,0,0,0,0,0,0,0,Lighting the Forest,,,
0,1,0,0,0,0,0,0,0,0,1,0,0.4602575706107784,38.40175162811588,0.0755989576802686,4.752987185039872,2.923782922063469,9,3,4,0,0,0,0.051514611092711,0.0004042218728946,0.0001347406242982,0.0,0.0001796541657309,0.0,0.0,1,0,0,0,0,0,3,0,0,0,0,0,0,0,0,3,M3U8 Downloader,,,
0,0,0,0,0,1,0,0,0,0,0,45,0.3985903993140416,20.553600329576557,0.085613716982111,4.996436479887375,3.163944654759748,72,11,17,0,0,3,0.0715930254725697,0.0021187064120295,0.0003236912573934,8.827943383456434e-05,0.0005002501250625,0.0,0.0,2,0,0,0,0,0,0,0,0,1,0,0,0,0,0,0,Social Fixer for Facebook,,,
1,1,0,0,1,1,0,0,0,0,0,12,0.3114172179011897,26.945159106296547,0.0816311695863923,6.5734368135891055,3.0484567473490847,19,1,25,0,0,0,0.0380729242934543,0.0064319566689234,0.0003385240352064,0.0,0.0084631008801624,0.0,0.0,0,0,0,16,0,0,2,0,0,0,0,0,0,0,0,2,PopUpOFF - Popup and overlay blocker,,,
0,0,0,0,0,1,0,0,0,0,0,41,0.4184170716727527,19.486392440584915,0.0913013310035002,4.646778576141565,3.198283911126486,290,41,46,0,0,1,0.0976428352478478,0.0029592742634978,0.0004183801544945,1.0204394012061594e-05,0.0004694021245548,0.0,0.0,119,0,3,0,0,0,21,0,0,0,0,0,0,0,0,21,__MSG_app_name__,,,
1,1,0,0,0,1,0,0,0,0,1,6,0.4286470662147564,41.294629791940174,0.0846978843939609,4.004770553521291,3.3558830925726677,239,3,67,0,0,5,0.0753986833040359,0.0002247617901195,2.821277700244887e-06,4.702129500408145e-06,6.300853530546914e-05,0.0,0.0,0,0,0,0,0,0,3,0,0,0,0,0,0,0,0,3,Pieces for Developers: Copilot & Code Capture,,,
0,0,0,0,0,0,0,0,0,0,0,0,0.0,0.0,0.0,0.0,0.0,0,0,0,0,0,0,0.0,0.0,0.0,0.0,0.0,0.0,0.0,0,0,0,0,0,0,0,0,0,0,0,0,0,0,0,0,Spring Forest,,,
0,0,1,0,1,1,0,1,0,0,1,52,0.3431615290006919,35.72414783951726,0.0837179960535292,5.868184522373901,3.16498765844977,106,4,52,0,1,0,0.0650448335557592,0.0019036672533314,7.183650012571388e-05,0.0,0.0009338745016342,1.795912503142847e-05,0.0,10,2,4,0,0,0,1,0,0,0,0,0,0,0,0,1,iGive Button,,,
0,0,0,0,1,1,0,0,0,0,0,51,0.2263314185971466,88.74972768862102,0.0590372271157066,17.360902799229702,3.052180200371013,579,45,68,0,0,0,0.0782522395809371,0.0070074794858761,0.0005446227579696,0.0,0.0008229855009319,0.0,0.0,56,8,0,1,0,0,6,0,0,0,0,0,0,0,0,6,Tabli,,,
0,0,0,0,0,1,0,1,0,0,0,20,0.4871764999955364,54.09265953522685,0.0675343921011989,4.0891445003594535,2.1351021832270045,1145,5,31,0,0,3,0.0325415572411567,0.0281568916758883,0.0001229558588466,7.377351530800442e-05,0.0007623263248493,0.0,0.0,0,0,0,0,0,0,3,0,0,0,0,0,0,0,0,3,OpenTabs: Save trees by surfing the web,,,
0,0,1,1,0,1,0,0,0,0,1,49,0.3727353195253431,23.93883629714825,0.0986966390991714,4.739892063529677,3.33938637624309,287,37,36,0,1,11,0.0523687375224374,0.0042319148308708,0.0005455778701819,0.0001621988262703,0.0005308325223392,1.474534784275561e-05,0.0,170,0,0,41,8,12,139,0,0,0,0,0,0,8,0,139,__MSG_pluginName__,,,
0,1,0,0,1,1,1,1,1,0,0,31,0.4892380344505488,40.47493713559369,0.0785807370610566,4.866350081997655,2.486265435465014,488,6,84,0,0,0,0.04518425478111,0.0067423802813009,8.289811821271657e-05,0.0,0.001160573654978,0.0,0.0,0,0,0,0,0,0,3,0,0,0,0,0,0,0,0,3,1Password SaaS Manager,,,
1,1,0,0,0,1,0,0,0,0,0,20,0.1838282816991171,67.9222236981934,0.0917093578905845,4.885502350722318,3.3931700474799893,202,19,144,0,0,0,0.0853719891051393,0.0044721927027984,0.000420651788877,0.0,0.0031880977683315,0.0,0.0,0,0,0,0,0,0,3,0,0,0,0,0,0,0,0,3,__MSG_title__,,,
0,0,0,0,1,1,0,0,0,0,1,125,0.5257700865948879,51.90975326641845,0.0826375701203607,3.602602601775658,2.740981754991123,2016,85,152,0,0,5,0.0547914424100832,0.0080972635586991,0.0003414024813935,2.008249890550381e-05,0.0006105079667273,0.0,0.0,0,0,0,0,0,0,4,0,0,0,0,0,0,0,0,4,Tab Nodes Tree - Vertical Tree Style Tabs in Side Panel,,,
0,0,0,0,0,1,0,0,0,0,0,33,0.5858927661030887,63.25495196933368,0.0760118316895809,3.9455367757439768,2.4996440297000184,100,12,43,0,0,1,0.0632567656723601,0.0015272071962003,0.000183264863544,1.5272071962003084e-05,0.0006566990943661,0.0,0.0,3,0,0,0,0,0,0,0,0,0,0,0,0,0,0,0,__MSG_appName__,,,
0,1,1,0,0,1,0,0,0,0,0,22,0.4473331568536857,42.58273020422788,0.0854008033660478,4.266295842688984,3.108621097482155,158,39,85,0,0,1,0.0669864598217323,0.0113221067717663,0.0027946972411322,7.165890361877464e-05,0.0060910068075958,0.0,0.0,0,0,0,8,0,1,2,0,0,0,0,0,0,0,0,2,Google Calendar Event Checker,,,
0,1,0,0,0,1,0,0,0,0,0,47,0.433363954690641,81.54092639593908,0.0829890032171643,3.863737348802765,3.0460558888937634,302,65,44,0,0,1,0.0317381951546355,0.0958121827411167,0.0206218274111675,0.0003172588832487,0.0139593908629441,0.0,0.0,0,0,0,0,0,0,0,0,0,0,0,0,0,0,0,0,__MSG_appName__,,,
0,0,0,0,0,1,0,0,0,0,1,38,0.4559789622374499,41.25236567102773,0.0976982319658701,3.598904396460358,2.99879258363928,124,11,43,0,0,0,0.0580618798922273,0.0034010806659535,0.0003017087687539,0.0,0.001179407005129,0.0,0.0,0,0,2,0,0,0,4,0,0,0,0,0,0,0,0,4,__MSG_n__,,,
0,0,0,0,0,0,0,0,0,0,0,0,0.2347949080622348,14.54945054945055,0.0855728429985855,6.046666666666667,3.4117420266304634,0,0,0,0,0,0,0.0266666666666666,0.0,0.0,0.0,0.0,0.0,0.0,0,0,0,0,0,0,0,0,0,0,0,0,0,0,0,0,__MSG_appName__,,,
0,1,0,0,1,1,0,0,0,0,0,88,0.4217317571410225,29.07272211162585,0.0193699981173132,5.153160370959956,2.309260695917404,2004,35,110,0,0,2,0.0071841574006471,0.0012393389944656,2.164514211891099e-05,1.2368652639377708e-06,6.802758951657739e-05,0.0,0.0,0,0,0,0,0,0,2,0,0,0,0,0,0,0,0,2,LoadFetcher - Relay Amazon Efficiency Booster,,,
0,0,0,0,1,1,0,0,0,0,1,120,0.3840892201473824,32.322737715249964,0.1107512376433951,3.708634186833536,3.18808668773071,605,27,100,0,0,1,0.0448145073750079,0.0061499989834712,0.0002744627645516,1.0165287575985525e-05,0.0010165287575985,0.0,0.0,4,0,0,0,0,0,4,0,0,0,0,0,0,0,0,4,Reforge – AI prototyping for product builders,,,
0,0,0,0,0,1,0,0,0,0,0,0,0.4075441057060603,41.41273154187321,0.1298134888413178,3.3728635839362484,3.1898491285341426,84,13,10,0,0,0,0.0532137988885393,0.0219149491260109,0.0033915992695016,0.0,0.0026089225150013,0.0,0.0,0,0,1,1,0,0,3,0,0,0,0,0,0,0,0,3,Demon Slayer Cursor,,,
0,0,0,0,0,0,0,0,0,0,0,0,0.1972383225366518,26.805687203791468,0.070235254006137,2.8984689766317486,3.4881399047222588,6,2,0,0,0,0,0.0064464141821112,0.0284360189573459,0.0094786729857819,0.0,0.0,0.0,0.0,0,0,0,0,0,0,0,0,0,0,0,0,0,0,0,0,ARSENAL,,,
0,0,0,0,0,0,0,0,0,0,0,0,0.2051089406461307,28.6,0.0991735537190082,5.79020979020979,3.518932197765593,0,0,0,0,0,0,0.0699300699300699,0.0,0.0,0.0,0.0,0.0,0.0,0,0,0,0,0,0,0,0,0,0,0,0,0,0,0,0,Gmail Conversation Reversal,,,
1,1,1,0,0,1,0,0,1,0,0,5,0.4425673319001325,39.8240421125302,0.0956460712753161,3.718932792169034,2.8772866765849483,16,1,2,0,0,0,0.0273069117822609,0.0006903693476009,4.3148084225060405e-05,0.0,8.629616845012081e-05,0.0,0.0,0,0,0,0,0,0,3,0,0,0,0,0,0,0,0,3,__MSG_appName__,,,
0,0,0,0,0,0,0,0,0,0,0,33,0.3486055119826935,42.92875318066158,0.1008655664798338,4.570729201071599,3.388029855906797,132,10,88,0,0,3,0.1108811332525964,0.0046649703138252,0.0003534068419564,0.0001060220525869,0.0031099802092168,0.0,0.0,1,0,0,4,0,0,6,2,0,0,0,0,0,0,0,6,__MSG_AppName__,,,
0,0,0,0,0,1,0,0,0,0,0,2,0.316069770205499,52.840995260663504,0.1080971642099796,5.326178150660478,3.28642719997753,88,16,12,0,0,0,0.0521688682613352,0.0208530805687203,0.0037914691943127,0.0,0.0028436018957345,0.0,0.0,0,0,0,1,0,0,4,0,0,0,0,0,0,0,0,4,Table Tennis,,,
0,0,1,0,1,1,0,1,0,0,0,12,0.5480707688736342,39.99877634262406,0.1011391334626672,3.066988228151246,2.564801667665295,8,0,0,0,0,0,0.0544405842075083,0.0002719238613188,0.0,0.0,0.0,0.0,0.0,0,0,0,0,0,0,2,0,0,0,0,0,0,0,0,2,VratnePenize.cz Připomínáček,,,
0,0,0,0,0,0,0,0,0,0,0,0,0.0,0.0,0.0,0.0,0.0,0,0,0,0,0,0,0.0,0.0,0.0,0.0,0.0,0.0,0.0,0,0,0,0,0,0,0,0,0,0,0,0,0,0,0,0,__MSG_appName__,,,
0,0,0,0,0,1,0,0,0,0,0,191,0.5118635111944972,46.893353567889,0.0688043878986301,3.959663499362776,2.5927411526435367,2199,76,313,0,0,9,0.0272871989867898,0.0034052898909811,0.0001176907829534,1.3937066402378591e-05,0.000484700198216,0.0,0.0,0,0,0,0,0,0,2,0,0,0,0,0,0,0,0,2,__MSG_appName__,,,
0,1,0,0,0,1,0,0,0,0,1,159,0.4055031642541942,35.57246814748697,0.082513312460049,4.820969854808764,2.6803220316202307,1089,8,166,0,0,0,0.0302447576339119,0.0033750801930211,2.479397754285484e-05,0.0,0.0005144750340142,0.0,0.0,8,0,0,0,0,0,8,0,0,0,0,0,0,0,0,8,__MSG_appName__,,,
0,0,0,0,1,1,0,1,0,0,0,109,0.3877738117277634,53.58578935860608,0.0557826901507452,2.7452733039383856,2.4386374374478668,374,25,314,0,0,0,0.0117693954848439,0.0009399370191933,6.283001465195942e-05,0.0,0.0007891449840286,0.0,0.0,9,0,0,0,0,0,3,0,0,0,0,0,0,0,0,3,__MSG_extensionName__,,,
0,1,0,0,1,1,1,1,0,0,0,13,0.4624067849699423,36.94253624134779,0.0983514299138282,3.663372512968678,2.8284036580841003,103,7,27,0,0,0,0.0470155624138157,0.0067258717513386,0.000457098080188,0.0,0.0017630925950111,0.0,0.0,0,0,1,0,0,0,1,0,0,0,0,0,0,0,0,1,Anara Web Clipper,,,
0,0,0,0,0,0,0,0,0,0,0,0,0.0,0.0,0.0,0.0,0.0,0,0,0,0,0,0,0.0,0.0,0.0,0.0,0.0,0.0,0.0,0,0,0,0,0,0,0,0,0,0,0,0,0,0,0,0,StackEdit,,,
0,1,0,0,0,1,0,0,0,0,1,17,0.4159161183205244,39.62576958399946,0.0860234320119161,4.964448045899929,3.124464223583663,177,16,23,0,0,0,0.0903002868745575,0.0060206129460185,0.0005442361985101,0.0,0.0007823395353583,0.0,0.0,56,1,0,0,0,1,18,0,0,0,0,0,0,0,0,18,__MSG_extension_name__,,,
0,1,0,0,1,1,0,1,0,0,0,48,0.4686878933744223,49.862364516404334,0.0667090628720704,5.762461380899548,3.074907401997515,403,11,72,0,0,4,0.0487462661090722,0.0049133758427719,0.0001341119957084,4.876799843942405e-05,0.0008778239719096,0.0,0.0,0,0,0,0,0,0,1,0,0,0,0,0,0,0,0,1,Exeos Extension,,,
0,0,0,0,0,0,0,0,0,0,0,0,0.0,0.0,0.0,0.0,0.0,0,0,0,0,0,0,0.0,0.0,0.0,0.0,0.0,0.0,0.0,0,0,0,0,0,0,0,0,0,0,0,0,0,0,0,0,Sobremesa,,,
0,0,0,0,0,1,1,0,0,0,0,147,0.4883021700353512,42.97369434107532,0.0848949873004269,3.753967213663391,2.775261745503787,483,56,29,0,0,6,0.0689374839638112,0.0026947260361863,0.0003124320041955,3.347485759237666e-05,0.0001617951450298,0.0,0.0,28,0,0,33,0,2,11,0,0,0,0,0,0,0,0,11,وسهام | VaSaham,,,
0,0,1,0,0,1,0,0,0,0,0,7,0.3438089266969701,35.127922440049765,0.0814654906263507,5.00908970035416,3.3283104343057373,17,6,18,0,1,0,0.0338204542432703,0.0007292694436103,0.0002573892153918,0.0,0.0007721676461756,4.2898202565312514e-05,0.0,16,2,1,2,0,0,3,0,0,0,0,0,0,0,0,3,Tipli: Cashback și cupoane de reducere,,,
0,1,0,0,0,1,0,0,0,0,0,21,0.5239737259177148,42.96363123766563,0.0968229247780719,3.4313053628413552,2.6779935419647463,60,9,60,0,0,0,0.0473308168048874,0.0024165290587619,0.0003624793588142,0.0,0.0024165290587619,0.0,0.0,0,0,0,0,0,0,2,0,0,0,0,0,0,0,0,2,__MSG_appName__,,,
0,0,0,0,0,0,0,0,0,0,0,0,0.0,0.0,0.0,0.0,0.0,0,0,0,0,0,0,0.0,0.0,0.0,0.0,0.0,0.0,0.0,0,0,0,0,0,0,0,0,0,0,0,0,0,0,0,0,__MSG_themeName__,,,
0,0,0,0,0,0,1,0,0,0,0,22,0.4451436617528796,39.79390243902439,0.120941342477302,3.4611141602634468,3.1834436400261046,186,26,19,0,0,0,0.0732985729967069,0.0226829268292682,0.003170731707317,0.0,0.0023170731707317,0.0,0.0,0,0,0,4,0,1,10,0,0,0,0,0,0,0,0,10,ESPNCricinfo,,,
0,0,0,0,0,1,0,0,0,0,0,5,0.2644406901919098,56.26739130434783,0.0480059224388299,4.949317738791423,2.6452498901092323,12,2,10,0,0,0,0.0189615452773347,0.0130434782608695,0.0021739130434782,0.0,0.0108695652173913,0.0,0.0,41,0,12,7,0,1,8,0,0,0,0,0,0,0,0,8,__MSG_extensionName__,,,
0,0,0,0,0,0,0,0,0,0,0,0,0.0,0.0,0.0,0.0,0.0,0,0,0,0,0,0,0.0,0.0,0.0,0.0,0.0,0.0,0.0,0,0,0,0,0,0,0,0,0,0,0,0,0,0,0,0,Spring Flowers,,,
0,0,1,0,1,1,0,1,0,0,1,54,0.4438248829916121,43.18237819675191,0.0901991809676918,4.150570851470604,3.022654320117077,200,70,105,0,1,3,0.0546224387293289,0.0093335822288594,0.0032667537801008,0.0001400037334328,0.0049001306701512,4.666791114429718e-05,0.0,80,0,0,0,0,0,16,0,0,0,0,0,0,0,0,16,__MSG_appName__,,,
0,0,0,0,0,0,0,0,0,0,0,0,0.0,0.0,0.0,0.0,0.0,0,0,0,0,0,0,0.0,0.0,0.0,0.0,0.0,0.0,0.0,0,0,0,0,0,0,0,0,0,0,0,0,0,0,0,0,Paloma Mensajera,,,
0,1,0,0,1,1,0,0,0,0,0,30,0.272827646561988,153.39434406912804,0.0648729507779666,3.958561486558095,3.210341684764702,86,42,52,0,0,0,0.0087257568799236,0.0675569520816967,0.03299293008641,0.0,0.0408483896307934,0.0,0.0,0,0,0,2,0,0,3,0,0,0,0,0,0,0,0,3,Promptimize AI: Your Personal AI Prompt Engineer — Across All AI Platforms,,,
1,1,0,0,0,1,1,0,0,0,0,5,0.484279636249949,39.114609958082,0.0837280981962021,3.822675201278455,2.5211483461160458,1818,5,7,0,0,0,0.0475425355439946,0.0619568551272875,0.0001703983914391,0.0,0.0002385577480148,0.0,0.0,7,0,0,0,0,0,5,0,0,0,0,0,0,0,0,5,dataslayer,,,
0,0,0,0,0,1,0,0,0,0,0,4,0.4111788296965295,46.92403147699758,0.1303691540089051,3.3042571398010483,3.233675952571786,71,8,10,0,0,0,0.0567975184511712,0.0214891041162227,0.0024213075060532,0.0,0.0030266343825665,0.0,0.0,0,0,0,0,0,0,0,0,0,0,0,0,0,0,0,0,__MSG_name__,,,
0,1,0,0,1,1,0,0,0,0,0,7,0.4118237712013217,39.95887358184765,0.1313356647161533,3.2443368351936965,3.185396895217792,72,8,7,0,0,0,0.0530203545633617,0.0145867098865478,0.0016207455429497,0.0,0.001418152350081,0.0,0.0,0,0,0,0,0,0,2,0,0,0,0,0,0,0,0,2,ブラウザ切替機能２ for Google Workspace™ ＜サテライトオフィス＞,,,
0,0,0,0,0,0,0,0,0,0,0,0,0.0,0.0,0.0,0.0,0.0,0,0,0,0,0,0,0.0,0.0,0.0,0.0,0.0,0.0,0.0,0,0,0,0,0,0,0,0,0,0,0,0,0,0,0,0,Podio,,,
0,0,0,0,1,1,1,1,0,0,0,10,0.4067176571476724,38.78524945770065,0.1202704511319192,3.885273258239466,3.224549868392182,66,8,11,0,0,3,0.0608631159319519,0.0130151843817787,0.0015775981068822,0.0005915992900808,0.0021691973969631,0.0,0.0,3,0,0,4,0,0,11,0,0,0,0,0,0,0,0,7,Writer - Extension & Clipper,,,
0,0,0,0,0,0,0,0,0,0,0,5,0.4661743687470224,45.40623766285037,0.0730534948614986,4.478791833690687,3.0447611268718258,76,5,49,0,0,0,0.1146639321338678,0.0300039478878799,0.0019739439399921,0.0,0.0193446506119226,0.0,0.0,0,0,0,0,0,0,2,0,0,0,0,0,0,0,0,2,Screshot - One click screen capture and editor,,,
0,1,0,0,1,1,0,0,0,0,1,48,0.4357627844640765,36.65762240702672,0.0955680814022193,3.8257095921472,2.925862545050495,270,20,140,0,0,1,0.0493778957780207,0.0031536161465146,0.0002336011960381,1.1680059801906186e-05,0.0016352083722668,0.0,0.0,0,0,0,0,0,0,2,0,0,0,0,0,0,0,0,2,__MSG_extensionName__,,,
0,0,0,0,0,1,0,0,0,0,0,0,0.2629405692375756,39.61077844311377,0.1138475151157646,4.6073697585768745,3.566065219149212,10,1,3,0,0,0,0.0177890724269377,0.059880239520958,0.0059880239520958,0.0,0.0179640718562874,0.0,0.0,0,0,0,3,0,0,1,0,0,0,0,0,0,0,0,1,The Washington Post,,,
0,0,0,0,1,0,0,0,0,0,0,0,0.4029636466184689,18.27371541501976,0.0770650669127826,5.871446229913474,2.850436406338531,4,0,1,0,0,0,0.0803461063040791,0.0039525691699604,0.0,0.0,0.0009881422924901,0.0,0.0,0,0,0,0,0,0,0,0,0,0,0,0,0,0,0,0,WordWeb Dictionary Lookup,,,
0,1,0,0,0,1,0,0,0,0,0,0,0.3027493348383455,18.26552795031056,0.0796581472224461,6.7125,3.275821017559013,27,14,2,0,0,0,0.0288461538461538,0.0419254658385093,0.0217391304347826,0.0,0.0031055900621118,0.0,0.0,0,0,0,1,0,0,1,0,0,0,0,0,0,0,0,1,__MSG_appName__,,,
0,0,0,0,0,1,0,0,0,0,1,2,0.4495951671770776,35.46836411321167,0.091445471925398,4.269045172939821,3.021290003147348,50,36,31,0,0,0,0.0664362877868061,0.0054638837285542,0.003933996284559,0.0,0.0033876079117036,0.0,0.0,2,1,0,0,0,0,1,0,0,0,0,0,0,0,0,1,LeetCode Video Solutions,,,
1,1,0,0,0,1,0,0,0,0,1,0,0.190567875872012,146.3323511863525,0.0651446232931134,13.69097062697173,2.6424820961278943,0,0,6,0,0,0,0.042840800708309,0.0,0.0,0.0,1.6966070686305835e-05,0.0,0.0,75,0,0,0,0,0,1,0,0,0,0,0,0,0,0,1,Oyl Wallet - Bitcoin & Ordinals Wallet,,,
0,1,0,0,0,1,0,0,0,0,0,16,0.3964220195979636,40.89405052974735,0.0970248991796246,4.594348865462241,2.835344516650125,156,39,31,0,0,0,0.0684053768076184,0.0127139364303178,0.0031784841075794,0.0,0.0025264873675631,0.0,0.0,0,0,0,25,1,1,5,0,0,0,0,0,0,1,0,5,__MSG_appName__,,,
0,1,1,0,1,1,0,0,0,0,1,96,0.3884945838855467,32.85270398481973,0.0968577661123513,3.8042840530924655,2.9494959629682853,772,15,128,0,0,3,0.0368365039001531,0.0055488471048243,0.0001078143867517,2.156287735035363e-05,0.0009200161002817,0.0,0.0,6,0,0,0,0,0,3,0,0,0,0,0,0,0,0,3,Cristiano Ronaldo (CR7) MeaVana,,,
0,0,0,0,0,1,0,0,0,0,0,42,0.4216723710752965,42.35447057656049,0.0823982125205311,4.369131623226767,2.7344463681946447,243,58,22,0,0,2,0.0480343972173635,0.0034449028197167,0.0008222401791916,2.8353109627298373e-05,0.0003118842059002,0.0,0.0,165,0,0,3,0,1,7,1,1,0,0,0,0,0,0,7,__MSG_extName__,,,
0,0,0,0,0,1,0,0,0,0,0,25,0.3694161540788545,56.464318389752975,0.1066191494668909,3.851362841891445,3.099812463196177,108,8,9,0,0,0,0.0337285653550002,0.0164684354986276,0.0012198841110094,0.0,0.0013723696248856,0.0,0.0,1,0,0,20,0,1,2,0,0,0,0,0,0,0,0,2,__MSG_appName__,,,
0,0,1,0,1,1,0,0,0,0,0,62,0.5773811866378062,47.812366271533215,0.0704169246348849,3.9522109661196514,2.450996320853604,397,5,279,0,3,0,0.0578812336990975,0.0031001577410235,3.90448078214559e-05,0.0,0.0021787002764372,2.342688469287354e-05,0.0,7,0,0,0,0,0,6,0,0,0,0,0,1,0,0,6,__MSG_app_name__,,,
0,0,0,0,1,1,1,1,0,0,0,225,0.3601914445356354,44.80179663999672,0.0864505692836005,5.201550981575309,3.0048631045388148,369,39,119,0,0,13,0.0351812298664521,0.002516933025026,0.0002660173115881,8.867243719604112e-05,0.0008116938481791,0.0,0.0,9,3,0,0,0,0,1,0,0,0,0,0,0,0,0,1,__MSG_ext_name__,,,
0,0,0,0,0,1,0,0,0,0,0,1,0.5790023644779059,43.51252236135957,0.0432371243125933,5.9934179595674655,1.1607645201937051,4,0,3,0,1,0,0.0394922425952045,0.0011926058437686,0.0,0.0,0.0008944543828264,0.0002981514609421,0.0,0,0,0,0,1,0,1,0,0,0,0,0,0,0,0,1,Designer Daily Report,,,
0,0,0,0,0,1,0,0,0,0,0,27,0.3886448336683989,38.881844970768526,0.0742739192555222,5.499642786437935,3.264934526603524,145,11,58,0,0,3,0.0853525224442015,0.0022849398824437,0.000173340266944,4.727461825745757e-05,0.0009139759529775,0.0,0.0,1,0,0,3,0,0,6,0,0,0,0,0,0,0,0,6,Onion's Revenge,,,
0,0,0,0,0,1,0,0,0,0,0,3,0.3873232495545699,31.08562393578205,0.1214905796277341,3.0275194222562645,3.097752488153481,26,4,1,0,0,0,0.0239085239085239,0.0063244952566285,0.0009729992702505,0.0,0.0002432498175626,0.0,0.0,2,0,0,0,0,0,3,0,0,0,0,0,0,0,0,3,__MSG_APP_NAME__,,,
0,1,0,0,0,1,0,0,0,0,0,49,0.4668100264088983,40.40761381086838,0.0888427638721486,3.604247278980834,2.64814394888554,127,13,74,0,0,0,0.0745027493041884,0.003145588745232,0.0003219893991182,0.0,0.0018328627334423,0.0,0.0,0,0,0,7,0,0,3,0,0,0,0,0,0,0,0,3,__MSG_extName__,,,
0,0,0,0,1,1,0,0,0,0,0,5,0.2479110566643937,28.69800960878517,0.0943751661331145,6.266444114737883,3.72969284892224,41,20,21,0,0,0,0.0499505440158259,0.0140700068634179,0.0068634179821551,0.0,0.0072065888812628,0.0,0.0,13,0,0,1,0,0,2,0,0,0,0,0,0,0,0,2,__MSG_app_name__,,,
0,0,0,0,0,1,0,0,0,0,0,60,0.5133364709542805,53.88603847424462,0.0856593668750105,3.877095229088604,2.7332057160227547,379,87,37,0,0,4,0.0733911656604796,0.0048156336560697,0.0011054356941373,5.082462961551168e-05,0.0004701278239434,0.0,0.0,53,0,2,1,0,0,15,0,0,0,1,0,0,0,0,15,__MSG_name__,,,
0,0,0,0,0,0,0,0,0,0,0,4,0.4558372445397095,49.24976787372331,0.0913374477992534,3.865002836074873,3.0779093993786013,15,7,3,0,0,0,0.0548307808659482,0.0139275766016713,0.0064995357474466,0.0,0.0027855153203342,0.0,0.0,1,0,0,1,0,0,1,0,0,0,0,0,0,0,0,1,Minimal New Tab Clock,,,
0,0,1,0,1,1,0,0,0,0,1,134,0.564869011087803,48.62137778595148,0.0778625892276607,3.38617017742171,2.546594621575017,2583,74,136,0,2,6,0.038697758798264,0.0089629303195494,0.000256777717246,2.0819814911845437e-05,0.0004719158046684,6.939938303948478e-06,0.0,0,0,2,0,0,0,3,0,0,0,0,0,0,0,0,3,AutoDS - Dropshipping Helper,,,
0,0,0,0,1,1,0,1,0,0,0,182,0.5817462747388765,51.15095187852654,0.0820177002131585,3.443937791434044,2.468155442153355,1215,89,192,0,0,13,0.0453400643169557,0.0037157667782925,0.0002721837393152,3.975717540559965e-05,0.000587182898298,0.0,0.0,10,0,0,0,0,0,3,0,0,0,0,0,0,0,0,3,__MSG_name__,,,
0,0,0,0,0,1,0,0,0,0,0,0,0.3145574250182882,26.07920792079208,0.0808339429407461,6.209677419354839,3.2205486592151327,0,0,0,0,0,0,0.0362903225806451,0.0,0.0,0.0,0.0,0.0,0.0,0,0,0,0,0,0,0,0,0,0,0,0,0,0,0,0,__MSG_extensionName__,,,
0,1,0,0,0,1,0,1,0,0,1,61,0.4509404190488504,62.69216064309522,0.0765366864629372,6.22429167995824,3.027672324326639,1465,27,47,0,0,0,0.0490531566279036,0.0239363440298019,0.0004411476374093,0.0,0.0007679236651199,0.0,0.0,14,0,1,0,0,0,0,0,0,0,0,0,0,0,0,0,__MSG_ext_name__,,,
0,1,0,0,0,1,0,0,0,0,0,3,0.4330355868839359,49.934593023255815,0.1028937530321623,3.6815721649484536,3.1824713250877075,17,3,5,0,0,0,0.0637886597938144,0.0123546511627906,0.0021802325581395,0.0,0.0036337209302325,0.0,0.0,0,0,0,3,0,0,2,0,0,0,0,0,0,0,0,2,Hide Google AI-Overviews,,,
0,0,0,0,0,0,0,0,0,0,0,15,0.4289328905934104,44.05354678443279,0.0853938710744611,4.383954619124798,2.960184897799802,157,20,29,0,0,0,0.0568557536466774,0.0216671266905879,0.0027601435274634,0.0,0.0040022081148219,0.0,0.0,0,0,0,1,0,0,1,0,0,0,0,0,0,0,0,1,ChatGPT Degrade Checker 降级检查,,,
0,0,0,0,1,1,0,0,0,0,0,5,0.2637532930419959,38.36585365853659,0.0968541763520843,5.774647887323944,3.2834288729675056,2,0,4,0,0,0,0.0219092331768388,0.0121951219512195,0.0,0.0,0.024390243902439,0.0,0.0,0,0,0,0,0,0,0,0,0,0,0,0,0,0,0,0,Zoom Contact Center CTI Extension,,,
0,1,0,0,1,1,0,0,0,0,1,54,0.4756700104806108,36.19574073119167,0.088292908119978,4.1353758513566365,3.138489418108022,74,20,156,0,0,2,0.0960750891018971,0.0019079049141442,0.0005156499767957,5.156499767957511e-05,0.0040220698190068,0.0,0.0,0,0,0,4,0,1,8,0,0,0,3,0,0,0,0,8,Looker Studio Auto Refresh,,,
0,0,0,0,0,1,1,0,0,0,1,73,0.541553912349519,57.933335832505485,0.0827081620364616,3.601746048659208,2.7897023187821306,412,221,53,0,0,2,0.0586091280412005,0.0015444883882214,0.0008284755674682,7.497516447676707e-06,0.0001986841858634,0.0,0.0,0,0,0,0,0,0,3,0,0,0,0,0,0,0,0,3,__MSG_appName__,,,
0,0,0,0,0,0,1,0,0,0,0,0,0.0,0.0,0.0,0.0,0.0,0,0,0,0,0,0,0.0,0.0,0.0,0.0,0.0,0.0,0.0,0,0,0,0,0,0,0,0,0,0,0,0,0,0,0,0,Mahjong Solitaire Classic ,,,
0,0,0,0,0,0,0,0,0,0,0,1,0.2582582582582582,29.363636363636363,0.1141141141141141,6.6,3.427961720268045,0,0,0,0,0,0,0.0333333333333333,0.0,0.0,0.0,0.0,0.0,0.0,0,0,0,2,0,0,1,0,0,0,0,0,0,0,0,1,Presearch.com Search With Us,,,
0,0,0,0,0,1,0,0,0,0,0,21,0.5363058586229027,54.78930354366151,0.0921830017420005,3.54739181703272,2.3013506353046145,252,28,34,0,0,0,0.0586448816158942,0.0103118094770439,0.0011457566085604,0.0,0.0013912758818233,0.0,0.0,4,0,0,1,0,0,1,0,0,0,0,0,0,0,0,1,Backup and Sync Google Drive to other clouds,,,
0,1,0,0,0,1,0,0,0,0,0,80,0.380914363615225,52.35487743871936,0.0941310160929196,3.779556310461968,2.711610696824205,292,40,39,0,0,5,0.0595652773706264,0.0073036518259129,0.001000500250125,0.0001250625312656,0.0009754877438719,0.0,0.0,45,0,0,35,0,2,8,0,0,0,0,0,0,0,0,8,"SEO Extension [Metrics, Backlinks, On-Page]",1.0,,
0,0,0,0,1,1,0,0,0,0,1,11,0.3967558107643348,41.69702602230483,0.1122667096206841,4.115451103062233,3.313315494122301,135,8,41,0,0,0,0.0483618702667105,0.0250929368029739,0.0014869888475836,0.0,0.0076208178438661,0.0,0.0,0,0,0,8,0,0,7,0,0,0,0,0,0,0,0,7,Umbrella - Copy All URLs,,,
1,1,0,0,0,0,0,0,0,0,0,6,0.4002603271639695,28.00402969247084,0.0763211969199494,5.344270205066345,3.2304938170077127,55,6,7,0,0,1,0.1428226779252111,0.0116648992576882,0.001272534464475,0.0002120890774125,0.0014846235418875,0.0,0.0,0,0,0,0,0,0,0,0,0,0,0,0,0,0,0,0,Kick Ass!,,,
0,0,0,0,0,0,0,0,0,0,0,9,0.4454421012206701,36.19251664914125,0.103555516811603,3.3733298242772696,2.869848516377331,79,6,19,0,0,1,0.0409344886225605,0.0069225376796354,0.0005257623554153,8.762705923589205e-05,0.0016649141254819,0.0,0.0,6,0,0,0,0,0,1,0,0,0,0,0,0,0,0,1,__MSG_application_title__,,,
0,0,0,0,0,1,0,0,0,0,0,30,0.5869238436219739,63.097254793764655,0.0760267676511634,3.940942275806224,2.4939387116861798,98,12,45,0,0,0,0.0637170473387231,0.0015021228981775,0.0001839334161033,0.0,0.0006897503103876,0.0,0.0,5,0,0,0,1,0,1,0,0,0,0,0,0,0,0,1,__MSG_appName__,,,
0,0,0,0,1,1,0,0,0,0,0,15,0.4586788332670474,34.62446535500428,0.0978545861129662,3.699692050883555,2.6770278762154804,161,4,56,0,0,0,0.0350975651873596,0.0086077844311377,0.0002138579982891,0.0,0.0029940119760479,0.0,0.0,60,0,0,0,0,0,1,0,0,0,0,0,0,0,0,1,__MSG_appName__,,,
0,0,0,0,1,1,1,0,0,0,1,157,0.4693966442539434,59.867569268310106,0.0774804388099248,3.92120827248757,3.101223965765308,1270,130,203,0,0,7,0.0452936350697909,0.0034898642800025,0.00035723020189,1.9235472409462756e-05,0.0005578286998744,0.0,0.0,36,0,0,0,0,0,4,0,0,0,0,0,0,0,0,4,Alby - Bitcoin Wallet for Lightning & Nostr,,,
0,0,0,0,1,1,0,1,0,0,0,111,0.3522253055559322,48.702685737806135,0.0915048261528073,4.990558438385821,2.959518671942938,344,31,93,0,0,10,0.0469034963208814,0.0008849557522123,7.974891953076765e-05,2.572545791315085e-05,0.0002392467585923,0.0,0.0,9,0,0,0,0,0,3,0,0,0,0,0,0,0,0,3,"EaseMate: chat with all AI models (GPT, DeepSeek, Gemini, Claude,etc.)",,,
0,1,0,0,1,1,0,1,0,0,0,24,0.4151519057487719,50.38835645870792,0.0422392973738496,3.030182194624814,2.056073474713547,699,23,98,0,0,1,0.0036548692161675,0.0019761169725548,6.502244687948797e-05,2.8270629078038243e-06,0.0002770521649647,0.0,0.0,11,0,0,0,0,0,1,0,0,0,0,0,0,0,0,1,Wakelet,,,
0,0,0,0,0,0,0,0,0,0,0,0,0.0,0.0,0.0,0.0,0.0,0,0,0,0,0,0,0.0,0.0,0.0,0.0,0.0,0.0,0.0,0,0,0,0,0,0,0,0,0,0,0,0,0,0,0,0,Night Light,,,
0,0,0,0,0,0,0,0,0,0,0,0,0.0,0.0,0.0,0.0,0.0,0,0,0,0,0,0,0.0,0.0,0.0,0.0,0.0,0.0,0.0,0,0,0,0,0,0,0,0,0,0,0,0,0,0,0,0,Forest waterfall,,,
0,0,0,0,1,1,1,0,0,0,1,245,0.4149098317211949,36.66227559870088,0.1018437065478125,3.887571361395414,2.8562305253235665,874,154,373,0,0,5,0.0508939002079307,0.0015596559477497,0.0002748135193975,8.922516863556873e-06,0.0006656197580213,0.0,0.0,16,2,0,0,0,0,4,0,0,0,0,0,0,0,0,4,__MSG_extName__,,,
0,0,0,0,0,0,0,0,0,0,0,0,0.0,0.0,0.0,0.0,0.0,0,0,0,0,0,0,0.0,0.0,0.0,0.0,0.0,0.0,0.0,0,0,0,0,0,0,0,0,0,0,0,0,0,0,0,0,__MSG_themeName__,,,
0,0,0,0,0,0,0,0,0,0,1,67,0.4827657773641319,59.10095497953616,0.0817137909452636,4.503886059956353,3.1971833943486074,78,26,24,0,0,1,0.0823538420307056,0.0152017150652894,0.0050672383550964,0.0001948937828883,0.0046774507893198,0.0,0.0,13,0,0,1,0,0,2,0,0,0,0,0,0,0,0,2,BotRix,,,
0,0,0,0,0,1,0,0,0,0,1,3,0.3297816364114707,16.499424626006906,0.0825440673506971,6.608287724784988,3.5871347020562903,20,5,14,0,0,0,0.0265832681782642,0.0230149597238204,0.0057537399309551,0.0,0.0161104718066743,0.0,0.0,0,0,0,0,0,0,2,0,0,0,0,0,0,0,0,2,LKTips,,,
0,0,0,0,1,0,1,0,0,0,1,17,0.3844796119902997,48.13980343980344,0.1256731418285457,3.436481680588868,3.17149760754502,92,16,10,0,0,6,0.0505748077082127,0.0226044226044226,0.0039312039312039,0.0014742014742014,0.0024570024570024,0.0,0.0,6,0,0,3,0,1,3,0,0,0,0,0,0,0,0,3,Vagalume,1.0,,
0,1,0,0,0,1,0,0,0,0,1,11,0.642762593955368,49.09303344530451,0.0687557947647398,3.5605033471739684,3.0852701290110183,50,3,9,0,0,2,0.0398271332937886,0.0073024682342631,0.0004381480940557,0.0002920987293705,0.0013144442821673,0.0,0.0,144,0,1,0,0,0,1,0,0,0,0,0,0,0,0,1,서핏 - 매일 성장하는 사람들의 커리어 플랫폼,,,
0,0,0,0,0,1,1,0,0,0,0,2,0.3974370879375987,20.306346066047787,0.1036772216547497,4.1768340029033455,3.284070112293596,225,10,25,0,0,0,0.067080787279295,0.0171206817835945,0.0007609191903819,0.0,0.0019022979759549,0.0,0.0,5,0,0,0,1,0,11,0,0,0,0,0,0,0,0,11,__MSG_app_name__,,,
0,0,1,0,0,1,0,0,0,0,0,46,0.4146886319900384,42.41907614330146,0.1000369665496943,3.737890580569683,2.7025953036092467,168,23,18,0,0,0,0.0573988918317274,0.0064508697154705,0.0008831547824751,0.0,0.0006911646123718,0.0,0.0,16,4,0,7,0,0,13,0,1,0,1,0,0,0,0,13,__MSG_manifest_name__,,,
0,0,1,0,0,1,0,0,0,0,0,47,0.3910297384855541,47.68118870210259,0.0906809377851914,4.669666911119302,2.645967349284254,2088,21,76,0,0,1,0.0274040270088496,0.0086626064156391,8.712391509981911e-05,4.1487578618961485e-06,0.0003153055975041,0.0,0.0,28,1,1,0,0,0,2,0,0,0,0,0,0,0,0,2,__MSG_name__,,,
0,0,0,0,0,0,0,0,0,0,0,0,0.0,0.0,0.0,0.0,0.0,0,0,0,0,0,0,0.0,0.0,0.0,0.0,0.0,0.0,0.0,0,0,0,0,0,0,0,0,0,0,0,0,0,0,0,0,Honeysuckle,,,
0,1,0,0,0,1,0,0,0,0,0,4,0.3443293957513004,13.900478053020423,0.1024160225560254,5.680818131564401,3.1536093680381274,20,0,2,0,0,0,0.0469872857932559,0.0028972910328842,0.0,0.0,0.0002897291032884,0.0,0.0,0,0,0,2,0,0,1,0,0,0,0,0,0,0,0,1,__MSG_desc__,,,
0,0,0,0,1,1,0,0,0,0,0,44,0.4039992446494444,32.975784833123704,0.0970255267354833,3.684247973250582,2.875827454765928,613,14,51,0,0,1,0.0355144619886361,0.0077879838904346,0.0001778658637293,1.270470455209564e-05,0.0006479399321568,0.0,0.0,1,0,0,0,0,0,2,0,0,0,0,0,0,0,0,2,PopAi - Your Personal AI Assistant,,,
0,0,0,0,0,0,0,0,0,0,0,0,0.0,0.0,0.0,0.0,0.0,0,0,0,0,0,0,0.0,0.0,0.0,0.0,0.0,0.0,0.0,0,0,0,0,0,0,0,0,0,0,0,0,0,0,0,0,Britannica ImageQuest,,,
0,0,0,0,1,1,0,1,0,0,0,19,0.4765040546747496,74.65660370983545,0.0551295984222975,6.173131482022408,2.8305357259467043,27,65,21,0,0,3,0.0538773783503389,0.0004561273102003,0.0010980842652971,5.068081224448424e-05,0.0003547656857113,0.0,0.0,5,1,0,0,0,0,1,0,0,0,0,0,0,0,0,1,"FrogHire.ai - AI Resume & Job Search, Autofill, H1B Checker",,,
0,0,0,0,0,0,0,0,0,0,0,0,0.0,0.0,0.0,0.0,0.0,0,0,0,0,0,0,0.0,0.0,0.0,0.0,0.0,0.0,0.0,0,0,0,0,0,0,0,0,0,0,0,0,0,0,0,0,River Mountain,,,
0,0,0,0,0,0,0,0,0,0,0,0,0.0,0.0,0.0,0.0,0.0,0,0,0,0,0,0,0.0,0.0,0.0,0.0,0.0,0.0,0.0,0,0,0,0,0,0,0,0,0,0,0,0,0,0,0,0,Dreamy Night,,,
0,0,0,0,0,1,0,0,0,0,0,1,0.4575670314199782,33.99373040752351,0.1027964420554169,4.280141342756184,3.2074492177798968,64,1,22,0,0,0,0.0301060070671378,0.0286609941782355,0.0004478280340349,0.0,0.0098522167487684,0.0,0.0,0,0,0,5,0,0,4,0,0,0,0,0,0,0,0,4,Cite Creator,,,
0,0,0,0,0,1,0,0,0,0,0,9,0.4014590277643976,31.174583494769468,0.1075701816920675,4.811257336401479,3.340394014077166,124,29,45,0,0,1,0.0796080357835406,0.009608678806664,0.0022471910112359,7.748934521503293e-05,0.0034870205346764,0.0,0.0,0,0,0,7,1,0,6,0,0,0,0,0,0,0,0,6,__MSG_appName__,,,
0,0,0,0,0,1,0,0,0,0,0,1,0.2632296161707926,47.79501385041552,0.0902225755166931,6.218390804597701,3.742775477184007,51,1,17,0,0,0,0.0211736237144585,0.1412742382271468,0.002770083102493,0.0,0.0470914127423822,0.0,0.0,0,0,0,1,0,0,1,0,0,0,0,0,0,0,0,1,__MSG_appName__,,,
0,0,0,0,0,1,0,1,0,0,0,8,0.4067147372580008,36.6112638383238,0.1041762149348083,3.876711597965644,3.0667735146886463,134,6,25,0,0,0,0.0460041967492975,0.0099561631621963,0.0004457983505461,0.0,0.0018574931272754,0.0,0.0,4,0,0,0,0,0,2,0,0,0,0,0,0,0,0,2,Copy To Notion: Clip anything to Notion,,,
1,1,0,0,1,1,0,1,0,0,1,167,0.5130845186869059,46.180937710882255,0.0666256857234271,4.299036893764945,2.644286537266975,5824,38,218,0,0,4,0.042988179724793,0.0170876976791949,0.0001114925329343,1.173605609834815e-05,0.0006396150573599,0.0,0.0,18,4,1,0,0,0,34,1,0,0,0,0,3,0,0,34,__MSG_ext_name__,,,
0,1,0,0,1,1,0,0,0,0,1,118,0.4636324203111813,41.48693512969108,0.0618551076210881,5.159327348274207,2.786242130809521,492,61,90,0,0,2,0.0591850587476817,0.0016246470850463,0.0002014298215199,6.604256443277692e-06,0.0002971915399474,0.0,0.0,53,0,0,3,0,6,13,0,0,0,0,0,0,0,0,10,__MSG_appName__,,,
0,0,0,0,1,1,0,0,0,0,0,153,0.4375679402416738,36.514971241161206,0.0947164409510048,3.734497348008707,3.0833263508281745,217,6,164,0,0,0,0.0399883496336266,0.0013377637768092,3.69888601882733e-05,0.0,0.0010110288451461,0.0,0.0,2,0,0,0,0,0,5,0,0,0,0,0,0,0,0,5,Supademo: AI interactive demos in seconds,,,
0,1,0,0,1,1,0,0,0,0,0,22,0.4259207210858119,32.222116663499904,0.102931372004327,3.5274236373602124,2.819959346027917,81,7,31,0,0,1,0.0469458503285141,0.002198637387693,0.000190005700171,2.714367145300073e-05,0.000841453815043,0.0,0.0,3,1,0,3,0,0,1,0,0,0,0,0,0,0,0,1,NodeGo.Ai DePIN Connect,,,
0,0,0,0,0,1,0,0,0,0,0,12,0.39769160213356,47.54740141028989,0.1276639239535953,3.5091367505551445,3.277017718714663,150,19,14,0,0,0,0.0499167283493708,0.0195873596239226,0.0024810655523635,0.0,0.0018281535648994,0.0,0.0,4,0,0,1,0,0,1,0,0,0,0,0,0,0,0,1,__MSG_manifest_name_prod__,,,
0,0,0,0,0,0,0,0,0,0,0,0,0.0,0.0,0.0,0.0,0.0,0,0,0,0,0,0,0.0,0.0,0.0,0.0,0.0,0.0,0.0,0,0,0,0,0,0,0,0,0,0,0,0,0,0,0,0,__MSG_appName__,,,
1,1,0,0,0,1,0,0,0,0,1,5,0.2844203437887648,124.17834960070984,0.0447138047138047,27.294050343249427,2.877384845598029,57,0,12,0,0,0,0.0847826086956521,0.0101153504880212,0.0,0.0,0.0021295474711623,0.0,0.0,9,0,0,0,0,0,2,0,0,0,0,0,0,0,0,2,Headline Studio by CoSchedule,,,
0,0,0,0,0,1,0,0,0,0,0,1,0.3379181608291988,33.805128205128206,0.091467308542516,5.517486061834769,3.6226111071558886,21,7,5,0,0,0,0.0552458185504308,0.0358974358974358,0.0119658119658119,0.0,0.0085470085470085,0.0,0.0,0,0,0,0,0,0,2,0,0,0,0,0,0,0,0,2,Level Maze,,,
0,0,0,0,1,1,1,0,0,0,0,146,0.5054677116405653,53.01448848701504,0.092739313928974,3.387621960172757,2.647578518660116,3633,27,114,0,0,0,0.0455043720854873,0.0254652507622752,0.0001892545473662,0.0,0.0007990747555462,0.0,0.0,0,0,0,3,0,0,9,0,0,0,0,0,0,0,0,9,Otto: Pomodoro timer and Website Blocker,,,
1,1,0,0,1,1,0,0,0,0,0,181,0.5138852848768999,62.31334175376259,0.0768158648465665,4.4260404996626646,3.04752937297294,639,69,154,0,0,4,0.0585910800293211,0.0029564034588532,0.0003192360542423,1.850643792709389e-05,0.0007124978601931,0.0,0.0,3,0,0,0,0,0,7,0,0,0,0,0,0,0,0,7,__MSG_extName__,,,
1,1,1,0,1,1,1,1,0,0,0,268,0.5191680899057022,54.2632631374788,0.0731786828475734,4.110477205827963,2.3959336410440546,1642,83,436,0,0,15,0.0509283340006363,0.0044854686659145,0.0002267319727593,4.097565772759929e-05,0.0011910257846155,0.0,0.0,0,0,0,0,0,0,5,0,0,0,0,0,0,0,0,5,__MSG_Meta_appName__,,,
0,0,0,0,0,1,0,0,1,0,0,156,0.4442206223172556,51.29658417350812,0.0599176344201846,7.436966624243957,2.9057592595152104,1399,48,122,0,0,4,0.0681703237253495,0.0009435947520214,3.2374945030041254e-05,2.697912085836771e-06,8.228631861802151e-05,0.0,0.0,116,3,3,3,0,0,3,0,0,0,0,0,0,0,0,3,__MSG_appName__,,,
0,1,0,0,1,1,0,0,0,0,0,98,0.3525963014763539,18.158489650711516,0.0817797615178988,6.112935200762975,3.512371120033768,124,24,44,0,0,0,0.0966684169354579,0.0020051746442432,0.0003880983182406,0.0,0.0007115135834411,0.0,0.0,84,8,0,5,0,0,2,0,0,0,0,0,0,0,0,2,나랏말서미누기 POE,,,
0,0,0,0,0,0,0,0,0,0,0,0,0.0,0.0,0.0,0.0,0.0,0,0,0,0,0,0,0.0,0.0,0.0,0.0,0.0,0.0,0.0,0,0,0,0,0,0,0,0,0,0,0,0,0,0,0,0,__MSG_ext_name__,,,
0,0,0,0,0,1,0,0,0,0,0,2,0.3716475095785441,34.21395348837209,0.1063548685427401,5.3,3.234346999343099,6,0,2,0,0,0,0.044927536231884,0.027906976744186,0.0,0.0,0.0093023255813953,0.0,0.0,0,0,0,6,0,0,1,0,0,0,0,0,0,0,0,1,Close All Tabs,,,
0,0,1,0,1,1,0,0,0,0,0,1,0.4055083504248462,21.030491876251947,0.1213514250785536,3.736986929603302,3.304065486829659,137,13,39,0,0,1,0.0664067874340747,0.0152459381259737,0.001446694858669,0.0001112842198976,0.0043400845760071,0.0,0.0,36,0,1,2,0,0,13,0,0,0,0,0,0,0,0,13,__MSG_app_name__,,,
0,0,0,0,0,1,0,1,0,0,0,43,0.4322528283481647,50.67202968843584,0.072502032992433,3.6854526775651055,2.494800742636736,2077,24,56,0,0,0,0.0345904108359349,0.0243919625136522,0.0002818522389637,0.0,0.0006576552242486,0.0,0.0,6,0,0,0,0,0,1,0,0,0,0,0,0,0,0,1,Kleo,,,
0,0,0,0,0,1,0,0,0,0,0,153,0.2967748457864605,161.1522665178178,0.127781048027007,3.9129873181773855,3.013590124605828,319,117,128,0,0,0,0.0255586764096997,0.0093716031610799,0.0034372337612738,0.0,0.0037603924909662,0.0,0.0,22,0,0,6,0,3,3,0,0,0,0,0,0,0,0,3,Nolim App,,,
1,1,0,0,1,1,0,1,0,0,0,85,0.4671658314647482,54.78769258370523,0.0891248750815035,4.152115615110675,2.972874818420663,282,24,48,0,0,1,0.0543153029636719,0.0063241461281424,0.0005382252023951,2.2426050099795923e-05,0.0010764504047902,0.0,0.0,13,1,0,0,0,0,4,0,0,0,0,0,0,0,0,4,__MSG_appName__,,,
0,0,0,0,0,1,0,0,0,0,0,11,0.5249668462437049,47.87355225507562,0.0852481350721669,3.766384374362489,2.54719039417928,96,11,17,0,0,0,0.0512781616650886,0.0021801335331789,0.0002498069673434,0.0,0.000386065313167,0.0,0.0,0,0,0,0,0,0,2,0,0,0,0,0,0,0,0,2,__MSG_extensionName__,,,
0,1,0,0,1,1,0,0,0,0,0,62,0.3760867892968378,39.35089584667913,0.0661504066304744,3.024801411500027,2.8684583604182574,140,30,70,0,0,0,0.0180421931082608,0.0009245745306133,0.0001981231137028,0.0,0.0004622872653066,0.0,0.0,0,0,0,0,0,0,1,0,0,0,0,0,0,0,0,1,Fakey - Manga Translator,,,
0,0,0,0,1,1,0,1,0,0,0,85,0.6916473689604439,27.252675443924133,0.0440709830353332,3.4807687314834315,2.1444641093088896,65,9,38,0,0,1,0.0128862336253674,0.0001611339866283,2.2310859687003427e-05,2.478984409667048e-06,9.42014075673478e-05,0.0,0.0,4,0,0,0,0,0,2,0,0,0,0,0,0,0,0,2,Capacities Web Extension,,,
1,1,0,0,0,1,0,1,0,0,0,77,0.4092265328623677,32.034354858324214,0.0966853862611306,4.0668892311933975,2.7879716760619586,1271,3,35,0,0,0,0.0279903861714306,0.025761076654911,6.080505898090721e-05,0.0,0.0007093923547772,0.0,0.0,0,0,2,0,0,0,1,0,0,0,0,0,0,0,0,1,SEOSpace - The SEO Plugin for Squarespace,,,
0,0,0,0,1,1,0,1,0,0,1,262,0.4929998497832623,55.1893543144506,0.0720412344586143,4.151728853093678,2.6441577414537605,4958,111,289,0,0,1,0.0389061134503079,0.0199944347882194,0.0004476365997362,4.032762159786103e-06,0.0011654682641781,0.0,0.0,240,10,8,0,0,0,12,0,0,0,0,0,0,0,0,12,"hireEZ for Chrome - Find and Engage Anyone, Anywhere.",,,
0,0,0,0,0,1,0,1,0,0,1,89,0.169486754078625,76.03980077885258,0.1277666860567137,5.496495005207287,3.3108219477825465,635,66,69,0,0,1,0.0150141507451324,0.0034488939098508,0.0003584677134648,5.431328991891026e-06,0.0003747617004404,0.0,0.0,37,1,0,0,0,0,1,0,0,0,0,0,0,0,0,1,Zia Search from Zoho,,,
0,0,0,0,0,0,0,0,0,0,0,0,0.2954545454545454,32.28888888888889,0.0848930481283422,6.548872180451128,3.495621105085752,0,0,1,0,0,0,0.1052631578947368,0.0,0.0,0.0,0.0222222222222222,0.0,0.0,0,0,0,0,0,0,0,0,0,0,0,0,0,0,0,0,AnyList Recipe Import,,,
0,0,0,0,0,0,0,0,0,0,0,2,0.3013225477387834,27.280870445344128,0.0696171949102493,6.809201067981105,3.858907202006891,74,9,17,0,0,0,0.0388170055452865,0.0374493927125506,0.0045546558704453,0.0,0.0086032388663967,0.0,0.0,0,0,0,0,0,0,2,0,0,0,0,0,0,0,0,2,Three.js DevTools,,,
0,0,0,0,0,1,0,0,0,0,0,3,0.3135503357861251,34.37159090909091,0.0931525336589441,6.283729433272395,3.4002057780076425,59,0,13,0,0,0,0.0259597806215722,0.0670454545454545,0.0,0.0,0.0147727272727272,0.0,0.0,13,0,0,0,0,0,4,0,0,0,0,0,0,0,0,4,alike03's Subscription Info on Steam,,,
0,0,0,0,0,1,0,0,0,0,0,6,0.3910096905745205,31.63220124268565,0.0940680817394969,3.9974385072095,2.80444849425855,22,4,8,0,0,0,0.0305852417302798,0.0013271400132714,0.0002412981842311,0.0,0.0004825963684623,0.0,0.0,0,0,0,0,0,0,2,0,0,0,0,0,0,0,0,2,__MSG_name__,,,
0,0,0,0,0,0,0,0,0,0,0,0,0.0,0.0,0.0,0.0,0.0,0,0,0,0,0,0,0.0,0.0,0.0,0.0,0.0,0.0,0.0,0,0,0,0,0,0,0,0,0,0,0,0,0,0,0,0,Lose It!,,,
0,0,0,0,0,1,0,0,0,0,0,4,0.5074976401459353,44.33209949659461,0.0879988764155041,4.247234950229104,3.0352436781398224,79,0,29,0,0,0,0.0439642913572444,0.0116967722830915,0.0,0.0,0.0042937518507551,0.0,0.0,2,0,0,16,1,0,12,0,0,0,0,0,0,0,0,12,__MSG_app_name__,,,
0,1,0,0,0,1,0,0,0,0,1,50,0.5336301959944632,43.80169261739452,0.0836608924861682,3.921140147672343,2.883691553360468,169,23,82,0,0,2,0.0510071774617934,0.0034715089766238,0.0004724538843925,4.108294646892075e-05,0.0016844008052257,0.0,0.0,2,0,0,0,0,0,2,0,0,0,0,0,0,0,0,2,__MSG_extName__,,,
0,1,0,0,0,0,0,0,0,0,0,0,0.3783132530120482,23.47058823529412,0.1228915662650602,8.0,3.2019815986771443,0,0,0,0,0,0,0.0,0.0,0.0,0.0,0.0,0.0,0.0,0,0,0,0,0,0,0,0,0,0,0,0,0,0,0,0,InsensitiveX,,,
0,1,0,0,0,0,0,0,0,0,0,8,0.3808751583453457,40.77851277372263,0.1245249639627833,3.692162238820081,3.278890810999809,135,17,55,0,0,0,0.0487850997447291,0.0307937956204379,0.0038777372262773,0.0,0.0125456204379562,0.0,0.0,0,0,0,5,0,0,11,0,0,0,0,0,0,0,0,11,__MSG_appName__,,,
0,0,0,0,0,0,0,0,0,0,0,0,0.0,0.0,0.0,0.0,0.0,0,0,0,0,0,0,0.0,0.0,0.0,0.0,0.0,0.0,0.0,0,0,0,0,0,0,0,0,0,0,0,0,0,0,0,0,"GData Centers 1 Council Bluffs, Iowa",,,
0,1,0,0,1,1,1,0,0,0,0,213,0.4884377137996709,51.33515855857557,0.0686626789716058,4.205237899151816,2.913226892171385,1633,16,208,0,0,1,0.0346310100950068,0.007708429708373,7.552656174768465e-05,4.72041010923029e-06,0.0009818453027199,0.0,0.0,146,0,0,2,0,0,23,0,0,0,0,0,0,0,0,22,__MSG_extName__,,,
0,0,0,0,0,0,0,0,0,0,0,7,0.3984024091465904,47.23738202708248,0.1174161222267592,3.6528894846589215,3.093170909499146,74,9,6,0,0,0,0.0738754840631516,0.0151826015592942,0.0018465326220763,0.0,0.0012310217480508,0.0,0.0,17,0,0,2,0,0,1,0,0,0,0,0,0,0,0,1,Extract People also search phrases in Google,,,
0,0,0,0,0,1,0,0,0,0,0,24,0.4938802711646914,50.38013793103448,0.0828540882419462,4.080939117798432,3.0131268531678583,1381,80,55,0,0,0,0.055720383881808,0.0476206896551724,0.0027586206896551,0.0,0.0018965517241379,0.0,0.0,9,3,0,7,0,2,4,0,0,0,0,0,0,0,0,4,__MSG_EXT_NAME__,,,
0,0,0,0,1,1,0,0,0,0,0,62,0.3593504792052962,67.62340404704302,0.1001113265094645,4.969914244435396,3.172150209347531,394,31,92,0,0,0,0.0381797249786592,0.005509795969738,0.0004335118656392,0.0,0.0012865513431875,0.0,0.0,15,1,0,0,0,0,2,0,0,0,0,0,0,0,0,2,Friday Email AI,,,
0,0,0,0,1,0,0,0,0,0,0,6,0.3663806881384971,34.326558265582655,0.0881078109217373,6.208637564082647,3.5718834006695968,1,0,2,0,0,0,0.037905856765574,0.0004516711833785,0.0,0.0,0.000903342366757,0.0,0.0,0,0,0,2,0,0,3,0,0,0,0,0,0,0,0,3,Playwriter,,,
0,0,0,0,1,1,1,0,0,0,1,407,0.3518584458584945,76.4919304895575,0.0916641522288718,6.342231756676923,2.7420244143497463,2073,263,535,0,0,17,0.0547332336079761,0.0040755500419744,0.0005170620651419,3.342226276582987e-05,0.0010518182693952,0.0,0.0,0,0,0,1,0,0,2,0,0,0,0,0,0,0,0,2,CloudCall Unified Communications for CRM,,,
0,0,0,0,0,1,0,0,0,0,0,139,0.5251709063306798,46.892075979777445,0.0843046483379853,4.038292982120598,2.7644497117598013,907,40,77,0,0,3,0.0590495096519749,0.0059862454954657,0.0002640020064152,1.9800150481143656e-05,0.0005082038623493,0.0,0.0,0,0,0,0,0,0,3,0,0,0,0,0,0,0,0,3,__MSG_ext_fulltitle__,,,
0,0,0,0,1,1,0,0,0,0,1,254,0.526301854329291,52.331713043390266,0.0777885859296247,3.746427092515237,2.525848947536842,3053,47,249,0,0,9,0.0442080934052235,0.0102985673758386,0.0001585432907515,3.0359353548165115e-05,0.0008399421148325,0.0,0.0,0,0,0,0,0,0,6,0,0,0,0,0,0,0,0,6,__MSG_appName__,,,
0,0,0,0,0,1,0,0,0,0,0,44,0.5800857063433886,60.31942303581273,0.0749775458921597,3.8629441500819,2.2693610152824357,181,23,67,0,0,0,0.058412778768902,0.002036476558017,0.0002587787891402,0.0,0.0007538338640173,0.0,0.0,1,0,0,0,0,0,0,0,0,0,0,0,0,0,0,0,Sort Gmail Inbox by cloudHQ,,,
0,0,0,0,0,1,0,0,0,0,0,51,0.4596572071841042,39.06993729251199,0.0857647478106946,4.641286750953841,3.045393810528356,261,42,37,0,0,0,0.0685419316226528,0.002750698213627,0.000442641091848,0.0,0.0003899457237708,0.0,0.0,34,0,0,28,0,0,12,0,0,0,0,0,0,0,0,12,Simple Gmail Notes,,,
0,0,0,0,1,1,0,0,0,0,0,43,0.3787056408881873,46.9369497977635,0.0875679083123,5.034087903950917,3.343159296860949,329,19,116,0,0,0,0.0609827048183212,0.0391387104449202,0.0022602902688555,0.0,0.0137996669045919,0.0,0.0,3,0,0,81,0,1,46,0,0,0,0,1,0,0,0,46,__MSG_appName__,,,
0,0,0,0,0,1,0,0,0,0,0,15,0.3681130140810753,29.4315946655682,0.0901462929310362,4.808096268538555,3.086245439097638,85,18,19,0,0,0,0.0737319892331239,0.0043767056279285,0.0009268317800319,0.0,0.0009783224344781,0.0,0.0,62,3,0,3,0,1,4,0,0,0,0,1,0,0,0,4,The Global Time Tab,1.0,,
0,0,0,0,0,0,0,0,0,0,0,14,0.4092499545365761,77.74363564041369,0.0492339413084036,2.744941484711544,2.819377482235089,158,10,22,0,0,0,0.0105515042826693,0.0052373375762397,0.0003314770617873,0.0,0.0007292495359321,0.0,0.0,1,0,3,0,0,0,1,0,0,0,0,0,0,0,0,1,Art New tabs,,,
0,0,1,0,1,1,0,1,1,0,1,62,0.3457609504021651,56.14774828239483,0.0762823631284603,7.397458664039068,3.063927470360932,55,3,17,0,0,0,0.0378330969215943,0.0012553924813403,6.847595352765287e-05,0.0,0.0003880304033233,0.0,0.0,2,0,0,0,0,0,0,0,0,0,0,0,0,0,0,0,__MSG_extName__,,,
0,0,0,0,0,0,0,0,0,0,0,0,0.0,0.0,0.0,0.0,0.0,0,0,0,0,0,0,0.0,0.0,0.0,0.0,0.0,0.0,0.0,0,0,0,0,0,0,0,0,0,0,0,0,0,0,0,0,__MSG_appName__,,,
0,0,0,0,0,0,0,0,0,0,0,0,0.3272584754066235,30.50617283950617,0.0921026846952772,6.150776053215077,3.770848421376999,0,0,5,0,0,0,0.048780487804878,0.0,0.0,0.0,0.0308641975308641,0.0,0.0,0,0,0,0,0,0,0,0,0,0,0,0,0,0,0,0,Zoom in-out Magnifier for Google Meet,,,
0,0,0,0,0,0,0,0,0,0,1,25,0.4862891913997839,35.627779687458684,0.0974703675442402,3.521316069253462,2.865586329764397,144,11,42,0,0,0,0.040470608115244,0.0038076099315159,0.0002908590919907,0.0,0.0011105528966921,0.0,0.0,0,0,0,0,0,0,1,0,0,0,0,0,0,0,0,1,__MSG_appName__,,,
0,1,1,0,1,1,0,1,0,0,1,86,0.450859271765597,69.83612476951444,0.0729888413072283,4.151151631477927,2.581549726362631,197,10,28,0,0,1,0.0347998564123602,0.0025225363654988,0.0001280475312435,1.2804753124359762e-05,0.000358533087482,0.0,0.0,0,0,0,4,0,0,4,0,0,0,0,0,0,0,0,4,"MeetGeek: AI Meeting Notes, Transcripts & Screen Recording",,,
0,0,0,0,0,0,1,0,0,0,0,0,0.0,0.0,0.0,0.0,0.0,0,0,0,0,0,0,0.0,0.0,0.0,0.0,0.0,0.0,0.0,0,0,0,0,0,0,0,0,0,0,0,0,0,0,0,0,__MSG_appName__,,,
0,0,0,0,0,1,0,0,0,0,0,7,0.2595446502343138,102.12233445566778,0.0427233917508101,4.318720869864492,3.301425413398886,49,2,41,0,0,0,0.0125299686750783,0.0045828656939768,0.0001870557426112,0.0,0.0038346427235316,0.0,0.0,6,0,0,0,0,0,1,0,0,0,0,0,0,0,0,1,__MSG_extName__,,,
0,0,0,0,0,1,0,0,0,0,0,140,0.4389580830021259,43.25040899795501,0.0780600101672982,5.889357719335932,3.029296206823927,990,146,267,0,0,0,0.0594945837297081,0.0253067484662576,0.0037321063394683,0.0,0.0068251533742331,0.0,0.0,54,0,0,129,0,0,1,0,0,0,0,0,0,0,0,0,Old Twitter Layout (2026),,,
0,0,0,0,0,0,0,0,0,0,0,7,0.3179086768477054,48.720266412940056,0.0744823362804761,6.304741833508957,3.459698474148762,80,16,3,0,0,0,0.0585879873551106,0.0761179828734538,0.0152235965746907,0.0,0.0028544243577545,0.0,0.0,0,0,0,0,0,0,0,0,0,0,0,0,0,0,0,0,Topaz Adobe Sign Extension,,,
0,1,0,0,0,1,0,0,0,0,0,15,0.4257170465526061,38.106428380901576,0.1020587733757744,3.487804393201471,2.98588235079331,37,6,18,0,0,1,0.0245900009939369,0.0032897661598648,0.0005334755934915,8.891259891526629e-05,0.0016004267804747,0.0,0.0,1,0,0,0,0,0,0,0,0,0,0,0,0,0,0,0,__MSG_appName__,,,
0,0,1,0,0,0,0,0,0,0,0,6,0.1670790319369792,55.55144694533762,0.076159599579103,8.856394129979035,3.3353997456639486,15,6,4,0,1,0,0.0195667365478686,0.0241157556270096,0.0096463022508038,0.0,0.0064308681672025,0.0016077170418006,0.0,0,0,1,4,0,0,1,0,0,0,0,0,0,0,0,1,Ecole Directe Plus Unblock,,,
0,0,0,0,0,1,0,0,0,0,1,22,0.5201755790501975,43.39444548156871,0.07645581330655,4.330545974007874,2.6334423579821444,233,14,35,0,0,2,0.0669353371349817,0.0033459224262963,0.0002010425492195,2.872036417421773e-05,0.0005026063730488,0.0,0.0,14,0,2,7,0,0,5,0,0,0,0,0,0,0,0,5,__MSG_name__,,,
0,0,0,0,0,0,0,0,0,0,0,0,0.2338147006328087,33.63483146067416,0.0840499756612039,6.259083728278041,3.7494733487878986,5,0,0,0,0,0,0.0426540284360189,0.0280898876404494,0.0,0.0,0.0,0.0,0.0,0,0,0,0,0,0,0,0,0,0,0,0,0,0,0,0,Country Flag Fixer,,,
0,0,0,0,0,0,0,0,0,0,0,0,0.2299908003679852,39.28395061728395,0.0849432689359092,7.204301075268817,3.7139351371824594,2,0,2,0,0,0,0.021505376344086,0.0246913580246913,0.0,0.0,0.0246913580246913,0.0,0.0,0,0,0,0,0,1,1,0,0,0,0,0,0,0,0,1,__MSG_extName__,,,
0,0,0,0,0,0,0,0,0,0,0,3,0.2807186444694591,35.52082206598161,0.0958143254932164,6.237161833792322,3.418793843543591,68,0,20,0,0,0,0.0298072250121496,0.0367766360194699,0.0,0.0,0.0108166576527852,0.0,0.0,32,0,0,4,0,0,3,0,0,0,0,0,0,0,0,3,Privatkopiera,,,
0,0,0,0,1,1,0,0,0,0,1,5,0.3479991269851459,34.55317206754906,0.0765171842703264,6.949394391903103,3.1921241375170424,18,1,8,0,0,0,0.0452961672473867,0.0082154267457781,0.0004564125969876,0.0,0.0036513007759014,0.0,0.0,0,0,0,0,0,0,2,0,0,0,0,0,0,0,0,2,__MSG_appName__,,,
0,0,0,0,0,1,0,0,0,0,0,4,0.2936395931675507,30.32926829268293,0.0930945544795367,6.157643312101911,3.357722328740585,31,0,5,0,0,0,0.0281316348195329,0.0472560975609756,0.0,0.0,0.0076219512195121,0.0,0.0,0,0,0,0,0,0,1,0,0,0,0,0,0,0,0,1,AitM Block,,,
0,0,0,0,1,1,1,0,0,0,0,2,0.5253262815417871,19.65781801442381,0.0857802901435861,4.861807216387647,2.7236764162041838,25,0,22,0,0,0,0.1075179369865862,0.0038361209145312,0.0,0.0,0.0033757864047874,0.0,0.0,39,0,0,0,0,0,3,0,0,0,0,0,0,0,0,3,OkTools,,,
0,0,0,0,0,0,0,0,0,0,0,0,0.4285017618927762,31.734294541709577,0.0713409262522023,3.0002335630036203,2.8976708830269784,2,2,3,0,0,0,0.1190003503445054,0.0010298661174047,0.0010298661174047,0.0,0.0015447991761071,0.0,0.0,0,0,0,4,0,0,1,0,0,0,0,0,0,0,0,1,Classic Dungeon Game,,,
0,0,0,0,0,0,0,0,0,0,1,2,0.329608938547486,28.850877192982452,0.1117318435754189,6.59622641509434,3.43141622914796,1,0,0,0,0,0,0.0792452830188679,0.0087719298245614,0.0,0.0,0.0,0.0,0.0,0,0,0,0,0,0,1,0,0,0,0,0,0,0,0,1,Euro Hoje,,,
0,0,0,0,0,0,0,0,0,0,0,0,0.0,0.0,0.0,0.0,0.0,0,0,0,0,0,0,0.0,0.0,0.0,0.0,0.0,0.0,0.0,0,0,0,0,0,0,0,0,0,0,0,0,0,0,0,0,Word Search,,,
0,0,0,0,0,0,1,0,0,0,0,0,0.0,0.0,0.0,0.0,0.0,0,0,0,0,0,0,0.0,0.0,0.0,0.0,0.0,0.0,0.0,0,0,0,0,0,0,0,0,0,0,0,0,0,0,0,0,WriterDuet,,,
0,0,0,0,0,1,0,0,0,0,0,36,0.5470486047898993,48.14228201775514,0.0744728226011992,3.762753469381142,2.627963472757324,107,8,53,0,0,0,0.0452538541928271,0.001840891886312,0.0001376367765466,0.0,0.0009118436446218,0.0,0.0,0,0,0,0,0,0,0,0,0,0,0,0,0,0,0,0,__MSG_general_extensionName__,,,
0,0,0,0,1,1,0,0,0,0,0,404,0.5278421272660386,53.48223891689161,0.0684488119718436,3.8135114997009176,2.789205086940327,416,59,294,0,0,9,0.0238962499291226,0.001601866790914,0.0002271878381344,3.465577191881308e-05,0.0011320885493478,0.0,0.0,30,3,3,1,0,0,2,0,0,0,0,0,0,0,0,2,Leadzy,,,
0,0,0,0,0,1,0,0,0,0,0,15,0.2900728490231073,17.308189655172413,0.0705792603964079,7.333792233121092,3.4896744639918045,509,19,74,0,0,0,0.0266161876900131,0.0438793103448275,0.0016379310344827,0.0,0.0063793103448275,0.0,0.0,1,0,0,0,0,0,0,0,0,0,0,0,0,0,0,0,Artist Tools for Gartic Phone,,,
0,0,0,0,0,0,0,0,0,0,0,0,0.5123025265591457,17.065296652303612,0.0695950533017742,6.116811594202899,3.297939242089841,4,1,12,0,0,0,0.0965217391304347,0.0013258203513423,0.0003314550878355,0.0,0.0039774610540271,0.0,0.0,6,0,0,0,0,0,2,0,0,0,0,0,0,0,0,2,Google Analytics Debugger,,,
0,0,0,0,0,1,0,0,0,0,0,8,0.5080988621433352,40.07494145199063,0.0997967227744862,3.364527522164292,2.707686602458901,49,3,24,0,0,0,0.0434636361452151,0.0049893086243763,0.0003054678749618,0.0,0.0024437429996945,0.0,0.0,0,0,0,10,0,0,3,0,0,0,0,0,0,0,0,3,FACEIT to Leetify Demo Uploader by CSNADES.gg,,,
0,0,0,0,0,1,0,0,0,0,0,10,0.3881280233251606,40.00159391414599,0.0895880546904335,5.970645980494676,3.363411022147324,124,76,38,0,0,3,0.1032672485541731,0.0044919398659663,0.0027531244339793,0.0001086759644991,0.0013765622169896,0.0,0.0,12,0,0,1,0,0,4,0,0,0,0,0,0,0,0,3,MEMO Cashback Bestshopping,,,
0,0,0,0,1,1,1,0,0,0,0,1,0.3553814281418117,35.81426814268143,0.1179871019480736,3.4984721161191747,3.487721735236589,16,0,14,0,0,0,0.0644257703081232,0.009840098400984,0.0,0.0,0.008610086100861,0.0,0.0,0,0,0,1,1,0,2,0,0,0,0,0,0,1,0,2,Pulse SMS Extension,,,
0,1,1,0,0,1,0,0,0,0,0,162,0.2015134672871511,95.05489108794076,0.0693145754998702,10.068976897689767,2.797643833399057,571,190,253,0,1,1,0.0410013576608497,0.0042104797439792,0.0014010352913416,7.373869954429484e-06,0.0018655890984706,7.373869954429484e-06,0.0,327,9,0,0,0,0,3,0,0,0,0,0,0,0,0,2,Cluing - Shareable Notes on Web Pages,,,
0,0,0,0,0,0,0,0,0,0,0,0,0.0,0.0,0.0,0.0,0.0,0,0,0,0,0,0,0.0,0.0,0.0,0.0,0.0,0.0,0.0,0,0,0,0,0,0,0,0,0,0,0,0,0,0,0,0,Fauna Color,,,
0,0,0,0,1,0,0,0,0,0,0,1,0.2287523608487945,31.040332147093714,0.0879161574639854,7.256900212314225,3.696424376320108,28,0,14,0,0,0,0.0692144373673036,0.033214709371293,0.0,0.0,0.0166073546856465,0.0,0.0,0,0,0,0,0,0,2,0,0,0,0,0,0,0,0,2,__MSG_appName__,,,
0,1,0,0,0,1,0,0,0,0,1,83,0.4484712222192482,36.43367176541313,0.1014979970200654,3.7028682818156495,3.0101420241278207,155,29,124,0,0,0,0.053762352007966,0.0051766749048159,0.0009685391757397,0.0,0.0041413399238527,0.0,0.0,2,0,0,5,0,0,1,0,0,0,0,0,0,0,0,1,Promptly AI,,,
0,0,0,0,0,0,0,0,0,0,0,0,0.0,0.0,0.0,0.0,0.0,0,0,0,0,0,0,0.0,0.0,0.0,0.0,0.0,0.0,0.0,0,0,0,0,0,0,0,0,0,0,0,0,0,0,0,0,Marsala,,,
0,0,0,0,0,0,0,0,0,0,0,0,0.0,0.0,0.0,0.0,0.0,0,0,0,0,0,0,0.0,0.0,0.0,0.0,0.0,0.0,0.0,0,0,0,0,0,0,0,0,0,0,0,0,0,0,0,0,Kanbanchi Task & Project Management,,,
0,0,0,0,0,1,0,0,0,0,0,14,0.4231604769204354,36.74390906269398,0.0842794530857229,5.026603571470613,2.638123216513505,949,41,193,0,0,1,0.0479688290897105,0.0368171942892613,0.0015906269397889,3.879577901924271e-05,0.0074875853507138,0.0,0.0,51,0,16,10,0,0,24,0,0,0,0,0,3,0,0,24,__MSG_extName__,,,
0,0,0,0,0,0,0,1,0,0,0,0,0.2962062256809338,13.7,0.0967898832684825,6.059459459459459,3.5902005770935417,0,0,1,0,0,0,0.0378378378378378,0.0,0.0,0.0,0.0071428571428571,0.0,0.0,0,0,0,0,0,0,0,0,0,0,0,0,0,0,0,0,Seelie Companion,,,
0,1,0,0,1,1,0,1,0,0,0,202,0.4938620879267102,46.87735031047737,0.0841751821288011,4.157794191871225,2.983926467428234,1226,197,333,0,0,4,0.05592572510335,0.0025991481747662,0.0004176445272666,8.480091924196459e-06,0.0007059676526893,0.0,0.0,10,0,1,0,0,0,2,0,0,0,0,0,0,0,0,2,__MSG_extensionName__,,,
0,0,0,0,0,1,0,0,0,0,0,7,0.6323306397219609,47.943439865433135,0.0867518999196642,2.843652458680858,2.3157727375503203,7,1,10,0,0,1,0.0450544952156782,0.0007359125315391,0.0001051303616484,0.0001051303616484,0.0010513036164844,0.0,0.0,0,0,0,0,0,0,0,0,0,0,0,0,0,0,0,0,__MSG_application_t__,,,
0,1,0,0,0,1,0,0,0,0,0,41,0.4829777859047534,36.32927485887972,0.0915522414865665,3.623407135845317,2.887904518219925,952,15,40,0,0,0,0.0367725396965707,0.0165349544072948,0.0002605297438124,0.0,0.0006947459834997,0.0,0.0,0,0,0,0,0,0,2,0,0,0,0,0,0,0,0,2,__MSG_name__,,,
0,0,1,0,1,1,0,0,0,0,0,73,0.4567260158140693,35.144670658682635,0.0925593115958355,3.8753600626234106,2.9232591847176312,196,15,115,0,1,0,0.0519457674226332,0.003129740518962,0.0002395209580838,0.0,0.0018363273453093,1.596806387225549e-05,0.0,6,0,0,4,0,0,6,0,0,0,0,0,0,0,0,5,Flowith Web Clipper,,,
0,0,0,0,1,1,0,0,0,0,0,14,0.384163975283932,37.798567435359885,0.0985366907981164,3.9882774676033694,3.1583620310146263,28,3,48,0,0,0,0.0473227713797152,0.0012229210342417,0.0001310272536687,0.0,0.0020964360587002,0.0,0.0,3,0,0,0,0,0,2,0,0,0,0,0,0,0,0,1,Site Inspector,,,
0,0,0,0,0,1,0,0,0,0,0,1,0.311120797689751,32.19529837251356,0.095515719500899,5.496774193548387,3.625796980360354,17,5,3,0,0,0,0.0575268817204301,0.0307414104882459,0.0090415913200723,0.0,0.0054249547920434,0.0,0.0,0,0,0,1,0,0,2,0,0,0,0,0,0,0,0,2,Maze,,,
1,1,1,0,1,1,0,1,0,0,0,161,0.5509834650505991,48.82977921784342,0.0840392500417404,3.5931675085353163,2.6143879955261005,902,15,109,0,0,11,0.0683178506322955,0.0017427628007086,2.8981643027306504e-05,2.125320488669144e-05,0.0002105999393317,0.0,0.0,0,0,0,0,0,0,5,0,0,0,0,0,0,0,0,5,__MSG_Meta_appName__,,,
0,1,1,0,0,1,0,0,0,0,0,3988,0.5140847339798625,58.94997487637424,0.0764677504973872,3.928084336761008,2.919588555421906,16323,5858,5308,0,1,176,0.0370746120762859,0.0092259379816656,0.0033110056176314,9.947712337028496e-05,0.0030001396070992,5.652109282402553e-07,0.0,1,0,0,0,0,0,0,0,0,0,0,0,0,0,0,0,ChatGPT Toolbox,,,
0,0,0,0,1,1,0,0,0,0,1,56,0.4733316740587696,68.0586659475009,0.0892274896668503,3.96432097474853,3.0759148363882045,114,23,39,0,0,0,0.0311636118660998,0.0020496224379719,0.0004135203164329,0.0,0.0007011866235167,0.0,0.0,0,0,0,0,0,0,1,0,0,0,0,0,0,0,0,1,__MSG_extensionName__,,,
0,0,0,0,0,1,0,1,0,0,0,476,0.4867024258791894,54.67755488203549,0.1101922612686687,3.19667936786659,2.653544608808537,4946,254,561,0,0,0,0.0348651068563521,0.0068512505679362,0.0003518434379813,0.0,0.0007771030264076,0.0,0.0,0,0,0,0,0,0,2,0,0,0,0,0,0,0,0,2,퍼센티,,,
0,0,0,0,1,1,1,1,0,0,0,162,0.2460965654576908,83.51002155400123,0.0626520513199107,8.017441172256108,2.999350672216849,2362,65,149,0,0,4,0.0445499062369557,0.0124780761997337,0.0003433848234473,2.1131373750607528e-05,0.0007871436722101,0.0,0.0,0,0,0,0,0,0,1,0,0,0,0,0,0,0,0,1,__MSG_appTitle__,,,
0,0,0,0,1,1,1,0,0,0,1,88,0.3839940158104356,33.55848614749544,0.0856034871400225,5.5131125836348,3.238397370534384,706,45,246,0,0,8,0.0793423252487702,0.0070056362626022,0.0004465348892593,7.938398031277289e-05,0.0024410573946177,0.0,0.0,176,1,0,26,0,1,8,18,1,0,0,0,0,0,0,8,Vine Helper,,,
0,1,0,0,0,0,0,0,0,0,0,0,0.5558965366067514,32.55882352941177,0.0754055238930293,5.23404255319149,2.334087169756496,0,0,0,0,0,0,0.0354609929078014,0.0,0.0,0.0,0.0,0.0,0.0,0,0,0,1,1,0,1,0,0,0,0,0,0,1,0,1,Sidebar for Google Tasks,,,
0,0,0,0,1,1,0,1,0,0,0,84,0.4742471817440623,54.33415762371629,0.0688765051035795,3.9354358066661046,2.5178973061939307,453,121,131,0,0,14,0.0515461841747909,0.0011980862357611,0.0003200186192651,3.70269476835677e-05,0.000346466439039,0.0,0.0,6,0,0,4,0,0,10,0,0,0,0,0,0,0,0,10,SuperDev Pro,,,
0,0,0,0,0,0,0,0,0,0,0,0,0.0,0.0,0.0,0.0,0.0,0,0,0,0,0,0,0.0,0.0,0.0,0.0,0.0,0.0,0.0,0,0,0,0,0,0,0,0,0,0,0,0,0,0,0,0,ᎤᎧᏖᎾ (Uktena),,,
0,0,0,0,1,1,0,1,0,0,0,245,0.5314739035138206,52.911280257229954,0.0764663546722671,3.7967725437402335,2.513690269069287,373,40,108,0,0,5,0.0403917322646556,0.0008653208182733,9.279579820625722e-05,1.1599474775782152e-05,0.0002505486551568,0.0,0.0,14,0,0,0,0,0,2,0,0,0,0,0,0,0,0,2,LinkFox,,,
0,0,0,0,1,1,1,0,0,0,0,207,0.5663454708145091,51.347486943282775,0.0797342149882439,3.479696405025772,2.269236342569003,768,122,134,0,0,3,0.0442512014122723,0.0037002062094085,0.0005877931738904,1.445393050550213e-05,0.0006456088959124,0.0,0.0,1,0,0,0,0,0,1,0,0,0,0,0,0,0,0,1,AliDropship 2.0,,,
0,1,0,0,0,0,0,0,0,0,0,34,0.4004769603415243,34.37385095485228,0.1184000828495647,3.823135046724991,3.003168412636372,221,20,29,0,0,0,0.0409748783957611,0.003748176791832,0.0003392015196228,0.0,0.000491842203453,0.0,0.0,0,0,0,0,0,0,0,0,0,0,0,0,0,0,0,0,Mais Barato PROTESTE,,,
0,0,1,0,1,1,0,1,0,0,0,122,0.4647593890744016,46.09576155424783,0.0655969182094955,4.204376343656462,3.005243112478617,527,21,152,0,0,6,0.0361612816836598,0.0034117319556928,0.0001359513682534,3.884324807240381e-05,0.0009840289511675,0.0,0.0,13,1,0,4,0,0,1,0,0,0,0,0,0,0,0,1,Minty: Get Paid to Shop,,,
0,0,0,0,1,1,1,0,0,0,1,7,0.3809842904056093,29.840153277678937,0.1221354397798881,3.9644713334416113,3.2772713644679734,75,7,16,0,0,0,0.0571300958258892,0.010264130286027,0.0009579854933625,0.0,0.0021896811276857,0.0,0.0,16,0,0,1,1,0,9,0,0,0,0,0,0,1,0,9,Подборка-Туров.ру,,,
0,0,1,0,1,1,0,0,0,0,0,38,0.4665048452881403,36.48564312744067,0.0848901061686713,3.681002103248696,2.6822727926901626,252,18,36,0,2,1,0.0437053214988054,0.0030466794820644,0.0002176199630046,1.208999794470035e-05,0.0004352399260092,2.41799958894007e-05,0.0,4,0,0,0,0,0,2,0,0,0,0,0,0,0,0,2,ConcealBrowse,,,
0,1,0,0,0,1,0,1,0,0,0,8,0.238695927653937,30.632058287795992,0.0988998329589309,6.38480697384807,3.4602925337715185,44,1,17,0,0,0,0.0130759651307596,0.0801457194899817,0.0018214936247723,0.0,0.0309653916211293,0.0,0.0,1,0,0,5,0,1,2,0,0,0,0,0,0,0,0,2,YouTube Dark Mode,,,
0,0,0,0,0,1,0,0,0,0,1,20,0.4473273784205303,40.99906959434313,0.1110431731178222,3.63883701188455,3.1435442323493654,120,17,20,0,0,0,0.0607385398981324,0.0223297357647934,0.0031633792333457,0.0,0.0037216226274655,0.0,0.0,0,0,0,2,4,0,4,0,0,0,0,0,0,2,0,4,Popper Stopper Pro,,,
0,0,0,0,1,1,0,1,0,0,0,359,0.3820504508257299,62.92442512592297,0.0707304550201273,5.648645337595418,2.57356674423081,357,110,193,0,0,5,0.0371428783871871,0.0006844994430053,0.0002109101925226,9.586826932848112e-06,0.0003700515196079,0.0,0.0,514,0,0,0,0,0,2,0,0,0,0,0,0,0,0,2,__MSG_extName__,,,
0,0,1,0,0,1,0,0,0,0,0,25,0.3994041199255997,32.483796682575175,0.1062805640227188,3.8568899460715778,2.896759971247845,121,22,37,0,0,1,0.0430701069489586,0.0040383139205019,0.0007342388946367,3.3374495210759934e-05,0.0012348563227981,0.0,0.0,24,1,0,3,1,8,44,0,0,0,0,0,0,0,0,44,__MSG_extension_name__,,,
0,0,0,0,0,1,0,0,0,0,0,23,0.3272931641567679,43.98994462255902,0.081603830119432,6.788904190438718,3.2625047703651706,46,1,14,0,0,0,0.0386779460948258,0.0067035849606528,0.0001457301078402,0.0,0.0020402215097639,0.0,0.0,0,0,0,0,0,0,0,0,0,0,0,0,0,0,0,0,Savvy by Wethrift,,,
0,0,0,0,0,0,0,0,0,0,0,0,0.0,0.0,0.0,0.0,0.0,0,0,0,0,0,0,0.0,0.0,0.0,0.0,0.0,0.0,0.0,0,0,0,0,0,0,0,0,0,0,0,0,0,0,0,0,__MSG_appName__,,,
0,0,0,0,1,1,0,1,0,0,0,128,0.4208115263386046,40.04429605696165,0.0722474380024763,5.742377054392504,2.939235153214971,2231,11,178,0,0,20,0.0554077776658428,0.0053395560342248,2.632681146412972e-05,4.7866929934781305e-05,0.0004260156764195,0.0,0.0,4,0,0,0,0,0,1,0,0,0,0,0,0,0,0,1,__MSG_appName__,,,
0,1,0,0,0,0,0,0,0,0,0,8,0.3807421073315575,40.79311131386861,0.1245960875070957,3.694300028358068,3.2790427312212413,135,17,55,0,0,0,0.0487758767369316,0.0307937956204379,0.0038777372262773,0.0,0.0125456204379562,0.0,0.0,0,0,0,5,0,0,11,0,0,0,0,0,0,0,0,11,__MSG_appName__,,,
0,0,0,0,0,1,0,0,0,0,0,22,0.6138932912520321,67.10766237376077,0.0699524544780535,4.04589797521851,2.706297123430191,7,1,32,0,0,0,0.066707009384562,0.0001621421291577,2.316316130825535e-05,0.0,0.0007412211618641,0.0,0.0,0,0,0,3,0,0,1,0,0,0,0,0,0,0,0,1,Gmail Sender Icons,,,
0,0,0,0,0,1,0,0,0,0,0,8,0.2761825896344911,51.70306154326773,0.0937447021904923,4.6731608512477045,3.0032761110039803,119,3,82,0,0,0,0.0277519714810413,0.0037175882536707,9.372071227741332e-05,0.0,0.0025616994689159,0.0,0.0,0,0,0,0,0,0,3,0,0,0,0,0,0,0,0,3,__MSG_manifest_name__,,,
1,1,0,0,1,1,1,0,0,0,1,8,0.3929783632588052,50.78611423348846,0.0884872968397275,4.502927513624811,3.002767402316074,450,10,4,0,0,0,0.0584050164966431,0.0009454675336954,2.101038963767583e-05,0.0,8.404155855070333e-06,0.0,0.0,0,0,0,0,0,0,22,0,0,0,0,0,0,0,0,22,Bitfinity Wallet,,,
0,0,1,0,0,1,1,0,0,0,1,1248,0.4564657732666085,82.69317968873519,0.0647020094396999,4.895526600246274,3.184614378146845,1879,432,603,0,0,32,0.0308407435572907,0.0005095633294472,0.0001171534637153,8.678034349287085e-06,0.0001635267097693,0.0,0.0,0,0,0,0,0,9,115,0,0,0,0,0,8,0,0,98,OneKey: Secure Crypto Wallet,,,
0,0,1,0,0,1,0,0,0,0,0,54,0.5750112779561571,46.49207979515963,0.0885002008862143,3.382233952042783,2.7040262859673394,762,20,62,0,0,0,0.042272498393902,0.0110231892024823,0.0002893225512462,0.0,0.0008968999088633,0.0,0.0,0,0,0,0,0,0,0,0,0,0,0,0,0,0,0,0,__MSG_name__,,,
0,0,0,0,0,1,0,0,0,0,0,3,0.2833142800337989,35.35411020776874,0.1301257517769272,5.36670716889429,3.362817702849062,34,2,8,0,0,0,0.0522478736330498,0.030713640469738,0.001806684733514,0.0,0.007226738934056,0.0,0.0,1,0,0,1,0,0,4,0,0,0,1,0,0,0,0,4,MUA Web Unicode Converter,,,
0,0,0,0,0,0,0,0,0,0,0,12,0.4272189458237226,23.33010704442023,0.1112887991959248,3.0922985621622745,3.2696479969144563,133,8,81,0,0,3,0.1152248378398076,0.0042625472726107,0.0002563938209089,9.614768284084352e-05,0.0025959874367027,0.0,0.0,1,0,0,14,4,0,14,0,0,0,5,0,0,1,0,13,__MSG_appName__,,,
0,0,0,0,0,0,0,0,0,0,0,0,0.0,0.0,0.0,0.0,0.0,0,0,0,0,0,0,0.0,0.0,0.0,0.0,0.0,0.0,0.0,0,0,0,0,0,0,0,0,0,0,0,0,0,0,0,0,Green Peaceful Ambience Theme,,,
0,0,0,0,0,0,0,0,0,0,1,9,0.3564186085577948,38.74006467090853,0.0980469098602048,6.598950834864056,3.2967935707704803,48,8,22,0,0,7,0.0913799665723411,0.0025033900073015,0.0004172316678835,0.0003650777093981,0.0011473870866798,0.0,0.0,2,0,0,0,0,0,1,0,0,0,0,0,0,0,0,1,__MSG_appName__,,,
0,0,0,0,0,1,1,0,0,0,0,22,0.5966686366190278,49.96209029066172,0.0793025155118579,3.537446725199921,2.507833555913268,111,3,61,0,0,0,0.0471378443095736,0.0068645640074211,0.0001855287569573,0.0,0.0037724180581323,0.0,0.0,7,0,1,0,0,0,1,0,0,0,0,0,0,0,0,1,Etherscan,,,
0,0,0,0,0,1,1,0,0,0,1,63,0.4674124345416912,45.94879029038354,0.0857028338763507,4.179633086809794,3.038977721599497,260,10,72,0,0,1,0.0669802063138747,0.0069202310292512,0.0002661627318942,2.6616273189428016e-05,0.0019163716696388,0.0,0.0,0,0,0,4,0,0,1,0,0,0,0,0,0,0,0,1,Marker.io: Visual bug reporting for websites,,,
0,0,0,0,0,0,0,0,0,0,0,3,0.2872726896366139,40.60266896254843,0.0832858961487906,6.490794081102451,3.5155374248396045,109,51,21,0,0,2,0.0778267254038179,0.046922083512699,0.0219543693499784,0.0008609556607834,0.0090400344382264,0.0,0.0,0,0,0,3,0,0,1,0,0,0,0,0,1,0,0,1,Le Git Graph - Commits Graph for GitHub,,,
0,0,1,0,1,1,0,1,0,0,1,295,0.3657137919883621,40.72701148702839,0.0898336555936491,4.7956514363914815,2.9955649043353136,1176,136,121,0,4,19,0.0662601181855993,0.0029566087496511,0.0003419207397555,4.776833864232325e-05,0.000304208893459,1.0056492345752263e-05,0.0,243,10,0,4,0,0,8,0,0,0,0,0,0,0,0,8,Forensic OSINT Full Page Screen Capture,,,
0,0,0,0,1,1,0,0,0,0,1,15,0.4994169732958508,51.53754769497336,0.0729117565795532,5.104073262145534,2.382696858640537,9,3,3,0,0,0,0.0430474035311034,8.294777976442831e-05,2.7649259921476106e-05,0.0,2.7649259921476106e-05,0.0,0.0,0,0,0,0,0,0,2,0,0,0,0,0,0,0,0,2,Polymesh Wallet,,,
0,0,1,1,0,1,1,0,0,0,0,0,0.3604796990123844,29.673076923076923,0.0888070230443643,6.660714285714286,2.815997932011548,3,0,0,0,2,0,0.0808823529411764,0.0072115384615384,0.0,0.0,0.0,0.0048076923076923,0.0,0,0,0,1,0,0,1,0,0,0,0,0,0,0,0,1,Naver Cafe Free Pass,,,
0,1,0,0,0,1,0,0,0,0,0,3,0.3565227846579295,38.58924321751547,0.0950102200312612,5.931285934651521,3.4300217854330928,33,0,17,0,0,0,0.0964801570607208,0.0157068062827225,0.0,0.0,0.0080913850547358,0.0,0.0,10,0,0,2,0,0,2,0,0,0,0,0,0,0,0,2,Google Sheets Dark Mode,,,
1,1,1,0,0,1,0,0,1,0,0,5,0.4425799618859177,39.82287711425613,0.0956456299340349,3.718805025815501,2.8770246363733647,16,1,2,0,0,0,0.0273077267436655,0.0006903693476009,4.3148084225060405e-05,0.0,8.629616845012081e-05,0.0,0.0,0,0,0,0,0,0,3,0,0,0,0,0,0,0,0,3,__MSG_appName__,,,
1,1,1,0,0,1,0,0,0,0,0,85,0.3786549968824884,41.76137926452513,0.0985570263802233,4.395975930746272,3.116508209920216,104,10,161,0,0,0,0.0658831001035659,0.000690961033784,6.643856094077002e-05,0.0,0.0010696608311463,0.0,0.0,0,0,0,0,0,0,0,0,0,0,0,0,0,0,0,0,Needle Inspector — DevTools for three.js,,,
0,1,0,0,1,1,0,0,0,0,0,2,0.3434643143544507,25.9978354978355,0.0753809141940657,5.895738893925658,3.115278192685344,37,3,2,0,0,0,0.0407978241160471,0.08008658008658,0.0064935064935064,0.0,0.0043290043290043,0.0,0.0,0,0,0,4,0,0,1,0,0,0,0,0,0,0,0,1,"Sheetgo | Connect, Filter, Merge, Excel, CSV",,,
1,1,1,0,0,1,0,0,1,0,0,5,0.4425785585185655,39.8230065585088,0.0956453266533489,3.718834870325604,2.8769183152604265,16,1,2,0,0,0,0.0273077267436655,0.0006903693476009,4.3148084225060405e-05,0.0,8.629616845012081e-05,0.0,0.0,0,0,0,0,0,0,3,0,0,0,0,0,0,0,0,3,__MSG_appName__,,,
1,1,0,0,0,0,0,0,0,0,1,168,0.5137036324229597,52.54754712036985,0.0614403842616746,5.276944636310504,2.495135798739887,2064,121,220,0,0,1,0.0604795555117004,0.0077264304565107,0.0004529544986617,3.7434256087745898e-06,0.0008235536339304,0.0,0.0,3,0,0,1,1,0,1,0,0,0,0,0,0,1,0,1,Staffbase Email,,,
1,1,0,0,1,1,0,0,0,0,0,2,0.419265057621222,19.713642319030463,0.1162663820198066,3.563301420523278,3.316909850389468,91,9,16,0,0,0,0.0647703314554315,0.0074516868653783,0.0007369800196528,0.0,0.0013101867016049,0.0,0.0,0,0,0,0,0,0,5,0,0,0,0,0,0,0,0,5,Imprivata PAM Browser Extension,,,
1,1,1,0,1,1,0,0,0,0,1,156,0.5607940508563555,67.69115666690062,0.0746173948890426,3.657176831005396,2.7631040199266663,1073,81,302,0,0,15,0.0438084306690393,0.0017514621362614,0.0001322166197923,2.4484559220803387e-05,0.0004929557923121,0.0,0.0,135,1,0,1,0,0,12,0,0,0,0,0,0,0,0,12,__MSG_extName__,,,
0,0,0,0,0,1,0,0,0,0,0,71,0.2266248732279759,85.94701423913952,0.0484384907507099,19.20353938502655,2.9093803315765294,1230,142,19,0,0,0,0.0927013440613135,0.0057123749547189,0.0006594774337968,0.0,8.823993832492731e-05,0.0,0.0,37,0,0,0,0,0,3,0,0,0,0,0,0,0,0,3,MQTTBox,,,
0,0,0,0,0,1,0,0,0,0,0,6,0.3390319724468263,45.32797253342971,0.100098682799159,4.28287521408102,3.3442416484330217,95,1,18,0,0,0,0.1077272650195852,0.0085833032164799,9.035056017347308e-05,0.0,0.0016263100831225,0.0,0.0,0,0,0,0,0,0,1,0,0,0,0,0,0,0,0,1,__MSG_extName__,,,
0,1,0,0,0,0,0,0,0,0,1,50,0.3737231913084842,91.10687169949183,0.0950234281720198,4.207664049084743,3.0269807217713494,217,30,79,0,0,4,0.051508688374435,0.001441429472915,0.0001992759639974,2.6570128532996774e-05,0.0005247600385266,0.0,0.0,76,1,9,0,0,0,0,0,0,0,0,0,0,0,0,0,__MSG_appName__,,,
0,0,0,0,0,1,0,0,0,0,0,0,0.0,0.0,0.0,0.0,0.0,0,0,0,0,0,0,0.0,0.0,0.0,0.0,0.0,0.0,0.0,0,0,0,0,0,0,0,0,0,0,0,0,0,0,0,0,Pink Workspace,,,
0,0,1,0,0,1,0,1,0,0,0,39,0.5354458007858958,60.24888111888112,0.0810736135029447,4.308442792784231,2.71291866252417,190,8,31,0,0,4,0.0736261334042998,0.0044289044289044,0.0001864801864801,9.324009324009324e-05,0.0007226107226107,0.0,0.0,4,0,0,0,0,0,0,0,0,0,0,0,0,0,0,0,__MSG_appName__,,,
0,0,0,0,1,1,0,1,0,0,0,71,0.4952669054041253,49.590675735917976,0.0832312458645958,3.975912761405204,2.800082898059723,463,99,97,0,0,9,0.0502393957244228,0.0016645335710896,0.0003559153856109,3.2355944146450194e-05,0.0003487251758006,0.0,0.0,0,1,0,0,0,0,4,0,0,0,0,0,0,0,0,4,__MSG_extensionName__,,,
1,1,0,0,0,1,0,0,0,0,1,299,0.5129756085088159,26.85089905643582,0.0841277121410912,5.151991026360068,2.949401836495246,1324,28,11,0,0,0,0.060437464946719,0.0589282535161118,0.0012462168417304,0.0,0.0004895851878226,0.0,0.0,0,0,0,0,0,0,0,0,0,0,0,0,0,0,0,0,myGSTcafe,,,
0,0,0,0,0,0,0,0,0,0,0,240,0.4845366246655939,56.52651834965665,0.0702755275431531,4.944062951441172,2.55918063288282,6670,117,323,0,0,8,0.0532740711299309,0.0234647641562535,0.0004116008105369,2.814364516492176e-05,0.0011362996735337,0.0,0.0,9,0,3,15,0,0,36,0,0,0,0,0,0,0,0,33,Inspect - Crypto | NFTs | DeFi | Web3,,,
0,0,0,0,0,1,0,0,0,0,1,1,0.2697972799589427,33.86046511627907,0.0882217090069284,6.162061636556855,3.7028421306254367,16,2,3,0,0,0,0.0260361317747077,0.0286225402504472,0.0035778175313059,0.0,0.0053667262969588,0.0,0.0,0,0,0,0,0,0,0,0,0,0,0,0,0,0,0,0,FoundersCard Extension,,,
0,0,0,0,1,0,0,0,0,0,0,9,0.4421498688627917,36.79055118110236,0.0808727200748016,5.318958878792546,3.282855352381649,69,15,11,0,0,0,0.0638533805636839,0.0067913385826771,0.0014763779527559,0.0,0.0010826771653543,0.0,0.0,0,0,0,2,0,0,2,0,0,0,0,0,0,0,0,2,Fontpair,,,
0,0,0,0,1,1,0,0,0,0,0,228,0.260726823190374,42.989948791234966,0.0771415065068398,5.951575330808833,3.566820440435336,3392,436,133,0,0,69,0.0388886525124452,0.0807907586042634,0.0103846611885197,0.0016434440871739,0.0031677980231034,0.0,0.0,0,22,0,26,0,8,6,0,3,0,0,0,0,0,0,6,Minoan | Shop & save for your vacation rental,,,
1,1,1,0,1,1,0,0,0,0,1,315,0.2087426861094118,142.12399505161096,0.0622808553273689,10.533643517203837,3.035381509227691,7729,56,622,0,0,9,0.0302298318810377,0.0079613028560362,5.768313623211694e-05,9.270504037304508e-06,0.0006406948345781,0.0,0.0,490,1,0,5,0,1,19,0,0,0,0,0,0,0,0,19,__MSG_artwork_appname__,,,
0,0,0,0,0,0,0,0,0,0,0,0,0.0,0.0,0.0,0.0,0.0,0,0,0,0,0,0,0.0,0.0,0.0,0.0,0.0,0.0,0.0,0,0,0,0,0,0,0,0,0,0,0,0,0,0,0,0,Lavender Blossom,,,
0,0,0,0,0,0,0,0,0,0,0,0,0.0,0.0,0.0,0.0,0.0,0,0,0,0,0,0,0.0,0.0,0.0,0.0,0.0,0.0,0.0,0,0,0,0,0,0,0,0,0,0,0,0,0,0,0,0,SmallringFX DarkBlue Theme,,,
0,0,1,0,0,0,0,1,0,0,0,32,0.6425165337691826,44.82753183643225,0.0286850517773353,5.794613625558871,1.882449510182013,139,21,27,0,0,1,0.0057582609032081,0.0001710908209159,2.584825351967052e-05,1.2308692152224058e-06,3.3233468811004955e-05,0.0,0.0,0,0,0,0,0,0,0,0,0,0,0,0,0,0,0,0,Crosslister by Flyp,,,
0,0,0,0,0,1,0,1,0,0,0,131,0.496533518212362,54.905715051422064,0.0896491512962005,3.784353335040449,2.739802385393413,571,76,93,0,0,1,0.0610578427746322,0.009564168704566,0.0012729891795919,1.6749857626210177e-05,0.0015577367592375,0.0,0.0,11,0,0,6,0,2,2,0,0,0,0,0,0,0,0,2,Autofill Smartly - JobFill,,,
0,0,0,0,0,1,0,0,0,0,0,6,0.5902329068471259,49.16857407980204,0.0849589626224462,3.440670729911963,2.44549795547174,39,8,16,0,0,0,0.0469334275535141,0.0024126198577172,0.0004948963810702,0.0,0.0009897927621404,0.0,0.0,2,0,0,0,0,0,2,0,0,0,0,0,0,0,0,2,__MSG_appName__,,,
0,0,0,0,1,1,0,0,0,0,0,121,0.3754988510149368,36.24957379575008,0.0949741478360781,3.736624823098537,3.007364300525444,1575,31,185,0,0,1,0.0363707822967,0.0112346726965354,0.0002211268911699,7.133125521609804e-06,0.0013196282214978,0.0,0.0,0,0,0,0,0,0,1,0,0,0,0,0,0,0,0,1,__MSG_appName__,,,
0,1,0,0,1,1,0,1,0,0,0,371,0.3644202558536447,62.10172607330525,0.0811538679687943,5.936145662086293,3.2017783117982592,1033,60,122,0,0,6,0.055327398492509,0.016805218890823,0.0009761017748783,9.76101774878394e-05,0.001984740275586,0.0,0.0,17,1,0,7,0,1,2,0,0,0,0,0,0,0,0,2,JobWizard: AI Autofill Job Applications & LinkedIn Referrals,,,
0,0,0,0,0,0,0,0,0,0,0,0,0.0,0.0,0.0,0.0,0.0,0,0,0,0,0,0,0.0,0.0,0.0,0.0,0.0,0.0,0.0,0,0,0,0,0,0,0,0,0,0,0,0,0,0,0,0,Lando Norris's MCL36 - McLaren Blue,,,
0,0,0,0,0,0,0,0,0,0,0,0,0.0,0.0,0.0,0.0,0.0,0,0,0,0,0,0,0.0,0.0,0.0,0.0,0.0,0.0,0.0,0,0,0,0,0,0,0,0,0,0,0,0,0,0,0,0,Black Hole,,,
0,0,0,0,0,0,0,0,0,0,0,0,0.3639164669633687,18.486666666666668,0.0866141732283464,6.440677966101695,3.544158528455907,1,0,1,0,0,0,0.0677966101694915,0.0066666666666666,0.0,0.0,0.0066666666666666,0.0,0.0,0,0,0,0,0,0,0,0,0,0,0,0,0,0,0,0,XolidoSign Chrome Communication Component,,,
0,0,0,0,0,1,0,0,0,0,0,0,0.3264620210620659,30.99820788530466,0.0732691015012323,6.845417236662107,3.5310454211019606,4,0,10,0,0,0,0.033515731874145,0.007168458781362,0.0,0.0,0.017921146953405,0.0,0.0,3,0,0,1,0,1,1,0,0,0,0,0,0,0,0,1,Google Keep - Full Screen Edit,,,
0,0,0,0,1,1,0,0,0,0,0,9,0.406680396929414,31.216824835129483,0.1142083255320476,3.4947550264330016,2.9947497973946886,30,3,14,0,0,0,0.03777629771469,0.0024127392633102,0.000241273926331,0.0,0.0011259449895447,0.0,0.0,1,0,0,0,0,0,2,0,0,0,0,0,0,0,0,2,__MSG_appName__,,,
0,1,0,0,0,1,0,0,0,0,0,13,0.4241565621140737,60.53019354074425,0.0842193054623486,3.904731926471009,2.8559252156577424,892,26,52,0,0,2,0.0408356207503021,0.0066043742873643,0.0001925041832639,1.480801409722942e-05,0.0003850083665279,0.0,0.0,0,0,0,1,0,0,3,0,0,0,0,0,0,0,0,3,"Writesonic: AI Writing, SEO, and Keywords",,,
0,0,0,0,1,1,1,0,0,0,1,21,0.410278604061858,32.179520498992915,0.1148803590696617,3.669019540328829,3.12148933212858,109,9,32,0,0,0,0.0494447792028923,0.0070820609447079,0.0005847573257098,0.0,0.0020791371580793,0.0,0.0,1,0,0,0,0,0,1,0,0,0,0,0,1,0,0,1,DF Tube New (Distraction Free for YouTube™),,,
0,0,0,0,1,0,0,0,0,0,0,1,0.252495221915481,39.60775862068966,0.0834572095986409,5.77487922705314,3.834938810009203,14,2,2,0,0,0,0.0338164251207729,0.0603448275862069,0.0086206896551724,0.0,0.0086206896551724,0.0,0.0,0,0,0,0,0,0,1,0,0,0,0,0,0,0,0,1,YouLearn,,,
0,0,0,0,0,1,1,1,0,0,0,131,0.4654519140555025,70.51037371844339,0.0857343751782493,4.394587728762256,3.2259002775044068,140,6,144,0,0,10,0.0933455709009881,0.0015433800022048,6.61448572373498e-05,0.0001102414287289,0.0015874765736963,0.0,0.0,0,0,0,1,0,0,4,0,0,0,0,0,0,0,0,4,__MSG_appName__,,,
1,1,0,0,0,1,0,0,0,0,0,11,0.3709731505011884,45.07042786823173,0.1037701732872636,4.1311907349241554,3.166939869314099,108,10,10,0,0,0,0.0924572398291081,0.0081787201817493,0.0007572889057175,0.0,0.0007572889057175,0.0,0.0,4,0,0,0,0,0,0,0,0,0,0,0,0,0,0,0,Vento,,,
0,0,0,0,1,1,0,0,0,0,0,90,0.3975668173628982,53.52902868916264,0.0630743367650734,2.781532118158326,2.474087768731841,364,34,267,0,0,0,0.0168617766054343,0.0012057331950935,0.0001126234303109,0.0,0.0008844251733241,0.0,0.0,9,0,0,0,0,0,2,0,0,0,0,0,0,0,0,2,__MSG_extensionName__,,,
0,0,0,0,0,0,0,0,0,0,0,13,0.3951860751569978,29.495320197044336,0.1254083960987823,3.179066123472266,3.297261253494466,16,2,16,0,0,0,0.0408335944844876,0.0019704433497536,0.0002463054187192,0.0,0.0019704433497536,0.0,0.0,1,0,1,3,0,0,1,0,0,0,0,0,0,0,0,1,Лучшие онлайн радио - The Radio,,,
0,0,0,0,1,1,1,0,0,0,0,64,0.3893939174055853,56.86787223917364,0.09999951625621,4.028670453020885,3.1199125795898524,270,21,58,0,0,2,0.0733330351952059,0.0075581558099823,0.0005878565629986,5.59863393332027e-05,0.0016236038406628,0.0,0.0,14,0,0,0,0,0,6,0,0,0,0,0,0,0,0,2,__MSG_appName__,,,
0,0,0,0,0,0,0,0,0,0,0,0,0.2721747938069744,23.3689776733255,0.1028312352288622,5.319097888675624,3.323202521820592,4,0,0,0,0,0,0.0239923224568138,0.0047003525264394,0.0,0.0,0.0,0.0,0.0,1,0,0,0,0,0,0,0,0,0,0,0,0,0,0,0,Steam Artwork Hub Essentials,,,
0,1,0,0,0,1,0,0,0,0,1,39,0.5506127496411946,51.39707242623254,0.0902949530684263,3.3638986440580654,2.8479103189344106,486,19,28,0,0,0,0.0712993885343004,0.0112385533253168,0.000439367311072,0.0,0.0006474886689482,0.0,0.0,386,0,0,0,0,0,4,0,0,0,0,0,0,0,0,4,yStock,,,
0,0,0,0,0,0,0,0,0,0,0,5,0.434901625320787,35.61635730858469,0.1293888413648892,2.8528813721503243,3.001080613148277,31,4,1,0,0,2,0.0397818338396765,0.0035962877030162,0.0004640371229698,0.0002320185614849,0.0001160092807424,0.0,0.0,0,0,0,1,0,0,0,0,0,0,1,0,0,0,0,0,VeloViewer Strava Plugin,,,
0,0,0,0,0,1,0,0,0,0,0,0,0.2376073527196022,30.76555023923445,0.1060720204911857,7.599264705882353,3.4588661517278525,3,0,1,0,0,0,0.0330882352941176,0.0143540669856459,0.0,0.0,0.0047846889952153,0.0,0.0,0,0,1,0,0,0,2,0,0,0,0,0,0,0,0,2,Panda Helper,,,
0,0,0,0,1,1,0,0,0,0,1,47,0.4966446421754324,40.97559352118926,0.087536487240478,3.991436441138314,2.953819071120245,65,14,46,0,0,1,0.0535286336011043,0.0016024455784828,0.0003451421245963,2.4653008899736213e-05,0.0011340384093878,0.0,0.0,1,0,0,0,0,0,1,0,0,0,0,0,0,0,0,1,__MSG_extName__,,,
0,0,0,0,0,1,0,0,0,0,0,42,0.5948550286089845,48.497306965097856,0.0816834979710137,3.3675218570322247,2.469605072914093,378,14,92,0,0,3,0.0465876634452808,0.0038632531043998,0.0001430834483111,3.066073892380806e-05,0.0009402626603301,0.0,0.0,0,0,0,0,0,0,3,0,0,0,0,0,0,0,0,3,__MSG_ext_fulltitle__,,,
0,0,0,0,1,1,0,0,0,0,0,16,0.434963247043784,42.79770236366037,0.1199099115396443,3.356649878753964,3.22141680019036,153,24,14,0,0,4,0.062648226610174,0.0202033540208635,0.0031691535719001,0.0005281922619833,0.0018486729169417,0.0,0.0,0,0,0,0,0,1,2,0,0,0,0,0,0,0,0,2,New Tab Helper 72,,,
0,0,0,0,0,0,0,0,0,0,0,0,0.0,0.0,0.0,0.0,0.0,0,0,0,0,0,0,0.0,0.0,0.0,0.0,0.0,0.0,0.0,0,0,0,0,0,0,0,0,0,0,0,0,0,0,0,0,Constellation Mix,,,
0,0,0,0,1,1,0,0,0,0,1,273,0.5338069629361389,56.70051890950888,0.0667702704830117,3.808616379237884,1.972464173899681,887,141,192,0,0,18,0.0392994118537055,0.0019796676747274,0.0003146935086094,4.017363939694903e-05,0.0004285188202341,0.0,0.0,22,0,0,25,0,0,3,0,0,0,0,0,0,0,0,3,The Guestbook Extension: Cash Back on Hotels,,,
0,0,0,0,0,1,0,0,0,0,1,22,0.5486815836382912,53.161796756676885,0.0489721279355204,5.994846151417139,2.9642279314950177,962,21,48,0,0,2,0.0687525656467234,0.0071072365261719,0.0001551475748956,1.4775959513870932e-05,0.0003546230283329,0.0,0.0,3,0,0,0,0,0,0,0,0,0,0,0,0,0,0,0,Eztrackr - Supercharge your job hunt,,,
0,0,0,0,0,0,0,0,0,0,0,0,0.1858439201451905,21.241935483870968,0.1157894736842105,7.003937007874016,3.472854753145508,2,2,1,0,0,0,0.0551181102362204,0.0161290322580645,0.0161290322580645,0.0,0.0080645161290322,0.0,0.0,6,5,0,1,0,0,2,0,0,0,0,0,0,0,0,2,__MSG_appName__,,,
1,1,0,0,1,1,0,1,0,0,0,63,0.3092500291925046,59.43729107341835,0.0763696406146609,5.18453654922621,3.2359931255261203,333,28,50,0,0,0,0.0164018768521567,0.0412281787792497,0.003466633651108,0.0,0.0061904172341215,0.0,0.0,21,0,0,2,0,0,1,0,0,0,0,0,0,0,0,1,ClearTax Assistant,,,
0,0,0,0,1,1,0,0,0,0,0,104,0.4453888741279714,58.06579649898936,0.0780461717910366,5.966402960122266,2.551699173082349,471,22,120,0,0,1,0.0506607881629893,0.004490675412837,0.0002097555394531,9.534342702414095e-06,0.0011441211242896,0.0,0.0,0,0,0,0,0,0,5,0,0,0,0,0,0,0,0,5,__MSG__extensionName__,,,
0,0,0,0,0,0,0,0,0,0,0,0,0.0,0.0,0.0,0.0,0.0,0,0,0,0,0,0,0.0,0.0,0.0,0.0,0.0,0.0,0.0,0,0,0,0,0,0,0,0,0,0,0,0,0,0,0,0,Pink Kitten,,,
0,1,0,0,1,1,0,0,0,0,0,39,0.4497478659680822,63.33904525665688,0.0758030797410757,4.032477126558476,2.212751572916645,917,12,54,0,0,0,0.031133953826462,0.023210489014883,0.0003037359522122,0.0,0.0013668117849549,0.0,0.0,16,1,0,0,0,0,1,0,0,0,0,0,0,0,0,1,Email Finder-Kendo Sourcing Ninja,,,
0,0,0,0,0,1,0,0,0,0,1,34,0.5387822976613411,52.50111152278622,0.0796802609436353,3.9686303431971792,2.626612554345134,290,11,22,0,0,5,0.0405835463371758,0.0134309003334568,0.0005094479436828,0.0002315672471285,0.0010188958873656,0.0,0.0,0,0,0,0,0,0,1,0,0,0,0,0,0,0,0,1,__MSG_appName__,,,
0,1,0,0,0,1,0,0,0,0,1,1,0.4823339743216207,71.51361502347417,0.073402870850572,5.750206025089278,3.049287023302549,80,49,14,0,0,0,0.0608918597198058,0.0375586854460093,0.0230046948356807,0.0,0.0065727699530516,0.0,0.0,0,0,0,14,0,0,3,0,0,0,0,0,0,0,0,3,__MSG_dev_efaz_verified_badge_add_on_exName__,,,
0,1,0,0,1,1,0,0,0,0,0,21,0.4464645101505602,36.10416156670747,0.0591386530995982,4.458394576304762,2.0915638269153907,142,80,32,0,0,0,0.0210888071726353,0.000790030043396,0.0004450873483921,0.0,0.0001780349393568,0.0,0.0,1,0,0,0,0,0,5,0,0,0,0,0,0,0,0,5,RSSHub Radar,,,
0,0,0,0,0,1,0,0,0,0,1,241,0.5301965927284943,52.97695508489316,0.0800243492683321,3.857482825928852,2.915527423185387,933,48,571,0,0,9,0.060535832141293,0.0024966216668227,0.0001284435584217,2.4083167204078084e-05,0.0015279431637253,0.0,0.0,3,0,0,0,0,0,2,0,0,0,0,0,0,0,0,2,Python Code Runner,,,
0,0,0,0,0,0,0,0,0,0,0,0,0.0,0.0,0.0,0.0,0.0,0,0,0,0,0,0,0.0,0.0,0.0,0.0,0.0,0.0,0.0,0,0,0,0,0,0,0,0,0,0,0,0,0,0,0,0,__MSG_extName__,,,
0,1,0,0,1,1,0,1,0,0,1,52,0.4073103271802133,31.150407029331955,0.0865869040832717,4.5914172650920815,2.966569801731071,444,71,177,0,0,0,0.0775946757433619,0.0095619589094198,0.0015290519877675,0.0,0.0038118619976741,0.0,0.0,2,1,0,5,0,0,19,0,0,0,0,0,0,0,0,19,Bulk Image Downloader From Url List,,,
0,0,0,0,0,0,0,0,0,0,0,0,0.0,0.0,0.0,0.0,0.0,0,0,0,0,0,0,0.0,0.0,0.0,0.0,0.0,0.0,0.0,0,0,0,0,0,0,0,0,0,0,0,0,0,0,0,0,Star Se7en,,,
0,0,0,0,0,1,0,0,0,0,0,16,0.4482646970779955,48.07555089192025,0.0997990090965184,4.413301425864992,3.1526823577827705,28,7,17,0,0,0,0.0893409113570645,0.0041972717733473,0.0010493179433368,0.0,0.0025483435766751,0.0,0.0,1,0,0,0,0,0,2,0,0,0,0,0,0,0,0,2,InCognito,,,
0,0,1,0,0,1,0,0,1,0,0,9,0.3544003315375051,23.10380373981141,0.1105346042271031,4.081060824445085,3.555922489891106,95,15,13,0,0,0,0.0556644566157394,0.0075914975227744,0.0011986575035959,0.0,0.0010388365031165,0.0,0.0,2,0,0,2,0,0,6,0,3,0,2,0,0,0,0,6,__MSG_app_name__,,,
0,0,0,0,1,1,0,0,0,0,1,244,0.5126695773244921,52.42253512434692,0.0830684363009094,3.7441197508757846,2.699005059509884,1012,287,409,0,0,33,0.0515580742198152,0.0012490850945392,0.0003542365831351,4.073103569149573e-05,0.0005048179878127,0.0,0.0,11,0,0,3,0,0,4,0,0,0,0,0,0,0,0,4,Typhon Wallet,,,
0,0,0,0,0,0,0,0,0,0,0,26,0.4489011372087258,50.451855050320525,0.0857954780201619,4.056478835824571,2.8154422969865043,726,18,78,0,0,4,0.090319487368878,0.0241139934234563,0.0005978676055402,0.0001328594678978,0.0025907596240077,0.0,0.0,12,0,0,10,0,0,18,0,0,0,5,0,0,0,5,13,Free Rider HD Offline Editor,,,
0,0,0,0,0,0,0,0,0,0,0,1,0.3910933485583785,13.247967479674797,0.0836425920639451,6.792307692307692,3.4002190500521445,0,0,1,0,0,0,0.0461538461538461,0.0,0.0,0.0,0.0040650406504065,0.0,0.0,0,0,0,0,0,0,0,0,0,0,0,0,0,0,0,0,LockedIn AI,,,
0,0,0,0,0,1,0,0,0,0,1,86,0.5200329615997363,40.94143669686117,0.0943037646855698,3.431876640419948,2.741321915415129,217,83,58,0,0,0,0.0577066929133858,0.0028570676216557,0.0010927954497577,0.0,0.0007636401938066,0.0,0.0,26,0,2,0,0,0,8,0,0,0,0,0,0,0,0,8,Inoreader: Read-later and RSS extension,,,
0,0,0,0,1,1,0,0,0,0,0,104,0.4190884306854999,48.91325973409307,0.0919320196076612,3.951274772253728,2.8728186954156665,221,28,30,0,0,1,0.0402537182262201,0.0026234567901234,0.0003323836657169,1.1870845204178537e-05,0.0003561253561253,0.0,0.0,14,0,0,0,0,0,1,0,0,0,0,0,0,0,0,1,__MSG_extName__,,,
0,0,0,0,0,0,1,0,0,0,0,0,0.0,0.0,0.0,0.0,0.0,0,0,0,0,0,0,0.0,0.0,0.0,0.0,0.0,0.0,0.0,0,0,0,0,0,0,0,0,0,0,0,0,0,0,0,0,__MSG_appName__,,,
0,0,0,0,0,1,0,0,0,0,0,0,0.2705692555888453,12.77777777777778,0.1120073749711915,6.392307692307693,3.962562321120592,20,0,8,0,0,0,0.1743589743589743,0.0634920634920634,0.0,0.0,0.0253968253968253,0.0,0.0,0,0,0,0,1,0,1,0,0,0,0,0,0,0,0,1,aB Spider,,,
0,1,0,0,1,1,0,1,0,0,0,19,0.5676800023916327,46.46044963937639,0.0731764868339196,3.386333934639066,2.0995730685126985,48,7,15,0,0,0,0.0331946473791782,0.0008107697245072,0.0001182372514906,0.0,0.0002533655389085,0.0,0.0,0,0,0,0,0,0,5,0,0,0,0,0,0,0,0,5,TimeYourWeb Time Tracker,,,
0,0,0,0,1,1,0,0,0,0,0,70,0.5002908100234262,49.91847480532542,0.0514173012260075,5.538447030421908,2.232749224619821,662,29,100,0,0,5,0.0265080394300501,0.0016004293599007,7.010944325849351e-05,1.2087835044567849e-05,0.0002417567008913,0.0,0.0,1,0,0,0,0,0,2,0,0,0,0,0,0,0,0,2,Quizard AI - Homework Tutor,,,
0,1,0,0,0,1,0,1,0,0,0,28,0.3963690512142654,37.70477800356058,0.0919059809601687,4.0070519582156585,2.9950828217074483,584,9,83,0,0,1,0.0595290755044404,0.0105018971749177,0.0001618443057778,1.798270064198241e-05,0.0014925641532845,0.0,0.0,2,0,0,2,0,0,1,0,0,0,0,0,0,0,0,1,NoLang,,,
0,0,0,0,1,1,0,0,0,0,1,16,0.4369607356262916,32.44581368766967,0.1071987355088135,3.58970999301188,2.9732484370424133,130,3,57,0,0,0,0.0409484432021119,0.0046435205029289,0.0001071581654522,0.0,0.0020360051435919,0.0,0.0,1,0,0,0,0,0,1,0,0,0,0,0,0,0,0,1,Karakeep,,,
0,0,1,0,0,1,0,0,0,0,0,0,0.3066278417439158,15.638666666666667,0.0956108246734165,6.159845788849347,3.676350462603438,29,0,10,0,1,2,0.0806642941874258,0.0128888888888888,0.0,0.0008888888888888,0.0044444444444444,0.0004444444444444,0.0,0,0,0,2,0,0,1,0,0,0,0,0,0,0,0,1,Principa Chrome Extension,,,
0,0,0,0,0,0,0,0,0,0,0,0,0.2413793103448276,31.010309278350515,0.0821785368997744,6.033333333333333,3.9866254088365,0,0,1,0,0,0,0.0272727272727272,0.0,0.0,0.0,0.0103092783505154,0.0,0.0,0,0,0,0,0,0,0,0,0,0,0,0,0,0,0,0,Picture-in-Picture Viewer,,,
0,0,1,0,1,1,0,0,0,0,0,97,0.362735603700292,42.42427559782423,0.075631990757345,6.445919911168341,3.091716703675575,498,18,125,0,0,2,0.0538972797766405,0.0021295884506174,7.69730765283432e-05,8.552564058704799e-06,0.000534535253669,0.0,0.0,4,28,0,0,0,0,5,0,0,0,0,0,0,0,0,5,__MSG_extensionName__,,,
0,0,0,0,0,1,0,0,0,0,0,0,0.2660910518053375,29.357142857142858,0.1024332810047095,6.186991869918699,3.5873015041692344,3,1,0,0,0,0,0.0772357723577235,0.0357142857142857,0.0119047619047619,0.0,0.0,0.0,0.0,0,0,0,0,0,0,0,0,0,0,0,0,0,0,0,0,Open Dyslexic,,,
1,1,1,0,1,1,0,0,0,0,1,199,0.5408812163691874,47.58202635041611,0.0604991449422289,5.189011539888311,2.514481109418678,444,78,155,0,0,3,0.0565133696273347,0.0015174558690339,0.0002665800851005,1.02530801961756e-05,0.0005297424768024,0.0,0.0,20,1,0,12,0,0,18,1,0,0,4,0,0,0,0,18,Kerberus Sentinel3,,,
0,1,0,0,1,1,0,0,0,0,0,3,0.5583264404143159,42.57396449704142,0.0942087134726731,3.498903027643703,3.139038163415258,7,0,3,0,0,2,0.0451952610794208,0.0037654653039268,0.0,0.0010758472296933,0.00161377084454,0.0,0.0,0,0,0,0,0,0,0,0,0,0,0,0,0,0,0,0,__MSG_extName__,,,
0,0,0,0,1,1,1,0,0,0,0,87,0.6318260251238916,72.39455027284828,0.057672815858523,4.205013165845547,2.456677060319913,559,136,88,0,0,2,0.0519285648125686,0.002247932023179,0.0005469029609165,8.042690601713897e-06,0.0003538783864754,0.0,0.0,0,0,0,0,0,0,2,0,0,0,0,0,0,0,0,2,__MSG_extensionName__,,,
0,0,0,0,1,1,0,0,0,0,0,12,0.3537031216841675,43.27783063748811,0.1117799858703565,4.595888119805471,3.340916333306529,353,12,70,0,0,0,0.0665929032756092,0.0419838249286393,0.0014272121788772,0.0,0.008325404376784,0.0,0.0,11,0,1,1,0,0,104,0,0,0,0,0,0,0,0,76,Bulk URL Opener,,,
0,0,1,0,1,1,0,1,0,0,0,239,0.5135163479036291,53.117287930068535,0.0833859231837427,3.575266309287752,2.6006254973514724,933,173,217,0,1,3,0.0519674339213986,0.0035802270163239,0.0006638577425766,1.1511983975318306e-05,0.0008327001742146,3.8373279917727686e-06,0.0,0,0,0,0,0,0,6,0,0,0,0,0,0,0,0,6,__MSG_extName__,,,
0,0,0,0,1,1,0,1,0,0,1,117,0.5227327244020806,45.33343057994513,0.0812106247214238,3.531355535384028,2.605541607447859,335,34,89,0,0,8,0.0440871409998508,0.0018794777856946,0.0001907529692943,4.4883051598678194e-05,0.0004993239490352,0.0,0.0,20,0,0,0,0,0,1,0,0,0,0,0,0,0,0,1,__MSG_appName__,,,
0,1,0,0,0,1,0,0,0,0,0,31,0.4133303375456417,33.78189287700006,0.1011096107503782,3.85006191708459,2.990734080655989,761,15,42,0,0,2,0.0444774486047057,0.0117532587879162,0.0002316673874096,3.0888984987953295e-05,0.000648668684747,0.0,0.0,1,0,0,0,0,0,2,0,0,0,0,0,0,0,0,2,Amazon Index Checker,,,
0,0,1,0,0,0,0,1,0,0,0,1,0.6644977199391984,38.20543648719289,0.0537480999493319,4.148793565683646,3.0814702741218185,9,0,6,0,1,0,0.0259159964253798,0.0047046523784631,0.0,0.0,0.0031364349189754,0.0005227391531625,0.0,0,0,0,0,0,0,0,0,0,0,0,0,0,0,0,0,"PageProof. Online proofing, review & approval",,,
0,0,0,0,0,1,0,0,0,0,0,13,0.3456817925909244,40.27137546468401,0.0893367863979281,5.192695652173913,3.1501682562854807,54,18,52,0,0,0,0.0350144927536231,0.0250929368029739,0.0083643122676579,0.0,0.0241635687732342,0.0,0.0,5,0,0,2,0,0,2,0,0,0,0,0,0,0,0,2,__MSG_name__,,,
0,0,0,0,0,1,0,0,0,0,0,232,0.5327732715655696,52.52713393872625,0.0873671712773238,3.406364123345486,2.2800068462469847,358,121,155,0,0,2,0.0503065450013258,0.0012763878935677,0.0004314048467086,7.13065862328374e-06,0.0005526260433044,0.0,0.0,533,1,0,15,0,0,12,8,0,0,0,11,1,0,0,7,__MSG_name__,,,
0,0,0,0,0,0,0,0,0,0,0,0,0.0,0.0,0.0,0.0,0.0,0,0,0,0,0,0,0.0,0.0,0.0,0.0,0.0,0.0,0.0,0,0,0,0,0,0,0,0,0,0,0,0,0,0,0,0,On The Go Map,,,
0,0,1,0,1,1,0,1,0,0,1,289,0.3660285575194428,47.83958551640266,0.0865003159197807,4.372762637118362,2.841982074593107,6452,91,812,0,2,24,0.0361805978106273,0.0123373693026671,0.0001740081535249,4.589226027030541e-05,0.0015526881391453,3.824355022525451e-06,0.0,29,4,0,0,0,0,18,0,0,0,0,0,0,0,0,18,Testing Toolkit: 15+ Essential Manual Testing Tools,,,
0,0,0,0,1,1,0,1,0,0,0,43,0.4908242026659222,39.59122971020651,0.0774310838160374,5.148129345746948,2.8686271904174663,296,34,82,0,0,2,0.0494157321705391,0.0083850315855074,0.0009631455199569,5.665561882099657e-05,0.0023228803716608,0.0,0.0,1,0,0,9,1,0,2,0,0,0,0,0,0,1,0,2,lemlist,,,
0,0,0,0,0,0,0,0,0,0,0,0,0.0,0.0,0.0,0.0,0.0,0,0,0,0,0,0,0.0,0.0,0.0,0.0,0.0,0.0,0.0,0,0,0,0,0,0,0,0,0,0,0,0,0,0,0,0,"Juega, chamaco. Juega",,,
0,0,0,0,0,1,0,0,0,0,0,14,0.3937832399701489,26.10934699103713,0.0622148329381535,6.547716278193127,3.2528685149416834,203,21,12,0,0,0,0.0574228811962053,0.0259923175416133,0.0026888604353393,0.0,0.0015364916773367,0.0,0.0,0,0,0,0,0,0,0,0,0,0,0,0,0,0,0,0,__MSG_name__,,,
0,0,0,0,0,1,0,0,0,0,0,23,0.3206875426948892,39.69883749690823,0.0583567724730095,4.797070253414935,2.6170574905285653,40,0,16,0,0,2,0.0432946268587252,0.0019787286668315,0.0,9.893643334157804e-05,0.0007914914667326,0.0,0.0,0,0,0,0,0,0,27,0,0,0,0,0,0,0,0,27,Hex FRVR,,,
0,0,0,0,0,1,0,0,0,0,0,1,0.2916928073218438,38.16184971098266,0.0725910617411521,5.652219873150106,3.3740817406540664,24,1,10,0,0,0,0.0186751233262861,0.0346820809248554,0.0014450867052023,0.0,0.0144508670520231,0.0,0.0,0,0,0,0,0,0,1,0,0,0,0,0,0,0,0,1,ClickFix Block,,,
1,1,0,0,1,1,0,0,0,0,0,47,0.4184747950787799,21.21691430545957,0.0954419610221952,5.049859969698361,3.084800843201108,108,23,121,0,0,8,0.0794270235526376,0.0093296475466482,0.0019868693849343,0.0006910850034554,0.0104526606772633,0.0,0.0,25,0,0,11,0,0,12,0,0,0,0,0,0,0,0,12,__MSG_extName__,,,
0,1,0,0,1,1,1,0,0,0,0,203,0.3729610692319719,49.42230039519277,0.0719557633548381,2.91641280296269,2.876394741483257,3800,48,63,0,0,3,0.0248439956089003,0.0154181983429494,0.0001947561895951,1.217226184969691e-05,0.0002556174988436,0.0,0.0,11,0,0,0,0,0,2,0,0,0,0,0,0,0,0,2,__MSG_appName__,,,
0,0,1,0,1,1,0,0,0,0,1,6,0.2290348657387881,85.84509729111026,0.0525797834950091,4.429756498730647,3.0230801492721646,1,0,3,0,0,0,0.0186648550076876,0.0003815337657382,0.0,0.0,0.0011446012972148,0.0,0.0,0,0,0,0,0,0,1,0,0,0,0,0,0,0,0,1,Auvik SaaS Management,,,
0,0,1,0,0,1,0,0,0,0,0,85,0.4188875751719859,58.25018681513876,0.099025527248975,4.273086056265186,2.853104553680787,439,43,182,0,0,0,0.0408506610814818,0.0003361141226119,3.2922340028052895e-05,0.0,0.0001393457182582,0.0,0.0,24,3,1,0,0,0,3,0,0,0,0,0,0,0,0,3,Frontrun,,,
1,1,0,0,0,1,0,0,0,0,0,667,0.3091417540217759,37.782556040490825,0.0928739300678336,5.064299036437176,2.628592522147997,1638,351,557,0,0,2,0.0360200400101335,0.0074857756552338,0.0016040947832644,9.140141215181774e-06,0.0025455293284281,0.0,0.0,0,0,1,0,0,0,1,0,0,0,0,0,0,0,0,1,MinutaIA Conecta,,,
0,0,0,0,0,0,0,0,0,0,0,0,0.0,0.0,0.0,0.0,0.0,0,0,0,0,0,0,0.0,0.0,0.0,0.0,0.0,0.0,0.0,0,0,0,0,0,0,0,0,0,0,0,0,0,0,0,0,__MSG_appName__,,,
0,0,1,0,1,1,0,1,0,0,0,132,0.5402558883816131,43.45276605858934,0.0891986785578989,3.629308367438098,2.790456432160358,376,52,115,0,0,6,0.060184346818297,0.0044684770336918,0.0006179808663616,7.130548458018896e-05,0.0013666884544536,0.0,0.0,12,0,0,4,0,0,12,0,0,0,0,0,0,0,0,12,iorad — the tutorial builder,,,
0,0,0,0,1,0,0,0,0,0,0,1,0.4794004128893277,17.856175972927243,0.0787182479131137,6.362517099863201,3.1326910517512547,3,0,2,0,0,0,0.0341997264021887,0.0050761421319796,0.0,0.0,0.0033840947546531,0.0,0.0,0,0,0,0,0,0,0,0,0,0,0,0,0,0,0,0,NFC Reader - Browser Extension,,,
0,0,1,0,1,1,1,0,0,0,0,54,0.3512548271237093,37.15644856603126,0.1031406684609914,4.122832742187964,3.340721098207665,150,37,114,0,2,0,0.0324172231359106,0.0128799587841318,0.0031770565000858,0.0,0.0097887686759402,0.0001717327837884,0.0,0,2,0,7,0,0,2,0,0,0,0,0,0,0,0,2,__MSG_extName__,,,
0,0,0,0,0,1,0,0,0,0,0,123,0.5770854965564105,52.6700308129318,0.0646865559844001,3.2883881907736066,2.3358162477588573,3204,48,207,0,0,1,0.0247368185502518,0.0192821549794179,0.0002888712356467,6.018150742639802e-06,0.0012457572037264,0.0,0.0,0,0,0,0,0,0,4,0,0,0,0,0,0,0,0,4,__MSG_ext_name__,,,
0,0,0,0,0,1,0,1,0,0,0,60,0.5550378124193531,56.805202588336286,0.0913516892648259,3.2025529861515936,2.748952921045316,566,59,84,0,0,1,0.0502924484899527,0.0045838496238165,0.0004778217805745,8.098674247025761e-06,0.0006802886367501,0.0,0.0,0,0,0,0,0,0,1,0,0,0,0,0,0,0,0,1,Shopee选品助手 - 免费虾皮选品与数据分析,,,
0,1,0,0,1,1,0,0,0,0,0,28,0.3945879646312055,58.75503105590062,0.0717479280427973,6.072966485909858,3.277895451122891,219,68,230,0,0,0,0.0327140190239132,0.0181366459627329,0.005631469979296,0.0,0.019047619047619,0.0,0.0,0,0,0,33,2,10,0,0,1,0,0,0,0,1,0,0,__MSG_extensionName__,,,
0,1,0,0,1,1,0,0,0,0,0,5,0.4496171152287527,37.43340494092374,0.1147256924065845,3.474458706080643,3.04948037874719,1,0,1,0,0,0,0.067742771943472,0.0002685284640171,0.0,0.0,0.0002685284640171,0.0,0.0,0,0,0,0,1,0,1,0,0,0,0,0,0,0,0,1,Tab Suspender by Workona,,,
0,0,1,0,1,1,0,0,0,0,1,7,0.4436328383150552,42.98757843513894,0.0919680106204274,4.205477057538237,3.238823924425082,36,0,18,0,0,1,0.0823597960670065,0.0046100653092585,0.0,0.0001280573697016,0.0023050326546292,0.0,0.0,9,0,1,13,1,0,8,0,0,0,0,0,0,0,0,8,__MSG_extension_name__,,,
0,0,0,0,1,0,0,0,0,0,0,2,0.3447030911529072,14.990104452996151,0.0980297768455799,7.297602256699577,3.46500158912235,10,1,6,0,0,1,0.0691114245416079,0.005497526113249,0.0005497526113249,0.0005497526113249,0.0032985156679494,0.0,0.0,0,0,0,8,0,0,1,0,0,0,0,0,0,0,0,1,__MSG_extensionName__,,,
0,0,0,0,0,1,1,0,0,0,1,48,0.5093644776333258,48.153143028395895,0.0939618287215929,3.685048454083987,2.948792521924851,88,20,59,0,0,4,0.0642428637352495,0.0065932419270247,0.0014984640743238,0.0002996928148647,0.0044204690192552,0.0,0.0,0,0,0,3,0,0,1,0,1,0,0,0,0,0,0,1,网课小工具,,,
0,0,0,0,0,0,0,0,0,0,1,1,0.3105120248254461,14.040816326530612,0.1196664080682699,5.353174603174603,3.5481924135760607,9,1,3,0,0,1,0.0654761904761904,0.0262390670553935,0.0029154518950437,0.0029154518950437,0.0087463556851311,0.0,0.0,0,0,0,1,0,0,3,0,0,0,0,0,0,0,0,3,Phys.org Spotlight Science News,,,
0,0,1,0,1,1,0,0,0,0,1,72,0.4933704837240809,38.31430077301476,0.0654723501253025,4.56494026336239,1.983461829804268,552,15,123,0,4,15,0.0627674884318223,0.0040407589599437,0.0001098032326071,0.0001098032326071,0.0009003865073787,2.928086202857812e-05,0.0,48,0,0,5,0,2,34,0,3,0,4,0,0,0,0,33,__MSG_extension_name__,,,
0,0,0,0,1,1,0,0,0,0,1,268,0.3167930624836884,47.87654245624439,0.0887888629836157,5.187655398170153,3.12885638810986,341,85,181,0,0,16,0.0474785673100432,0.0007434312075415,0.0001853127643432,3.4882402699897966e-05,0.0003946071805425,0.0,0.0,0,1,3,0,0,0,4,0,0,0,0,0,0,0,0,4,"Enkrypt: ETH, BTC and Solana Wallet",,,
0,1,0,0,0,0,0,1,0,0,0,110,0.4910028734853382,53.25861498200167,0.0792494180392608,4.236118527961046,2.942067999376944,1602,366,436,0,0,2,0.0761736806141726,0.0055824456129713,0.0012753901962219,6.969345334546e-06,0.001519317282931,0.0,0.0,4,0,0,0,0,0,2,0,0,0,0,0,0,0,0,2,Market Papa,,,
0,1,0,0,1,1,0,0,0,0,0,109,0.5169231099862358,50.04835285393578,0.0897064421621034,3.7967078117159305,2.999389730653247,800,21,104,0,0,8,0.067701976320962,0.0081265300732403,0.0002133214144225,8.126530073240353e-05,0.0010564489095212,0.0,0.0,1,0,0,0,0,0,1,0,0,0,0,0,0,0,0,1,SurfEarner - заработок без вложений,,,
0,0,0,0,0,1,0,0,0,0,0,0,0.4127127385250129,33.48,0.0746518824136152,5.592867756315007,3.696844781073616,3,0,3,0,0,0,0.0326894502228826,0.0133333333333333,0.0,0.0,0.0133333333333333,0.0,0.0,0,0,0,0,0,0,1,0,0,0,0,0,0,0,0,1,Duplicate Tab Shortcut,,,
0,0,0,0,0,0,0,1,0,0,1,68,0.5042916761186246,51.41426491994178,0.0811135848606528,3.5171345857999268,2.643215440531548,1704,8,81,0,0,2,0.0460308893013106,0.0261089404734543,0.0001225771853213,3.064429633034552e-05,0.0012410940013789,0.0,0.0,0,0,0,0,0,0,9,0,0,0,0,0,0,0,0,7,Noisli,,,
0,0,0,0,0,0,0,0,0,0,0,0,0.0,0.0,0.0,0.0,0.0,0,0,0,0,0,0,0.0,0.0,0.0,0.0,0.0,0.0,0.0,0,0,0,0,0,0,0,0,0,0,0,0,0,0,0,0,MeisterTask,,,
0,0,0,0,1,1,0,0,0,0,0,2,0.3481041571493832,25.19377990430622,0.0950205573321151,5.834628190899001,3.4731250568214502,3,0,1,0,0,0,0.0288568257491675,0.0071770334928229,0.0,0.0,0.0023923444976076,0.0,0.0,0,0,0,4,0,0,1,0,0,0,0,0,0,0,0,1,Y!News Excluder,,,
0,1,0,0,1,1,0,0,0,0,0,80,0.4724563114988002,34.94532288294428,0.0894200495450783,3.767477727846105,2.7737440251492336,244,21,131,0,0,1,0.0218483916745506,0.004157437382859,0.0003578122337706,1.703867779860283e-05,0.0022320667916169,0.0,0.0,14,0,0,0,0,0,6,0,0,0,0,0,0,0,0,6,__MSG_name__,,,
0,1,0,0,0,0,0,0,0,0,1,2,0.4613744718787549,49.0990291262136,0.0898872049304236,4.350194552529183,3.179709285186323,20,1,7,0,0,0,0.0449632511889321,0.0388349514563106,0.0019417475728155,0.0,0.0135922330097087,0.0,0.0,0,0,0,0,0,0,0,0,0,0,0,0,0,0,0,0,Wooclap for Google Slides,,,
0,0,0,0,0,0,0,0,0,0,0,0,0.0,0.0,0.0,0.0,0.0,0,0,0,0,0,0,0.0,0.0,0.0,0.0,0.0,0.0,0.0,0,0,0,0,0,0,0,0,0,0,0,0,0,0,0,0,__MSG_appName__,,,
0,0,0,0,0,0,0,0,0,0,0,0,0.0,0.0,0.0,0.0,0.0,0,0,0,0,0,0,0.0,0.0,0.0,0.0,0.0,0.0,0.0,0,0,0,0,0,0,0,0,0,0,0,0,0,0,0,0,Ale's Fall Browser Theme by Denise Figueroa,,,
0,0,0,0,1,1,0,0,0,0,0,8,0.5632899435963405,43.051416683178125,0.0803279868301503,4.04956504147279,2.8157149234383407,124,5,12,0,0,0,0.0546805005635675,0.0122845254606697,0.0004953437685753,0.0,0.0011888250445809,0.0,0.0,1,0,0,0,0,0,1,0,0,0,0,0,0,0,0,1,twitter画像原寸ボタン,,,
0,0,0,0,0,0,0,0,0,0,0,0,0.0,0.0,0.0,0.0,0.0,0,0,0,0,0,0,0.0,0.0,0.0,0.0,0.0,0.0,0.0,0,0,0,0,0,0,0,0,0,0,0,0,0,0,0,0,Psychedelic Power,,,
0,0,1,1,1,0,0,0,0,0,0,7,0.4213393308885171,45.17718281036835,0.1072432296686941,3.720323985842636,2.913865245142964,67,9,9,0,1,1,0.0691192485706506,0.0114256480218281,0.0015347885402455,0.0001705320600272,0.0015347885402455,0.0001705320600272,0.0,18,0,0,0,0,0,6,0,0,0,0,0,0,0,0,6,IP Whois & Flags Chrome & Websites Rating,,,
0,1,0,0,1,0,0,0,0,0,0,0,0.3507509509431002,35.17801418439716,0.0669973726520528,6.646589446589447,3.458390465844872,4,0,2,0,0,0,0.0648648648648648,0.0028368794326241,0.0,0.0,0.001418439716312,0.0,0.0,0,0,0,2,0,0,0,0,0,0,0,0,0,0,0,0,Unify Phone,,,
0,1,0,0,1,1,0,0,0,0,0,27,0.3587194502855878,32.41887763305998,0.0788819009031984,6.586384734399175,3.386161499585246,119,19,42,0,0,0,0.0771660649819494,0.0191349091493809,0.0030551535616658,0.0,0.0067534973468403,0.0,0.0,0,0,0,3,0,0,8,0,0,0,0,0,0,0,0,8,__MSG_extName__,,,
0,0,0,0,0,1,0,0,0,0,0,8,0.3672910594355092,71.80554830287207,0.0829692561349211,3.9143495420358927,2.3934384205179358,51,3,10,0,0,0,0.0354829101198897,0.0033289817232375,0.000195822454308,0.0,0.0006527415143603,0.0,0.0,0,0,0,0,0,0,2,0,0,0,0,0,0,0,0,2,Volume Controller,,,
0,1,0,0,0,0,0,0,0,0,1,8,0.4162673456541587,42.791656319841074,0.1229833107445234,3.443028006103263,3.2049670924033404,69,8,7,0,0,0,0.0565044051779298,0.0171343431835113,0.0019865905140302,0.0,0.0017382666997765,0.0,0.0,1,0,0,0,0,0,0,0,0,0,0,0,0,0,0,0,Wonde,,,
1,1,0,0,1,1,0,1,0,0,0,87,0.4161606723301474,46.93276613405271,0.0684370831420503,4.927002760763355,2.729602289621478,240,50,57,0,0,0,0.0325576902954741,0.0020751193193608,0.0004323165248668,0.0,0.0004928408383482,0.0,0.0,5,0,0,0,0,0,4,0,0,0,0,0,0,0,0,4,Pinbox - 跨平台收藏,,,
0,0,0,0,1,0,0,0,1,0,0,0,0.3489413680781759,26.920454545454547,0.0806188925081433,4.984674329501916,3.816118599392248,0,0,0,0,0,0,0.057471264367816,0.0,0.0,0.0,0.0,0.0,0.0,0,0,0,0,0,0,0,0,0,0,0,0,0,0,0,0,TweetDeck Launcher,,,
0,1,0,0,0,0,0,0,0,0,0,101,0.398825759201459,70.70645041475795,0.0665700753343327,2.771152008025161,3.0547751232965057,400,27,66,0,0,6,0.0246669589877698,0.0070747625532818,0.0004775464723465,0.0001061214382992,0.0011673358212914,0.0,0.0,23,1,0,3,0,0,3,0,0,0,0,0,0,0,0,3,__MSG_appName__,,,
0,0,1,0,0,1,0,1,0,0,1,384,0.5872657707252764,23.169867358342884,0.0738892529148359,4.250338405027303,2.522524343848415,6332,138,159,0,3,5,0.0612048557896569,0.0034877578707271,7.601241095393923e-05,2.7540728606499723e-06,8.757951696866912e-05,1.652443716389983e-06,0.0,0,0,0,0,0,0,6,0,0,0,0,0,0,0,0,6,__MSG_askmeoffers_Title__,,,
0,0,0,0,0,1,0,0,0,0,0,37,0.5804592521066555,56.2210695842679,0.0574972734918686,6.053382571719276,2.5507559881313417,105,12,49,0,0,2,0.0692283058563141,0.0006846278232747,7.824317980282718e-05,1.3040529967137865e-05,0.0003194929841948,0.0,0.0,5,0,0,0,0,0,0,0,0,0,0,0,0,0,0,0,Save Emails to Dropbox by cloudHQ,,,
0,0,1,0,1,1,1,1,0,0,1,341,0.4454865378556091,32.20381236639623,0.0764066772912759,5.062446593926483,2.5162821013493373,5749,330,888,0,21,252,0.0558295126044398,0.0029513471778159,0.0001694111269228,0.0001293684969228,0.0004558699415377,1.078070807690649e-05,0.0,60,5,0,2,0,0,61,0,1,0,0,0,0,0,0,61,__MSG_extension_name__,,,
0,0,0,0,0,0,0,0,0,0,0,24,0.41248784160425,38.66865161162261,0.0900704734682345,4.184691454834564,2.900689366192918,113,20,14,0,0,3,0.0575399159206255,0.0017253752309407,0.0003053761470691,4.580642206037287e-05,0.0002137633029484,0.0,0.0,19,0,2,0,0,0,0,0,0,0,0,0,0,0,0,0,TrelloExport,,,
0,0,0,0,0,0,0,0,0,0,0,0,0.4143035726034607,55.3,0.0944141061911967,4.359946773120426,3.6087281243104177,12,0,3,0,0,0,0.0984697272122421,0.0444444444444444,0.0,0.0,0.0111111111111111,0.0,0.0,0,0,0,0,0,0,0,0,0,0,0,0,0,0,0,0,What the font,,,
0,0,1,0,1,1,0,1,0,0,0,44,0.4656816019567321,41.29736766535848,0.0855726310967965,3.839090620608368,3.049862243832351,188,13,50,0,0,0,0.0536651706786345,0.0035991193644108,0.0002488752751986,0.0,0.0009572125969177,0.0,0.0,0,0,0,0,0,0,1,0,0,0,0,0,0,0,0,1,Price.com: Save with Cash Back & Coupons,,,
0,0,0,0,1,1,0,0,0,0,0,6,0.3899968561547915,29.746748681898065,0.0918288604990139,4.970301363011129,3.239542713334806,28,6,17,0,0,0,0.082593472552207,0.004920913884007,0.0010544815465729,0.0,0.0029876977152899,0.0,0.0,13,1,0,2,0,3,3,0,0,0,0,0,0,0,0,3,__MSG_name__,,,
0,1,0,0,0,1,0,1,0,0,0,323,0.4886253502304715,49.55677229425199,0.0816673761693553,3.799136773601064,2.613754508122301,509,112,216,0,0,24,0.0572820284135326,0.0014734020534998,0.0003242063457602,6.94727883772025e-05,0.0006252550953948,0.0,0.0,22,2,0,0,0,0,5,0,0,0,0,0,0,0,0,5,__MSG_name__,,,
0,0,0,0,0,1,1,0,0,0,0,0,0.2481147691741769,22.64782608695652,0.0980320029427993,6.564315352697095,3.4962511339308,2,0,6,0,0,0,0.0746887966804979,0.008695652173913,0.0,0.0,0.0260869565217391,0.0,0.0,0,0,0,1,0,0,1,0,0,0,0,0,0,0,0,1,__MSG_appTitle__,,,
0,0,0,0,0,0,0,0,0,0,0,0,0.3143926505614154,15.243093922651934,0.0687308608370193,6.062611806797853,3.5325413248772604,0,0,1,0,0,0,0.0679785330948121,0.0,0.0,0.0,0.0027624309392265,0.0,0.0,0,0,0,0,0,0,0,0,0,0,0,0,0,0,0,0,Robot Mesh Connect Extension,,,
0,1,0,0,1,1,0,1,0,0,0,11,0.4954102693645192,22.351740558417998,0.040837275451703,4.685397799754967,2.276570599196342,10,1,1,0,0,0,0.0086940413187997,7.655854048798414e-05,7.655854048798413e-06,0.0,7.655854048798413e-06,0.0,0.0,0,0,0,0,0,0,0,0,0,0,0,0,0,0,0,0,Crosslist,,,
0,0,0,0,0,1,0,0,0,0,0,245,0.4452375297654389,44.19937003870166,0.0846644708470572,4.344437673725955,2.961634581997996,596,47,82,0,0,0,0.0478726004229707,0.0084183169016073,0.0006638605610327,0.0,0.0011582248086104,0.0,0.0,2,0,0,0,0,0,0,0,0,0,0,0,0,0,0,0,MCP SuperAssistant,,,
0,1,0,0,0,1,1,0,0,0,0,67,0.4483430876863408,36.07539368228866,0.0853446443514492,4.111188471144708,2.9581181340298066,163,8,53,0,0,6,0.0492562385341378,0.002188242559304,0.0001073984078186,8.054880586395307e-05,0.0007115144517982,0.0,0.0,0,0,0,0,0,0,3,0,0,0,0,0,0,0,0,1,__MSG_APP_NAME__,,,
0,0,0,0,0,0,0,0,1,0,0,5,0.3118652198365699,24.60173618462841,0.1022512985079564,6.385228582404918,3.746625497931925,349,57,91,0,0,0,0.081732616212063,0.0738937116239678,0.0120686004658056,0.0,0.0192674147787423,0.0,0.0,12,0,0,9,0,0,18,0,0,0,6,0,0,0,0,18,SimpleExtManager,,,
1,1,0,0,1,1,0,1,0,0,0,85,0.514753380023683,44.922618456342505,0.0960448346019495,4.061370566404166,2.416833128402905,322,35,70,0,0,1,0.0374549881746256,0.004569385119698,0.0004966722956193,1.4190637017695723e-05,0.0009933445912387,0.0,0.0,5,0,0,0,0,0,34,0,0,0,0,0,0,0,0,31,Matter,,,
0,0,0,0,0,1,1,0,0,0,0,13,0.3932895567124152,39.13969133359715,0.0849700268181101,4.455155155155155,3.414657312276326,30,2,26,0,0,0,0.066066066066066,0.0118717847249703,0.000791452314998,0.0,0.0102888800949742,0.0,0.0,1,0,0,0,0,0,2,0,0,0,0,0,0,0,0,2,LikeMe – накрутка лайков и просмотров ВК,,,
0,0,0,0,0,1,0,0,0,0,0,2,0.2464171974522293,31.20940170940171,0.0925557324840764,6.928461538461539,3.5724121169681333,6,0,5,0,0,0,0.0953846153846153,0.0128205128205128,0.0,0.0,0.0106837606837606,0.0,0.0,0,0,0,0,0,1,1,0,0,0,0,0,0,0,0,1,Tab auto reloader,,,
0,1,0,0,1,1,1,0,0,0,1,136,0.4333536820456234,40.58823088530684,0.0936786070475428,3.877744113475177,2.846265160197973,374,17,148,0,0,3,0.0578235460992907,0.0018687479388809,8.494308813095226e-05,1.4989956728991576e-05,0.0007395045319635,0.0,0.0,9,2,0,0,0,0,2,0,0,0,0,0,0,0,0,2,Jenni Web Importer,,,
0,0,0,0,1,0,0,0,0,0,0,0,0.211112905831045,34.394285714285715,0.0883540623485705,6.366269165247019,3.9578386543193615,8,0,3,0,0,0,0.0187393526405451,0.0457142857142857,0.0,0.0,0.0171428571428571,0.0,0.0,0,0,0,4,0,0,1,0,0,0,0,0,0,0,0,1,__MSG_extName__,,,
0,0,0,0,0,1,0,0,0,0,0,103,0.4952890418396842,55.13030962816344,0.0785553646021567,4.705942770537286,2.602257757145745,998,18,158,0,0,11,0.064679689114628,0.0056439983034073,0.0001017955605824,6.220839813374805e-05,0.0008935388095574,0.0,0.0,0,0,1,0,0,0,1,0,0,0,0,0,0,0,0,1,GigaBrain - AI Companion for Reddit,,,
0,1,0,0,1,1,1,0,0,0,0,98,0.4269052539584754,61.56803879301428,0.0742892122567059,4.710511644673966,2.8401983203972927,590,97,128,0,0,5,0.0393395482973122,0.00244111331317,0.0004013355786059,2.068740095906791e-05,0.0005295974645521,0.0,0.0,0,0,0,1,1,2,4,0,0,0,0,0,0,0,0,4,Cirrus Insight,,,
0,1,0,0,0,1,0,0,0,0,0,18,0.4264740570524185,34.732599238716695,0.1048313461114112,3.4736406561845885,2.906448849345414,40,7,22,0,0,0,0.0355189926820165,0.0027188689505165,0.0004758020663404,0.0,0.0014953779227841,0.0,0.0,1,0,0,0,0,0,2,0,0,0,0,0,0,0,0,2,Easy Grouping for Google Calendar,,,
0,0,0,0,0,0,0,0,0,0,0,0,0.0,0.0,0.0,0.0,0.0,0,0,0,0,0,0,0.0,0.0,0.0,0.0,0.0,0.0,0.0,0,0,0,0,0,0,0,0,0,0,0,0,0,0,0,0,__MSG_appName__,,,
0,1,0,0,1,1,0,1,0,0,0,233,0.4698449715966035,53.64519185220275,0.0700148034590142,4.359810030608958,2.6525510060257838,3152,52,228,0,0,9,0.0289789822651463,0.016590346860361,0.0002736986157166,4.737091425864519e-05,0.001200063161219,0.0,0.0,18,2,0,0,0,0,1,0,0,0,0,0,0,0,0,1,Surfe,,,
0,0,0,0,1,1,1,0,0,0,0,1,0.5444578380381402,46.01178696158323,0.0809552825935264,3.812525951193361,2.7565145837990337,0,0,1,0,0,0,0.0336117228438828,0.0,0.0,0.0,2.078829203392649e-05,0.0,0.0,2,0,0,0,1,0,3,0,0,0,0,0,0,0,0,3,__MSG_name__,,,
0,0,0,0,0,0,0,0,0,0,0,0,0.0,0.0,0.0,0.0,0.0,0,0,0,0,0,0,0.0,0.0,0.0,0.0,0.0,0.0,0.0,0,0,0,0,0,0,0,0,0,0,0,0,0,0,0,0,__MSG_appName__,,,
1,1,0,0,1,0,0,0,0,0,1,50,0.3652646065668001,35.25769383994821,0.0924881690877887,4.401134518950227,3.3568128852741586,235,35,50,0,0,3,0.0492492579349441,0.0029256511129923,0.0004357352721478,3.734873761266869e-05,0.0006224789602111,0.0,0.0,0,1,0,0,0,0,1,0,0,0,0,0,0,0,0,1,__MSG_title__,,,
0,0,0,0,0,0,0,0,0,0,1,2,0.3278435297189104,30.97287899860918,0.0972717779131494,6.759103641456583,3.5650114992015736,7,6,28,0,0,0,0.0316526610644257,0.0048678720445062,0.0041724617524339,0.0,0.019471488178025,0.0,0.0,0,0,0,0,0,0,3,0,0,0,0,0,0,0,0,3,Replace Google CDN,,,
0,1,0,0,0,1,1,0,0,0,1,160,0.4302063721632183,38.07489133426795,0.0972831575229311,3.657840429101305,2.7322035099051214,336,17,107,0,0,2,0.0493386833110417,0.0021509093353306,0.0001088257699423,1.2803031757920276e-05,0.0006849621990487,0.0,0.0,10,0,0,1,0,0,2,0,0,0,0,0,0,0,0,2,__MSG_appName__,,,
0,0,0,0,0,1,1,0,0,0,0,5,0.4112040684871998,39.718359255870695,0.1269417439369654,3.5434739617666446,3.246249853236721,60,10,6,0,0,1,0.082300593276203,0.0091491308325709,0.0015248551387618,0.0001524855138761,0.000914913083257,0.0,0.0,0,0,0,0,0,1,2,0,0,0,0,0,0,0,0,2,Utime,,,
0,0,1,0,1,1,1,0,0,0,1,132,0.334356996364948,41.86060747300552,0.0950313705623319,5.359367261020307,3.153504992154822,206,15,19,0,0,9,0.0442553553739475,0.001600248582304,0.0001165229550221,6.991377301328361e-05,0.000147595743028,0.0,0.0,463,0,0,24,0,2,539,0,3,0,0,0,0,0,0,539,sideSonar,,,
1,1,0,0,0,1,0,0,0,0,0,46,0.5250067958472568,57.83799153445992,0.0917431142278956,3.5764906344120857,2.780313199597292,503,52,76,0,0,11,0.0483398730455859,0.0162525445087078,0.0016801835277391,0.0003554234385602,0.0024556528482341,0.0,0.0,31,0,0,17,0,1,5,0,1,0,0,0,0,0,0,5,__MSG_extension_img2go_name__,,,
0,0,0,0,0,0,1,0,0,0,0,0,0.0,0.0,0.0,0.0,0.0,0,0,0,0,0,0,0.0,0.0,0.0,0.0,0.0,0.0,0.0,0,0,0,0,0,0,0,0,0,0,0,0,0,0,0,0,__MSG_appName__,,,
0,0,0,0,0,0,0,0,0,0,0,3,0.2629217866198556,17.449640287769785,0.1031792471230739,5.573099415204679,3.695817011720441,8,1,0,0,0,0,0.0175438596491228,0.0287769784172661,0.0035971223021582,0.0,0.0,0.0,0.0,0,0,0,0,0,0,0,0,0,0,0,0,0,0,0,0,YouTubeScreenShot,,,
0,1,0,0,0,1,0,0,0,0,0,326,0.407065056008175,49.00641854691786,0.0853164461585783,4.049678994128688,2.619804333670601,1497,249,992,0,0,10,0.0374737408655252,0.0029970569981381,0.0004985084786482,2.002042082924583e-05,0.0019860257462611,0.0,0.0,4,0,1,0,0,0,1,0,0,0,0,0,0,0,0,1,LoadConnect,,,
0,0,0,0,0,0,0,0,0,0,0,0,0.0,0.0,0.0,0.0,0.0,0,0,0,0,0,0,0.0,0.0,0.0,0.0,0.0,0.0,0.0,0,0,0,0,0,0,0,0,0,0,0,0,0,0,0,0,Nights Like This,,,
0,1,0,0,0,1,0,0,0,0,0,13,0.485749677868016,41.66750376695128,0.0826713366372046,3.837412335824547,2.539737820726593,421,3,59,0,0,0,0.0279565972388782,0.0162655024533477,0.0001159061932542,0.0,0.0022794884673337,0.0,0.0,68,0,0,0,0,0,1,0,0,0,0,0,0,0,0,1,DarkBili - Dark Mode for bilibili.com,,,
0,0,0,0,0,0,0,0,0,0,0,0,0.1944328278960055,17.005245346869714,0.020576170360729,10.617265508294675,3.3599361667766154,1,0,0,0,0,0,0.011636134916267,8.460236886632826e-05,0.0,0.0,0.0,0.0,0.0,0,0,0,0,0,0,0,0,0,0,0,0,0,0,0,0,Khan Academy Helper,,,
0,0,0,0,0,1,0,0,0,0,0,13,0.4245005897796887,25.363175845119876,0.1037822000684905,3.96076123931231,3.158333881388783,141,18,37,0,0,0,0.0714903006343661,0.0070719229611796,0.0009027986758952,0.0,0.0018557528337847,0.0,0.0,21,1,0,2,0,0,7,0,0,0,0,0,0,0,0,7,Color Picker,,,
0,0,0,0,0,0,0,0,0,0,0,0,0.3108371187540558,28.11320754716981,0.136275146009085,4.725609756097561,3.618629600472645,0,0,1,0,0,0,0.0304878048780487,0.0,0.0,0.0,0.0188679245283018,0.0,0.0,0,0,0,0,0,0,0,0,0,0,0,0,0,0,0,0,__MSG_name__,,,
0,0,0,0,0,1,0,0,0,0,0,0,0.2705069124423963,12.780952380952382,0.112442396313364,6.394871794871795,3.963413162046196,20,0,8,0,0,0,0.1743589743589743,0.0634920634920634,0.0,0.0,0.0253968253968253,0.0,0.0,0,0,0,0,1,0,1,0,0,0,0,0,0,0,0,1,aB Penguins,,,
0,0,0,0,0,0,0,0,0,0,0,0,0.0,0.0,0.0,0.0,0.0,0,0,0,0,0,0,0.0,0.0,0.0,0.0,0.0,0.0,0.0,0,0,0,0,0,0,0,0,0,0,0,0,0,0,0,0,__MSG_appName__,,,
0,0,0,0,0,1,1,0,0,0,0,20,0.4460081090891938,39.35560582652836,0.0955084177431957,3.533985374771481,2.969548432921382,301,14,81,0,0,7,0.0644241316270566,0.0083039064224233,0.0003862282056941,0.000193114102847,0.0022346060472301,0.0,0.0,0,0,0,0,0,0,2,0,0,0,0,0,0,0,0,2,__MSG_appName__,,,
0,1,0,0,1,1,0,1,0,0,0,0,0.2959521468371026,41.61382681564246,0.0802032120616191,6.329846843481509,3.2089607855525366,127,4,8,0,0,0,0.0364213672020918,0.0886871508379888,0.0027932960893854,0.0,0.0055865921787709,0.0,0.0,0,0,0,1,0,0,2,0,0,0,0,0,0,0,0,2,__MSG_appName__,,,
0,0,0,0,0,1,0,0,0,0,0,36,0.5830036946881764,56.02524962926347,0.0573777549652103,6.017905579787485,2.5125684852635657,107,12,51,0,0,2,0.0695617482360731,0.0007052232657768,7.909045971329708e-05,1.3181743285549511e-05,0.0003361344537815,0.0,0.0,2,0,0,0,1,0,1,0,0,0,0,0,0,0,0,1,Mobile Text Alerts for Gmail™ by cloudHQ,,,
0,0,1,1,1,1,1,0,0,0,0,21,0.3659449204704267,19.7895451640392,0.0846419600001537,4.652041778307036,2.442194282390329,203,16,74,0,1,5,0.0745509576262776,0.0054058372390285,0.0004260758414997,0.0001331487004686,0.0019706007669365,2.6629740093736684e-05,0.0,30,0,0,9,0,1,46,0,0,0,2,0,0,0,0,46,__MSG_name__,,,
0,0,0,0,0,0,0,0,0,0,0,13,0.4292031499090756,20.64823368065955,0.0797469119573758,5.357309580661605,2.8030415673769324,78,5,21,0,0,0,0.0793603949239395,0.0012295663414095,7.88183552185633e-05,0.0,0.0003310370919179,0.0,0.0,22,0,1,10,0,0,3,0,0,0,0,0,0,0,0,3,"LiChess Tools, by Siderite",,,
0,0,0,0,1,1,0,1,0,0,0,23,0.382784795418336,40.875495118984496,0.0871716835410321,5.70540305355589,2.973758357819968,789,25,65,0,0,0,0.0750116464063145,0.0246078033870816,0.0007797149362193,0.0,0.0020272588341702,0.0,0.0,44,0,4,1,0,1,6,0,0,0,0,0,0,0,0,6,__MSG_newtab_chrome_extension_name__,,,
0,0,0,0,0,1,0,0,0,0,0,18,0.3463006220800959,32.900486978615284,0.1119681714842481,4.447982520029133,3.506773398805484,299,25,47,0,0,1,0.0496431172614712,0.0316536099936481,0.0026466229091679,0.0001058649163667,0.0049756510692356,0.0,0.0,17,0,0,24,2,0,8,0,0,1,0,0,0,0,0,8,Daily Deals,,,
0,0,0,0,0,0,0,0,0,0,0,0,0.0,0.0,0.0,0.0,0.0,0,0,0,0,0,0,0.0,0.0,0.0,0.0,0.0,0.0,0.0,0,0,0,0,0,0,0,0,0,0,0,0,0,0,0,0,Bông (Flower),,,
0,0,0,0,0,0,0,0,0,0,0,0,0.0,0.0,0.0,0.0,0.0,0,0,0,0,0,0,0.0,0.0,0.0,0.0,0.0,0.0,0.0,0,0,0,0,0,0,0,0,0,0,0,0,0,0,0,0,__MSG_extName__,,,
0,0,0,0,0,0,0,0,0,0,1,0,0.424965412994466,22.50677506775068,0.1288365956138553,3.2075871051774665,3.2180618696239667,77,9,7,0,0,0,0.0528600890046673,0.0115928937067148,0.0013550135501355,0.0,0.0010538994278831,0.0,0.0,0,0,2,0,0,0,2,0,0,0,0,0,0,0,0,2,Online Safety,,,
0,0,1,0,1,1,0,0,0,0,1,246,0.4817138138951751,36.844086327349366,0.089673803143753,3.947102967598844,2.6634337059299584,863,44,399,0,0,6,0.0500979856764972,0.0023377840624348,0.0001191917714335,1.6253423377298845e-05,0.0010808526545903,0.0,0.0,21,0,0,0,0,0,2,0,0,0,0,0,0,0,0,2,Navattic,,,
1,1,0,0,0,1,0,1,0,0,1,23,0.5172593002713611,43.69148084137757,0.1011609953113106,3.2772162756871666,2.4642907005284904,44,26,35,0,0,2,0.0637284153209264,0.0018547401256164,0.0010959828015006,8.430636934620411e-05,0.0014753614635585,0.0,0.0,0,0,0,0,0,0,4,0,0,0,0,0,0,0,0,4,Programa Web Clipper,,,
0,1,0,0,0,1,0,0,0,0,0,40,0.5606769093743041,43.92610519522427,0.0753190969753126,4.1686463046757165,3.20239681634045,74,9,24,0,0,0,0.028657616892911,0.0238786705388835,0.0029041626331074,0.0,0.0077444336882865,0.0,0.0,0,0,0,1,0,0,2,0,0,0,0,0,0,0,0,2,__MSG_name__,,,
0,0,0,0,0,1,0,0,0,0,0,85,0.4518944154803628,60.5962460530932,0.0807006185613985,4.215413393923962,3.103201941947063,222,48,234,0,0,0,0.0523475603784302,0.0129809379019997,0.002806689276108,0.0,0.0136826102210267,0.0,0.0,0,0,0,1,0,0,4,0,0,0,0,0,1,0,0,4,Record Voice Comments in Google Docs - Beep,,,
0,1,0,0,1,1,0,0,0,0,1,10,0.3999596594931915,35.25730383194657,0.0894921212520376,6.029087366027931,3.628773635930184,55,4,3,0,0,0,0.0928353361481,0.0020521622327525,0.000149248162382,0.0,0.0001119361217865,0.0,0.0,0,0,0,0,0,0,0,0,0,0,0,0,0,0,0,0,Adapt - Find Emails On Websites,,,
0,0,0,0,0,0,0,0,0,0,0,0,0.0,0.0,0.0,0.0,0.0,0,0,0,0,0,0,0.0,0.0,0.0,0.0,0.0,0.0,0.0,0,0,0,0,0,0,0,0,0,0,0,0,0,0,0,0,Trà (Tea),,,
0,0,0,0,0,1,0,0,0,0,0,30,0.58650068881875,59.96110620534639,0.0773546638527189,3.845225828113603,2.4580656878706004,94,12,43,0,0,0,0.0612647763716988,0.0012576596826416,0.0001605522999116,0.0,0.0005753124080169,0.0,0.0,0,0,0,0,0,0,0,0,0,0,0,0,0,0,0,0,Formatted Email Subject Lines by cloudHQ,,,
0,0,0,0,0,0,1,0,0,0,0,0,0.0,0.0,0.0,0.0,0.0,0,0,0,0,0,0,0.0,0.0,0.0,0.0,0.0,0.0,0.0,0,0,0,0,0,0,0,0,0,0,0,0,0,0,0,0,PrepFactory SAT + ACT Prep,,,
1,1,0,0,1,1,0,0,0,0,0,11,0.4426985467772242,35.076492537313435,0.1028978261993828,3.6540518638573753,3.11668391046512,22,2,11,0,0,0,0.0366288492706645,0.0068407960199004,0.0006218905472636,0.0,0.0034203980099502,0.0,0.0,0,0,0,0,0,0,1,0,0,0,0,0,0,0,0,1,Sirenia Web Automation Driver,,,
1,1,0,0,0,0,0,0,0,0,0,4,0.5535286163642641,58.732493197766,0.0962038244658406,3.418958835803908,2.871962917017991,134,12,18,0,0,0,0.0568819273190428,0.019189460117428,0.0017184591149935,0.0,0.0025776886724903,0.0,0.0,0,0,0,0,0,0,0,0,0,0,0,0,0,0,0,0,Slack Channels Grouping,,,
0,1,0,0,0,0,0,0,0,0,0,8,0.3807421073315575,40.79311131386861,0.1245960875070957,3.694300028358068,3.2790427312212413,135,17,55,0,0,0,0.0487758767369316,0.0307937956204379,0.0038777372262773,0.0,0.0125456204379562,0.0,0.0,0,0,0,5,0,0,11,0,0,0,0,0,0,0,0,11,__MSG_appName__,,,
0,0,0,0,0,0,1,0,0,0,0,0,0.0,0.0,0.0,0.0,0.0,0,0,0,0,0,0,0.0,0.0,0.0,0.0,0.0,0.0,0.0,0,0,0,0,0,0,0,0,0,0,0,0,0,0,0,0,ShiftEdit,,,
0,0,0,0,0,1,0,0,0,0,0,22,0.1254250325668275,321.0682742452514,0.0607985420281798,4.046627099467176,2.564197398969565,300,36,93,0,0,0,0.0071099970036306,0.014353380221042,0.001722405626525,0.0,0.004449547868523,0.0,0.0,0,0,0,5,0,0,2,0,0,0,0,0,0,0,0,2,GPT-Prompter,,,
0,0,0,0,0,0,0,0,0,0,0,0,0.0,0.0,0.0,0.0,0.0,0,0,0,0,0,0,0.0,0.0,0.0,0.0,0.0,0.0,0.0,0,0,0,0,0,0,0,0,0,0,0,0,0,0,0,0,Abstraction - Veda ,,,
0,1,0,0,1,1,0,1,0,0,0,45,0.4010613617810658,41.1079347510273,0.0879444558426156,4.479179648963188,2.9072177808673687,174,85,12,0,0,4,0.0341494403088025,0.0004814809690496,0.0002352062205127,1.1068528024129393e-05,3.3205584072388177e-05,0.0,0.0,2,1,0,0,0,0,1,0,0,0,0,0,0,0,0,1,__MSG_app_name__,,,
0,0,1,1,1,1,1,1,0,0,1,68,0.5998049738817328,57.7325174686516,0.0720019359468435,3.9166590699794415,2.5035880785274816,633,40,96,0,6,5,0.0510125298828869,0.005020502367488,0.0003172513344384,3.9656416804803184e-05,0.0007614032026522,4.7587700165763824e-05,0.0,31,0,0,0,0,0,8,0,0,0,0,0,0,0,0,8,__MSG_extName__,,,
0,0,0,0,0,1,0,0,0,0,0,0,0.3830181683351872,30.764705882352946,0.1371894697812384,4.003508771929824,2.8246167453560598,2,0,2,0,0,0,0.0070175438596491,0.0235294117647058,0.0,0.0,0.0235294117647058,0.0,0.0,0,0,0,3,0,0,1,0,0,0,0,0,0,0,0,1,"Block YouTube Feed - Homepage, Sidebar Videos",,,
0,0,0,0,0,0,0,0,0,0,0,1,0.364629643583754,46.40714285714286,0.1128777032627533,4.481294964028777,3.440900720186258,35,1,3,0,0,0,0.037410071942446,0.125,0.0035714285714285,0.0,0.0107142857142857,0.0,0.0,0,0,0,0,0,0,1,0,0,0,0,0,0,0,0,1,BookWidgets Google Classroom Integration,,,
0,0,0,0,0,0,0,0,0,0,0,0,0.1456720619282195,42.07575757575758,0.0309641097818437,5.640750670241287,3.4714391081595544,0,0,0,0,0,0,0.0134048257372654,0.0,0.0,0.0,0.0,0.0,0.0,0,0,0,0,0,0,0,0,0,0,0,0,0,0,0,0,Downloads Overwrite Already Existing Files,,,
0,0,0,0,0,0,0,0,0,0,0,10,0.4109360143578087,36.28306240167803,0.0997451376425513,4.130991114149009,2.8229217966187434,115,18,18,0,0,0,0.0692002734107997,0.0120608285264813,0.0018877818563188,0.0,0.0018877818563188,0.0,0.0,13,0,0,3,0,1,8,0,0,0,0,1,0,0,0,8,The World Tab,1.0,,
0,0,0,0,0,1,0,0,0,0,0,24,0.544758857761219,47.380907668231615,0.090416356680556,3.931677274789327,2.904135515821814,120,19,26,0,0,0,0.0726530387803637,0.0034144259496372,0.0005406174420258,0.0,0.000739792289088,0.0,0.0,20,1,0,0,0,0,1,0,0,0,0,0,0,0,0,1,__MSG_extName__,,,
0,0,0,0,0,0,0,0,0,0,0,0,0.0,0.0,0.0,0.0,0.0,0,0,0,0,0,0,0.0,0.0,0.0,0.0,0.0,0.0,0.0,0,0,0,0,0,0,0,0,0,0,0,0,0,0,0,0,__MSG_appName__,,,
0,0,0,0,0,1,0,0,0,0,0,4,0.3427340913583072,28.615526802218117,0.0955298719402457,5.851514802442115,3.246469771772715,115,6,8,0,0,2,0.0794839304227623,0.0354282193468884,0.0018484288354898,0.0006161429451632,0.0024645717806531,0.0,0.0,0,0,0,14,0,0,2,0,0,0,0,0,0,0,0,2,StatsHunters,,,
0,1,0,0,0,1,0,0,0,0,0,11,0.4536016471696953,43.577397260273976,0.1121570957366167,3.480338719096749,3.1986688095230105,85,15,8,0,0,2,0.0665271559275842,0.0194063926940639,0.0034246575342465,0.0004566210045662,0.0018264840182648,0.0,0.0,0,0,0,2,0,0,4,0,0,0,0,0,0,0,0,4,__MSG_appName__,,,
0,0,0,0,0,1,0,0,0,0,1,23,0.4077387272450619,35.72508443352778,0.0824327781465646,5.498690624478947,3.2541311236807533,181,28,21,0,0,1,0.0955304687270123,0.0055572612833896,0.0008596868283696,3.0703101013202333e-05,0.0006447651212772,0.0,0.0,166,0,0,3,0,1,37,0,3,0,1,0,0,0,0,37,Force.com LOGINS,,,
0,0,0,0,1,0,0,0,0,0,0,4,0.3826937643108587,36.95473069721335,0.0979798654017487,4.029714223857978,3.0082488000693264,99,18,30,0,0,2,0.0544760770729595,0.0109042846128428,0.001982597202335,0.0002202885780372,0.0033043286705584,0.0,0.0,18,0,1,18,0,0,8,0,0,0,0,0,0,0,0,8,__MSG_extName__,,,
0,0,0,0,0,1,0,0,0,0,0,58,0.4755966845740063,45.77769610095256,0.0789779589998022,4.027794443156665,2.6632373707439103,3005,10,93,0,0,1,0.0296408913856656,0.0153399287369699,5.104801576362727e-05,5.104801576362727e-06,0.0004747465466017,0.0,0.0,0,0,0,0,0,0,1,0,0,0,0,0,0,0,0,1,__MSG_extName__,,,
0,0,0,0,1,1,0,0,0,0,0,5,0.583987913633574,48.01950412033538,0.0733543484197575,3.476160956337494,2.2801573320412523,361,3,9,0,0,0,0.0416732205146235,0.0129907517362985,0.0001079563856202,0.0,0.0003238691568606,0.0,0.0,4,0,0,0,0,0,5,0,0,0,0,0,0,0,0,5,QuicKey – The quick tab switcher,,,
0,0,0,0,0,0,0,0,0,0,0,12,0.3891173904527892,34.4241564175339,0.115253814789096,3.6303452407698646,3.2184775567106665,14,5,10,0,0,0,0.0375945480416385,0.0044150110375275,0.0015767896562598,0.0,0.0031535793125197,0.0,0.0,0,0,0,0,0,0,1,0,0,0,0,0,0,0,0,1,抖珍藏 - 下载备份你爱过的所有抖音,,,
0,0,0,0,1,1,0,0,0,0,0,137,0.5453257433611555,41.882448242373634,0.0775715898832824,3.579639669730127,2.2326574049813552,115,48,85,0,0,6,0.040490802386422,0.0005218875082821,0.0002178313078047,2.722891347558928e-05,0.0003857429409041,0.0,0.0,514,0,0,0,0,0,3,0,0,0,0,0,0,0,0,3,__MSG_name__,,,
0,0,0,0,0,0,0,0,0,0,0,29,0.5027824097921268,46.10931973348688,0.0889655232624125,3.806459836956192,2.799950935324854,114,11,36,0,0,0,0.0602400131114901,0.0031257711606481,0.0003016094979572,0.0,0.0009870856296783,0.0,0.0,0,0,0,0,0,0,0,0,0,0,0,0,0,0,0,0,데이터랩툴즈 헬퍼,,,
0,0,0,0,1,1,0,0,0,0,0,98,0.4624307215402053,36.91544092258822,0.102402199668884,3.663175277463326,3.119307621949468,129,36,77,0,0,0,0.0523825084318508,0.001484704095021,0.0004143360265175,0.0,0.0008862187233846,0.0,0.0,2,0,0,0,0,0,3,0,0,0,0,0,0,0,0,3,__MSG_extensionName__,,,
0,0,0,0,0,1,0,0,0,0,0,61,0.5029556347114027,45.13162827338911,0.0843167783243051,3.484574341307778,2.614296248119372,320,79,67,0,0,4,0.0581640695254959,0.0021732043898728,0.0005365098337498,2.7165054873410843e-05,0.0004550146691296,0.0,0.0,1,0,0,0,0,0,0,0,0,0,0,0,0,0,0,0,__MSG_extensionName__,,,
0,0,0,0,1,1,0,0,0,0,0,41,0.4123733704195677,36.8961698719954,0.0704915808106472,3.6023921928616702,1.9763834638407,915,8,63,0,0,3,0.0327683430594715,0.0114490922058584,0.0001001013526195,3.753800723232272e-05,0.0007882981518787,0.0,0.0,3,0,0,0,0,0,4,0,0,0,0,0,0,0,0,4,__MSG_appName__,,,
0,1,0,0,0,1,0,0,0,0,0,24,0.3623487095278788,31.418432011587907,0.1197477700887496,3.7007265704037526,3.38810066410547,16,3,18,0,0,3,0.0340752322266163,0.0028969762810066,0.0005431830526887,0.0005431830526887,0.0032590983161325,0.0,0.0,5,0,1,0,0,0,1,0,0,0,0,0,0,0,0,1,Amazon Keyword Tool for free : SellerApp,,,
0,0,0,0,1,1,1,1,0,0,0,292,0.3817931655143171,54.445606594186906,0.0867127318039823,4.553612122728453,3.0636119709033807,2425,599,523,0,0,18,0.0560209043931943,0.0116348248299156,0.0028739216796368,8.636158636638424e-05,0.0025092838705343,0.0,0.0,40,0,0,58,1,9,133,0,3,0,0,0,0,1,0,133,Kleinanzeigen-Enhanced: Zeit sparen beim Inserieren,,,2.0
0,0,0,0,0,1,0,0,0,0,1,6,0.31574157777376,88.383430295195,0.0924859880672572,4.400719268777758,2.672772823635441,143,3,18,0,0,0,0.0477932462928804,0.0154061624649859,0.0003232062055591,0.0,0.0019392372333548,0.0,0.0,0,0,0,0,0,0,3,0,0,0,0,0,0,0,0,3,__MSG_appName__,,,
0,0,0,0,1,1,0,0,0,0,0,70,0.397044723359768,37.17004829586557,0.1031312633208379,3.8517285739875264,3.011255234272807,447,198,203,0,0,5,0.0613900242635444,0.0030796365064383,0.0013641342914424,3.444783564248658e-05,0.0013985821270849,0.0,0.0,11,1,0,12,0,7,146,0,0,0,0,0,0,0,0,146,SiteAnalyzer SEO Tools: Free Meta & SEO Checker,,,
0,0,0,0,0,0,0,0,0,0,0,0,0.0,0.0,0.0,0.0,0.0,0,0,0,0,0,0,0.0,0.0,0.0,0.0,0.0,0.0,0.0,0,0,0,0,0,0,0,0,0,0,0,0,0,0,0,0,Codenvy,,,
0,1,0,0,0,1,0,0,0,0,0,83,0.550880795198889,41.96525491667661,0.0788906502278558,3.7246595429702025,2.6920196745347647,2267,14,89,0,0,1,0.0289017205855182,0.0193340952121036,0.0001193989117642,8.528493697443158e-06,0.0007590359390724,0.0,0.0,0,0,0,0,0,0,2,0,0,0,0,0,0,0,0,2,__MSG_name__,,,
0,0,0,0,0,1,0,0,0,0,0,15,0.4148345998349513,46.25488990035674,0.1137977085822731,3.711480575674913,3.148627205980146,98,9,19,0,0,0,0.0705719123318596,0.0120556033952515,0.0011071472505843,0.0,0.0023373108623446,0.0,0.0,11,0,0,6,0,1,3,0,0,0,0,0,0,0,0,3,__MSG_name__,,,
0,0,0,0,0,1,0,0,0,0,0,105,0.5897671590498041,53.02150868819702,0.0319639756672238,2.7979488786408746,1.4102456930824372,592,27,146,0,0,4,0.0052388987640325,0.0004995544514352,2.2783733426943532e-05,3.375367915102746e-06,0.0001232009289012,0.0,0.0,551,0,0,0,0,0,2,0,0,0,0,0,0,0,0,2,__MSG_APP_NAME__,,,
0,1,0,0,1,1,0,1,0,0,1,18,0.1283908029035574,235.14316266197005,0.0526590756413395,28.349411529538614,2.7353451799113144,355,7,23,0,0,0,0.0361865418047235,0.0148865685411162,0.0002935379712332,0.0,0.0009644819054807,0.0,0.0,0,0,0,0,0,0,2,0,0,0,0,0,0,0,0,2,__MSG_extName__,,,
0,0,0,0,0,1,0,1,0,0,0,146,0.410633970014757,48.90641228300042,0.0777667536022621,4.892900707489631,3.08938588477468,1044,140,137,0,0,3,0.0589039845725387,0.0029416985773337,0.0003944806521328,8.453156831418693e-06,0.0003860274953014,0.0,0.0,22,1,0,24,0,5,40,0,0,0,1,0,0,0,0,40,SN Utils OnPrem,,,
0,0,0,0,0,1,0,0,0,0,0,9,0.4000669490304013,46.15939486954616,0.1157381363063662,3.759773040176895,2.988666091203904,67,10,6,0,0,0,0.0803120697567691,0.0146897610173207,0.0021925016443762,0.0,0.0013155009866257,0.0,0.0,11,0,0,8,0,1,4,0,0,0,0,1,0,0,0,4,Qwik Me Up,1.0,,
0,0,0,0,0,1,0,0,0,0,0,205,0.5444382645367093,52.12085957920898,0.0716160333247155,4.134199509938108,2.579935033113518,249,45,186,0,0,3,0.0774851946560553,0.0017782919826884,0.0003213780691605,2.1425204610704037e-05,0.0013283626858636,0.0,0.0,23,0,0,0,0,0,2,0,0,0,0,0,1,0,0,2,Find WhatsApp Link - Group Invite Link,,,
0,0,0,0,0,0,0,0,0,0,0,1,0.2866922584772872,24.50081566068516,0.0916826615483045,6.05955497382199,3.762499765247833,5,0,5,0,0,0,0.0215968586387434,0.0081566068515497,0.0,0.0,0.0081566068515497,0.0,0.0,0,0,0,4,0,0,1,0,0,0,0,0,0,0,0,1,Stick Hero Offline Game,,,
1,1,0,0,0,1,0,0,0,0,1,21,0.4111464816013133,32.82451965450379,0.0887019512640004,4.6401954132175325,3.257413356694528,107,17,18,0,0,2,0.0720767177816981,0.0031435454492038,0.0004994418003407,5.875785886362301e-05,0.0005288207297726,0.0,0.0,44,0,0,2,0,4,10,0,1,0,0,0,0,0,0,10,Track24.ru,,,
0,0,0,0,0,1,0,0,0,0,0,5,0.4587939011327119,43.29984856133266,0.1075962349294619,3.6687493267262736,3.4280534000624376,21,0,8,0,0,0,0.0700204675212754,0.0106007067137809,0.0,0.0,0.0040383644623927,0.0,0.0,21,0,0,2,0,0,2,0,0,0,0,0,0,0,0,2,__MSG_name__,,,
0,0,0,0,0,1,1,0,0,0,0,2,0.3239200595829196,26.54700854700855,0.1151315789473684,6.268833087149187,3.468797716712864,4,1,10,0,0,0,0.0782865583456425,0.0068376068376068,0.0017094017094017,0.0,0.017094017094017,0.0,0.0,0,0,0,2,0,0,1,0,0,0,0,0,0,0,0,1,__MSG_appName__,,,
0,0,0,0,0,1,1,0,0,0,1,244,0.3928011345165026,41.47087995161778,0.0769442614229501,4.891741907139547,2.650801983897173,674,106,601,0,0,14,0.0483655540536857,0.0040762019957665,0.0006410644088297,8.4668884185062e-05,0.0036347142425158,0.0,0.0,6,0,0,14,1,3,15,0,2,0,1,31,0,1,0,15,Pi Reminder,,,
0,0,0,0,0,1,1,0,0,0,1,2,0.3157710572356911,17.546802594995366,0.0820294926268433,6.679398872886663,3.6768785713252554,16,3,3,0,0,0,0.0644959298685034,0.0148285449490268,0.0027803521779425,0.0,0.0027803521779425,0.0,0.0,7,0,0,5,0,0,9,0,0,0,0,0,0,0,0,7,IP Address & Geolocation,,,
0,0,0,0,0,1,0,0,0,0,0,14,0.5237072579837581,48.59998204721583,0.0895952048588447,3.784188981640352,2.8972554391971084,53,13,29,0,0,0,0.0648660458959084,0.0015858292690224,0.0003889769905149,0.0,0.0008677179019179,0.0,0.0,0,0,0,0,0,0,1,0,0,0,0,0,0,0,0,1,__MSG_extName__,,,
0,0,0,0,0,1,0,0,0,0,0,44,0.5534971401729305,44.5195444545796,0.0887820929354653,3.9418393451458127,2.845549315035739,119,19,41,0,0,0,0.059801989900015,0.0015962869560551,0.0002548693459247,0.0,0.0005499812201534,0.0,0.0,40,2,0,0,0,0,1,0,0,0,0,0,0,0,0,1,__MSG_extName__,,,
0,0,0,0,1,1,0,1,0,0,1,670,0.3960385378458775,41.51396433757007,0.077366933709708,5.825221538623188,2.7529604656939264,1458,155,577,0,0,15,0.0670898890922489,0.0014640112301108,0.0001556390539555,1.5061843931181432e-05,0.0005793789298861,0.0,0.0,84,20,0,0,0,0,5,0,0,0,0,0,0,0,0,5,__MSG_extensionName__,,,
0,1,0,0,0,0,0,0,0,0,0,1,0.3295932250026751,18.987778796211423,0.0896097344726905,6.18151700087184,3.5122954793890546,4,0,0,0,0,0,0.0814298169136878,0.0012221203788573,0.0,0.0,0.0,0.0,0.0,0,0,0,0,0,0,0,0,0,0,0,0,0,0,0,0,Copy Me That,,,
0,0,1,0,0,1,0,0,1,0,0,0,0.4115788384961473,33.8427027027027,0.121492475564979,3.7245384579064167,3.2565353745177537,66,9,7,0,0,0,0.0567071155389772,0.0118918918918918,0.0016216216216216,0.0,0.0012612612612612,0.0,0.0,19,0,0,1,0,0,8,0,1,0,0,0,0,0,0,8,__MSG_app_name__,,,
0,1,0,0,1,0,0,0,0,0,0,0,0.2783835792174471,29.57843137254902,0.0808210391276459,6.616197183098592,3.609736179021649,7,1,1,0,0,0,0.0774647887323943,0.0686274509803921,0.0098039215686274,0.0,0.0098039215686274,0.0,0.0,0,0,0,1,1,0,0,0,0,0,0,0,0,1,0,0,Clarify,,,
0,0,0,0,0,0,1,0,0,0,0,0,0.0,0.0,0.0,0.0,0.0,0,0,0,0,0,0,0.0,0.0,0.0,0.0,0.0,0.0,0.0,0,0,0,0,0,0,0,0,0,0,0,0,0,0,0,0,Undrtone,,,
0,0,0,0,0,1,0,0,0,0,0,3,0.641905195989061,39.14160263446762,0.0549772105742935,4.2905982905982905,3.2669505818821034,23,1,6,0,0,0,0.0244621279104037,0.0084156604463959,0.000365898280278,0.0,0.0021953896816684,0.0,0.0,0,0,0,8,0,0,1,0,0,0,0,0,0,0,0,1,ChatGPT - Snack Prompt,,,
0,0,0,0,1,1,1,1,0,0,0,95,0.4192304126942324,67.4779072143879,0.0878810953726236,4.6231591038068345,2.862651828029981,578,15,81,0,0,0,0.0277840180164457,0.0023625587574085,6.131207847946045e-05,0.0,0.000331085223789,0.0,0.0,7,0,0,0,0,0,1,0,0,0,0,0,0,0,0,1,Action Model,,,
0,1,0,0,1,1,0,0,0,0,0,108,0.2982379235973102,46.10297562245164,0.0604064176638627,6.49683636936795,3.510671131018749,156,26,87,0,0,0,0.016752606336268,0.0135334432202654,0.0022555738700442,0.0,0.0075474971805326,0.0,0.0,0,0,0,13,0,0,2,0,0,0,0,0,0,0,0,2,Auto Flow - Auto Veo & Nano Banana Pro,,,
0,0,0,0,0,0,0,0,0,0,1,18,0.3642326434272807,39.03734281722342,0.098168851439666,6.334960329807094,3.587056182717489,25,7,35,0,0,5,0.0969586185438705,0.0015877048139209,0.0004445573478978,0.0003175409627841,0.0022227867394893,0.0,0.0,2,0,0,0,0,0,1,0,0,0,0,0,0,0,0,1,__MSG_appName__,,,
1,1,0,0,1,1,0,1,0,0,1,75,0.4827343225675533,39.31032897760851,0.0969844056449833,3.866510614375053,2.6436523892444628,301,14,110,0,0,1,0.0419973034960025,0.0028235603125615,0.0001313283866307,9.380599045055018e-06,0.001031865894956,0.0,0.0,6,0,0,0,0,0,1,0,0,0,0,0,0,0,0,1,__MSG_extensionName__,,,
0,0,0,0,1,1,0,0,0,0,1,6,0.4313656242593097,57.17346890293153,0.0940290988484966,3.738425039826711,2.8906075886996248,87,8,16,0,0,3,0.0476736234475223,0.0004133605739535,3.8010167719865066e-05,1.42538128949494e-05,7.602033543973013e-05,0.0,0.0,12,3,2,8,1,0,7,0,1,0,0,0,0,0,0,7,__MSG_extName__,,,
0,0,0,0,0,0,0,0,0,0,1,65,0.420655154721254,61.3303925893251,0.0899860228941455,4.457589698111813,2.8594115015324224,420,51,36,0,0,2,0.1135036766064368,0.0231583590648434,0.0028120864578738,0.0001102779003087,0.001985002205558,0.0,0.0,3,0,0,15,0,0,2,0,0,0,10,0,0,0,0,2,JSON Editor,,,
0,0,0,0,0,1,1,1,0,0,0,414,0.5155995268022329,45.46876326864253,0.0790178983226491,3.873911735852029,2.6418238151799005,516,71,256,0,0,5,0.0555070211745161,0.0014904205816684,0.0002050772505784,1.444205989988764e-05,0.0007394334668742,0.0,0.0,25,0,0,0,0,0,2,0,0,0,0,0,0,0,0,2,__MSG_EXTENSION_NAME__,,,
0,1,0,0,0,0,0,0,0,0,0,0,0.3929417961548591,34.83962264150944,0.0948116934421912,5.507692307692308,3.1120548952912794,7,3,2,0,0,3,0.0184615384615384,0.0660377358490566,0.0283018867924528,0.0283018867924528,0.0188679245283018,0.0,0.0,0,0,0,0,0,0,0,0,0,0,0,0,0,0,0,0,__MSG_extName__,,,
0,0,0,0,0,1,0,0,0,0,1,2,0.530764227448219,43.19356540084388,0.095682088064876,3.4209325274454176,2.642461793791316,17,3,8,0,0,0,0.0519304304921672,0.0022415611814345,0.0003955696202531,0.0,0.0010548523206751,0.0,0.0,0,0,0,0,0,0,1,0,0,0,0,0,0,0,0,1,__MSG_appName__,,,
0,0,0,0,1,1,0,1,0,0,1,128,0.4015953305625206,31.024370081343825,0.0918122527301646,3.5061118384396357,2.468188021208093,196,20,149,0,0,0,0.0313607727989006,0.0012962105680841,0.0001322663844983,0.0,0.0009853845645129,0.0,0.0,12,0,0,0,0,0,7,0,0,0,0,0,0,0,0,7,__MSG_name__,,,
0,0,0,0,0,0,0,0,0,0,0,0,0.0,0.0,0.0,0.0,0.0,0,0,0,0,0,0,0.0,0.0,0.0,0.0,0.0,0.0,0.0,0,0,0,0,0,0,0,0,0,0,0,0,0,0,0,0,Marguerite Flowers,,,
0,0,0,0,0,0,0,0,0,0,0,1,0.4103383060889806,43.94115898959881,0.1284650584563297,3.2728526507419877,3.2067618088379204,73,6,9,0,0,0,0.0538423346389363,0.0216939078751857,0.0017830609212481,0.0,0.0026745913818722,0.0,0.0,0,0,0,0,0,0,0,0,0,0,0,0,0,0,0,0,Bubble Essential Kit,,,
0,0,0,0,0,1,0,0,0,0,0,0,0.3211802406433279,37.24277456647399,0.0714372090211016,6.558886509635975,3.5971481635889644,43,2,1,0,0,0,0.0274803711634546,0.0497109826589595,0.0023121387283236,0.0,0.0011560693641618,0.0,0.0,9,0,0,1,0,0,1,0,0,0,0,0,0,0,0,1,History On/Off,,,
0,0,0,0,1,1,0,1,0,0,0,60,0.5455075936944671,52.2080751197315,0.0904883560831533,3.213403183243826,2.773625655482004,449,45,89,0,0,1,0.0574335035681012,0.0056440360514374,0.0005656606287632,1.25702361947381e-05,0.0011187510213316,0.0,0.0,0,0,0,0,0,0,1,0,0,0,0,0,0,0,0,1,Shein选品助手 - 免费希音选品与数据分析,,,
0,0,0,0,1,1,0,0,0,0,0,8,0.495885122646035,39.82762781717596,0.0653205802979699,5.245170190396898,2.3726021153534487,122,24,18,0,0,0,0.0619078583539449,0.0022648795158355,0.0004455500686889,0.0,0.0003341625515167,0.0,0.0,0,0,0,6,0,1,10,0,0,0,0,0,0,0,0,4,Pause - Stop Mindless Browsing,,,
0,0,0,0,1,1,1,0,0,0,1,39,0.3539430499463217,56.08930656082185,0.0871611880783191,4.19544723764981,2.994445166771691,128,33,38,0,0,1,0.048651710026308,0.0074713985524165,0.0019262199392948,5.837030119075415e-05,0.0022180714452486,0.0,0.0,1,0,0,0,0,0,4,0,0,0,0,0,0,0,0,4,__MSG_appName__,,,
0,1,0,0,0,1,0,0,0,0,0,25,0.3636476673117256,25.13831487100307,0.0753420563983455,5.696315220905385,2.799389394234266,128,13,15,0,0,0,0.0452534714829796,0.0022980663925743,0.0002333973679958,0.0,0.0002693046553798,0.0,0.0,11,0,0,0,0,1,15,0,0,0,0,0,0,0,0,15,__MSG_appName__,,,
0,1,0,0,0,0,0,0,0,0,0,0,0.3809161756320091,31.085365853658537,0.0731800038015586,6.356973995271868,3.413407958844072,0,0,0,0,0,0,0.0330969267139479,0.0,0.0,0.0,0.0,0.0,0.0,0,0,0,0,0,0,0,0,0,0,0,0,0,0,0,0,Octa GST Assistant,,,
0,0,1,0,1,1,0,0,0,0,0,1,0.3363071485577471,17.907327586206897,0.0985634477254589,6.434691745036573,3.674070123407565,32,5,25,0,0,0,0.1295715778474399,0.0172413793103448,0.0026939655172413,0.0,0.0134698275862068,0.0,0.0,15,1,3,1,0,0,8,0,0,0,0,0,0,0,0,8,__MSG_app_name__,,,
0,0,0,0,0,0,0,0,0,0,0,0,0.0,0.0,0.0,0.0,0.0,0,0,0,0,0,0,0.0,0.0,0.0,0.0,0.0,0.0,0.0,0,0,0,0,0,0,0,0,0,0,0,0,0,0,0,0,__MSG_appName__,,,
0,0,0,0,1,1,0,0,0,0,0,30,0.616996016304097,49.85713101962463,0.0725771281001273,3.7449897142943103,2.561813406604351,150,7,47,0,0,0,0.0436775816745204,0.002071565689348,9.66730655029071e-05,0.0,0.0006490905826623,0.0,0.0,0,0,0,0,0,0,2,0,0,0,0,0,0,0,0,2,Link Blanker,,,
0,0,0,0,0,1,0,0,0,0,0,1,0.3082019648160841,14.927272727272728,0.0911583276216586,6.495774647887324,3.6428277775318,2,0,2,0,0,0,0.0140845070422535,0.0072727272727272,0.0,0.0,0.0072727272727272,0.0,0.0,0,0,0,5,0,0,1,0,0,0,0,0,0,0,0,1,一键复制csdn代码,,,
0,0,1,1,1,1,0,0,0,0,1,82,0.3687337467493499,43.16205114615079,0.1058431686337267,3.445419027457817,3.102594142541467,92,17,17,0,1,2,0.0298315796027644,0.0040634247603904,0.0007508502274634,8.833532087805309e-05,0.0007508502274634,4.416766043902655e-05,0.0,9,0,0,5,0,2,47,0,0,0,0,0,0,0,0,47,"AutoControl: Keyboard shortcuts, Mouse gestures",,,
1,1,0,0,1,1,0,1,0,0,1,6,0.4095195188430608,46.81732012063765,0.0844953033135854,4.393662728249194,3.164711565692133,81,11,11,0,0,0,0.0533619763694951,0.0087246876346402,0.0011848341232227,0.0,0.0011848341232227,0.0,0.0,0,0,0,0,0,0,0,0,0,0,0,0,0,0,0,0,"GlossaryTech, Backed by Dice",,,
0,0,0,0,1,1,0,0,0,0,1,209,0.5834323695904751,51.0767329313104,0.0814012818985111,3.485235406879428,2.79331027562686,799,144,65,0,0,9,0.0605194374778456,0.0008587141212796,0.0001547619943232,9.672624645202757e-06,6.985784465979766e-05,0.0,0.0,93,1,0,0,2,1,9,0,0,0,0,0,0,0,0,6,Web Maker,,,
0,1,1,0,0,1,0,0,1,0,1,241,0.3852895201130766,32.37631887096676,0.0965674276440804,3.4883478831987813,2.17915476822657,301,36,231,0,0,10,0.0687912470765522,0.0004613366193988,5.517647275201854e-05,1.5326797986671816e-05,0.0003540490334921,0.0,0.0,3,7,0,36,0,0,5,0,0,0,0,0,0,0,0,5,__MSG_extensionNameStandard__,,,
1,1,0,0,0,0,0,0,0,0,0,0,0.2622465254044201,35.00819672131148,0.1091364775575301,5.067226890756302,3.258902882741433,3,0,4,0,0,0,0.01890756302521,0.0245901639344262,0.0,0.0,0.0327868852459016,0.0,0.0,0,0,0,5,0,0,1,0,0,0,0,0,0,0,0,1,__MSG_appName__,,,
0,0,0,0,0,0,0,0,0,0,0,0,0.0,0.0,0.0,0.0,0.0,0,0,0,0,0,0,0.0,0.0,0.0,0.0,0.0,0.0,0.0,0,0,0,0,0,0,0,0,0,0,0,0,0,0,0,0,__MSG_appName__,,,
0,0,0,0,0,1,0,0,0,0,0,235,0.5338095809124458,49.84611224021504,0.0736513947664987,5.318530908743339,2.875584629647817,69,6,6,0,0,0,0.0370952710936939,0.0011309250639218,9.834130990624796e-05,0.0,9.834130990624796e-05,0.0,0.0,176,0,4,0,0,0,1,0,0,0,0,0,0,0,0,1,Douban Book+,,,
0,0,0,0,1,1,0,0,0,0,1,64,0.3490498361276481,35.02247280615012,0.0690524643902736,5.152397062478341,3.119398701244553,348,46,155,0,0,0,0.0658177070389207,0.0011100832562442,0.0001467351430667,0.0,0.0004944336342467,0.0,0.0,0,0,0,2,0,0,2,0,0,0,0,0,0,0,0,2,Store Leads,,,
0,0,0,0,0,0,0,0,0,0,0,0,0.0,0.0,0.0,0.0,0.0,0,0,0,0,0,0,0.0,0.0,0.0,0.0,0.0,0.0,0.0,0,0,0,0,0,0,0,0,0,0,0,0,0,0,0,0,Falling Autumn,,,
0,0,0,0,0,1,0,0,0,0,1,64,0.4134110920975853,49.66420860322206,0.1001029352950046,4.01021071718877,3.218581765264527,501,38,181,0,0,0,0.0846745451134871,0.0166417538614848,0.001262248795881,0.0,0.006012290317223,0.0,0.0,4,1,1,30,0,1,10,0,0,0,0,0,1,0,0,10,__MSG_name__,,,
0,0,0,0,1,1,0,0,0,0,1,9,0.4184852158685256,42.09384447938082,0.1042831323948721,4.380722391774572,3.033023848577521,150,23,8,0,0,0,0.0463717443479806,0.0181400411174265,0.0027814729713387,0.0,0.000967468859596,0.0,0.0,15,1,1,39,10,2,39,0,1,0,0,0,0,0,10,39,__MSG_manifest_name__,,,
0,0,1,0,1,1,0,0,0,0,0,92,0.518964540164554,58.4715592781588,0.0784043036525802,3.970659987412413,2.570163149149064,1065,24,118,0,2,1,0.0519802181770801,0.0031688412157638,7.141050627073509e-05,2.9754377612806284e-06,0.0003511016558311,5.950875522561257e-06,0.0,5,1,0,0,0,0,2,0,0,0,0,0,0,0,0,2,MarkUp For Chrome,,,
0,0,0,0,1,0,0,0,0,0,0,0,0.2498352010547132,29.38,0.1001977587343441,6.054794520547945,3.4787262418338543,1,0,1,0,0,0,0.0410958904109589,0.02,0.0,0.0,0.02,0.0,0.0,20,1,0,1,0,0,1,0,0,0,0,0,0,0,0,1,Startpagina.nl: Jouw dagelijkse startpagina,,,
0,0,0,0,1,1,0,0,0,0,0,8,0.4126191956882255,42.067626380984265,0.1019667288557213,4.028860207595313,2.826026577434736,89,11,10,0,0,0,0.0553422349939306,0.0099319272402633,0.0012275415690213,0.0,0.0011159468809284,0.0,0.0,1,0,3,4,0,0,7,0,0,0,0,0,0,0,0,7,Cashback beruby,,,
0,1,0,0,1,1,0,0,0,0,1,44,0.4247554202129044,42.48834155838276,0.1020997891777933,3.887803597367705,2.991594280247348,108,33,102,0,0,3,0.0406112382288348,0.0009779508308054,0.0002988183094127,2.7165300855706977e-05,0.000923620229094,0.0,0.0,24,0,0,0,0,0,4,0,0,0,0,0,0,0,0,4,"BlockP: AI Website, App & Porn Blocker",,,
0,0,0,0,0,1,0,0,0,0,0,1,0.3985573906784652,33.00274833137024,0.094774197769883,5.767370334125542,3.468239491380326,53,2,17,0,0,0,0.0815042639451978,0.0069362648867949,0.0002617458447847,0.0,0.00222483968067,0.0,0.0,0,0,0,7,0,0,9,0,0,0,0,0,0,0,0,9,Chrometana Pro - Redirect Cortana and Bing,,,
0,0,0,0,0,1,0,0,0,0,1,13,0.545699851994939,57.53609492089925,0.1181110258436324,2.9614856084482217,2.6841117860938706,43,7,15,0,0,0,0.03554944808735,0.001790174854288,0.0002914238134887,0.0,0.000624479600333,0.0,0.0,0,0,0,0,0,0,1,0,0,0,0,0,0,0,0,1,__MSG_application_title__,,,
0,0,0,0,1,1,0,0,0,0,0,168,0.4431447717808432,42.17161925461868,0.0609973363637025,6.740623550201473,2.9877228004405727,3825,16,169,0,0,6,0.0783095370896472,0.0097807325960493,4.091286837563128e-05,1.534232564086173e-05,0.0004321421722176,0.0,0.0,2,0,0,4,0,0,2,0,0,0,0,0,0,0,0,2,__MSG_appName__,,,
1,1,1,0,1,1,1,1,0,0,0,268,0.5190333477155337,54.28474911405301,0.0732387542669808,4.11102195118651,2.3952969630102863,1641,83,429,0,0,15,0.0509160692003903,0.0044940927738493,0.0002273063377388,4.10794586275079e-05,0.0011748725167467,0.0,0.0,0,0,0,0,0,0,5,0,0,0,0,0,0,0,0,5,__MSG_Meta_appName__,,,
1,1,0,0,0,1,0,0,0,0,0,34,0.3753093095861519,32.99240846532541,0.0817936714406116,5.780841072961139,2.690952634878428,207,61,30,0,0,0,0.0559800582727009,0.000659164294312,0.0001942464828649,0.0,9.553105714667838e-05,0.0,0.0,16,0,0,0,1,1,5,0,0,0,0,0,0,0,0,5,Matador.ai Extension,,,
0,0,0,0,1,1,1,0,0,0,1,49,0.5787886945407431,46.55921309427776,0.0766909164127884,3.7223244215517943,2.654396188139284,92,12,80,0,0,1,0.0619873000299784,0.0023940253454422,0.0003122641754924,2.6022014624372215e-05,0.0020817611699497,0.0,0.0,28,0,0,0,0,0,8,0,0,0,0,0,0,0,0,8,__MSG_appName__,,,
0,0,0,0,0,1,0,0,0,0,1,24,0.277949317088097,35.573753814852495,0.07445269687613,6.915297495613335,3.5910084257756307,42,5,11,0,0,0,0.0403573137661509,0.0213631739572736,0.0025432349949135,0.0,0.0055951169888097,0.0,0.0,0,0,0,2,0,0,1,0,0,0,0,0,0,0,0,1,__MSG_extensionName__,,,
0,0,0,0,0,1,0,1,0,0,0,0,0.3317011066496915,36.82592592592592,0.1114484379590637,4.368136813681368,3.5096711433693546,6,0,4,0,0,0,0.0144014401440144,0.0222222222222222,0.0,0.0,0.0148148148148148,0.0,0.0,0,0,1,3,0,0,1,0,0,0,0,0,0,0,0,1,Visual Search,,,
0,0,0,0,1,1,0,0,0,0,0,2,0.3169262874231818,37.18255959849435,0.0923789805777383,5.859437360070086,3.295796939007664,64,0,22,0,0,0,0.0219020733962815,0.0200752823086574,0.0,0.0,0.006900878293601,0.0,0.0,0,0,0,0,0,0,5,0,0,0,0,0,0,0,0,5,__MSG_extensionName__,,,
0,1,0,0,0,1,0,0,0,0,0,38,0.506736292066668,46.7282490169514,0.0670373521116521,5.794737797407469,2.923090733272762,142,23,41,0,0,3,0.0714786300223355,0.0011730495985196,0.0001900009913095,2.4782737996893896e-05,0.0003386974192908,0.0,0.0,0,0,0,0,0,0,4,0,0,0,0,0,0,0,0,4,Highspot for Gmail,,,
1,1,0,0,1,1,0,0,0,0,1,47,0.3705972463594414,47.078872732183854,0.1069620063522502,4.101434796114549,3.226117660878008,369,45,52,0,0,1,0.0913433687904559,0.0166118939359834,0.0020258407239004,4.501868275334264e-05,0.0023409715031738,0.0,0.0,0,0,0,2,0,0,4,0,0,0,0,0,0,0,0,3,Run Javascript,,,
0,0,0,0,0,1,0,0,0,0,0,81,0.5654264653962086,43.94369697204496,0.0774711307196874,3.532601686846304,1.9116809775540209,1310,86,70,0,0,2,0.048419640715811,0.0072502670422784,0.000475971729493,1.1069109988211398e-05,0.0003874188495873,0.0,0.0,270,0,0,0,0,0,11,0,0,0,0,0,0,0,0,11,DPal:Wallet for DogeCoin,,,
0,0,0,0,0,0,0,0,0,0,0,0,0.0,0.0,0.0,0.0,0.0,0,0,0,0,0,0,0.0,0.0,0.0,0.0,0.0,0.0,0.0,0,0,0,0,0,0,0,0,0,0,0,0,0,0,0,0,Night Totoro,,,
0,0,0,0,0,0,0,0,0,0,0,0,0.2540880503144654,29.615384615384617,0.0893081761006289,6.541666666666667,3.1687681845921154,2,0,2,0,0,0,0.0694444444444444,0.0769230769230769,0.0,0.0,0.0769230769230769,0.0,0.0,0,0,0,0,1,0,1,0,0,0,0,0,0,0,0,1,space waves,,,
0,0,0,0,1,1,0,0,0,0,1,15,0.3621185812243851,33.95115187713311,0.1102563085345645,4.682144915228534,3.2941647720153413,33,4,30,0,0,0,0.1346941251402748,0.0035196245733788,0.0004266211604095,0.0,0.0031996587030716,0.0,0.0,338,0,0,0,0,0,0,0,0,0,0,0,0,0,0,0,CroxyProxy Free Web Proxy,,,
0,1,0,0,1,1,0,0,0,0,0,107,0.4031570353000075,50.814363023077696,0.0589434122533056,2.754030344498797,2.334748671181605,418,29,330,0,0,0,0.0121521406144432,0.0008084543436047,5.608893771420172e-05,0.0,0.0006382534291616,0.0,0.0,9,0,0,0,0,0,3,0,0,0,0,0,0,0,0,3,__MSG_extensionName__,,,
1,1,0,0,0,1,0,0,0,0,0,54,0.4696060674666062,39.6062847352806,0.0914009920349064,4.061098803721754,2.9403452346473737,100,1,25,0,0,0,0.0299291094373061,0.0041786803727382,4.1786803727382895e-05,0.0,0.0010446700931845,0.0,0.0,4,2,1,0,0,0,12,0,0,0,0,0,0,0,0,12,__MSG_appName__,,,
0,1,0,0,0,1,0,0,0,0,0,9,0.4969275882400183,53.21195709886376,0.1007892092432876,3.4287571301074853,2.843581615276072,96,19,21,0,0,4,0.0407046680377168,0.0101943294042688,0.0020176276945948,0.0004247637251778,0.0022300095571838,0.0,0.0,0,0,0,0,0,0,1,0,0,0,0,0,0,0,0,1,__MSG_name__,,,
0,0,0,0,1,1,0,0,0,0,0,66,0.5604192055115504,43.50104702075005,0.0776264912900798,4.13116916851229,2.608239255955135,70,6,29,0,0,0,0.0586840018592951,0.0016657148296211,0.0001427755568246,0.0,0.0006900818579859,0.0,0.0,15,0,0,0,0,0,2,0,0,0,0,0,0,0,0,2,__MSG_extension_name__,,,
0,0,0,0,0,1,0,0,0,0,0,1,0.2546588302752293,32.307875894988065,0.1047161697247706,5.615543328748281,3.7027838828604094,17,1,18,0,0,0,0.046767537826685,0.0405727923627685,0.0023866348448687,0.0,0.0429594272076372,0.0,0.0,0,0,0,3,0,2,3,0,0,0,0,0,0,0,0,3,__MSG_extName__,,,
0,0,0,0,0,1,0,0,0,0,0,1,0.341908594423685,14.046109510086456,0.1006994347034588,6.362852213916043,3.496186468425918,51,1,9,0,0,0,0.0258769407705577,0.036743515850144,0.0007204610951008,0.0,0.0064841498559077,0.0,0.0,5,0,0,0,0,5,14,0,0,0,0,0,0,0,0,14,Popsicle Sticks - Random student picker,,,
0,0,0,0,0,0,0,0,0,0,0,0,0.0,0.0,0.0,0.0,0.0,0,0,0,0,0,0,0.0,0.0,0.0,0.0,0.0,0.0,0.0,0,0,0,0,0,0,0,0,0,0,0,0,0,0,0,0,PlayPosit (fka eduCanon): Interactive Video,,,
0,0,0,0,0,1,1,0,0,0,1,79,0.4947448663962284,40.19458007383843,0.087225600827759,3.213131642166404,2.987841227950745,131,24,113,0,0,4,0.0513261481266854,0.000209097163142,3.830787721686887e-05,6.384646202811479e-06,0.0001803662552294,0.0,0.0,0,0,0,0,0,0,7,0,0,0,0,0,5,0,0,5,__MSG_appName__,,,
0,0,0,0,0,0,0,0,0,0,0,0,0.0,0.0,0.0,0.0,0.0,0,0,0,0,0,0,0.0,0.0,0.0,0.0,0.0,0.0,0.0,0,0,0,0,0,0,0,0,0,0,0,0,0,0,0,0,__MSG_appName__,,,
0,0,0,0,0,0,0,0,0,0,1,0,0.0,0.0,0.0,0.0,0.0,0,0,0,0,0,0,0.0,0.0,0.0,0.0,0.0,0.0,0.0,0,0,0,0,0,0,0,0,0,0,0,0,0,0,0,0,FreeCell,,,
0,1,0,0,1,1,0,0,0,0,0,22,0.3529168354237256,41.02116963379762,0.1009754432411014,5.164464489153541,3.0535314863302707,178,22,22,0,0,2,0.0814394606720458,0.0082095747624757,0.0010146665436767,9.224241306152569e-05,0.0010146665436767,0.0,0.0,91,0,0,4,2,1,25,0,1,0,0,0,0,1,1,25,HowNow,,,
0,1,0,0,0,1,0,0,0,0,1,49,0.3252358514270016,88.46302262850293,0.0755746365911428,6.477583676086749,2.8797287860804364,242,9,43,0,0,2,0.0534094154071209,0.0090663869324142,0.0003371796793046,7.49288176232579e-05,0.0016109695789,0.0,0.0,10,0,0,1,0,0,1,0,0,0,0,0,0,0,0,1,MeshNode,,,
0,1,0,0,1,0,0,0,0,0,0,45,0.4819010557699343,35.31359881213768,0.1019748217727591,3.2932300515449078,2.9074849514694563,153,25,72,0,0,1,0.0340698262776184,0.0024167943513355,0.0003949010377999,1.5796041511997093e-05,0.0011373149888637,0.0,0.0,9,0,0,0,0,0,3,0,0,0,0,0,0,0,0,3,__MSG_appName__,,,
0,0,0,0,0,1,0,0,0,0,0,10,0.4016806883810364,53.86362611766474,0.1049416785245221,3.7718197727440783,3.1640345272866988,137,16,12,0,0,0,0.0849868132409849,0.0102937861597415,0.0012021940040574,0.0,0.000901645503043,0.0,0.0,0,0,0,0,0,0,0,0,0,0,0,0,0,0,0,0,__MSG_app_name__,,,
0,1,0,0,1,0,0,0,0,0,1,81,0.3274974881940648,83.44614613308426,0.0667663391817165,10.174464880229952,2.937842744159794,605,27,56,0,0,0,0.0835722782771591,0.0020775100098209,9.27153227523402e-05,0.0,0.00019229844719,0.0,0.0,0,0,0,0,0,0,6,0,0,0,0,0,0,0,0,6,Black Apps Script,,,
0,1,0,0,0,1,0,0,0,0,0,90,0.3037453939085957,61.44166568757448,0.0865642109671511,4.607993068292033,3.198388507309072,271,22,99,0,0,5,0.054319446934282,0.0022742912771278,0.0001846288121653,4.196109367394552e-05,0.0008308296547441,0.0,0.0,38,0,0,6,0,0,1,0,0,0,0,0,0,0,0,1,__MSG_extName__,,,
0,1,0,0,1,1,0,0,0,0,1,7,0.3529646092611465,34.315474794841734,0.0974349100542098,4.937442927398149,3.085360439565478,47,7,21,0,0,0,0.0561539392472467,0.0018366549433372,0.0002735443532629,0.0,0.0008206330597889,0.0,0.0,5,0,0,8,0,0,2,0,0,0,0,0,0,0,0,2,Private Grammar Checker - Harper,,,
0,0,0,0,0,1,0,0,0,0,0,5,0.3754735546375489,19.574706991230222,0.0577268580670605,6.319106100261728,2.915410211373615,14,8,28,0,0,0,0.0334205758002818,0.0011474469305794,0.0006556839603311,0.0,0.0022948938611589,0.0,0.0,0,0,0,0,0,2,2,0,0,0,0,0,0,0,0,2,__MSG_extensionName__,,,
0,1,0,0,1,1,0,1,0,0,0,115,0.4245954508432349,31.76503268374643,0.0950701747556535,4.08057342427725,2.7825979681576976,374,8,124,0,0,0,0.0322495186639005,0.0045867621628913,9.811255963404016e-05,0.0,0.0015207446743276,0.0,0.0,9,0,0,3,0,0,1,0,0,0,0,0,1,0,0,1,Prospeo Contact Finder – Email & Phone Number Finder,,,
0,1,0,0,0,1,0,0,0,0,0,132,0.2935478469061935,40.17394950153732,0.0781739718804523,6.16796553427364,3.376945934408382,611,6,208,0,0,8,0.06119312880742,0.0284636168825118,0.0002795117860803,0.0003726823814404,0.0096897419174508,0.0,0.0,12,0,0,0,0,0,40,0,0,0,0,0,0,0,0,40,'Improve YouTube!' 🎧 (for YouTube & Videos),,,
0,0,0,0,0,1,0,0,0,0,0,27,0.4492921086182224,67.33696228638775,0.0902348629122,3.767060139191528,2.4665584371033806,269,23,41,0,0,2,0.057272981434727,0.0039628756629345,0.0003388332351208,2.9463759575721865e-05,0.0006040070713022,0.0,0.0,0,0,0,0,0,0,8,0,0,0,0,0,0,0,0,8,SellerApp: Supercharge your Amazon Sales,,,
0,0,0,0,0,0,0,0,0,0,0,19,0.4128220126568542,48.62253743104807,0.1081179083105931,3.704062034858597,3.013131131713424,84,8,10,0,0,0,0.0597301579680222,0.0110323089046493,0.001050696086157,0.0,0.0013133701076963,0.0,0.0,34,0,0,26,0,1,4,0,0,0,0,0,0,0,0,4,__MSG_appName__,1.0,,
0,0,0,0,0,1,0,0,0,0,0,36,0.5033985606976249,64.27789447239688,0.1029872611968843,3.94056592116644,2.316175340682332,14,7,2,0,0,0,0.0391108129894735,9.769782064075812e-05,4.8848910320379065e-05,0.0,1.3956831520108306e-05,0.0,0.0,0,0,0,0,0,0,0,0,0,0,0,0,0,0,0,0,__MSG_name__,,,
0,1,0,0,1,1,0,1,0,0,1,86,0.3997538118413918,37.99163920777683,0.0864368248885221,4.996561087734438,3.17229406753626,337,15,22,0,0,2,0.0719641055421639,0.0039517348937018,0.0001758932445267,2.345243260357181e-05,0.0002579767586392,0.0,0.0,112,0,0,2,1,0,102,0,8,0,0,0,0,0,0,102,ORGanizer for Salesforce,,,
0,0,0,0,0,0,0,0,0,0,0,0,0.0,0.0,0.0,0.0,0.0,0,0,0,0,0,0,0.0,0.0,0.0,0.0,0.0,0.0,0.0,0,0,0,0,0,0,0,0,0,0,0,0,0,0,0,0,Lone Space,,,
0,1,0,0,0,1,0,0,0,0,1,37,0.5422945143771771,43.98348346052088,0.0859710246624224,3.925543992819172,2.710818195922624,202,14,130,0,0,1,0.0414168200243459,0.0030892046062793,0.0002141032895441,1.529309211029378e-05,0.0019881019743381,0.0,0.0,12,0,0,3,0,0,28,0,0,0,0,0,0,0,0,28,GPT Extension,,,
0,1,0,0,0,1,0,1,0,0,0,154,0.4193896358499449,42.72171395842041,0.1197095788033456,3.1016992097123466,2.6333930020340293,449,56,102,0,0,5,0.0520370225233591,0.0023168573300928,0.0002889621614369,2.580019298544353e-05,0.000526323936903,0.0,0.0,117,0,0,4,0,0,35,0,0,0,0,0,0,0,0,35,WABiz Bulk Sender,,,
0,0,0,0,0,1,1,1,0,0,0,49,0.4555592332501631,41.14095392315619,0.0844956643473901,4.909518931280332,3.0258154158361044,180,29,85,0,0,0,0.0556607580790364,0.0066244663624319,0.0010672751361695,0.0,0.0031282202267039,0.0,0.0,57,0,2,15,0,1,14,0,0,0,0,0,0,0,0,14,TestCase Studio - Selenium IDE,,,
0,0,0,0,0,1,0,0,0,0,0,4,0.4774649412529103,40.46178022224717,0.1140207915967296,3.550664621676892,2.64176699261968,20,3,6,0,0,0,0.0409509202453987,0.0022449208665394,0.0003367381299809,0.0,0.0006734762599618,0.0,0.0,0,0,0,0,0,0,1,0,0,0,0,0,0,0,0,1,Change Case,,,
0,0,0,0,1,1,0,0,0,0,0,143,0.5103347630280936,45.70246882668136,0.0751333905211237,4.432727387340536,2.522750077976272,3536,10,89,0,0,0,0.0313269087824083,0.0354148930842806,0.0001001552406229,0.0,0.0008913816415443,0.0,0.0,0,0,0,0,0,0,1,0,0,0,0,0,0,0,0,1,xPet.tech,,,
0,1,0,0,0,1,0,0,0,0,0,14,0.370398710727634,23.447366099002917,0.1088464224677005,4.489241083965179,3.298733282117027,203,22,20,0,0,0,0.0574276888514462,0.0089561457689932,0.0009706167828465,0.0,0.0008823788934968,0.0,0.0,87,0,1,27,0,5,9,1,0,0,5,5,0,0,0,9,Kendo-Linkedin Email Finder,5.0,,
0,1,0,0,1,1,1,0,0,0,0,61,0.3817297469063024,70.76565760093708,0.0895823817549948,5.157543472936566,2.889015866646832,108,112,93,0,0,1,0.0517174871418074,0.0019766462901277,0.0020498554119843,1.8302280464145837e-05,0.0017021120831655,0.0,0.0,13,0,0,2,0,3,5,0,3,0,0,0,0,0,0,5,__MSG_appName__,,,
0,0,0,0,0,0,0,0,0,0,0,1,0.4134278404082247,35.43146214099217,0.0988920024940694,4.267715162505231,3.201107766903994,69,10,18,0,0,0,0.0865532152322499,0.0090078328981723,0.0013054830287206,0.0,0.0023498694516971,0.0,0.0,0,0,0,0,0,0,0,0,0,0,0,0,0,0,0,0,__MSG_extensionName__,,,
0,0,0,0,0,0,0,0,0,0,0,0,0.0,0.0,0.0,0.0,0.0,0,0,0,0,0,0,0.0,0.0,0.0,0.0,0.0,0.0,0.0,0,0,0,0,0,0,0,0,0,0,0,0,0,0,0,0,__MSG_appName__,,,
0,0,0,0,1,1,1,0,0,0,0,43,0.4317298947183125,22.09098740444608,0.1178932506640095,3.1385613890908326,2.583782860051,501,103,156,0,0,1,0.0428612068148054,0.0041901543917167,0.0008614489068798,8.363581620193032e-06,0.0013047187327501,0.0,0.0,7,0,0,12,0,2,12,0,0,0,0,0,0,0,0,12,Prime Connect - Message Sender,,,
1,1,0,0,1,1,0,0,0,0,1,176,0.5377764819911968,61.8584769772868,0.0649690778776152,3.807412847315481,2.34456156601362,3872,107,346,0,0,12,0.03797622828776,0.0115232607971049,0.0003184372172753,3.571258511499452e-05,0.0010297128708156,0.0,0.0,2,1,0,0,0,0,1,0,0,0,0,0,0,0,0,1,PitchBook Extension for Google Chrome™,,,
0,0,0,0,0,0,0,0,0,0,0,0,0.0,0.0,0.0,0.0,0.0,0,0,0,0,0,0,0.0,0.0,0.0,0.0,0.0,0.0,0.0,0,0,0,0,0,0,0,0,0,0,0,0,0,0,0,0,Luna Color,,,
0,0,0,0,0,1,0,1,0,0,0,31,0.5551025258874689,54.40352402840756,0.0892869155232131,3.197765750435269,2.78997769970718,357,33,58,0,0,1,0.0537960971536164,0.0073917634635691,0.0006832722529349,2.0705219785908022e-05,0.0012009027475826,0.0,0.0,0,0,0,0,0,0,1,0,0,0,0,0,0,0,0,1,AliSold卖家助手 - 免费图搜同款、查侵权,,,
0,0,0,0,1,1,0,0,0,0,0,5,0.2813463683485335,26.740673339399454,0.1057017256085558,6.502583025830258,3.67691941948516,37,2,21,0,0,0,0.029520295202952,0.0336669699727024,0.0018198362147406,0.0,0.019108280254777,0.0,0.0,26,0,0,0,0,0,6,0,0,0,0,0,0,0,0,6,__MSG_appName__,,,
0,0,0,0,0,1,0,0,0,0,0,16,0.233805025575925,40.95256209442828,0.0462553538758594,6.240040981136624,2.762202755967655,4,12,2,0,0,0,0.0205508346893268,0.0008950548221078,0.0026851644663235,0.0,0.0004475274110539,0.0,0.0,19,0,0,2,0,0,4,0,0,0,1,0,0,0,0,4,Word Seek Deluxe Word Search Puzzles,,,
0,0,0,0,0,0,0,0,0,0,0,0,0.0,0.0,0.0,0.0,0.0,0,0,0,0,0,0,0.0,0.0,0.0,0.0,0.0,0.0,0.0,0,0,0,0,0,0,0,0,0,0,0,0,0,0,0,0,__MSG_name__,,,
0,1,0,0,1,1,0,0,0,0,0,25,0.3505793941472616,18.077988082719944,0.0784295111285324,6.11239357343878,2.918568232945116,297,35,87,0,0,0,0.0339496277296854,0.0173501577287066,0.0020446313821708,0.0,0.0050823694356817,0.0,0.0,2,0,0,4,0,0,14,0,0,0,0,0,0,0,0,14,Grabbit,,,
0,0,0,0,0,1,0,0,0,0,0,1,0.2478260869565217,32.36231884057971,0.1191304347826087,6.08256880733945,3.7570943503330794,6,0,1,0,0,0,0.0321100917431192,0.0869565217391304,0.0,0.0,0.0144927536231884,0.0,0.0,0,0,0,3,0,0,1,0,0,0,0,0,0,0,0,1,Screenshot,,,
1,1,1,1,0,1,0,0,0,0,1,80,0.4150140390092721,59.00657451566836,0.1045231519046398,4.21527105517909,3.204258644256256,986,74,82,0,1,12,0.0601045140009322,0.0265675100369142,0.0019939104895858,0.000323336836149,0.0022094683803518,2.6944736345754856e-05,0.0,7,0,1,0,0,0,0,0,0,0,0,0,0,0,0,0,VisualSP,,,
0,0,0,0,0,1,0,0,0,0,0,18,0.4065203118785073,46.06562922868741,0.1307369016298383,3.3041635003799543,3.0923950416538823,86,13,23,0,0,1,0.0569531656201255,0.0193955796120884,0.0029318899413622,0.0002255299954894,0.0051871898962562,0.0,0.0,26,0,0,6,0,0,7,0,0,0,0,0,0,0,0,7,__MSG_extName__,,,
0,0,0,0,1,1,0,0,0,0,0,37,0.4184681921936353,43.567241986615,0.0902164359828773,4.625273254139059,3.068746274430307,123,16,20,0,0,0,0.0646150717662808,0.0086650228953857,0.0011271574498062,0.0,0.0014089468122578,0.0,0.0,31,0,2,1,0,0,8,0,0,0,0,0,0,0,0,8,__MSG_fullName__,,,
0,1,0,0,0,1,0,0,0,0,0,50,0.4719978400430433,39.60198942663907,0.0984165294505195,3.312471652411113,2.636134646843271,271,56,50,0,0,2,0.0651246650561483,0.0017863970152008,0.0003691447706688,1.31837418096004e-05,0.00032959354524,0.0,0.0,23,2,0,0,0,0,0,0,0,0,0,0,0,0,0,0,مدرستي بلس,,,
0,1,0,0,1,1,1,0,0,0,0,269,0.5242084223258622,42.954632603616325,0.0715596357940433,4.237046375514302,2.6389686122088483,8625,95,204,0,0,0,0.0620014786508454,0.0132930355282382,0.0001464160434994,0.0,0.0003144091881461,0.0,0.0,6,0,0,0,0,0,61,0,0,0,0,0,0,0,0,61,__MSG_ext_name__,,,
0,0,0,0,0,1,0,0,0,0,0,6,0.1734606284047763,37.3324193208184,0.0841174636365303,4.921914572721323,3.619417636045509,18,4,45,0,0,0,0.1026436356392817,0.0012655557899177,0.0002812346199817,0.0,0.0031638894747943,0.0,0.0,13,1,1,0,0,0,6,0,0,0,0,0,0,0,0,6,__MSG_AppName__,,,
0,0,0,0,0,0,0,0,0,0,0,68,0.2055505878673251,90.59351604945311,0.0605167957811521,2.252845235906086,3.166136080557356,323,54,59,0,0,2,0.0072489444723094,0.0023029646213298,0.0003850157571263,1.425984285653172e-05,0.0004206653642676,0.0,0.0,6,0,0,0,0,0,1,0,0,0,0,0,0,0,0,1,__MSG_app_name__,,,
0,0,0,0,0,1,0,1,0,0,0,12,0.5268890855562574,39.70023998061986,0.0931948502413949,3.4411976329703964,2.7502125733483416,28,6,18,0,0,1,0.0560565193463637,0.0001059851318,2.271109967144609e-05,3.785183278574349e-06,6.813329901433828e-05,0.0,0.0,66,5,0,5,1,0,10,0,0,0,0,0,0,1,0,10,__MSG_appName__,,,
0,0,0,0,1,1,0,0,0,0,0,90,0.4237219788589252,36.23055446855904,0.0962020772391444,3.662867141517671,2.984397789883493,663,7,197,0,0,1,0.0370695729030152,0.00498931398814,5.267752325336384e-05,7.525360464766262e-06,0.0014824960115589,0.0,0.0,4,0,0,0,0,0,3,0,0,0,0,0,0,0,0,3,SpeedyApply: Job Application Autofill Tool,,,
1,1,0,0,0,1,1,0,0,0,0,27,0.3315471452753831,40.06439732999156,0.1065185899328248,4.021544327931363,3.183770787861391,167,33,64,0,0,0,0.0622949174652551,0.0042709905117516,0.0008439681849569,0.0,0.0016367867829467,0.0,0.0,0,0,0,0,0,0,0,0,0,0,0,0,0,0,0,0,Moonbounce - Multiplayer Internet Browsing,,,
0,0,0,0,0,0,0,0,0,0,0,0,0.0,0.0,0.0,0.0,0.0,0,0,0,0,0,0,0.0,0.0,0.0,0.0,0.0,0.0,0.0,0,0,0,0,0,0,0,0,0,0,0,0,0,0,0,0,__MSG_themeName__,,,
0,1,0,0,1,1,0,0,0,0,0,25,0.422204938404048,29.65888801879405,0.0960541809385879,4.65984350114258,3.1657046796059563,143,18,15,0,0,0,0.0643030261062253,0.0055990602975724,0.0007047768206734,0.0,0.0005873140172278,0.0,0.0,2,0,0,1,0,0,6,0,1,0,0,1,0,0,0,6,CJDropshipping,,,
0,0,0,0,0,1,0,0,0,0,0,8,0.5237405651106206,35.22579589164416,0.0837725550617998,3.847150792018103,2.883768770417549,10,2,9,0,0,0,0.0611499691421518,0.0008183975775431,0.0001636795155086,0.0,0.0007365578197888,0.0,0.0,1,0,2,2,0,0,2,0,0,0,0,0,0,0,0,2,Select like a Boss - Select all kinds of text by dragging ↔,,,
0,1,0,0,1,1,0,0,0,0,1,254,0.5238907367429021,45.848056079698495,0.0895978347482187,3.882854281372723,2.9604270061039752,1152,52,351,0,0,33,0.0706724981745702,0.0057354237094051,0.0002588906535495,0.0001642959916756,0.0017475119114593,0.0,0.0,1,0,0,1,2,0,5,0,0,0,0,0,0,0,0,5,BrightHire,,,
0,1,0,0,0,1,1,0,0,0,0,46,0.4885563197391908,43.02632476512356,0.087735410210027,3.3885391558315887,2.384144444850365,143,36,48,0,0,0,0.0596160951492865,0.0022169855198288,0.0005581222287681,0.0,0.0007441629716908,0.0,0.0,29,0,0,11,0,2,4,0,0,0,0,0,0,0,0,4,__MSG_extName__,1.0,,
0,0,0,0,0,0,0,0,0,0,0,0,0.0,0.0,0.0,0.0,0.0,0,0,0,0,0,0,0.0,0.0,0.0,0.0,0.0,0.0,0.0,0,0,0,0,0,0,0,0,0,0,0,0,0,0,0,0,Trái Cây (Fruit),,,
0,0,0,0,0,0,0,0,0,0,1,15,0.3715500864782103,35.488516449410305,0.0835861521449431,5.707926023778072,3.3986963863068693,146,90,24,0,0,0,0.0319682959048877,0.0302089799296503,0.0186219739292365,0.0,0.004965859714463,0.0,0.0,0,0,0,3,0,2,1,0,0,0,0,0,0,0,0,1,Core Web Vitals Visualizer,,,
0,0,0,0,0,0,0,0,0,0,0,0,0.0,0.0,0.0,0.0,0.0,0,0,0,0,0,0,0.0,0.0,0.0,0.0,0.0,0.0,0.0,0,0,0,0,0,0,0,0,0,0,0,0,0,0,0,0,__MSG_ext_name__,,,
0,0,0,0,1,1,0,0,0,0,0,132,0.4126617858272691,48.12069667496041,0.1000031773500072,4.00947699147199,2.939200591668589,210,13,97,0,0,4,0.0540492017013272,0.0047500565482922,0.0002940511196561,9.047726758651888e-05,0.002194073738973,0.0,0.0,0,0,0,0,0,0,3,0,0,0,0,0,0,0,0,3,__MSG_name__,,,
1,1,1,0,1,1,0,1,0,0,1,46,0.453115332904594,46.34898553009255,0.0651294846305841,6.3786468178954,3.141106028353026,226,43,46,0,0,4,0.0640477315689981,0.0014844299066648,0.0002824357787017,2.627309569318279e-05,0.0003021406004716,0.0,0.0,7,0,0,0,0,1,3,0,0,0,0,0,0,0,0,3,MyPoints Score,,,
0,1,0,0,0,1,1,0,0,0,0,23,0.5500775765396255,41.17036989052277,0.0829346974514954,3.719642058165548,3.0688276220659394,91,16,22,0,0,2,0.0539955257270693,0.0058949277709399,0.0010364708168685,0.0001295588521085,0.0014251473731942,0.0,0.0,6,0,0,76,0,0,74,0,0,0,0,0,0,0,0,74,__MSG_ext_name__,,,
0,0,0,0,0,1,0,0,0,0,0,10,0.3090195126534703,46.91773754807242,0.0842422795038837,5.811081761267913,2.9282134438746743,59,22,38,0,0,0,0.0336529461927244,0.0055341900384579,0.0020635962855266,0.0,0.0035643935840915,0.0,0.0,19,14,0,5,0,0,1,0,0,0,0,0,0,0,0,1,Promptalot Helper,,,
0,0,0,0,0,0,0,0,0,0,0,0,0.0,0.0,0.0,0.0,0.0,0,0,0,0,0,0,0.0,0.0,0.0,0.0,0.0,0.0,0.0,0,0,0,0,0,0,0,0,0,0,0,0,0,0,0,0,Together,,,
1,1,0,0,1,1,0,0,0,0,0,111,0.3968796265500322,39.156442986732856,0.1024503974969904,3.9052292242228464,3.1909382958405774,499,37,118,0,0,0,0.0539438903942397,0.0073722778713471,0.000546641846172,0.0,0.0017433442661702,0.0,0.0,2,0,0,22,0,0,10,0,0,0,0,0,0,0,0,10,__MSG_appName__,,,
0,0,0,0,0,0,0,0,0,0,0,0,0.0,0.0,0.0,0.0,0.0,0,0,0,0,0,0,0.0,0.0,0.0,0.0,0.0,0.0,0.0,0,0,0,0,0,0,0,0,0,0,0,0,0,0,0,0,__MSG_appName__,,,
0,0,0,0,1,1,0,1,0,0,0,6,0.5004200606348395,43.32135340780314,0.0967746648646674,3.891917666693157,3.107576031102928,78,7,12,0,0,0,0.0634188985138679,0.0126274890723652,0.001133236198802,0.0,0.0019426906265177,0.0,0.0,0,0,0,0,1,0,1,0,0,0,0,0,0,0,0,1,Crunchbase - B2B Company & Contact Info,,,
0,0,1,0,1,1,0,0,0,0,1,203,0.4070871687284446,35.53740582703541,0.0955137296724329,3.991186967430553,3.088036658710104,593,50,344,0,1,8,0.0591492661544818,0.003509477957756,0.0002959087654094,4.734540246551183e-05,0.002035852306017,5.918175308188979e-06,0.0,12,0,0,0,0,0,7,0,0,0,0,0,0,0,0,7,BrowserStack Bug Capture: Report & resolve bugs faster,,,
0,1,0,0,0,1,0,1,0,0,0,72,0.3343480495081045,49.74753386510597,0.0874883449476946,3.51395539825614,2.6974454739370204,293,59,97,0,0,1,0.0301387093159203,0.0034573087270496,0.0006961816208052,1.1799688488223913e-05,0.0011445697833577,0.0,0.0,65,0,19,27,1,7,48,0,0,0,3,0,1,0,0,47,Asana2Go,,,
0,1,0,0,1,0,0,0,0,0,1,0,0.1593384429205324,39.00806451612903,0.0843081887858007,5.937869822485207,3.5548468887404407,1,0,0,0,0,0,0.0650887573964497,0.0080645161290322,0.0,0.0,0.0,0.0,0.0,5,0,0,0,1,0,1,0,0,0,0,0,0,0,0,1,TrustedSite,,,
0,0,0,0,1,1,0,0,0,0,1,31,0.4294691770253357,45.33176431280832,0.0937559321041713,4.033476935153705,2.9055760610009567,32,4,31,0,0,0,0.0441202413846736,0.0001572296141978,1.965370177472927e-05,0.0,0.0001523161887541,0.0,0.0,8,2,0,0,0,0,2,0,0,0,0,0,0,0,0,2,__MSG_ext_name__,,,
0,0,0,0,0,0,0,0,0,0,0,0,0.0,0.0,0.0,0.0,0.0,0,0,0,0,0,0,0.0,0.0,0.0,0.0,0.0,0.0,0.0,0,0,0,0,0,0,0,0,0,0,0,0,0,0,0,0,__MSG_appName__,,,
0,0,1,0,1,1,0,1,0,0,0,86,0.3876032863297158,40.20480315750744,0.0701815339181794,5.79078544204469,3.3161289816044524,149,25,37,0,3,0,0.0534339735445781,0.0049837776365521,0.0008362043014349,0.0,0.0012375823661236,0.0001003445161721,0.0,1,0,0,4,2,0,1,0,0,0,0,0,0,0,0,1,Dorsata,,,
0,0,0,0,1,1,0,0,0,0,0,208,0.5109096706854074,45.09712366384786,0.0613190956365075,5.796330123569038,1.9616394732528877,1808,52,174,0,0,4,0.0762346571889077,0.0058001514198822,0.0001668185142886,1.2832193406819028e-05,0.0005582004131966,0.0,0.0,4,0,0,0,0,0,5,0,0,0,0,0,0,0,0,4,__MSG_name__,,,
0,0,0,0,1,1,0,0,0,0,0,34,0.3660490433845325,34.95496822198109,0.0880560495823228,5.303721369304914,3.4875259379772583,153,47,80,0,0,0,0.0618323644855169,0.0118586265695241,0.0036428460703766,0.0,0.0062005890559603,0.0,0.0,55,18,0,2,0,0,5,0,0,0,0,0,0,0,0,5,__MSG_extensionName__,,,
0,0,0,0,0,1,0,0,0,0,0,5,0.411931740278701,48.44102659997195,0.0840310945403002,4.972656934946519,2.829956106234919,142,18,18,0,0,4,0.0481106435209538,0.0066383058295544,0.0008414753868449,0.0001869945304099,0.0008414753868449,0.0,0.0,93,4,3,3,0,0,43,0,0,0,0,0,0,0,0,43,FancyGPT,,,
0,0,0,0,1,1,0,0,0,0,0,107,0.4193281613698255,48.878398406468975,0.0919241396753434,3.952601543236932,2.8723796583619685,226,28,33,0,0,1,0.0403273478396705,0.0026795982973879,0.0003319856297648,1.1856629634460107e-05,0.0003912687779371,0.0,0.0,14,0,0,0,0,0,1,0,0,0,0,0,0,0,0,1,__MSG_extName__,,,
0,0,0,0,0,1,0,0,0,0,1,11,0.4714076625053809,40.69879734338539,0.1048127421437796,3.497981941497108,2.983382099876525,36,6,12,0,0,0,0.0427329089169059,0.0064620355411954,0.0010770059235325,0.0,0.0021540118470651,0.0,0.0,1,0,0,1,0,0,2,0,0,0,0,0,0,0,0,2,__MSG_extName__,,,
0,0,0,0,0,1,0,0,0,0,0,0,0.3820014936519791,30.916666666666668,0.1396564600448095,3.947368421052632,2.8246167453560598,2,0,2,0,0,0,0.0070175438596491,0.0238095238095238,0.0,0.0,0.0238095238095238,0.0,0.0,0,0,0,3,0,0,1,0,0,0,0,0,0,0,0,1,Remove YouTube End Cards & End Screen Videos,,,
0,0,0,0,1,0,0,0,0,0,0,4,0.3873646487611267,14.572457245724571,0.0964702708951485,5.420439844760673,3.282661748459589,58,0,3,0,0,0,0.0709357481673135,0.0174017401740174,0.0,0.0,0.0009000900090009,0.0,0.0,10,0,0,0,0,0,1,0,0,0,0,0,0,0,0,1,Humble New Tab Page,,,
0,0,0,0,0,0,0,0,0,0,0,0,0.0,0.0,0.0,0.0,0.0,0,0,0,0,0,0,0.0,0.0,0.0,0.0,0.0,0.0,0.0,0,0,0,0,0,0,0,0,0,0,0,0,0,0,0,0,Harvest Fest,,,
0,1,0,0,0,1,1,1,0,0,1,80,0.4813745833300916,40.954978508171166,0.0967793232981838,3.625108963183264,2.8606049034059984,703,117,156,0,0,4,0.0594226802948985,0.0021446069085018,0.0003569260430934,1.2202599763879695e-05,0.0004759013907913,0.0,0.0,3,0,0,10,0,1,3,0,0,0,1,0,0,0,0,3,BombBomb Video - Webcam & Screen Recorder,,,
0,0,0,0,0,1,0,0,0,0,0,17,0.528332203267519,45.70285593919501,0.0854528957999137,3.792401908154286,2.71896560521996,743,16,16,0,0,0,0.0390009557613038,0.013042180835191,0.0002808544998156,0.0,0.0002808544998156,0.0,0.0,0,0,0,0,0,0,2,0,0,0,0,0,0,0,0,2,Basketball Box Scores,,,
0,0,0,0,0,0,0,0,0,0,1,9,0.3561347140406788,38.6869282059234,0.0981715742902949,6.588889253271242,3.294713242650952,48,8,22,0,0,7,0.0913652313645754,0.0024810048069468,0.0004135008011578,0.000361813201013,0.0011371272031839,0.0,0.0,2,0,0,0,0,0,1,0,0,0,0,0,0,0,0,1,__MSG_appName__,,,
0,0,0,0,0,0,0,0,0,0,0,0,0.0,0.0,0.0,0.0,0.0,0,0,0,0,0,0,0.0,0.0,0.0,0.0,0.0,0.0,0.0,0,0,0,0,0,0,0,0,0,0,0,0,0,0,0,0,White Raven,,,
0,0,0,0,1,1,0,0,0,0,0,6,0.3463309315089873,32.203799654576855,0.0837343599615014,6.479935794542536,3.5061147054590527,13,2,17,0,0,0,0.0186195826645264,0.0112262521588946,0.001727115716753,0.0,0.0146804835924006,0.0,0.0,0,0,1,0,0,0,3,0,0,0,0,0,0,0,0,3,AI Math Solver & Calculator - Symbolab,,,
0,0,0,0,1,1,0,0,1,0,1,45,0.427762101625216,38.73790171020485,0.1136226455473125,3.696121076843509,3.114451272593858,220,35,34,0,0,2,0.0655415521136728,0.0051682014658898,0.0008222138695733,4.698364968990791e-05,0.0007987220447284,0.0,0.0,25,1,0,3,0,0,18,7,0,1,0,0,0,0,0,18,Awesome New Tab Page,,,
0,0,0,0,0,1,1,0,0,0,0,1,0.2640961054059291,31.06832298136646,0.0678163146677,7.338709677419355,3.626179566999325,16,0,2,0,0,0,0.0437788018433179,0.0993788819875776,0.0,0.0,0.0124223602484472,0.0,0.0,0,0,0,5,0,0,1,0,0,0,0,0,0,0,0,1,Click and Clean,,,
1,1,1,0,0,1,0,0,1,0,0,5,0.4425785585185655,39.8230065585088,0.0956484975319994,3.718834870325604,2.877101496427979,16,1,2,0,0,0,0.0273077267436655,0.0006903693476009,4.3148084225060405e-05,0.0,8.629616845012081e-05,0.0,0.0,0,0,0,0,0,0,3,0,0,0,0,0,0,0,0,3,__MSG_appName__,,,
0,0,0,0,0,0,0,0,0,0,0,0,0.0,0.0,0.0,0.0,0.0,0,0,0,0,0,0,0.0,0.0,0.0,0.0,0.0,0.0,0.0,0,0,0,0,0,0,0,0,0,0,0,0,0,0,0,0,Ririka Color,,,
0,0,1,0,1,1,1,0,0,0,0,11,0.3237636168879726,39.10022286756264,0.0243301872174727,3.898160264798707,3.3576866737232143,145,23,19,0,0,0,0.0034895953608908,0.0097926656311204,0.0015533193759708,0.0,0.0012831768758019,0.0,0.0,1,0,0,2,0,0,5,0,0,0,0,0,0,0,0,5,ViBoot,,,
0,1,0,0,1,1,0,0,0,0,0,26,0.2914484051784325,37.82143410252439,0.0730206858031956,6.656701810578762,3.6468712327526833,283,32,97,0,0,0,0.0431958717024778,0.0438284032832584,0.0049558618553507,0.0,0.015022456249032,0.0,0.0,5,0,1,16,0,3,4,1,0,0,0,0,1,0,0,3,Google Docs SplitView,,,
0,0,0,0,0,1,0,0,0,0,1,0,0.3041367109572025,24.12981792385907,0.1007829261866225,6.362512309880731,3.3016063227367303,127,0,59,0,0,0,0.0939927782033045,0.0300307401276897,0.0,0.0,0.0139512887207377,0.0,0.0,1,0,0,5,2,0,6,0,0,0,1,0,0,0,0,6,__MSG_namechrome__,,,
0,0,0,0,1,1,0,0,0,0,1,80,0.501605455357609,47.72880337803219,0.0781767567191279,4.128120255334433,2.6630097222155027,1441,17,34,0,0,2,0.0381369075800369,0.0254589141534601,0.0003003480503878,3.533506475150616e-05,0.0006006961007756,0.0,0.0,0,0,0,0,0,0,1,0,0,0,0,0,0,0,0,1,__MSG_extName__,,,
0,1,0,0,0,1,0,0,0,0,1,90,0.4789898640916123,32.640063175423386,0.0661529860524409,5.995368756720679,2.765960871611576,301,8,38,0,0,0,0.0977826393266342,0.0025836688097097,6.866893846404752e-05,0.0,0.0003261774577042,0.0,0.0,17,0,0,13,0,4,10,0,0,0,4,0,0,0,0,10,CnCTA SoO SCRIPT PACK,4.0,,
0,1,0,0,1,1,0,1,0,0,0,25,0.5479490616021121,45.2121136796752,0.078821836633153,3.657246171871844,2.5581323607974045,653,3,13,0,0,2,0.0347561714678194,0.0270527798492004,0.0001242853591846,8.285690612312537e-05,0.0005385698898003,0.0,0.0,0,0,0,0,0,0,2,0,0,0,0,0,0,0,0,2,Salesforce Logins by Synebo,,,
0,0,0,0,0,0,0,0,0,0,0,0,0.0,0.0,0.0,0.0,0.0,0,0,0,0,0,0,0.0,0.0,0.0,0.0,0.0,0.0,0.0,0,0,0,0,0,0,0,0,0,0,0,0,0,0,0,0,Pocket Legends,,,
0,1,0,0,1,1,0,0,0,0,0,30,0.4191515210997005,47.711522790242846,0.0870122859768556,4.119707226356864,2.947726409466446,174,19,47,0,0,1,0.0591336186778874,0.0031509751724887,0.0003440720015935,1.810905271545245e-05,0.0008511254776262,0.0,0.0,0,0,0,0,0,0,1,0,0,0,0,0,0,0,0,1,__MSG_appName__,,,
0,0,0,0,0,1,0,0,0,0,1,0,0.5605908006171951,59.99808332492687,0.098099627731444,3.178587011853683,2.837900615515482,195,18,24,0,0,0,0.052632535815577,0.0196711389085039,0.001815797437708,0.0,0.0024210632502774,0.0,0.0,6,1,0,6,0,1,3,0,0,0,0,0,0,0,0,3,Dyslexia Friendly,,,
0,0,0,0,0,1,0,0,0,0,0,30,0.5879370246255936,62.847453525131975,0.0756322827566355,3.93392933489034,2.4337260450721776,94,12,43,0,0,0,0.0634001442145095,0.0014218511291615,0.0001815129101057,0.0,0.0006504212612122,0.0,0.0,1,0,0,0,0,0,0,0,0,0,0,0,0,0,0,0,Rename Email Subject by cloudHQ,,,
0,0,0,0,0,1,0,0,0,0,0,47,0.5323156814929322,42.35845095271701,0.0872261961390049,3.641677788197952,2.58302910228061,659,4,83,0,0,1,0.0475806160727167,0.0116266760762173,7.057163020465773e-05,1.7642907551164433e-05,0.0014643613267466,0.0,0.0,0,0,0,0,0,0,1,0,0,0,0,0,0,0,0,1,"Highlighty: Search, Find, Multi Highlight",,,
1,1,0,0,0,1,1,1,0,0,0,47,0.4072215536957711,45.154349977746925,0.0904642221770301,4.576039808439662,2.831286193264408,208,18,116,0,0,0,0.0274618255119045,0.0013816833952212,0.0001195687553556,0.0,0.000770554201181,0.0,0.0,0,0,0,0,0,0,2,0,0,0,0,0,0,0,0,2,Gopeed,,,
0,0,0,0,0,1,0,0,0,0,0,1,0.2805280528052805,25.39677419354839,0.1063439677301063,5.55727923627685,3.7295483239163487,2,0,3,0,0,0,0.0572792362768496,0.0064516129032258,0.0,0.0,0.0096774193548387,0.0,0.0,0,0,0,1,0,0,1,0,0,0,1,0,0,0,0,1,Finch Programmer,,,
0,0,0,0,0,0,1,0,0,0,0,0,0.0,0.0,0.0,0.0,0.0,0,0,0,0,0,0,0.0,0.0,0.0,0.0,0.0,0.0,0.0,0,0,0,0,0,0,0,0,0,0,0,0,0,0,0,0,Comprehension Builder 2,,,
0,1,0,0,1,1,0,0,0,0,0,59,0.4531448763844971,53.23512091335651,0.0841562376159802,4.267525466571926,2.811466276878324,109,58,52,0,0,3,0.046401303034034,0.000414125871469,0.0002203605554605,1.1397959765202029e-05,0.0001975646359301,0.0,0.0,7,0,1,0,0,0,1,0,0,0,0,0,0,0,0,1,BK Reviews,,,
0,0,1,0,1,1,0,0,0,0,0,3,0.5868050105170628,37.73313069908814,0.0663516780209085,4.198496240601504,3.5325433432090243,27,0,8,0,0,0,0.036734693877551,0.0164133738601823,0.0,0.0,0.0048632218844984,0.0,0.0,1,0,0,0,0,1,1,0,0,0,0,0,0,0,0,1,Holodex Plus,,,
0,0,0,0,0,1,1,0,0,0,1,30,0.4342202765361853,29.967448621553885,0.0960259294353931,4.156892982313147,2.972290796396407,43,14,26,0,0,2,0.0627858831200586,0.0004310776942355,0.0001403508771929,2.0050125313283208e-05,0.0002606516290726,0.0,0.0,0,0,0,0,0,0,2,0,0,0,0,0,0,0,0,2,BattleTabs,,,
0,1,0,0,0,1,0,0,0,0,0,33,0.4405847938458691,58.87459078317804,0.0754966163215693,4.346155536993889,3.1205002551103127,266,56,55,0,0,0,0.0227722337011474,0.0669856459330143,0.0141022412490556,0.0,0.0138504155124653,0.0,0.0,3,1,0,0,0,0,0,0,0,0,0,0,0,0,0,0,ChatGPT to Word or PDF,,,
0,1,0,0,0,1,0,0,0,0,0,8,0.3773128674932282,36.70342079043507,0.1123918166002334,3.231254356557241,3.2923173200706213,16,4,8,0,0,2,0.036810834135493,0.0026569246097641,0.000664231152441,0.0003321155762205,0.001328462304882,0.0,0.0,11,0,0,0,0,0,2,0,0,0,0,0,0,0,0,2,Finsweet Extension for Webflow,,,
0,0,0,0,0,0,0,0,0,0,1,3,0.2603530950305144,33.64150943396226,0.0937227550130776,4.998211091234347,3.172150034167392,15,10,0,0,0,0,0.052772808586762,0.0566037735849056,0.0377358490566037,0.0,0.0,0.0,0.0,8,0,1,4,0,0,5,0,0,0,0,0,0,0,1,5,WHA Quotes & Clock New Tab,,,
0,1,0,0,1,1,0,0,0,0,0,14,0.4818834796488427,39.88023457503923,0.0654611211573236,5.290375141616915,2.8140817359181067,45,3,4,0,0,1,0.0417658515472841,0.0018584290080118,0.0001238952672007,4.129842240026431e-05,0.000165193689601,0.0,0.0,2,0,0,0,0,0,1,0,0,0,0,0,0,0,0,1,__MSG_appName__,,,
0,0,0,0,0,0,0,0,0,0,0,0,0.0,0.0,0.0,0.0,0.0,0,0,0,0,0,0,0.0,0.0,0.0,0.0,0.0,0.0,0.0,0,0,0,0,0,0,0,0,0,0,0,0,0,0,0,0,Iceland,,,
0,0,0,0,0,1,0,0,0,0,1,3,0.5757641390051591,48.66424945612763,0.0855738343229825,3.457005563985837,2.558627532448973,54,3,7,0,0,0,0.0425167200584499,0.0065264684554024,0.0003625815808556,0.0,0.0008460236886632,0.0,0.0,1,0,1,3,0,0,1,0,0,0,0,0,0,0,0,1,__MSG_name__,,,
0,0,0,0,0,1,0,0,0,0,1,20,0.4374222522085644,38.6416631842875,0.1260383942313774,3.0449120138580814,3.0436675221953364,50,19,10,0,0,1,0.037940722901747,0.0052235687421646,0.0019849561220225,0.0001044713748432,0.0010447137484329,0.0,0.0,0,0,0,0,0,0,1,0,0,0,0,0,0,0,0,1,Squadrats Route Planning,,,
0,0,0,0,0,0,0,0,0,0,0,0,0.0,0.0,0.0,0.0,0.0,0,0,0,0,0,0,0.0,0.0,0.0,0.0,0.0,0.0,0.0,0,0,0,0,0,0,0,0,0,0,0,0,0,0,0,0,Pig,,,
0,0,0,0,1,1,0,0,0,0,0,23,0.4450329628166215,33.95829632261503,0.1012795086767992,3.541016823555293,2.817489044007273,112,3,56,0,0,0,0.0310766843817661,0.0049742405400604,0.0001332385858944,0.0,0.0024871202700302,0.0,0.0,0,0,0,0,0,0,7,0,0,0,0,0,0,0,0,7,Simple Data Layer Viewer,,,
0,0,1,0,1,1,0,1,0,0,0,52,0.4588329682958572,65.70568640399149,0.098050400690594,3.836280799038021,3.029267598936465,65,156,26,0,0,0,0.0442617695298096,0.0004769242057377,0.0011446180937706,0.0,0.0001907696822951,0.0,0.0,71,0,0,0,0,0,6,0,0,0,0,0,0,0,0,6,Delta Air Lines SkyMiles® Shopping℠,,,
0,0,0,0,0,0,0,0,0,0,0,0,0.196697247706422,23.8,0.1122935779816513,7.076923076923077,3.4448299569334973,2,1,1,0,0,0,0.0566801619433198,0.0181818181818181,0.009090909090909,0.0,0.009090909090909,0.0,0.0,15,3,0,2,0,0,2,0,0,0,0,0,0,0,0,2,__MSG_appName__,,,
0,0,1,0,0,1,0,0,0,0,1,29,0.4382077224063647,50.88520486391429,0.0888185287575928,4.45262766401356,3.0711634522798144,64,10,15,0,0,4,0.0617190678965469,0.0004005281965592,6.258253071237695e-05,2.503301228495078e-05,9.387379606856542e-05,0.0,0.0,2,0,0,0,0,0,4,0,0,0,0,0,0,0,0,4,PDF.ai - Ultimate ChatPDF extension,,,
0,0,0,0,0,1,0,0,0,0,1,60,0.3975373850969182,39.88252604045028,0.0934568868155729,5.036786851923005,3.154161442153875,212,18,43,0,0,1,0.1181009159529505,0.0049511887523938,0.0004203839506749,2.3354663926386095e-05,0.0010042505488346,0.0,0.0,19,0,0,1,0,3,10,0,3,0,0,0,0,0,1,10,__MSG_appName__,,,
0,0,0,0,1,0,0,0,0,0,0,0,0.3103905264732916,18.841815097540287,0.1101254729282004,5.678880291306327,3.485079680791633,93,59,26,0,0,1,0.0646335912608102,0.0394402035623409,0.0250212044105173,0.0004240882103477,0.0110262934690415,0.0,0.0,6,0,0,1,0,2,3,0,0,0,1,0,0,0,0,3,WebRank SEO,,,
0,1,0,0,1,1,0,0,0,0,0,28,0.3983345412592998,38.618165427090375,0.117426332634367,3.4623672230652502,3.171954817319115,200,8,40,0,0,3,0.0418721547799696,0.0090151002929907,0.0003606040117196,0.0001352265043948,0.0018030200585981,0.0,0.0,0,0,2,0,0,0,1,0,0,0,0,0,0,0,0,1,Email Signature & Email Tracker. MySignature,,,
0,0,0,0,0,0,0,0,0,0,0,0,0.0,0.0,0.0,0.0,0.0,0,0,0,0,0,0,0.0,0.0,0.0,0.0,0.0,0.0,0.0,0,0,0,0,0,0,0,0,0,0,0,0,0,0,0,0,__MSG_ext_name__,,,
0,0,0,0,1,1,1,1,0,0,1,131,0.4928392823881815,51.76309490615845,0.0705832164221173,4.587659790598069,2.4508206038283635,1154,143,264,0,0,11,0.0477513452909261,0.0041787823593101,0.0005178213842126,3.9832414170200286e-05,0.0009559779400848,0.0,0.0,0,0,0,0,0,0,2,0,0,0,0,0,0,0,0,2,6sense Chrome Extension – Find & Engage Prospects,,,
1,1,1,0,1,1,0,1,0,0,0,138,0.5810769927889431,57.92837208483365,0.075762634961741,4.006083287010577,2.63661969289148,4191,86,447,0,6,7,0.0512597179922804,0.0368968279820754,0.0007571288967927,6.16267706691787e-05,0.0039353094984461,5.282294628786745e-05,0.0,0,0,0,0,0,0,1,0,0,0,0,0,0,0,0,1,Hix Browser Extension,,,
0,0,0,0,0,1,0,0,0,0,0,16,0.4821658207665215,59.61432819307102,0.0829464340311971,4.086660340919438,3.1298899448488955,88,6,65,0,0,5,0.1032199011841607,0.001217066592905,8.298181315261738e-05,6.915151096051449e-05,0.0008989696424866,0.0,0.0,1,0,0,2,1,0,6,1,0,0,0,0,0,0,0,5,super watermelon,,,
1,1,0,0,1,1,0,1,0,0,0,8,0.3480815208341842,37.06158077245008,0.0625292570821774,5.579359571725984,3.234179551864538,93,61,39,0,0,0,0.0182082548494762,0.0111204113356451,0.0072940332416596,0.0,0.0046633983020447,0.0,0.0,0,0,1,0,0,0,1,0,0,0,0,0,0,0,0,1,"Savewise: Cashback, Miles, & Points Rewards Comparison",,,
0,0,1,0,1,1,0,0,0,0,0,101,0.485258827855074,43.54274257260418,0.0478581284521176,2.9104255126433327,2.132693136390646,859,76,307,0,0,1,0.0082783686298224,0.0010704023167543,9.470381382227084e-05,1.246102813450932e-06,0.0003825535637294,0.0,0.0,2,0,0,0,0,0,3,0,0,0,0,0,0,0,0,3,SEOwallet - SEO Extension,,,
0,0,0,0,1,1,1,0,0,0,1,350,0.3834275272589518,53.797367746082365,0.0946727692168226,4.471418156963983,3.112836616564516,5546,120,451,0,0,29,0.0411130074966237,0.0042845973899957,9.270675924981692e-05,2.2404133485372415e-05,0.0003484229035138,0.0,0.0,55,0,0,0,0,0,9,0,0,0,0,0,0,0,0,9,__MSG_EXTENSION_NAME__,,,
0,0,0,0,0,1,0,0,0,0,1,70,0.4004774186963008,76.35657981316275,0.0649471932310308,4.437854854031055,2.326845087342129,1329,78,142,0,0,0,0.0248064034600046,0.0059488905699565,0.0003491448190042,0.0,0.0006356226192128,0.0,0.0,0,0,6,0,0,0,6,0,0,0,0,0,6,0,0,6,30 Seconds of Knowledge,,,
0,1,0,0,0,1,0,0,0,0,1,19,0.5753160291496344,44.67175513961338,0.0652713305241853,4.701974876120317,2.4922001855564675,179,20,33,0,0,0,0.0535172231753992,0.0034328014728444,0.0003835532371893,0.0,0.0006328628413623,0.0,0.0,0,0,0,0,0,0,1,0,0,0,0,0,0,0,0,1,Flight Fare Compare - Google Flights Tool,,,
0,0,0,0,1,1,0,0,0,0,1,79,0.5381530682321266,56.03057025952101,0.0815662238591086,3.822405834564254,2.647370927967372,1483,37,135,0,0,0,0.0566296621122599,0.0084866519785973,0.0002117371026352,0.0,0.0007725542933989,0.0,0.0,3,0,0,0,0,0,2,0,0,0,0,0,0,0,0,2,__MSG_name__,,,
0,0,0,0,0,0,0,0,0,0,0,0,0.0,0.0,0.0,0.0,0.0,0,0,0,0,0,0,0.0,0.0,0.0,0.0,0.0,0.0,0.0,0,0,0,0,0,0,0,0,0,0,0,0,0,0,0,0,__MSG_themeName__,,,
0,0,0,0,0,1,0,1,0,0,0,4,0.5582348856808762,46.53688749509996,0.0885146512866777,3.4597940403155127,2.6415183680821834,83,3,8,0,0,0,0.0594325153374233,0.0065072520580164,0.000235201881615,0.0,0.0006272050176401,0.0,0.0,0,0,0,0,0,0,0,0,0,0,0,0,0,0,0,0,__MSG_extName__,,,
0,1,0,0,1,1,0,0,0,0,0,56,0.5738251414872942,60.29740731582051,0.0743189408720815,3.861055000336325,2.270415310775245,343,31,79,0,0,1,0.0540137832069906,0.0032622548553384,0.0002948393601034,9.51094710011223e-06,0.0007513648209088,0.0,0.0,7,0,0,19,0,0,1,0,0,0,0,0,1,0,0,1,__MSG_appName__,,,
0,0,0,0,1,1,0,0,0,0,0,0,0.3186379808015037,35.62753534111862,0.0877022219238772,7.1,3.7558680221343055,125,5,50,0,0,0,0.044,0.0768285187461585,0.0030731407498463,0.0,0.0307314074984634,0.0,0.0,0,0,0,9,0,0,4,0,0,0,0,0,3,0,0,4,Merge Windows,,,
0,0,0,0,0,0,0,0,0,0,0,0,0.0,0.0,0.0,0.0,0.0,0,0,0,0,0,0,0.0,0.0,0.0,0.0,0.0,0.0,0.0,0,0,0,0,0,0,0,0,0,0,0,0,0,0,0,0,__MSG_themeName__,,,
1,1,0,0,0,1,1,0,0,0,1,59,0.4684079370908182,31.39784685612717,0.0945215070422447,3.643614041070863,3.0712151666696506,442,56,17,0,0,2,0.0744074443984312,0.0089276697166171,0.0011311074754085,4.039669555030398e-05,0.0003433719121775,0.0,0.0,3,0,0,26,0,1,2,0,0,0,0,0,0,0,0,2,FlashSale AutoBuy,1.0,,
0,1,1,0,1,1,0,0,0,0,0,208,0.3129626110682688,60.74887567172745,0.0787751931683599,4.895830862891913,3.125063575175976,243,10,94,0,0,4,0.0380887616493917,0.0012678040381906,5.217300568685762e-05,2.0869202274743047e-05,0.0004904262534564,0.0,0.0,0,0,0,0,0,0,2,0,0,0,0,0,0,0,0,2,Scam Sniffer,,,
0,1,0,0,0,1,0,0,0,0,1,6,0.4508346006274725,28.59766897979527,0.1032583492446754,3.6497840498192047,2.887459876635392,187,14,13,0,0,1,0.0724688629971876,0.0071694206954721,0.0005367480734578,3.8339148104129126e-05,0.0004984089253536,0.0,0.0,0,0,0,0,0,0,0,0,0,0,0,0,0,0,0,0,__MSG_appName__,,,
0,0,0,0,0,0,0,0,0,0,0,0,0.3640238704177323,32.85576923076923,0.0789997158283603,7.641666666666667,3.4261362424634307,0,0,0,0,0,0,0.075,0.0,0.0,0.0,0.0,0.0,0.0,0,0,0,0,0,0,1,0,0,0,0,0,0,0,0,1,__MSG_lngExtTitle__,,,
0,0,0,0,1,1,0,1,0,0,0,248,0.4100293288489998,42.62975018636061,0.0918720841259245,4.61249167175314,2.904781955124993,977,84,601,0,0,2,0.0422952094334287,0.0019630654361842,0.0001687794233771,4.018557699456088e-06,0.0012075765886865,0.0,0.0,12,3,0,0,0,0,3,0,0,0,0,0,0,0,0,3,__MSG_extName__,,,
0,1,0,0,0,1,0,0,0,0,1,1,0.4242357336956521,22.23970530193396,0.1250622735507246,3.2990141323879363,3.2130028219053,80,9,7,0,0,0,0.0515759312320916,0.0105249309301407,0.0011840547296408,0.0,0.0009209314563873,0.0,0.0,35,0,0,0,0,0,5,0,0,0,0,0,0,0,0,2,__MSG_appName__,,,
0,0,0,0,0,1,0,0,0,0,0,3,0.3678692829837027,49.93635382955771,0.0832230258490146,5.177589134125637,3.3206220311319936,152,14,36,0,0,0,0.0469722693831352,0.0819848975188781,0.0075512405609492,0.0,0.0194174757281553,0.0,0.0,0,0,0,28,0,0,3,0,0,0,0,0,0,0,0,3,WAPPMASTER Contacts Extractor,,,
0,1,0,0,1,1,0,0,0,0,1,26,0.3633961393139818,18.445842269340467,0.070545014616575,6.366538672517828,3.5650483626138256,874,104,87,0,0,2,0.0438151398793198,0.0193238851179552,0.0022994096707864,4.421941674589312e-05,0.0019235446284463,0.0,0.0,1,0,0,8,0,1,2,0,0,0,6,0,0,0,0,2,__MSG_extName__,,,
0,0,0,0,0,1,0,0,0,0,0,15,0.371298147537059,48.19735795002387,0.109384604434782,4.250189813830595,3.287108709749135,128,12,11,0,0,0,0.0759559024508761,0.0203724335508515,0.0019099156453923,0.0,0.0017507560082763,0.0,0.0,35,0,0,26,9,1,3,0,0,0,0,0,0,9,0,3,Enhance Salesforce Dashboard,,,
0,1,0,0,0,0,0,0,0,0,0,4,0.3592362730758588,37.89606396063961,0.0773688579673479,5.768323141848248,3.459649781043973,101,0,7,0,0,0,0.0999052622513134,0.0310578105781057,0.0,0.0,0.0021525215252152,0.0,0.0,0,0,0,0,0,0,1,0,0,0,0,0,0,0,0,1,editGPT,,,
0,1,0,0,0,1,0,0,0,0,0,2,0.3522558514087305,26.676121562952243,0.1507770503461691,4.763487366264512,2.800669038843458,0,0,0,0,0,1,0.0499658547689506,0.0,0.0,0.0002894356005788,0.0,0.0,0.0,1,0,0,3,0,0,1,0,0,0,0,0,0,0,0,1,Borang,,,
0,1,0,0,1,1,0,0,0,0,1,67,0.5225029767677385,57.18535613567566,0.0733299130185309,3.878396285092853,2.64866625316736,281,93,58,0,0,7,0.0569598491784785,0.0014540374117099,0.000481229463662,3.6221572533699e-05,0.0003001216009935,0.0,0.0,13,3,0,1,0,0,2,0,0,0,0,0,0,0,0,2,"Jira Assistant: Worklog, Sprint report, etc",,,
0,0,0,0,0,0,0,0,0,0,0,0,0.0,0.0,0.0,0.0,0.0,0,0,0,0,0,0,0.0,0.0,0.0,0.0,0.0,0.0,0.0,0,0,0,0,0,0,0,0,0,0,0,0,0,0,0,0,Pretty in Pink,,,
0,0,0,0,0,1,0,0,0,0,0,70,0.3636562451539855,38.772440555674414,0.0999683177308669,3.7848821915449578,2.9039060670418566,521,16,123,0,0,0,0.0525741852890488,0.003843685216198,0.0001180402369657,0.0,0.0009074343216744,0.0,0.0,8,0,0,0,0,0,2,0,0,0,0,0,0,0,0,2,SVG Gobbler,,,
0,0,1,0,1,1,0,0,0,0,1,19,0.4494095884533104,51.65421227666249,0.0911490177366389,3.5229041202253626,2.7933839122196447,32,34,18,0,0,1,0.0532947663815683,0.0004308545731173,0.0004577829839372,1.3464205409917732e-05,0.0002423556973785,0.0,0.0,6,0,0,0,0,0,7,0,0,0,0,0,0,0,0,7,__MSG_appName__,,,
0,1,0,0,0,1,0,0,0,0,1,50,0.4541306647480103,44.44592985705281,0.0651250180216492,6.3971509792146914,3.0611017476548783,1002,23,40,0,0,0,0.0743684985374736,0.0077971192679111,0.0001789757915787,0.0,0.0003112622462239,0.0,0.0,0,0,0,1,0,1,6,0,0,0,0,0,0,0,0,6,Apex Debugger,,,
0,0,0,0,0,1,0,0,0,0,0,35,0.5982641144925017,48.5839203650993,0.0834403937171001,3.2882263319683926,2.447529095795052,252,14,53,0,0,1,0.0445556523507807,0.0040071874950307,0.0002226215275017,1.590153767869353e-05,0.0008427814969707,0.0,0.0,0,0,0,0,0,0,2,0,0,0,0,0,0,0,0,2,__MSG_ext_fulltitle__,,,
0,0,0,0,0,0,0,0,0,0,0,13,0.3556338456208384,42.22789964534349,0.0739993070898686,5.844429569215322,2.7621185405274646,92,15,14,0,0,0,0.0466720100055488,0.0030211480362537,0.0004925784841718,0.0,0.0004597399185603,0.0,0.0,20,1,0,3,0,0,9,0,0,0,0,0,0,0,0,9,Grammar Checker,,,
0,0,0,0,0,1,0,1,0,0,0,6,0.4760733656478636,37.45418364446129,0.0975916885779553,3.8013700380850137,2.826950318725733,6,5,8,0,0,2,0.0657669401630754,0.0005685587036861,0.0004737989197384,0.0001895195678953,0.0007580782715815,0.0,0.0,0,0,0,0,0,0,0,0,0,0,0,0,0,0,0,0,店小宝-货源比价助手,,,
1,1,0,0,0,1,1,0,0,0,1,86,0.4824559313959028,34.77581607321501,0.0800003107069619,4.25654575889669,2.975046733321718,96,15,36,0,0,9,0.0463444871655707,0.0017785023528104,0.0002778909926266,0.0001667345955759,0.0006669383823039,0.0,0.0,17,0,0,5,2,3,37,0,0,0,1,0,0,2,0,37,__MSG_extentionTitle__,,,
0,1,0,0,0,1,0,0,0,0,0,35,0.4402974011040418,50.271142054164535,0.0963613463280207,3.445807278262679,3.063610864374137,218,65,85,0,0,3,0.0547238618816597,0.0139243740419008,0.0041517629024016,0.0001916198262646,0.0054292284108329,0.0,0.0,0,0,0,0,0,0,15,0,0,0,0,0,0,0,0,15,__MSG_extensionName__,,,
0,0,0,0,0,0,0,0,0,0,0,0,0.0,0.0,0.0,0.0,0.0,0,0,0,0,0,0,0.0,0.0,0.0,0.0,0.0,0.0,0.0,0,0,0,0,0,0,0,0,0,0,0,0,0,0,0,0,Dark Hexahedron,,,
0,0,1,0,0,1,0,0,0,0,0,7,0.3438089266969701,35.127922440049765,0.0814654906263507,5.00908970035416,3.3283104343057373,17,6,18,0,1,0,0.0338204542432703,0.0007292694436103,0.0002573892153918,0.0,0.0007721676461756,4.2898202565312514e-05,0.0,16,2,1,2,0,0,3,0,0,0,0,0,0,0,0,3,Tipli: Cashback odmeny a zľavové kupóny,,,
0,0,1,0,1,1,0,1,0,0,0,143,0.5741268605610802,58.93020270471983,0.0758768817008125,4.128798087443832,2.802070126358198,433,30,123,0,0,9,0.0614670279857775,0.0032316326835238,0.0002239006478192,6.717019434576231e-05,0.0009179926560587,0.0,0.0,15,0,0,423,2,22,10,0,0,0,0,0,0,1,0,10,__MSG_extName__,,,
0,0,0,0,1,1,1,1,0,0,1,71,0.4567205008444318,44.76552290160674,0.0970167089543565,3.8309737267873207,3.063972831630391,332,34,49,0,0,0,0.0641968045260662,0.005240064395972,0.0005366331007923,0.0,0.0007733829982007,0.0,0.0,220,1,0,2,1,1,15,0,0,0,0,1,0,0,0,15,__MSG_appName__,,,
0,1,0,0,0,1,1,0,0,0,0,6,0.3135218311213695,18.045787545787547,0.0943450663589151,6.3973548016101205,3.3334040571082646,1,3,5,0,0,0,0.0655549166187464,0.0009157509157509,0.0027472527472527,0.0,0.0045787545787545,0.0,0.0,2,0,0,1,0,0,1,1,0,0,0,0,0,0,0,1,Squeezie,,,
0,0,0,0,0,1,0,0,0,0,0,0,0.3470095488549421,54.90493166963755,0.1081166026179258,3.446324863883848,3.1131470470806084,18,0,2,0,0,0,0.0416628856624319,0.001527883880825,0.0,0.0,0.0001697648756472,0.0,0.0,0,0,0,0,0,0,2,0,0,0,0,0,0,0,0,2,AntiRickRoll,,,
0,0,0,0,1,1,0,0,0,0,1,41,0.569840844040942,48.34623325102214,0.0813384490312905,3.4558450410875903,2.4713951519870725,164,4,42,0,0,0,0.0255519369864051,0.006638869772902,0.0001619236529976,0.0,0.0017001983564749,0.0,0.0,0,0,0,0,0,0,3,0,0,0,0,0,0,0,0,3,__MSG_manifestName__,,,
0,0,0,0,0,1,0,0,0,0,0,5,0.3905935074402847,33.03283473184969,0.0821004331232042,6.173366487083851,3.2961263457018464,268,8,60,0,0,0,0.0708661417322834,0.0977745348412987,0.0029186428310835,0.0,0.0218898212331265,0.0,0.0,62,0,0,0,0,0,6,0,0,0,0,0,0,0,0,6,Unblocked Games — New Tab,,,
1,1,0,0,1,1,0,1,0,0,1,47,0.3981244723938317,75.22919460013158,0.0630880142408736,8.389815259547074,2.5510670278776435,1409,42,99,0,0,1,0.0384786333364398,0.0117341372619236,0.0003497755606818,8.327989540045138e-06,0.0008244709644644,0.0,0.0,0,0,0,0,0,0,0,0,0,0,0,0,0,0,0,0,Silktide Accessibility Checker,,,
0,0,0,0,0,0,0,0,0,0,0,0,0.0,0.0,0.0,0.0,0.0,0,0,0,0,0,0,0.0,0.0,0.0,0.0,0.0,0.0,0.0,0,0,0,0,0,0,0,0,0,0,0,0,0,0,0,0,Vocabulary.com,,,
0,0,0,0,0,0,0,0,0,0,0,0,0.0,0.0,0.0,0.0,0.0,0,0,0,0,0,0,0.0,0.0,0.0,0.0,0.0,0.0,0.0,0,0,0,0,0,0,0,0,0,0,0,0,0,0,0,0,Asana,,,
0,0,0,0,0,0,0,0,0,0,0,0,0.0,0.0,0.0,0.0,0.0,0,0,0,0,0,0,0.0,0.0,0.0,0.0,0.0,0.0,0.0,0,0,0,0,0,0,0,0,0,0,0,0,0,0,0,0,Drive Migrator,,,
0,0,0,0,0,1,0,0,0,0,0,30,0.3928019933813877,35.57752808988764,0.1115889513363051,3.804555619116959,3.06623501287594,77,8,46,0,0,0,0.0545946227052888,0.0033275713050993,0.0003457216940363,0.0,0.0019878997407087,0.0,0.0,3,0,1,0,0,0,1,0,0,0,0,0,0,0,0,1,QuickAnimate for Google Slides™,,,
0,0,0,0,0,0,1,0,0,0,0,0,0.0,0.0,0.0,0.0,0.0,0,0,0,0,0,0,0.0,0.0,0.0,0.0,0.0,0.0,0.0,0,0,0,0,0,0,0,0,0,0,0,0,0,0,0,0,__MSG_ext_name__,,,
0,0,0,0,0,1,0,0,0,0,0,197,0.5942362622851682,56.43029863654137,0.0753076330285041,3.8579965828578593,2.5322181109107027,1476,98,168,0,0,0,0.051573243881539,0.0042128217057361,0.0002797130942832,0.0,0.0004795081616285,0.0,0.0,30,0,0,0,0,0,2,0,0,0,0,0,0,0,0,2,__MSG_appName__,,,
0,0,0,0,0,0,0,0,0,0,0,0,0.0,0.0,0.0,0.0,0.0,0,0,0,0,0,0,0.0,0.0,0.0,0.0,0.0,0.0,0.0,0,0,0,0,0,0,0,0,0,0,0,0,0,0,0,0,Black Hole,,,
0,0,0,0,0,0,0,0,0,0,0,0,0.0,0.0,0.0,0.0,0.0,0,0,0,0,0,0,0.0,0.0,0.0,0.0,0.0,0.0,0.0,0,0,0,0,0,0,0,0,0,0,0,0,0,0,0,0,Cloud9,,,
1,1,0,0,0,1,1,0,0,0,1,95,0.561930927184566,61.75311230894189,0.0787304447737621,3.5236736311525503,2.5653123976856724,143,198,45,0,0,5,0.0619118915383268,0.0004223584139407,0.0005848039577641,1.4767776711216126e-05,0.0001329099904009,0.0,0.0,0,0,0,0,0,0,16,0,0,0,0,0,0,0,0,16,__MSG_appName__,,,
0,0,0,0,0,0,0,0,0,0,0,0,0.0,0.0,0.0,0.0,0.0,0,0,0,0,0,0,0.0,0.0,0.0,0.0,0.0,0.0,0.0,0,0,0,0,0,0,0,0,0,0,0,0,0,0,0,0,My Cloud Player,,,
0,0,0,0,0,0,0,0,0,0,0,0,0.0,0.0,0.0,0.0,0.0,0,0,0,0,0,0,0.0,0.0,0.0,0.0,0.0,0.0,0.0,0,0,0,0,0,0,0,0,0,0,0,0,0,0,0,0,Finance41 Personal Finance Manager,,,
1,1,0,0,0,1,0,0,0,0,0,3,0.4405339918778135,15.75850057190392,0.0484476944221241,4.439341765445997,2.066324164176329,0,14,15,0,0,1,0.0151976690285411,0.0,0.0007278777165436,5.199126546740148e-05,0.000779868982011,0.0,0.0,0,0,0,1,0,0,2,0,3,0,0,0,0,0,0,2,CloudFlare Purge Plugin,,,
1,1,0,0,1,1,0,0,0,0,1,184,0.3956037793442227,43.12099169498515,0.0833740916630581,4.256861594957732,3.088791888602588,1038,44,177,0,0,7,0.0457188704115102,0.0027091783203094,0.0001148399287992,1.8269988672607024e-05,0.0004619697135787,0.0,0.0,94,7,0,0,0,0,1,0,0,0,0,0,0,0,0,1,Spekit - AI Sales & Enablement Assistant,,,
1,0,0,0,0,1,0,0,0,0,0,7,0.3902515505041548,21.1513805863934,0.114157715766179,4.0664918796882965,3.2454882795380566,127,10,16,0,0,0,0.0555191416017284,0.0072302875035582,0.0005693139766581,0.0,0.000910902362653,0.0,0.0,0,0,0,2,0,0,23,0,0,0,0,0,0,0,0,23,BizniSoft,,,
1,0,0,0,1,1,0,0,0,0,1,16,0.4028061777991097,28.24379926937128,0.1097387782475196,4.003471570651154,3.2433821865571284,108,18,10,0,0,0,0.0763432789141177,0.0103826187271678,0.0017304364545279,0.0,0.0009613535858488,0.0,0.0,5,0,0,5,0,0,9,0,0,0,0,0,0,0,0,9,__MSG_name__,,,
1,1,1,0,1,0,0,0,0,0,0,52,0.436196179403271,40.40837048971486,0.0823147986027128,5.99876873918893,2.73009823368836,114,10,49,0,0,6,0.0672748894868345,0.0021357113417512,0.0001873431001536,0.0001124058600921,0.0009179811907527,0.0,0.0,36,0,0,0,0,0,0,0,0,0,0,0,0,0,0,0,ReadPaper Importer,,,
0,1,0,0,0,1,0,1,0,0,0,47,0.3590348448947811,30.626908270277447,0.1009815670233775,4.394826600421916,3.3106177211026533,132,11,14,0,0,1,0.0413241063859151,0.0087614496216646,0.0007301208018053,6.637461834594451e-05,0.0009292446568432,0.0,0.0,9,0,0,18,0,0,2,0,0,0,0,1,0,0,0,2,FinalScout - Find Anyone's Email,,,
0,0,0,0,0,0,0,0,0,0,0,0,0.0,0.0,0.0,0.0,0.0,0,0,0,0,0,0,0.0,0.0,0.0,0.0,0.0,0.0,0.0,0,0,0,0,0,0,0,0,0,0,0,0,0,0,0,0,The Lantern Corps Standard,,,
0,0,0,0,0,1,0,0,0,0,0,0,0.2895038480432291,25.218884120171676,0.1259210741771737,3.9203980099502487,3.3270989913872078,1,0,0,0,0,0,0.044776119402985,0.0042918454935622,0.0,0.0,0.0,0.0,0.0,2,0,0,12,0,0,1,0,0,0,0,0,0,0,0,1,Open-as-Popup,,,
0,0,1,0,1,1,0,0,0,0,0,8,0.5765096105828413,42.590701424348296,0.073280051952429,3.938165151868251,2.510871955339139,117,3,9,0,0,0,0.0448483906885211,0.0104810534802472,0.0002687449610319,0.0,0.0008062348830959,0.0,0.0,6,0,0,0,0,0,1,0,0,0,0,0,0,0,0,1,Get Google Tag Manager Size,,,
0,1,0,0,0,1,0,0,0,0,1,13,0.2577115559058042,38.997238423997146,0.0613323444891778,4.175756763740418,2.2619118584438755,81,11,12,0,0,0,0.0099721507115445,0.0019283418640638,0.0002618735864778,0.0,0.0002856802761576,0.0,0.0,19,0,0,7,0,0,2,0,0,0,0,0,0,0,0,2,PubmedX,,,
0,0,1,0,1,1,1,1,0,0,0,189,0.5079539975254455,57.44774615152863,0.0725337796633961,4.476489145176847,2.86073549687705,2056,65,95,0,2,3,0.0568674456046221,0.0036870722924407,0.0001165660014633,5.379969298308538e-06,0.0001703656944464,3.5866461988723586e-06,0.0,7,0,0,0,1,0,59,0,0,0,0,0,0,0,0,59,__MSG_scriptcat__,,,
0,0,0,0,0,0,0,0,0,0,0,4,0.2593120070113935,15.1005291005291,0.0913672217353199,6.98125,3.916876226387025,14,2,10,0,0,0,0.0225,0.0246913580246913,0.0035273368606701,0.0,0.0176366843033509,0.0,0.0,1,0,0,0,0,0,1,0,0,0,0,0,0,0,0,1,Home page by Scott,,,
0,0,0,0,1,1,0,0,0,0,1,0,0.5390543756864082,49.659798717567625,0.0784108506273421,4.079236051309009,2.683853396543371,20,1,3,0,0,0,0.082944520241122,0.0001698585927215,8.492929636077964e-06,0.0,2.547878890823389e-05,0.0,0.0,1,0,3,0,0,0,6,0,0,0,0,0,0,0,0,6,__MSG_appName__,,,
0,0,0,0,0,1,0,0,0,0,0,107,0.3976804079921489,56.24260912581565,0.0733952111470602,4.602266907256095,2.781455378679528,410,36,57,0,0,2,0.0444187441611222,0.0013797420218941,0.0001211480799711,6.7304488872885375e-06,0.0001918177932877,0.0,0.0,91,0,0,0,0,17,110,1,2,0,0,0,0,0,0,110,Chrome MySQL Admin,,1.0,
0,0,0,0,0,1,0,0,0,0,1,23,0.5378441341558334,55.57620392276578,0.0781384122222117,3.688377516412253,2.369106029771828,224,41,47,0,0,0,0.0644989537688281,0.0056984405606858,0.0010430181383398,0.0,0.0011956549390724,0.0,0.0,38,2,0,2,0,0,2,0,0,0,0,0,0,0,0,2,__MSG_extName__,,,
0,1,0,0,0,1,0,0,0,0,1,45,0.399465008738872,59.57070841071902,0.089335801924742,3.595464538919493,2.8631046170967034,241,23,22,0,0,0,0.0489427138657641,0.0106571150614663,0.0010170690722561,0.0,0.0009728486778102,0.0,0.0,34,0,2,0,0,0,2,0,0,0,0,0,0,0,0,2,JumpSeat,,,
0,0,0,0,0,1,0,0,0,0,0,50,0.5845349248141581,53.031804091754495,0.0640559812865353,4.287897501770334,2.3799379926305755,118,4,80,0,0,0,0.0854151913882164,0.0024385203554453,8.266170696424881e-05,0.0,0.0016532341392849,0.0,0.0,3,0,0,0,0,0,6,0,0,0,0,0,0,0,0,6,__MSG_app_name__,,,
0,0,0,0,0,1,0,0,0,0,1,25,0.1015739590955168,200.18945420906567,0.0513327629761121,31.385861221097347,3.4501517222042177,35,41,17,0,0,0,0.0842924261488912,0.0021584952204748,0.0025285229725562,0.0,0.0010484119642306,0.0,0.0,46,15,1,0,0,0,1,0,0,0,0,0,0,0,0,1,Vue Telescope,,,
0,1,0,0,0,1,0,0,0,0,1,7,0.2912453030835629,64.37402521984403,0.0617946694043402,6.942253482898609,3.054523908751684,56,3,24,0,0,0,0.0369751418168846,0.0011614401858304,6.222000995520159e-05,0.0,0.0004977600796416,0.0,0.0,0,0,0,0,0,0,1,0,0,0,0,0,0,0,0,1,YouTube Monetization & RPM Checker by TubeLab,,,
0,0,0,0,0,1,0,0,0,0,0,336,0.4375150558057638,46.31150196490048,0.0629688136858541,5.313469643252227,2.2616445077830534,2484,164,277,0,0,5,0.0477055281898978,0.004801586611228,0.0003170129646704,9.665029410684496e-06,0.0005354426293519,0.0,0.0,22,0,1,3,0,0,1,0,0,0,0,0,0,0,0,1,Lavender,,,
0,0,0,0,0,1,0,0,0,0,1,1,0.2908117752007136,30.15079365079365,0.0943035554989167,6.039189189189189,3.742312341139025,17,1,7,0,0,0,0.0608108108108108,0.0674603174603174,0.0039682539682539,0.0,0.0277777777777777,0.0,0.0,0,0,0,1,0,0,1,0,0,0,0,0,0,0,0,1,Chrome Cat,,,
0,0,0,0,0,0,0,0,0,0,0,0,0.0,0.0,0.0,0.0,0.0,0,0,0,0,0,0,0.0,0.0,0.0,0.0,0.0,0.0,0.0,0,0,0,0,0,0,0,0,0,0,0,0,0,0,0,0,__MSG_appName__,,,
0,0,0,0,0,1,0,0,0,0,0,9,0.4550883063444179,35.65628641033789,0.0798932579724216,5.393151756506898,3.1874693358696624,133,21,18,0,0,2,0.0663490257431375,0.0070437453659569,0.0011121703209405,0.0001059209829467,0.0009532888465204,0.0,0.0,1,0,0,1,0,0,3,0,0,0,0,0,0,0,0,3,PiratBit - доступ из RUS,,,
0,0,0,0,0,0,0,0,0,0,0,0,0.0,0.0,0.0,0.0,0.0,0,0,0,0,0,0,0.0,0.0,0.0,0.0,0.0,0.0,0.0,0,0,0,0,0,0,0,0,0,0,0,0,0,0,0,0,SculptGL,,,
0,0,1,0,1,1,0,1,0,0,1,54,0.4316453646705288,48.49385560368143,0.0703117258664628,4.141950762675858,2.623517512174712,1253,148,125,0,0,6,0.0373453853472883,0.0050204946769934,0.0005930033616879,2.4040676825188218e-05,0.000500847433858,0.0,0.0,339,0,0,5,0,0,5,0,0,0,0,0,0,0,0,5,join.me for Google Calendar,,,
0,0,0,0,0,1,0,0,0,0,1,34,0.4054405606775463,47.82978406552495,0.1007093864082052,4.041657553621159,3.121077095263248,82,14,10,0,0,0,0.0829068428036102,0.0061057334326135,0.001042442293373,0.0,0.0007446016381236,0.0,0.0,85,0,0,2,0,1,3,0,0,0,0,0,0,0,0,3,GQueues Chrome Extension,,,
0,0,0,0,0,0,1,0,0,0,0,0,0.0,0.0,0.0,0.0,0.0,0,0,0,0,0,0,0.0,0.0,0.0,0.0,0.0,0.0,0.0,0,0,0,0,0,0,0,0,0,0,0,0,0,0,0,0,__MSG_appName__,,,
0,0,0,0,0,0,0,0,0,0,0,0,0.2695147679324894,26.1,0.0975738396624472,6.590361445783133,3.6993030989910296,0,0,0,0,0,0,0.0240963855421686,0.0,0.0,0.0,0.0,0.0,0.0,0,0,0,0,0,0,0,0,0,0,0,0,0,0,0,0,Save Webpages Offline As MHTML,,,
0,0,0,0,0,0,0,0,0,0,0,12,0.4075598749451824,48.03919528269165,0.1184236585607378,3.1727962968189902,3.275219114489301,65,9,7,0,0,2,0.0626605323322701,0.0112729795352063,0.0015608740894901,0.0003468609087755,0.0012140131807145,0.0,0.0,35,0,0,0,0,0,4,0,0,0,0,0,0,0,0,4,Z3X Free Downloads,,,
0,1,0,0,1,1,0,0,0,0,0,0,0.3915568862275449,29.92962962962963,0.0891017964071856,5.174395819725669,3.3501199456009774,0,0,0,0,0,0,0.0476812540822991,0.0,0.0,0.0,0.0,0.0,0.0,0,0,0,0,0,0,0,0,0,0,0,0,0,0,0,0,Viio Extension - Silent Edition,,,
0,1,0,0,0,1,0,0,0,0,0,1,0.3945894754179362,28.89714129394064,0.1305278761426336,2.8127929150909856,3.343954546078457,27,6,5,0,0,0,0.0327741685251624,0.0036930652441526,0.0008206811653672,0.0,0.0006839009711393,0.0,0.0,16,0,0,0,0,0,2,0,0,0,0,0,0,0,0,2,Focused Youtube,,,
0,0,0,0,0,1,0,0,0,0,0,14,0.6674881058461787,47.67800805349293,0.0538999261572074,4.260608968130587,2.570015163443048,118,9,90,0,0,3,0.0351162715377639,0.0006227471593757,4.749766469815234e-05,1.5832554899384112e-05,0.0004749766469815,0.0,0.0,0,0,0,6,0,0,3,0,0,0,6,0,0,0,0,3,Green Madness,,,
0,0,0,0,0,1,0,0,0,0,0,17,0.3991044600247452,48.36874848509332,0.118749058962928,3.578718611468095,3.093101116257227,136,15,28,0,0,0,0.0406769381831834,0.010988123131615,0.0012119253453987,0.0,0.0022622606447442,0.0,0.0,4,0,0,6,0,0,5,0,0,0,0,0,0,0,0,5,__MSG_EXT_NAME__,,,
0,0,0,0,0,0,1,0,0,0,0,0,0.0,0.0,0.0,0.0,0.0,0,0,0,0,0,0,0.0,0.0,0.0,0.0,0.0,0.0,0.0,0,0,0,0,0,0,0,0,0,0,0,0,0,0,0,0,__MSG_appName__,,,
0,0,0,0,0,1,0,0,0,0,0,0,0.2951858407079646,29.849344978165934,0.091787610619469,4.5346025989725,3.4595807896921853,83,1,6,0,0,0,0.0350559081293442,0.0906113537117904,0.0010917030567685,0.0,0.0065502183406113,0.0,0.0,0,0,0,0,0,0,0,0,0,0,0,0,0,0,0,0,__MSG_appName__,,,
0,0,0,0,0,0,0,0,0,0,0,0,0.0,0.0,0.0,0.0,0.0,0,0,0,0,0,0,0.0,0.0,0.0,0.0,0.0,0.0,0.0,0,0,0,0,0,0,0,0,0,0,0,0,0,0,0,0,Zoho Docs,,,
0,0,0,0,1,1,0,0,0,0,0,0,0.3221467202884482,28.19838056680162,0.1006101788933573,7.067333939945405,3.4352228630460155,28,0,1,0,0,0,0.0400363967242948,0.0566801619433198,0.0,0.0,0.0020242914979757,0.0,0.0,9,0,0,1,0,0,3,0,0,0,0,0,0,0,0,1,Images ON/OFF,,,
1,1,0,0,1,1,0,0,0,0,1,139,0.3820776318923817,40.6390004666441,0.0974976069110825,4.357280345507212,2.965814873306306,518,65,172,0,0,1,0.0460725154625787,0.0047396400435534,0.0005947424765076,9.149884253964188e-06,0.0015737800916818,0.0,0.0,132,1,0,0,0,0,27,0,0,0,0,0,0,0,0,27,GoPlus,,,
0,1,0,0,0,1,0,0,0,0,0,17,0.4900832462039904,62.90788735120488,0.0830189943279963,3.8130334266647457,2.807855106695393,95,12,15,0,0,0,0.0613566415230024,0.0003677537985096,4.645311139069002e-05,0.0,5.8066389238362525e-05,0.0,0.0,52,0,0,0,0,0,2,0,0,0,0,0,0,0,0,2,Seller Assistant — Amazon Product Research Tool,,,
0,1,0,0,1,1,0,1,0,0,0,30,0.4508553928145153,36.10470959083674,0.1049577371434531,3.5828665107569906,2.9496666530441247,119,7,46,0,0,1,0.042336469655885,0.0037139914484566,0.0002184700852033,3.121001217190475e-05,0.0014356605599076,0.0,0.0,0,0,0,0,0,0,1,0,0,0,0,0,0,0,0,1,スプシディファイ,,,
0,0,0,0,1,1,1,0,0,0,0,10,0.4786501559560396,40.30757465404224,0.0799351843525576,6.495421421696687,2.173215565414359,7,0,10,0,0,0,0.1033686236766121,0.0005098324836125,0.0,0.0,0.0007283321194464,0.0,0.0,0,0,0,3,0,1,3,0,0,0,1,0,0,0,0,3,ActivityWatch Web Watcher,,,
0,1,0,0,0,1,0,0,0,0,0,2,0.3768484949123147,36.51548710849628,0.1173396433546434,3.7297103470257778,3.175155895358096,77,9,7,0,0,0,0.0513566277540937,0.0133241045163523,0.0015573628655476,0.0,0.0012112822287593,0.0,0.0,3,0,0,7,0,0,2,0,0,0,1,0,0,0,0,2,Fiverr Seller Assistant,,,
0,0,0,0,0,0,0,0,0,0,0,0,0.0,0.0,0.0,0.0,0.0,0,0,0,0,0,0,0.0,0.0,0.0,0.0,0.0,0.0,0.0,0,0,0,0,0,0,0,0,0,0,0,0,0,0,0,0,InspirARTion - Sketch & Draw!,,,
0,0,0,0,0,0,0,0,0,0,0,0,0.0,0.0,0.0,0.0,0.0,0,0,0,0,0,0,0.0,0.0,0.0,0.0,0.0,0.0,0.0,0,0,0,0,0,0,0,0,0,0,0,0,0,0,0,0,__MSG_name__,,,
0,0,0,0,1,1,0,0,0,0,0,40,0.5185125328914423,43.15682086589442,0.0916322577414391,3.5585138440812565,2.842212913299676,463,27,34,0,0,0,0.054944990014299,0.0116340427670427,0.000678443098726,0.0,0.0008543357539513,0.0,0.0,36,0,0,0,0,0,4,0,0,0,0,0,0,0,0,4,Free Password Manager & Authenticator & SSO,,,
0,0,1,1,1,1,0,0,0,0,1,29,0.3667878010545817,49.30224403927069,0.0954157914629688,4.452008733624454,3.166371953585111,270,19,78,0,1,3,0.0913973799126637,0.0210378681626928,0.0014804425744117,0.0002337540906965,0.0060776063581112,7.791803023219573e-05,0.0,235,0,0,10,0,3,15,0,0,0,9,0,0,0,0,15,WASP.inspector: Analytics Solution Profiler,,,
1,1,1,0,1,1,0,0,0,0,0,7,0.4465351724785428,37.71730823003076,0.0916537321050164,3.247675044663616,2.728903195406686,92,13,7,0,0,0,0.0590416289371283,0.0021437226209339,0.000302917326871,0.0,0.0001631093298536,0.0,0.0,0,0,0,1,0,0,17,0,0,0,0,0,0,0,0,16,Free Link Checker by LRT,,,
0,0,0,0,0,0,0,0,0,0,0,0,0.0,0.0,0.0,0.0,0.0,0,0,0,0,0,0,0.0,0.0,0.0,0.0,0.0,0.0,0.0,0,0,0,0,0,0,0,0,0,0,0,0,0,0,0,0,__MSG_appName__,,,
0,0,0,0,0,0,0,0,0,0,0,100,0.4044815155882524,41.84677064489317,0.0903064246125616,4.685003063998905,3.195327989257651,475,58,103,0,0,1,0.0841677524526865,0.0116119884613504,0.0014178849068596,2.4446291497579817e-05,0.0025179680242507,0.0,0.0,374,0,0,3,0,11,32,3,0,0,0,0,0,0,0,32,Melanto Calculator,,,
0,0,0,0,0,0,0,0,0,0,0,0,0.3254302103250478,38.63636363636363,0.0516252390057361,5.419580419580419,3.404519746099259,0,0,0,0,0,0,0.0384615384615384,0.0,0.0,0.0,0.0,0.0,0.0,0,0,0,0,0,0,0,0,0,0,0,0,0,0,0,0,WebConf : Partage d'Écran,,,
1,1,1,0,1,1,1,1,0,0,0,26,0.4346560321709841,21.91659713590001,0.0836426268512099,5.4507068539168575,3.1381861172238765,191,26,16,0,5,0,0.0802500816497923,0.0032523370851567,0.0004427265142098,0.0,0.0002724470856675,8.513971427111891e-05,0.0,8,0,0,68,0,0,11,0,0,0,0,0,0,0,0,10,无忧易售产品采集,,,
0,0,0,0,0,1,0,0,0,0,0,3,0.2603853100541842,28.339955849889623,0.1153672486453943,7.104545454545455,3.945651093544417,0,3,3,0,0,0,0.0272727272727272,0.0,0.0066225165562913,0.0,0.0066225165562913,0.0,0.0,2,0,1,8,0,0,1,0,0,0,0,0,0,0,0,1,Ethereum Gas Prices,,,
0,1,0,0,0,1,0,0,0,0,0,20,0.4579967555848327,70.11151990986868,0.0823340282115093,4.163844434972424,2.5530230435862027,30,3,33,0,0,1,0.0793738133064672,0.0005281132274759,5.281132274759709e-05,1.760377424919903e-05,0.0005809245502235,0.0,0.0,0,0,0,0,0,0,1,0,0,0,0,0,0,0,0,1,Askify - Youtube Notes,,,
0,0,0,0,0,0,0,0,0,0,0,0,0.1225296442687747,30.75,0.0988142292490118,7.875,4.448884070537637,0,0,0,0,0,0,0.0,0.0,0.0,0.0,0.0,0.0,0.0,0,0,0,0,0,0,1,0,0,0,0,0,0,0,0,1,Онлайн радио,,,
0,1,0,0,0,1,0,1,1,0,0,483,0.3086925169012539,53.22639706414552,0.0682896930484781,4.5055817256892885,3.0306317696394656,6358,134,465,0,0,4,0.0291261260123511,0.0062187375904005,0.0001310649319147,3.912386027304543e-06,0.0004548148756741,0.0,0.0,1378,0,1,0,0,0,1,0,0,0,0,0,0,0,0,1,__MSG_extName__,,,
0,0,0,0,0,0,0,0,0,0,0,3,0.3130261301153229,47.13817330210773,0.0864191523526835,4.401936026936027,3.176746190846978,7,18,5,0,0,0,0.013047138047138,0.0163934426229508,0.0421545667447306,0.0,0.0117096018735363,0.0,0.0,0,0,0,0,0,0,0,0,0,0,0,0,0,0,0,0,Sorteio de Comentários,,,
0,1,0,0,1,1,0,0,0,0,0,22,0.4133968164231578,40.68549992520396,0.0800112184866526,6.361070720423001,3.051611594083534,3,4,9,0,0,1,0.0775978556216494,3.452124782803816e-05,4.602833043738421e-05,1.1507082609346052e-05,0.0001035637434841,0.0,0.0,7,0,1,0,0,0,1,0,0,0,0,0,0,0,0,1,OptimAI Lite Node,,,
1,1,0,0,1,1,0,0,0,0,1,133,0.4091699668580972,66.30696011102017,0.0687653344327987,2.980480432163694,2.612538781646538,1507,59,140,0,0,5,0.0229687521997349,0.0067030210297832,0.0002624274988435,2.22396185460627e-05,0.0006227093192897,0.0,0.0,72,0,0,0,0,0,2,0,0,0,0,0,0,0,0,2,WABiz Free Bulk Sender (Lite),,,
0,0,0,0,0,1,0,0,0,0,0,424,0.3525076475538899,42.93867723530942,0.0750779431689032,4.228484611291649,3.07847421921351,1138,235,324,0,0,14,0.0602275508962638,0.0042913114142095,0.000886167119806,5.2792934796954605e-05,0.001221779348158,0.0,0.0,87,1,6,120,0,6,318,3,0,0,7,0,1,0,0,309,__MSG_lngTitle__,,,
0,0,0,0,0,1,0,0,0,0,0,10,0.3553671711209362,78.6407728944354,0.114949789874856,4.19352448913827,3.502895554953114,41,8,4,0,0,8,0.0596124394125131,0.001235907638512,0.0002411527099535,0.0002411527099535,0.0001205763549767,0.0,0.0,2,0,1,0,0,0,4,0,0,0,0,0,0,0,0,4,__MSG_appName__,,,
0,0,0,0,0,1,0,0,0,0,0,9,0.5251364041537265,43.817201017811705,0.0939266795737263,3.607418970242997,2.747172456373341,134,4,38,0,0,1,0.0489927358989171,0.0068193384223918,0.0002035623409669,5.089058524173028e-05,0.0019338422391857,0.0,0.0,1,0,1,3,0,0,1,0,0,0,0,0,0,0,0,1,__MSG_name__,,,
0,0,0,0,0,0,0,0,0,0,0,0,0.2297868668565018,20.46481481481481,0.092415221330572,6.158757549611734,3.2050202410096347,11,2,1,0,0,0,0.0672993960310612,0.0203703703703703,0.0037037037037037,0.0,0.0018518518518518,0.0,0.0,0,0,0,0,0,0,0,0,0,0,0,0,0,0,0,0,JDE Data Selection Import Tool,,,
0,0,0,0,0,1,0,0,0,0,0,2,0.7499677336086732,44.14603058994901,0.0358802271553949,4.38718820861678,3.0915294931874318,1,0,2,0,0,0,0.0205971277399848,0.0003641660597232,0.0,0.0,0.0007283321194464,0.0,0.0,0,0,0,0,0,0,1,0,0,0,0,0,0,0,0,1,Google Meet Volume Control,,,
0,0,0,0,0,0,0,0,0,0,0,0,0.0,0.0,0.0,0.0,0.0,0,0,0,0,0,0,0.0,0.0,0.0,0.0,0.0,0.0,0.0,0,0,0,0,0,0,0,0,0,0,0,0,0,0,0,0,Lamborghini Alston SC18,,,
0,0,0,0,0,0,0,0,0,0,0,0,0.0,0.0,0.0,0.0,0.0,0,0,0,0,0,0,0.0,0.0,0.0,0.0,0.0,0.0,0.0,0,0,0,0,0,0,0,0,0,0,0,0,0,0,0,0,__MSG_appName__,,,
0,0,0,0,0,1,0,0,0,0,0,15,0.5182395831897562,37.75842726641381,0.1030171879091949,3.2642879296247216,3.2105488743232504,34,2,28,0,0,0,0.0490455916767699,0.0018163363427533,0.0001068433142796,0.0,0.0014958063999145,0.0,0.0,0,2,0,0,0,0,4,0,0,0,0,0,0,0,0,4,SummYT - YouTube Summarizer,,,
0,0,0,0,1,1,1,0,0,0,0,43,0.5771259554284188,60.63613058720421,0.0752279404302167,3.8848705625212983,2.294256137326185,182,23,68,0,0,0,0.0577492097439452,0.0019938650306748,0.0002519719544259,0.0,0.0007449605609114,0.0,0.0,2,0,0,0,0,0,0,0,0,0,0,0,0,0,0,0,__MSG_appName__,,,
0,0,0,0,0,1,0,0,0,0,1,27,0.4998714953774231,47.29401730737227,0.0812826915041932,5.938597320454096,2.5870257643209307,367,10,99,0,0,5,0.0888770485463592,0.0050895878404615,0.0001386808675875,6.934043379375382e-05,0.0013729405891163,0.0,0.0,12,0,0,0,0,0,7,0,1,0,0,0,0,0,0,7,signNow - Sign and Fill PDF & Word Documents,,,
0,1,0,0,0,0,0,0,1,0,0,0,0.3633938100320171,13.455012853470436,0.0862682319459267,5.946058091286307,3.406749398369817,0,0,0,0,0,0,0.0207468879668049,0.0,0.0,0.0,0.0,0.0,0.0,0,0,0,0,0,0,0,0,0,0,0,0,0,0,0,0,Copyright Free Images Filter,,,
0,0,0,0,1,0,0,0,0,0,0,7,0.3813722686603397,15.825781439302157,0.110989958257127,4.354386463236487,3.266470762538365,81,11,10,0,0,3,0.0806890115241032,0.0028038353698639,0.0003807677662778,0.0001038457544394,0.000346152514798,0.0,0.0,23,0,0,12,0,2,8,0,0,0,0,4,0,0,0,8,Decreased Productivity,2.0,,
0,0,0,0,0,1,0,0,0,0,0,5,0.4529786436867741,40.712890625,0.0990539527913076,4.375904860392968,3.2602916734814014,2,0,3,0,0,0,0.0325749741468459,0.00390625,0.0,0.0,0.005859375,0.0,0.0,2,0,0,4,0,1,1,0,1,0,0,0,0,0,0,1,巴哈自動簽到,,,
0,1,0,0,0,1,0,0,0,0,0,0,0.3049334631613112,30.850129198966407,0.0905550146056475,6.448730009407337,3.7617833637033007,22,8,8,0,0,0,0.0159924741298212,0.0568475452196382,0.020671834625323,0.0,0.020671834625323,0.0,0.0,0,0,0,1,0,0,2,0,0,0,0,0,0,0,0,2,Ziteboard,,,
1,1,0,0,1,0,0,0,0,0,0,7,0.4415899819052217,44.1655292942743,0.0781005273651275,5.195181133199949,3.1194371233055844,67,33,11,0,0,0,0.0635349708398961,0.0055758988015978,0.0027463382157123,0.0,0.0009154460719041,0.0,0.0,0,0,1,1,0,0,7,0,0,0,0,0,0,0,0,7,Resources Saver,,,
1,1,0,0,1,1,0,0,0,0,1,14,0.401866785837616,38.79739288601455,0.1027747872189156,3.82828484566052,2.829500487694346,58,4,16,0,0,0,0.0358830969975367,0.005860953920776,0.0004042037186742,0.0,0.0016168148746968,0.0,0.0,1,0,0,0,0,0,0,0,0,0,0,0,0,0,0,0,__MSG_appName__,,,
0,0,0,0,1,1,0,0,0,0,1,157,0.3993811316031763,40.747012052754464,0.0722263043102667,5.30492582226969,2.8764964761276333,133,70,91,0,0,0,0.0401721328728571,0.0008392755726635,0.0004417239856124,0.0,0.0005742411812961,0.0,0.0,3,0,0,5,0,1,4,0,1,0,0,0,0,0,0,4,ANNEXX,,,
0,0,0,0,0,0,0,0,0,0,0,0,0.0,0.0,0.0,0.0,0.0,0,0,0,0,0,0,0.0,0.0,0.0,0.0,0.0,0.0,0.0,0,0,0,0,0,0,0,0,0,0,0,0,0,0,0,0,Trickster Spades,,,
0,0,0,0,0,0,0,0,0,0,0,0,0.362135922330097,14.266666666666667,0.0601941747572815,7.611510791366906,3.487592316469116,0,0,0,0,0,0,0.0,0.0,0.0,0.0,0.0,0.0,0.0,0,0,0,0,0,0,0,0,0,0,0,0,0,0,0,0,ShareX,,,
0,0,0,0,0,1,1,0,0,0,0,7,0.3585100879461976,20.18076001369394,0.0842117175375064,5.667814425516491,3.160201142918513,27,4,3,0,0,1,0.0688655309894889,0.0092434097911674,0.0013693940431359,0.0003423485107839,0.0010270455323519,0.0,0.0,0,0,0,3,0,0,0,0,0,0,0,0,0,0,0,0,fillUp Formularze - dodatek,,,
0,0,0,0,0,1,0,1,0,0,1,38,0.4471402118272469,39.95413522254736,0.054709503444963,3.456716929177948,2.643279415743213,88,5,27,0,0,2,0.0321864521781519,0.0009035371425637,5.13373376456697e-05,2.053493505826788e-05,0.0002772216232866,0.0,0.0,3,0,0,0,0,0,2,0,0,0,0,0,0,0,0,2,__MSG_displayName__,,,
0,1,1,0,0,1,0,1,0,0,1,33,0.4527113266145057,38.34852935092872,0.1042487157759278,3.2259152215799616,2.739498895546744,40,2,36,0,2,2,0.0398625804340713,0.0016547387581185,8.27369379059281e-05,8.27369379059281e-05,0.0014892648823067,8.27369379059281e-05,0.0,12,2,0,0,0,0,1,0,0,0,0,0,0,0,0,1,ChatGPT / Gemini / Claude対応のプロンプト管理ツール丨「チャプロAI」拡張機能,,,
0,0,0,0,1,1,0,0,0,0,0,103,0.3723470792065168,35.01381567387102,0.0987968943021648,4.007162468345995,2.9967486839571342,372,59,235,0,0,1,0.0459043049446887,0.0040853979968371,0.0006479529081005,1.0982252679669654e-05,0.0025808293797223,0.0,0.0,5,0,0,0,0,0,2,0,0,0,0,0,0,0,0,2,__MSG_extensionName__,,,
0,0,0,0,0,0,0,0,0,0,0,0,0.0,0.0,0.0,0.0,0.0,0,0,0,0,0,0,0.0,0.0,0.0,0.0,0.0,0.0,0.0,0,0,0,0,0,0,0,0,0,0,0,0,0,0,0,0,Rabbit,,,
0,1,0,0,1,1,0,1,0,0,0,16,0.3187087889007264,40.741501279377296,0.0606861382265304,6.021156041330282,3.353487658753376,59,3,31,0,0,0,0.0218776060611437,0.0012686262283097,6.450641838862967e-05,0.0,0.0006665663233491,0.0,0.0,8,0,1,0,0,0,2,0,0,0,0,0,0,0,0,2,Zoho Mail Bookmarks,,,
0,0,0,0,0,1,0,0,0,0,0,47,0.498524447855844,40.43301783212812,0.0728575344718879,5.39666429020026,3.032192185067654,132,18,38,0,0,7,0.0512729910639036,0.0004997539090599,6.814826032635445e-05,2.650210123802673e-05,0.0001438685495778,0.0,0.0,0,0,0,3,0,0,1,0,0,0,0,0,0,0,0,1,Gather Meetings,,,
0,0,0,0,1,1,0,0,0,0,1,13,0.4081585170981144,30.647625212395823,0.1055340364333652,3.935712919575404,3.225542623591839,89,19,9,0,0,0,0.0794682987472506,0.007201229872967,0.0015373412088356,0.0,0.0007282142568168,0.0,0.0,9,0,0,6,0,0,10,0,0,0,0,0,0,0,0,10,__MSG_name__,,,
0,0,0,0,0,1,0,0,0,0,0,229,0.4538269404216907,55.97997111714747,0.1673683128290628,2.279959656595424,2.2798280407841416,977,150,143,0,0,26,0.0218536645456569,0.0041991885293814,0.0006447065295877,0.0001117491317952,0.0006146202248736,0.0,0.0,0,0,0,0,0,0,6,0,0,0,0,0,0,0,0,6,__MSG_extName__,,,
0,0,0,0,0,1,0,0,0,0,0,11,0.3874349407517064,29.388153877467943,0.1243778761714013,3.052218802739998,3.3111736306545008,40,3,29,0,0,0,0.0241238955623945,0.0081416649704864,0.0006106248727864,0.0,0.0059027071036026,0.0,0.0,2,0,0,0,0,0,2,0,0,0,0,0,0,0,0,2,__MSG_ExtensionName__,,,
0,0,0,0,1,1,0,0,0,0,1,21,0.6101189255983227,66.58080243996736,0.0719554058404771,3.977489344002004,2.723001485403733,18,2,33,0,0,0,0.0657250327618826,0.0003866145452983,4.295717169981528e-05,0.0,0.0007087933330469,0.0,0.0,0,0,0,0,0,0,2,0,0,0,0,0,0,0,0,2,DocSend Extension,,,
0,0,0,0,0,1,0,0,0,0,0,36,0.5314876951814133,46.71858766274743,0.0473969534391453,5.027932390338559,2.242238210850642,1254,28,34,0,0,2,0.0184118277858046,0.0063306795636172,0.0001413548865879,1.0096777613424676e-05,0.0001716452194282,0.0,0.0,0,0,0,0,0,0,4,0,0,0,0,0,0,0,0,4,__MSG_name__,,,
0,0,0,0,1,1,0,0,0,0,1,19,0.0719082448313721,178.52422542394493,0.0349701524219102,28.40081536041149,3.4976163080289027,138,16,42,0,0,3,0.0679059234539873,0.002199413489736,0.000255004462578,4.781333673339284e-05,0.0006693867142674,0.0,0.0,0,0,0,2,0,0,2,14,0,0,0,0,0,0,0,2,__MSG_extensionName__,,,
0,0,0,0,0,1,1,0,0,0,1,47,0.4376343101829006,31.99297577627519,0.1003824358096814,4.488851438942183,2.9437174065308342,113,15,16,0,0,2,0.0717310517673494,0.0037090527145014,0.0004923521302435,6.564695069914002e-05,0.0005251756055931,0.0,0.0,137,0,0,4,0,2,19,0,1,0,0,0,0,0,0,19,Memo Notepad,,,
0,0,0,0,0,0,0,0,0,0,0,0,0.0,0.0,0.0,0.0,0.0,0,0,0,0,0,0,0.0,0.0,0.0,0.0,0.0,0.0,0.0,0,0,0,0,0,0,0,0,0,0,0,0,0,0,0,0,__MSG_extName__,,,
0,0,0,0,1,1,0,0,0,0,0,39,0.4190184855128142,38.47005959572648,0.1171968992930613,3.454451409796401,2.5595861476625683,564,112,186,0,0,1,0.0459025858869138,0.007656489689532,0.0015204376688432,1.357533632895755e-05,0.0025250125571861,0.0,0.0,6,0,0,12,0,2,11,0,0,0,0,0,0,0,0,11,Pro Sender - Free Bulk WhatsApp Sender,,,
0,0,0,0,0,1,0,0,0,0,0,14,0.3467544289194848,39.74819439343861,0.108557420486738,4.057539124251153,3.186776247565251,196,10,65,0,0,4,0.0508167619086597,0.0047986289631533,0.0002448280083241,9.793120332966092e-05,0.0015913820541069,0.0,0.0,1,0,8,0,0,0,2,0,0,0,0,0,0,0,0,2,SuiteFiles,,,
0,0,0,0,0,0,1,0,0,0,0,0,0.0,0.0,0.0,0.0,0.0,0,0,0,0,0,0,0.0,0.0,0.0,0.0,0.0,0.0,0.0,0,0,0,0,0,0,0,0,0,0,0,0,0,0,0,0,Michigan eLibrary,,,
0,0,0,0,0,0,0,0,0,0,0,0,0.1868860824084704,20.484931506849318,0.0977165454777395,7.333806818181818,3.697225586223951,29,0,13,0,0,0,0.0241477272727272,0.0794520547945205,0.0,0.0,0.0356164383561643,0.0,0.0,9,0,0,7,0,0,5,0,0,0,0,0,0,0,0,5,Plugins,,,
0,0,0,0,0,1,0,0,0,0,0,14,0.4439382901540265,38.452647375460806,0.0914931073803249,3.808623191798137,3.0189776943804976,96,9,65,0,0,0,0.0538442332599909,0.0031318304896747,0.000293609108407,0.0,0.0021205102273839,0.0,0.0,0,0,0,0,0,0,2,0,0,0,0,0,0,0,0,2,Pixel Perfect Pro,,,
0,0,0,0,0,0,0,0,0,0,0,0,0.0,0.0,0.0,0.0,0.0,0,0,0,0,0,0,0.0,0.0,0.0,0.0,0.0,0.0,0.0,0,0,0,0,0,0,0,0,0,0,0,0,0,0,0,0,Onshape,,,
0,0,0,0,0,0,0,0,0,0,0,0,0.0,0.0,0.0,0.0,0.0,0,0,0,0,0,0,0.0,0.0,0.0,0.0,0.0,0.0,0.0,0,0,0,0,0,0,0,0,0,0,0,0,0,0,0,0,__MSG_appName__,,,
0,0,0,0,1,1,0,0,0,0,0,298,0.505801833485583,47.19713324802383,0.0892156024952805,3.709326743768574,2.6722290085771245,619,206,315,0,0,31,0.051097352206559,0.0013633370261632,0.0004537115143612,6.827697546213601e-05,0.0006937821700184,0.0,0.0,2,0,0,1,0,0,11,0,0,0,0,0,0,0,0,11,__MSG_appName__,,,
0,0,0,0,0,0,0,0,0,0,0,0,0.0,0.0,0.0,0.0,0.0,0,0,0,0,0,0,0.0,0.0,0.0,0.0,0.0,0.0,0.0,0,0,0,0,0,0,0,0,0,0,0,0,0,0,0,0,MolView,,,
0,0,0,0,0,0,0,0,0,0,0,0,0.0,0.0,0.0,0.0,0.0,0,0,0,0,0,0,0.0,0.0,0.0,0.0,0.0,0.0,0.0,0,0,0,0,0,0,0,0,0,0,0,0,0,0,0,0,Beach Blue,,,
0,1,0,0,0,1,0,1,0,0,0,38,0.2984753659437164,39.90871369294606,0.0913054853056597,6.6352926957585066,3.633957667103617,339,46,52,0,0,0,0.0871902060316512,0.0085770670984718,0.0011638498127719,0.0,0.00131565631009,0.0,0.0,45,0,0,3,0,0,6,0,0,0,0,0,0,0,0,5,"Fellow: AI Meeting Notes, Agendas, and Action items",,,
0,0,0,0,0,0,0,0,0,0,0,0,0.0,0.0,0.0,0.0,0.0,0,0,0,0,0,0,0.0,0.0,0.0,0.0,0.0,0.0,0.0,0,0,0,0,0,0,0,0,0,0,0,0,0,0,0,0,__MSG_appName__,,,
0,0,1,0,0,1,0,0,0,0,0,58,0.4974928494588022,40.73315779674992,0.0498817165377614,4.240051022563123,1.748990946351766,484,85,203,0,0,0,0.0110999417126348,0.0128726827841166,0.0022606984228303,0.0,0.0053990797627596,0.0,0.0,24,2,0,11,2,0,7,0,0,0,0,0,0,1,0,7,__MSG_extensionTitle__,,,
0,0,0,0,0,0,0,0,0,0,0,15,0.3757390316291104,45.83996394476994,0.1057793826029833,4.1574292544963045,2.940881789092656,30,3,11,0,0,0,0.0609872337765832,0.0012291555701233,0.0001229155570123,0.0,0.0004506903757118,0.0,0.0,1,0,0,0,0,0,1,0,0,0,0,0,0,0,0,1,Document Preview Exporter for Google Drive,,,
0,0,0,0,1,1,0,0,1,0,0,62,0.4311135438660416,63.39170434509366,0.0675489379560737,4.34239329388034,2.874738130103248,358,55,94,0,0,7,0.0427580339900433,0.0031248363388788,0.0004800726218948,6.110015187752039e-05,0.0008204877537838,0.0,0.0,5,0,0,0,0,0,1,0,0,0,0,0,0,0,0,1,__MSG_appName__,,,
0,0,0,0,0,0,0,0,0,0,0,0,0.0,0.0,0.0,0.0,0.0,0,0,0,0,0,0,0.0,0.0,0.0,0.0,0.0,0.0,0.0,0,0,0,0,0,0,0,0,0,0,0,0,0,0,0,0,Undergrowth,,,
0,0,0,0,0,1,0,0,0,0,0,13,0.5146144077131416,49.67000451430213,0.0843284694234582,3.5029756872823183,2.654178655544754,40,6,51,0,0,0,0.0358773205288607,0.0016415644108835,0.0002462346616325,0.0,0.0020929946238765,0.0,0.0,0,0,0,0,0,0,1,0,0,0,0,0,0,0,0,1,LocatorJS,,,
0,1,0,0,1,1,1,0,0,0,0,117,0.4471098742510401,40.50125641828855,0.0751915934354891,5.387314037847239,3.1030164121564106,1856,291,177,0,0,0,0.0577419351645534,0.0063195456464595,0.0009908339348705,0.0,0.0006026721871893,0.0,0.0,1,0,0,9,0,0,3,0,0,0,0,0,0,0,0,3,Super Dispatch: Connection,,,
0,0,0,0,0,0,0,0,0,0,0,0,0.0,0.0,0.0,0.0,0.0,0,0,0,0,0,0,0.0,0.0,0.0,0.0,0.0,0.0,0.0,0,0,0,0,0,0,0,0,0,0,0,0,0,0,0,0,Quizizz Teacher,,,
0,0,0,0,1,0,0,0,0,0,1,18,0.4495887787537875,39.97384450017915,0.1057194950788993,4.012331888655556,3.173005949816708,68,9,11,0,0,0,0.1074125374201331,0.0121820136151916,0.0016123253314224,0.0,0.0019706198495163,0.0,0.0,0,0,0,1,0,0,9,1,0,0,0,0,0,0,0,9,TabCloud,,,
0,1,0,0,1,1,0,0,0,0,1,78,0.3131299441435822,44.19497005783408,0.0817762529889326,5.802654619111768,2.9979084680132395,101,30,78,0,0,1,0.020516531072848,0.0008628127696289,0.0002562810206818,8.542700689395945e-06,0.0006663306537728,0.0,0.0,6,0,0,1,0,0,1,0,0,0,0,0,0,0,0,1,Jibble Time Tracker,,,
0,0,0,0,0,1,0,0,0,0,0,114,0.4977735785069427,56.70621260393193,0.0702538580412359,4.162566371100782,2.600621894870214,1865,112,310,0,0,14,0.0522564819244388,0.0027869597183452,0.0001673670179381,2.092087724226973e-05,0.0004632479960788,0.0,0.0,0,0,0,0,0,0,0,0,0,0,0,0,0,0,0,0,MARKS Question Practice for YT,,,
0,1,0,0,1,1,0,0,0,0,0,60,0.2266184677397129,94.33069204539102,0.0306377586472792,2.349989893158852,3.204303613656277,386,56,48,0,0,0,0.0054837959717105,0.0053943764324445,0.0007826038347587,0.0,0.0006708032869361,0.0,0.0,19,0,0,3,0,2,14,0,0,0,0,0,0,0,0,14,__MSG_appName__,,,
0,0,0,0,0,1,0,0,0,0,0,147,0.4167880037898657,48.7309844629664,0.0977151678599803,3.85937359219802,2.7952868645933893,219,21,102,0,0,7,0.0534910382238626,0.0037025139900928,0.000355035588091,0.0001183451960303,0.0017244585707281,0.0,0.0,0,0,0,0,0,0,1,0,0,0,0,0,0,0,0,1,__MSG_name__,,,
0,0,0,0,0,1,0,0,0,0,1,47,0.5317953461082431,46.72698987300115,0.0863599280004839,3.677791232232493,2.4885642667195382,142,14,58,0,0,0,0.0449863773646008,0.0021241267894272,0.0002094209510702,0.0,0.0008676010830054,0.0,0.0,0,0,0,1,0,0,2,0,0,0,0,0,0,0,0,2,Pericles: Text to Speech Screen Reader,,,
0,0,0,0,1,0,0,0,0,0,0,3,0.2911692073453776,33.941290950373016,0.0854299348274133,6.26521427840851,3.1556006999916595,43,7,36,0,0,0,0.0375370768129283,0.0139474537787868,0.0022705157314304,0.0,0.0116769380473564,0.0,0.0,34,0,0,0,0,0,13,0,0,0,0,0,0,0,0,13,SoundCloud Player,,,
0,0,0,0,1,1,0,0,0,0,0,142,0.5188191031515552,58.787008886810106,0.0653581881662579,5.42665197665044,2.553617703519129,144,27,142,0,0,4,0.0791180316008728,0.0014031805425631,0.0002630963517305,3.897723729342064e-05,0.0013836919239164,0.0,0.0,14,0,0,0,0,0,4,0,0,0,0,0,0,0,0,4,__MSG_extName__,,,
0,0,0,0,1,0,1,0,0,0,0,2,0.3590763642653291,34.77010309278351,0.1087088125918879,5.405046910384988,3.4731216261013507,87,8,12,0,0,0,0.0905855710126172,0.0896907216494845,0.0082474226804123,0.0,0.0123711340206185,0.0,0.0,0,0,0,1,0,0,4,0,0,0,0,0,0,0,0,4,NeoBux AdAlert,,,
1,1,1,0,1,1,0,1,0,0,0,86,0.5258247225072185,43.42077578516719,0.0659308500619359,5.672266308113637,2.841597683585584,712,52,98,0,0,0,0.0632320915960009,0.0043803254483373,0.0003199114091482,0.0,0.0006029099633947,0.0,0.0,0,0,0,2,0,0,1,0,0,0,0,0,0,0,0,1,Swordfish AI: Unlimited Contact Finder for Recruiters,,,
1,1,0,0,1,1,0,0,0,0,0,3,0.4586869230024373,56.24218950064021,0.0662891119252024,4.071277809452594,2.5513922666555477,48,4,2,0,0,3,0.0203216148354182,0.0001617359660354,1.3477997169620596e-05,1.0108497877215443e-05,6.738998584810297e-06,0.0,0.0,0,0,0,0,1,0,3,0,0,0,0,0,0,0,0,3,Userlane,,,
0,0,0,0,0,0,0,0,0,0,1,3,0.3423430137712303,92.72176949941792,0.074768754295746,6.189232814280289,3.0830336903476385,39,8,8,0,0,6,0.0394986707178123,0.0151338766006984,0.003104384943733,0.0023282887077997,0.003104384943733,0.0,0.0,5,0,0,0,0,0,3,0,0,0,0,0,0,0,0,2,__MSG_appName__,,,
0,0,0,0,0,0,0,0,0,0,0,21,0.4412348220412303,23.575801506365394,0.0774709866046123,5.425798917780957,3.2370158468392445,135,30,18,0,0,0,0.0863390404763079,0.002249550089982,0.000499900019996,0.0,0.0002999400119976,0.0,0.0,13,0,0,0,0,0,2,0,0,0,0,0,0,0,0,2,TextAloud for Chrome,,,
0,0,0,0,1,1,0,0,0,0,0,165,0.3658908117636533,53.71053042690357,0.0977478189193871,3.841329973717764,2.920442212348253,369,36,166,0,0,8,0.0506814711031039,0.0038430694564504,0.0003749336055073,8.331857900163512e-05,0.0017288605142839,0.0,0.0,2,0,0,0,0,0,4,0,0,0,0,0,0,0,0,4,__MSG_name__,,,
0,0,0,0,0,1,0,0,0,0,0,30,0.5859175154856218,60.18867617990306,0.0776240370924756,3.850929541348564,2.514462628659905,93,12,43,0,0,0,0.0615333061367212,0.0012591048170913,0.0001624651376892,0.0,0.0005821667433863,0.0,0.0,1,0,0,0,0,0,0,0,0,0,0,0,0,0,0,0,__MSG_appName__,,,
0,0,0,0,0,1,0,0,0,0,0,6,0.3931182818942829,42.69468713105077,0.1230375970730811,3.578822764831492,3.24159268968802,78,8,10,0,0,0,0.0538018754061832,0.0184179456906729,0.0018890200708382,0.0,0.0023612750885478,0.0,0.0,0,0,0,0,0,0,3,0,0,0,0,0,0,0,0,3,Pop in Hotel,,,
0,0,1,0,1,1,0,0,0,0,0,18,0.2428820632657871,72.46846930271322,0.0650133668102291,11.484278265671293,2.7975493049153606,24,3,8,0,2,0,0.0490713504444137,0.0011112140012964,0.000138901750162,0.0,0.0003704046670988,9.260116677470137e-05,0.0,48,8,2,0,0,0,2,0,0,0,0,0,0,0,0,2,Tag Explorer,,,
0,0,0,0,0,0,0,0,0,0,0,0,0.0,0.0,0.0,0.0,0.0,0,0,0,0,0,0,0.0,0.0,0.0,0.0,0.0,0.0,0.0,0,0,0,0,0,0,0,0,0,0,0,0,0,0,0,0,Lando Norris in Motion,,,
0,0,0,0,0,1,0,0,0,0,0,0,0.2198473282442748,28.818181818181817,0.099236641221374,7.672727272727273,2.9944506283013155,0,0,0,0,0,0,0.0,0.0,0.0,0.0,0.0,0.0,0.0,0,0,0,0,0,0,0,0,0,0,0,0,0,0,0,0,__MSG_appName__,,,
1,1,0,0,1,1,0,1,0,0,0,54,0.4732775441581923,52.99505797901712,0.0959489613927727,3.606752003126832,2.6193197840890634,106,28,24,0,0,0,0.0545094782098886,0.002926559911651,0.0007730535615681,0.0,0.000662617338487,0.0,0.0,0,0,0,0,0,0,1,0,0,0,0,0,0,0,0,1,LoveDeals: Automatic Coupons & Deals,,,
0,0,0,0,0,1,0,0,0,0,1,0,0.3078600239834296,33.36329588014981,0.0999672953232312,7.176911544227886,3.5046351388339447,14,1,5,0,0,0,0.0449775112443778,0.0524344569288389,0.0037453183520599,0.0,0.0187265917602996,0.0,0.0,0,0,0,3,0,0,1,0,0,0,0,0,0,0,0,1,VeriBlock on X (Twitter) : 認証アカウントの表示を制御,,,
1,1,0,0,1,1,0,0,0,0,0,3,0.4754008728722529,18.50984094019918,0.0922951121089251,3.425582015283455,3.0772556542081286,25,13,11,0,0,1,0.0606673182868313,0.0011799688488223,0.0006135838013876,4.719875395289565e-05,0.0005191862934818,0.0,0.0,2,0,0,4,0,0,8,0,0,0,1,0,0,0,0,8,New Tab Changer,,,
0,0,0,0,0,1,0,0,0,0,0,6,0.4796136437870374,14.727179336659818,0.094414633008259,4.136593091161041,3.088160315452895,40,0,20,0,0,0,0.0689894090864099,0.0058702670971529,0.0,0.0,0.0029351335485764,0.0,0.0,0,0,0,0,0,0,3,0,0,0,0,0,0,0,0,3,AutoScroll,,,
0,0,0,0,0,0,0,0,0,0,0,0,0.0,0.0,0.0,0.0,0.0,0,0,0,0,0,0,0.0,0.0,0.0,0.0,0.0,0.0,0.0,0,0,0,0,0,0,0,0,0,0,0,0,0,0,0,0,piZap Photo Editor,,,
1,1,0,0,0,1,1,0,0,0,0,28,0.3620456329654383,47.4778979320812,0.1082340804725002,4.374310067268441,3.091020576350085,77,45,34,0,0,0,0.0862918990398436,0.0029216467463479,0.0017074558907228,0.0,0.0012900777841016,0.0,0.0,16,0,1,4,0,0,2,0,0,0,0,0,0,0,0,2,Ranorex Selocity,,,
0,0,0,0,1,1,0,0,0,0,0,104,0.4772002367252125,43.70552679168628,0.0978552873063862,3.642276511058379,3.07201493926384,176,7,96,0,0,1,0.063651518524753,0.0043599970272747,0.0001734089726757,2.477271038224292e-05,0.0023781801966953,0.0,0.0,0,0,0,0,0,0,2,0,0,0,0,0,0,0,0,2,__MSG_name__,,,
1,1,0,0,0,1,0,0,0,0,0,5,0.1995547904547073,97.57460503218256,0.0627567375044521,22.204825642831985,3.353769078451423,26,0,8,0,0,2,0.1077844311377245,0.0152135751901696,0.0,0.0011702750146284,0.0046811000585137,0.0,0.0,0,0,0,1,0,0,2,0,0,0,0,0,0,0,0,2,Gmail Mod,,,
0,0,0,0,1,1,0,1,0,0,0,201,0.4655855977605322,47.75488880641754,0.0783243972600622,3.8997812720462135,2.546778325742821,236,30,156,0,0,11,0.0536506315363793,0.0006737274829427,8.564332410288618e-05,3.140255217105827e-05,0.000445345285335,0.0,0.0,170,0,0,0,0,0,2,0,0,0,0,0,0,0,0,2,__MSG_extName__,,,
0,0,0,0,0,1,0,0,0,0,0,30,0.5871728735702759,63.10718514076603,0.0759953143618072,3.936259998131642,2.492335665703832,93,12,43,0,0,0,0.0637206740262794,0.0014299552562387,0.0001845103556437,0.0,0.0006611621077232,0.0,0.0,1,0,0,0,0,0,0,0,0,0,0,0,0,0,0,0,Email Privacy Protector: Is My Email Tracked?,,,
0,1,0,0,0,0,0,0,0,0,0,52,0.4201600475880449,34.4352636892989,0.0999173298235588,3.764667999504609,3.057175346676792,388,17,117,0,0,2,0.045961677960404,0.0053664541292651,0.0002351281448389,2.766213468693379e-05,0.0016182348791856,0.0,0.0,1,1,0,1,0,0,2,0,0,0,0,0,0,0,0,2,Hackertab.dev - developer news,,,
0,0,0,0,1,1,1,1,0,0,0,181,0.4791319732917624,50.50651301656501,0.0808694041627066,3.9305745196140967,2.747513882265541,1581,78,172,0,0,9,0.0433838137192367,0.00332646719085,0.0001641141308578,1.8936245868216357e-05,0.0003618926988148,0.0,0.0,40,0,2,0,0,0,1,0,0,0,0,0,0,0,0,1,__MSG_extName__,,,
0,0,0,0,1,0,0,0,0,0,0,0,0.2635939927498705,30.66393442622951,0.1320559295701709,5.395939086294416,3.631132617634276,10,0,7,0,0,0,0.0786802030456852,0.081967213114754,0.0,0.0,0.0573770491803278,0.0,0.0,0,0,0,0,0,1,1,0,0,0,0,0,0,0,0,1,Export Tabs,,,
0,0,0,0,0,1,0,0,0,0,0,19,0.36483185734402,43.93837156995052,0.1110161969528106,3.788545376834307,3.3143230737237785,101,17,12,0,0,0,0.0713491950420287,0.0151446993552256,0.0025491078122657,0.0,0.0017993702204228,0.0,0.0,43,0,0,3,0,0,8,0,0,0,1,0,0,0,1,8,Porn Blocker,,,
0,0,0,0,1,1,0,0,0,0,1,43,0.5534177482771742,48.42862516456648,0.0865653405487675,3.4235492636544627,2.5528968527149813,564,18,48,0,0,4,0.0480613169159467,0.0117860949156792,0.000376151965394,8.358932564311538e-05,0.0010030719077173,0.0,0.0,0,0,0,0,0,0,8,0,0,0,0,0,0,0,0,8,Dubble — Free Step-by-Step Guide Creator,,,
0,0,1,0,1,1,0,0,0,0,0,7,0.4068137859267721,40.54887218045113,0.1252078408306846,3.393376335804371,3.1614779949149208,97,15,21,0,1,1,0.0584865697506498,0.0227913533834586,0.0035244360902255,0.000234962406015,0.0049342105263157,0.000234962406015,0.0,2,0,0,0,0,0,1,0,0,0,0,0,0,0,0,1,Hamatata.com Helper,,,
0,0,0,0,0,0,0,0,0,0,0,0,0.0,0.0,0.0,0.0,0.0,0,0,0,0,0,0,0.0,0.0,0.0,0.0,0.0,0.0,0.0,0,0,0,0,0,0,0,0,0,0,0,0,0,0,0,0,"100,000 Stars",,,
0,1,0,0,0,1,0,0,0,0,0,8,0.4187320506648517,23.527958740499457,0.1243878550440744,3.273878504672897,3.279739732120915,88,16,10,0,0,0,0.0545327102803738,0.011943539630836,0.002171552660152,0.0,0.001357220412595,0.0,0.0,0,0,0,7,0,0,4,0,0,0,7,0,0,0,0,3,Глаз.ТВ - смотри ТВ онлайн,,,
0,0,1,1,1,1,1,0,0,0,1,99,0.4614262677853247,36.57431946994492,0.095804394889979,4.576412461341178,2.801806747888173,75,9,13,0,2,0,0.0714591033667747,0.002993533966632,0.0003592240759958,0.0,0.0005188792208828,7.9827572443522e-05,0.0,26,0,0,1,0,1,19,6,0,0,0,6,0,0,0,19,Find Emails on Websites and Social Networks,,,
0,0,0,0,0,1,0,0,0,0,0,4,0.4644011382547895,36.46377274178104,0.1111133199666021,3.344523857459231,2.8301968359487097,46,3,15,0,0,0,0.0425307026374068,0.0048941376742206,0.0003191828917969,0.0,0.0015959144589849,0.0,0.0,0,0,0,0,0,0,1,0,0,0,0,0,0,0,0,1,Video Speed Controller,,,
1,1,0,0,0,1,0,0,0,0,1,47,0.6492406611658678,67.1138316422873,0.0615311728515834,3.5898084182716445,2.530250036774471,263,12,157,0,0,2,0.0847813101648576,0.0007920660878259,3.613989754339046e-05,6.023316257231744e-06,0.0004728303261926,0.0,0.0,1,0,0,0,0,0,1,0,0,0,0,0,0,0,0,1,__MSG_extName__,,,
0,1,0,0,0,1,0,0,0,0,1,199,0.2679260692118984,78.98430883051516,0.0645079195312044,13.731766845204396,3.0632154943118666,1069,45,506,0,0,0,0.1219413564867114,0.0054022093975197,0.0002274082534035,0.0,0.0025570794716042,0.0,0.0,109,0,0,0,0,0,0,0,0,0,0,0,0,0,0,0,ActiveInbox: Organize Gmail™ tasks,,,
0,0,0,0,0,0,0,0,0,0,0,0,0.0,0.0,0.0,0.0,0.0,0,0,0,0,0,0,0.0,0.0,0.0,0.0,0.0,0.0,0.0,0,0,0,0,0,0,0,0,0,0,0,0,0,0,0,0,Earth From Space,,,
0,1,0,0,0,1,0,0,0,0,0,1,0.2246127603378545,29.90986394557823,0.0927449308058436,7.211369346733668,3.630315942605533,94,0,14,0,0,0,0.0213567839195979,0.0799319727891156,0.0,0.0,0.0119047619047619,0.0,0.0,0,0,0,7,0,0,2,0,0,0,0,0,0,0,0,2,Tumblr Savior,,,
0,0,0,0,0,1,0,0,0,0,0,1,0.257191314334553,27.08889722430608,0.078403354611255,4.870190181335692,3.529785877687017,119,15,12,0,0,0,0.0151481645289694,0.0446361590397599,0.0056264066016504,0.0,0.0045011252813203,0.0,0.0,0,0,0,0,0,0,0,0,0,0,0,0,0,0,0,0,blurweb.app,,,
0,1,0,0,0,1,0,1,0,0,0,57,0.5355197905652236,53.09225355249677,0.0759855754185895,3.7991779310869473,2.56091387984637,750,9,125,0,0,2,0.0438420904988993,0.0083522651343044,0.0001002271816116,2.2272707024811798e-05,0.0013920441890507,0.0,0.0,9,0,0,0,0,0,2,0,0,0,0,0,0,0,0,2,Scholarcy Browser Extension,,,
0,0,0,0,0,1,0,0,0,0,0,105,0.5809092939702528,54.24796678776613,0.0312521028450124,2.7163424700513,1.4018843926464757,604,27,146,0,0,4,0.0047592172406632,0.0004781700337806,2.137515051668489e-05,3.1666889654347983e-06,0.0001155841472383,0.0,0.0,551,0,0,0,0,0,2,0,0,0,0,0,0,0,0,2,__MSG_ALL_APP_NAME__,,,
0,0,1,0,0,1,0,1,0,0,1,41,0.419581983521876,50.64977699820188,0.077869622505597,4.10985513138332,2.789800179888911,86,18,41,0,0,0,0.0449730566647274,0.0003790149137961,7.932870288756479e-05,0.0,0.0001806931565772,0.0,0.0,28,0,0,0,0,0,1,0,0,0,0,0,0,0,0,1,Poshmark | PosherVA,,,
0,0,0,0,1,1,0,0,0,0,0,70,0.4823466982026032,39.77950723383208,0.0935207295717632,3.556468125244438,2.7377158088383515,202,18,28,0,0,1,0.056195888068343,0.0031222950414245,0.0002782243106219,1.5456906145665883e-05,0.0004327933720786,0.0,0.0,14,0,0,0,0,0,2,0,0,0,0,0,0,0,0,2,__MSG_appName__,,,
0,0,0,0,0,1,0,0,0,0,0,12,0.2355362363440529,41.54991816693944,0.0771657178027388,5.221701272605492,3.2460096010248964,50,1,12,0,0,0,0.0411922304085733,0.0818330605564648,0.0016366612111292,0.0,0.0196399345335515,0.0,0.0,0,0,0,0,0,0,1,0,0,0,0,0,0,0,0,1,__MSG_appName__,,,
0,0,0,0,0,1,0,0,0,0,0,48,0.4203034585121235,60.10974316809832,0.0845718967520174,4.068025349320714,3.039731093912061,594,6,41,0,0,2,0.0356045158900461,0.0128524136140381,0.0001298223597377,4.327411991258628e-05,0.000887119458208,0.0,0.0,0,0,0,1,0,0,1,0,0,0,0,0,0,0,0,1,FACEIT Lobby King Extension,,,
0,0,0,0,0,1,0,0,0,0,0,75,0.4819649430152504,39.85959589737272,0.0938331789266107,3.5570677955123053,2.738884033812343,215,20,39,0,0,1,0.0561057111613215,0.0033110543012905,0.0003080050512828,1.5400252564142053e-05,0.0006006098500015,0.0,0.0,14,0,0,0,0,0,2,0,0,0,0,0,0,0,0,2,__MSG_appName__,,,
0,0,0,0,0,1,0,0,0,0,0,20,0.4029292929292929,31.138012064245743,0.1097550128147143,3.710111154510728,3.098106665604841,114,18,66,0,0,0,0.0427537719048533,0.0027616948084982,0.000436057075026,0.0,0.0015988759417621,0.0,0.0,4,5,0,0,0,0,2,0,0,0,0,0,0,0,0,2,__MSG_app_name__,,,
0,0,0,0,0,0,0,0,0,0,0,0,0.3555349029326724,23.557302231237323,0.0591284593143329,4.99763948497854,2.2859460274037056,17,8,1,0,0,0,0.0197424892703862,0.0086206896551724,0.0040567951318458,0.0,0.0005070993914807,0.0,0.0,2,0,0,1,0,0,4,0,0,0,0,0,0,0,0,4,__MSG_extName__,,,
0,0,0,0,1,1,0,0,0,0,0,56,0.4758555990765964,64.9246116716916,0.0581313863252971,3.71151835588613,2.5054520308825894,1985,20,81,0,0,0,0.0293305851778833,0.0142154300078059,0.0001432285139325,0.0,0.0005800754814268,0.0,0.0,39,0,0,4,0,1,6,0,0,0,0,0,0,0,0,6,"Bullet Journal - Notes, Lists, Weekly Planner",,,
1,1,1,0,1,1,1,1,0,0,1,113,0.5542606265768568,62.3045814479638,0.0837405193142969,3.77411220551972,2.743928980643997,130,9,6,0,1,0,0.034035024171415,0.0091911764705882,0.0006363122171945,0.0,0.0004242081447963,7.070135746606335e-05,0.0,11,0,0,9,0,0,7,0,0,0,0,0,0,0,0,7,__MSG_manifest_name__,,,
0,1,0,0,0,1,0,0,0,0,0,27,0.5659701260625142,47.90336644763477,0.0930637597654508,3.16000731152513,2.717017091291652,200,18,23,0,0,1,0.0496980610918544,0.0062283952539628,0.0005605555728566,3.114197626981408e-05,0.0007162654542057,0.0,0.0,0,0,0,0,0,0,3,0,0,0,0,0,0,0,0,3,DeSpeed Validator,,,
0,0,0,0,0,1,0,0,0,0,1,148,0.5503042034821557,44.63379489722946,0.0735499901519245,4.069988182582264,2.6450676421353942,12924,33,215,0,0,5,0.0363290803268432,0.0372672956700269,9.515790444992963e-05,1.44178643105954e-05,0.0006199681653556,0.0,0.0,23,1,0,0,1,0,4,0,0,0,0,0,0,0,0,4,ZenHub for GitHub,,,
0,0,0,0,0,0,0,0,0,0,0,0,0.0,0.0,0.0,0.0,0.0,0,0,0,0,0,0,0.0,0.0,0.0,0.0,0.0,0.0,0.0,0,0,0,0,0,0,0,0,0,0,0,0,0,0,0,0,Learn English,,,
0,0,1,0,0,1,0,1,0,0,1,71,0.4347555153920201,51.08010367642044,0.062420944410611,4.50751634452405,2.5374001317997763,160,33,30,0,1,4,0.0511971740709615,0.0021826614828456,0.0004501739308369,5.456653707114112e-05,0.0004092490280335,1.364163426778528e-05,0.0,67,0,0,1,0,0,2,0,0,0,0,0,0,0,0,2,__MSG_extName__,,,
0,0,0,0,1,1,0,0,0,0,0,21,0.4685023559001048,44.80320021275653,0.1038105680191762,3.716659569526169,2.666684238888536,43,8,13,0,0,0,0.0556867451223288,0.001905943885466,0.0003545942112495,0.0,0.0005762155932804,0.0,0.0,2,0,0,0,0,0,1,0,0,0,0,0,0,0,0,1,Clarify AI: YouTube Summary with Gemini,,,
0,0,0,0,0,1,0,0,0,0,0,160,0.5234342263954324,45.67842483615665,0.0768392913316013,4.140107649180855,2.57893403252372,2944,15,224,0,0,0,0.0384498288182716,0.0333809556205637,0.0001700795972515,0.0,0.0025398553189559,0.0,0.0,0,0,0,0,0,0,2,0,0,0,0,0,0,0,0,2,Tweaks for YouTube,,,
1,1,0,0,0,0,0,0,0,0,0,0,0.2127351664254703,12.568627450980392,0.1128798842257597,5.851351351351352,3.6274808712907296,0,0,0,0,0,0,0.0135135135135135,0.0,0.0,0.0,0.0,0.0,0.0,0,0,0,0,0,0,0,0,0,0,0,0,0,0,0,0,Lunapic Right Click Edit,,,
0,0,0,0,1,1,1,1,0,0,1,35,0.4090915636625465,47.70196353436185,0.1022920916836673,3.870183086312119,3.2107251165704325,145,63,43,0,0,0,0.0327375762859633,0.0338943431510051,0.0147265077138849,0.0,0.0100514258999532,0.0,0.0,12,0,0,8,0,0,12,0,0,0,0,0,0,0,0,12,__MSG_SharePass_Share_Accounts_Not_Passwords__,,,
0,1,0,0,0,0,0,0,0,0,0,2,0.3961223312175418,36.9391418563923,0.1253548759376803,3.566650024962556,3.2663908991158874,104,8,28,0,0,0,0.0504243634548177,0.0227670753064798,0.0017513134851138,0.0,0.0061295971978984,0.0,0.0,0,0,0,4,0,0,4,0,0,0,0,2,0,0,0,4,__MSG_appName__,,,
0,0,0,0,1,1,0,0,0,0,0,1,0.3390835579514825,34.337566137566135,0.0949086552860137,5.632697155203457,3.167597300448213,0,2,6,0,0,1,0.0568959308606409,0.0,0.0021164021164021,0.001058201058201,0.0063492063492063,0.0,0.0,12,0,0,0,0,0,2,0,0,0,0,0,0,0,0,2,__MSG_extName__,,,
0,0,0,0,1,1,0,0,0,0,0,8,0.3893198814325123,30.06832694763729,0.1166311046427969,3.8396316758747697,3.1746440440378847,82,9,10,0,0,0,0.0599263351749539,0.0104725415070242,0.0011494252873563,0.0,0.0012771392081736,0.0,0.0,4,0,0,1,0,1,6,0,0,0,0,0,0,0,0,6,Keyword Planner,,,
1,1,0,0,0,1,0,1,0,0,1,982,0.3667082007103144,58.88288739682801,0.0719968451188242,5.616038100316979,2.8693442684141344,76373,727,1368,0,0,33,0.0517116506300532,0.029526645039645,0.0002810662268579,1.2758164355312558e-05,0.0005288839041838,0.0,0.0,63,1,0,6,0,0,47,0,0,0,0,0,0,0,0,44,Whatfix Studio,,,
0,0,0,0,0,1,0,0,0,0,0,0,0.2509002057613169,27.29090909090909,0.1130401234567901,6.79885877318117,3.483371963715104,2,3,4,0,0,0,0.0185449358059914,0.0072727272727272,0.0109090909090909,0.0,0.0145454545454545,0.0,0.0,1,0,0,1,0,0,1,0,0,0,0,0,0,0,0,1,Stop Reclame,,,
0,0,0,0,0,1,0,0,0,0,0,28,0.3858162055138059,47.92629663330301,0.0861641266421462,6.090694945848376,3.0783019372522946,22,3,17,0,0,2,0.060740072202166,0.0007699307062364,0.0001049905508504,6.999370056694898e-05,0.000594946454819,0.0,0.0,0,0,0,0,0,0,0,0,0,0,0,0,0,0,0,0,4chan X,,,
0,0,1,0,1,1,0,0,0,0,1,178,0.4431668803700436,36.32948954355179,0.0977938179518796,3.755151442999296,2.9396596682840834,345,37,234,0,1,7,0.0534231067282646,0.001507511339107,0.0001616751291216,3.05871865905774e-05,0.0010224859517421,4.3695980843682e-06,0.0,0,0,0,0,1,0,3,0,0,0,0,0,0,0,0,3,BugBug Automation Testing ,,,
0,0,0,0,1,1,0,0,0,0,0,49,0.4452380783567298,40.86955700387267,0.0838873874193251,5.152948976469388,2.770417386542639,293,60,18,0,0,15,0.0804740645424516,0.0039536358606916,0.000809618264988,0.000202404566247,0.0002428854794964,0.0,0.0,87,0,0,14,0,3,24,0,1,0,0,0,0,0,0,21,Amazon Review Request Tool ASINsell,,,
1,1,1,0,0,1,0,0,0,0,0,30,0.421026910245151,44.25502216870108,0.089451222610122,4.296982993671769,3.000665175592817,193,48,18,0,0,0,0.0665161756686492,0.0105643439706606,0.0026274016092834,0.0,0.0009852756034813,0.0,0.0,42,0,0,5,1,1,20,0,0,0,0,0,0,0,0,20,__MSG_extName__,1.0,,
0,0,0,0,0,1,0,0,0,0,0,5,0.3173849725912594,59.30737365368682,0.1001689862200667,4.540505226480836,3.394038657854504,186,27,11,0,0,1,0.0264435042309606,0.0770505385252692,0.0111847555923777,0.0004142502071251,0.0045567522783761,0.0,0.0,9,0,0,4,0,0,2,0,0,0,0,0,0,0,0,2,RoValk - The Roblox Trading Addon,,,
0,0,0,0,1,1,1,1,0,0,0,14,0.3822124453518564,34.827535943815015,0.0763030484602353,5.720800490268591,3.341400910927776,297,37,25,0,0,2,0.0751252086811352,0.0098389982110912,0.0012257337838733,6.625588020936858e-05,0.0008281985026171,0.0,0.0,21,0,0,13,0,1,5,0,0,0,0,0,0,0,0,5,RECAP,1.0,,
0,0,0,0,0,1,0,0,0,0,1,269,0.3708993137231127,34.77837846044731,0.0889340276935761,4.621564998325391,2.8529327242856737,753,133,206,0,0,0,0.0565519859027528,0.0008166151356849,0.0001442361395034,0.0,0.0002234033438925,0.0,0.0,65,1,1,0,0,0,8,0,0,0,0,1,0,0,0,6,PieSocket WebSocket Tester,,,
1,1,1,0,0,1,0,0,0,0,1,33,0.3752580441227318,34.33664690572585,0.106059459094508,3.829639012032932,3.124081113668381,93,3,60,0,0,1,0.0489533231775157,0.0033617698091382,0.0001084441873915,3.6148062463851935e-05,0.0021688837478311,0.0,0.0,3,0,0,0,0,0,1,0,0,0,0,0,0,0,0,1,Better FPL,,,
0,0,0,0,1,1,0,0,0,0,0,1,0.3104079577701156,24.808661417322835,0.0940408262899338,6.622563718140929,3.35438881997322,18,11,9,0,0,0,0.0363568215892054,0.0141732283464566,0.0086614173228346,0.0,0.0070866141732283,0.0,0.0,10,0,0,1,0,0,2,0,0,0,0,0,0,0,0,2,__MSG_app_name__,,,
0,0,0,0,0,0,0,0,0,0,0,0,0.0,0.0,0.0,0.0,0.0,0,0,0,0,0,0,0.0,0.0,0.0,0.0,0.0,0.0,0.0,0,0,0,0,0,0,0,0,0,0,0,0,0,0,0,0,Origami Player,,,
0,0,0,0,1,1,1,0,0,0,1,354,0.4861163672782784,45.37403367102672,0.0918273276508154,3.4085491773066914,2.5713460118771674,1138,300,293,0,0,10,0.0637043835648715,0.0014467125427943,0.000381382919893,1.271276399643534e-05,0.0003724839850955,0.0,0.0,25,0,0,0,0,0,6,0,0,0,0,0,0,0,0,6,__MSG_extName__,,,
0,0,1,0,0,1,0,0,0,0,0,0,0.4421472615161407,22.39342523860021,0.079524845846935,5.830713422007255,2.9410669523713544,6,0,0,0,1,0,0.024788391777509,0.0063626723223753,0.0,0.0,0.0,0.0010604453870625,0.0,0,0,0,0,0,0,0,0,0,0,0,0,0,0,0,0,Control de URLs para nebulaCERTagent,,,
0,0,0,0,0,0,0,0,0,0,0,0,0.0,0.0,0.0,0.0,0.0,0,0,0,0,0,0,0.0,0.0,0.0,0.0,0.0,0.0,0.0,0,0,0,0,0,0,0,0,0,0,0,0,0,0,0,0,Minimalist Grape Juice,,,
0,0,0,0,0,0,0,0,0,0,0,0,0.0,0.0,0.0,0.0,0.0,0,0,0,0,0,0,0.0,0.0,0.0,0.0,0.0,0.0,0.0,0,0,0,0,0,0,0,0,0,0,0,0,0,0,0,0,QR Snapper,,,
0,1,0,0,0,1,0,0,0,0,0,40,0.5997514346701063,49.201340642640034,0.0838483621744979,3.2633290197347136,2.39320504947235,313,14,63,0,0,1,0.0475218375930119,0.004247177594442,0.0001899696048632,1.3569257490230137e-05,0.0008548632218844,0.0,0.0,0,0,0,0,0,0,2,0,0,0,0,0,0,0,0,2,__MSG_ext_fulltitle__,,,
0,0,0,0,0,0,0,0,0,0,0,0,0.0,0.0,0.0,0.0,0.0,0,0,0,0,0,0,0.0,0.0,0.0,0.0,0.0,0.0,0.0,0,0,0,0,0,0,0,0,0,0,0,0,0,0,0,0,Matific,,,
0,0,1,0,1,1,1,1,0,0,1,197,0.4141178952090052,42.812572230670256,0.0800393019629621,4.748164688400331,2.944206818046096,505,75,58,0,16,3,0.0533302583864254,0.0011814247280383,0.0001754591180255,7.0183647210200025e-06,0.0001356883846063,3.743127851210668e-05,0.0,4123,15,0,25,3,52,244,0,1,0,0,0,0,0,0,244,OWASP Penetration Testing Kit,,,
0,1,0,0,0,0,0,0,0,0,0,8,0.3815860141393106,41.05623415533533,0.1246013043239984,3.68407323088598,3.276751788796973,135,17,55,0,0,0,0.0488522102067918,0.0311131597142198,0.0039179534454943,0.0,0.0126757317354229,0.0,0.0,0,0,0,5,0,0,11,0,0,0,0,0,0,0,0,11,__MSG_appName__,,,
0,0,0,0,0,1,1,0,0,0,0,98,0.3841536530638035,29.5927842840952,0.1052299885111741,3.788142209627632,3.036481033898615,132,63,102,0,0,1,0.0450224461617424,0.0016622591613146,0.0007933509633547,1.259287243420224e-05,0.0012844729882886,0.0,0.0,24,0,0,0,0,0,10,0,0,0,0,0,0,0,0,10,"Zight Screen Recorder, Screenshot App",,,
1,1,0,0,0,0,0,0,0,0,1,0,0.3866171003717472,17.21846153846154,0.0846569787090233,5.660268714011516,3.6391734248337406,2,0,1,0,0,0,0.072936660268714,0.0061538461538461,0.0,0.0,0.003076923076923,0.0,0.0,0,0,0,0,0,0,0,0,0,0,0,0,0,0,0,0,Xerox Device Connector,,,
0,0,0,0,1,1,0,0,0,0,0,1,0.3558103249440336,21.61963190184049,0.1104402686384912,5.909382518043304,3.1219623029613905,12,5,9,0,0,0,0.0882117080994386,0.0184049079754601,0.0076687116564417,0.0,0.013803680981595,0.0,0.0,1,0,0,3,0,0,5,0,0,0,0,0,0,0,0,5,Absolute Enable Right Click & Copy,,,
0,0,0,0,1,1,0,0,0,0,0,86,0.3883423885570595,53.05811965811966,0.0936539798521086,5.319687396568673,3.1186656370548644,207,21,79,0,0,2,0.0573485024378918,0.0049837486457204,0.0005055976886962,4.815216082821717e-05,0.0019020103527145,0.0,0.0,0,0,0,0,0,0,5,0,0,0,0,0,0,0,0,5,__MSG_name__,,,
0,0,0,0,0,1,0,0,0,0,0,33,0.4664691977332819,42.19839712436041,0.0916948421465555,3.738226090398229,2.7903341437459246,181,1,14,0,0,2,0.0675080086910273,0.0033194564160874,1.833953821042786e-05,3.667907642085572e-05,0.0002567535349459,0.0,0.0,1,0,0,0,0,0,0,0,0,0,0,0,0,0,0,0,__MSG_extName__,,,
0,0,0,0,0,0,0,0,0,0,0,0,0.0,0.0,0.0,0.0,0.0,0,0,0,0,0,0,0.0,0.0,0.0,0.0,0.0,0.0,0.0,0,0,0,0,0,0,0,0,0,0,0,0,0,0,0,0,Purple Blaze,,,
0,0,0,0,0,0,0,0,0,0,0,0,0.0,0.0,0.0,0.0,0.0,0,0,0,0,0,0,0.0,0.0,0.0,0.0,0.0,0.0,0.0,0,0,0,0,0,0,0,0,0,0,0,0,0,0,0,0,Matrix Decoded,,,
0,1,1,0,0,1,0,0,0,0,0,16,0.4690890878845875,43.70342371156502,0.070093678300164,4.712327718223584,2.83553330885739,8,1,14,0,5,0,0.0412136294027565,0.0005815221341862,7.269026677327906e-05,0.0,0.0010176637348259,0.0003634513338663,0.0,31,0,0,0,0,0,4,0,0,0,0,0,0,0,0,3,__MSG_name__,,,
0,0,0,0,1,1,0,0,0,0,1,92,0.5084079133037606,54.714355900560086,0.0822213610588739,3.9335689120892914,2.777953092469516,469,92,139,0,0,8,0.0567139061585754,0.0041894825229796,0.0008218174671942,7.146238845167802e-05,0.0012416589993479,0.0,0.0,28,0,0,0,0,0,6,0,0,0,0,0,0,0,0,6,__MSG_default_title__,,,
0,0,0,0,0,0,0,0,0,0,0,62,0.4355959852042724,32.01120448179272,0.0884228280897164,4.382584687072896,2.849288480321242,331,45,36,0,0,1,0.1145029765453728,0.009460927228034,0.0012862287772251,2.8582861716115017e-05,0.0010289830217801,0.0,0.0,36,0,0,1,0,0,1,0,0,0,0,0,0,0,0,1,JSON Viewer,,,
0,0,0,0,0,0,1,0,0,0,0,0,0.0,0.0,0.0,0.0,0.0,0,0,0,0,0,0,0.0,0.0,0.0,0.0,0.0,0.0,0.0,0,0,0,0,0,0,0,0,0,0,0,0,0,0,0,0,WorkFlowy Bookmark,,,
0,0,0,0,0,1,0,0,0,0,0,45,0.5154273161628027,39.71148290285024,0.0876038117349494,3.5423904098925783,2.6309470525540277,160,17,53,0,0,7,0.0396047861575072,0.0034496140744254,0.0003665214954077,0.0001509206157561,0.0011426846621534,0.0,0.0,14,0,2,0,0,0,1,0,0,0,0,0,0,0,0,1,Lingopie – Learn Languages with TV & Movies,,,
0,0,0,0,0,0,0,0,0,0,1,0,0.2818908585331943,12.453271028037385,0.1077511296489398,6.042471042471043,3.237440119147861,0,0,0,0,0,0,0.0193050193050193,0.0,0.0,0.0,0.0,0.0,0.0,0,0,0,0,0,0,0,0,0,0,0,0,0,0,0,0,Search Plus,,,
1,1,0,0,1,1,0,1,0,0,0,166,0.3254726420670121,66.22446576526268,0.0586273988437046,3.6361027877238583,2.623629231146407,36488,53,642,0,0,0,0.0139012261550099,0.046099461027459,6.696095797125985e-05,0.0,0.0008111119814631,0.0,0.0,6,0,0,0,0,0,18,0,0,0,0,0,0,0,0,18,"focusmode - Stay Focused, Be Present",,,
0,1,1,0,0,1,1,0,0,0,0,37,0.4327988337212639,48.68064112196343,0.1131280964156017,4.007940838742723,2.7902011499931856,140,28,49,0,0,4,0.0413412384628518,0.0023374238250271,0.0004674847650054,6.678353785791802e-05,0.0008180983387594,0.0,0.0,1,0,1,0,0,0,1,0,0,0,0,0,0,0,0,1,Pogo: Earn on Everything,,,
0,0,0,0,0,0,0,0,0,0,0,1,0.3551009509115993,37.499143346659054,0.0824815677431796,6.55630221576462,3.547235525182414,20,1,17,0,0,0,0.2128586996004358,0.0114220445459737,0.0005711022272986,0.0,0.0097087378640776,0.0,0.0,11,0,0,2,0,0,2,0,0,0,0,0,3,0,0,2,Chrome Dino Offline Game,,,
0,0,0,0,0,0,0,0,0,0,0,13,0.3700868635754779,44.1568657400336,0.1299503443423669,3.502511176113472,3.292907352999267,85,11,17,0,0,1,0.063248523649208,0.0129830456697724,0.0016801588513823,0.000152741713762,0.0025966091339544,0.0,0.0,0,0,0,8,0,0,7,0,0,0,0,0,0,0,0,7,Rofocus: Increase your Focus and Productivity,,,
0,0,0,0,0,1,0,0,0,0,0,26,0.4251148242512256,41.833486694394345,0.0654487490708795,5.781312318044639,2.9632462382918203,69,10,7,0,0,1,0.0545892740980879,0.002539659170378,0.0003680665464315,3.6806654643159485e-05,0.0002576465825021,0.0,0.0,24,1,0,1,0,1,4,0,0,0,1,0,0,0,0,4,iKnow! ポップアップ辞書,,,
0,0,0,0,1,1,0,0,0,0,0,18,0.3358034560910509,89.97865714023999,0.0868674379759223,3.090432390612912,3.221606261492963,206,15,39,0,0,0,0.0241620324144178,0.0188696528350279,0.0013740038472107,0.0,0.003572410002748,0.0,0.0,19,1,0,25,0,0,9,0,3,0,0,0,0,0,0,9,Page Notes,,,
0,0,0,0,0,1,0,0,0,0,0,1,0.2827390343957084,13.952830188679243,0.0922215209845377,6.323036187113857,3.459549107035648,3,3,1,0,0,0,0.0326566637246248,0.0035377358490566,0.0035377358490566,0.0,0.0011792452830188,0.0,0.0,0,0,0,1,0,0,1,0,0,0,0,0,0,0,0,1,Music Finder,,,
1,0,0,0,1,1,0,0,0,0,0,40,0.5103032341203115,54.120024059492565,0.0912261800952945,3.3745101861779903,2.5711265999615454,298,12,30,0,0,2,0.0459693927283361,0.0081474190726159,0.0003280839895013,5.468066491688539e-05,0.0008202099737532,0.0,0.0,0,0,0,0,0,0,1,0,0,0,0,0,0,0,0,1,Influencer Searcher Engagement Calculator,,,
1,1,1,0,1,1,0,0,0,0,1,62,0.5251410200204588,44.53763841567292,0.0787783136051439,4.2713320101989645,3.1096766418252995,135,9,91,0,0,3,0.0631926149325837,0.0035934838160136,0.0002395655877342,7.985519591141396e-05,0.0024222742759795,0.0,0.0,0,0,0,0,0,0,2,0,0,0,0,0,0,0,0,2,Vim Connect,,,
1,1,0,0,0,1,0,0,0,0,0,1,0.415098374679213,41.02953261427837,0.1286019797140413,3.28554229480737,3.183381599865235,77,9,9,0,0,0,0.0550670016750418,0.019774011299435,0.0023112480739599,0.0,0.0023112480739599,0.0,0.0,0,0,0,2,0,1,2,0,0,0,1,0,0,0,0,2,キーゾンv3,,,
0,0,0,0,1,1,0,0,1,0,0,36,0.3705652803966329,34.38704989154013,0.1050926482163042,3.50571260249365,3.104639021438469,200,6,57,0,0,0,0.0489555064079657,0.0043383947939262,0.0001301518438177,0.0,0.0012364425162689,0.0,0.0,0,0,0,3,0,0,1,0,0,0,0,0,0,0,0,1,__MSG_app_name__,,,
0,0,1,0,1,1,1,0,0,0,0,91,0.5790283242431944,44.61549550096354,0.0753718662971178,3.97934486972289,2.4765682581463797,157,1,41,0,0,8,0.0533853653409016,0.0023822891218912,1.5173816063001685e-05,0.000121390528504,0.000622126458583,0.0,0.0,0,1,1,2,0,0,7,0,0,0,0,0,0,0,0,7,Screenshot & Screen Recorder w/ Webcam-Droplr,,,
0,0,0,0,0,0,0,0,0,0,0,0,0.2321547698465643,42.66504854368932,0.1000667111407605,5.2782874617737,3.2494948846394034,5,3,4,0,0,0,0.0275229357798165,0.0242718446601941,0.0145631067961165,0.0,0.0194174757281553,0.0,0.0,1,0,0,0,0,0,0,0,0,0,0,0,0,0,0,0,JSON Formatter,,,
0,0,0,0,1,1,0,1,0,0,0,157,0.4062596704187668,70.61724515417828,0.0764848552223067,3.708744837823141,2.442592536403066,7288,27,259,0,0,7,0.0301840380347721,0.0278960100437884,0.0001033469087791,2.6793643016811095e-05,0.000991364791622,0.0,0.0,0,0,0,2,0,0,3,0,0,0,0,0,0,0,0,3,Storylane,,,
0,0,0,0,0,1,0,0,0,0,0,17,0.356500021959039,38.39069059371684,0.0966789149306826,5.999703761554983,3.345894137195694,78,4,63,0,0,3,0.1159706185324078,0.0017991419476864,9.22636896249481e-05,6.919776721871108e-05,0.0014531531115929,0.0,0.0,0,0,0,0,0,0,1,0,0,0,0,0,0,0,0,1,Ninja Star,,,
0,0,0,0,0,0,0,0,0,0,0,0,0.0,0.0,0.0,0.0,0.0,0,0,0,0,0,0,0.0,0.0,0.0,0.0,0.0,0.0,0.0,0,0,0,0,0,0,0,0,0,0,0,0,0,0,0,0,Crows,,,
0,0,0,0,0,0,0,0,0,0,0,0,0.1969260326609029,36.21428571428572,0.1027857829010566,5.830188679245283,3.5665264424092915,0,0,0,0,0,0,0.0094339622641509,0.0,0.0,0.0,0.0,0.0,0.0,0,0,0,0,0,0,0,0,0,0,0,0,0,0,0,0,"Twitter, Download Original Image",,,
0,0,0,0,0,1,1,1,0,0,0,19,0.4581253484991234,46.07457400338436,0.0828272171650082,4.787102778630642,3.1142378634315646,109,10,33,0,0,4,0.0653016579674547,0.004289480933454,0.0003935303608673,0.0001574121443469,0.0012986501908622,0.0,0.0,0,0,0,2,1,0,9,0,0,0,0,0,0,0,0,9,__MSG_appName__,,,
0,1,0,0,0,1,0,1,0,0,0,126,0.5636110381797114,60.54726266697436,0.0624264103767657,4.304788005916114,2.4690248852419177,798,24,241,0,0,0,0.034454852422723,0.0042827012145053,0.0001288030440452,0.0,0.0012933972339546,0.0,0.0,6,1,0,0,0,0,1,0,0,0,0,0,0,0,0,1,Higgsfield Instant,,,
0,0,0,0,0,0,0,0,0,0,0,0,0.0,0.0,0.0,0.0,0.0,0,0,0,0,0,0,0.0,0.0,0.0,0.0,0.0,0.0,0.0,0,0,0,0,0,0,0,0,0,0,0,0,0,0,0,0,__MSG_application_title__,,,
0,1,0,0,0,1,1,0,0,0,0,20,0.3962998405103668,47.933822381769936,0.1201212121212121,3.707011280879623,3.2092025267789843,115,27,31,0,0,0,0.0491218049407396,0.0179491181520212,0.004214140783518,0.0,0.0048384579366318,0.0,0.0,35,0,0,4,1,1,3,0,0,0,1,0,0,0,0,3,Email Signature Rescue - Browser Extension,,,
0,0,0,0,1,1,0,0,0,0,0,7,0.3864472213755969,14.841004184100418,0.0717870567916285,5.547206165703275,2.9253582209980773,33,17,12,0,0,0,0.0291425818882466,0.0106211779851947,0.0054715159317669,0.0,0.0038622465400708,0.0,0.0,7,0,0,0,0,0,0,0,0,0,0,0,0,0,0,0,sMeta,,,
0,0,0,0,1,1,0,0,0,0,0,653,0.4410366894835819,45.40409909376685,0.0810151308184533,4.716185089447956,3.0076399615476674,2117,186,253,0,0,13,0.0675858329281089,0.0069611595575372,0.0006116087282484,4.274684659800866e-05,0.0008319193991766,0.0,0.0,31,0,0,0,0,0,0,0,0,0,0,0,0,0,0,0,Toy.new Website Builder,,,
0,0,0,0,0,1,0,0,1,0,0,104,0.5755851314536659,69.29561066855871,0.0687048303414703,4.243264471901287,2.84878575867567,258,63,290,0,0,0,0.0610356150750813,0.002773567259006,0.0006772664237107,0.0,0.0031175756012083,0.0,0.0,0,0,0,1,0,0,4,0,0,0,0,0,1,0,0,4,Audio Recordings for Google Classroom - Beep,,,
0,0,0,0,0,0,0,0,0,0,0,0,0.4335260115606936,30.07692307692308,0.0635838150289017,7.6,2.641320147024637,0,0,0,0,0,0,0.0142857142857142,0.0,0.0,0.0,0.0,0.0,0.0,0,0,0,0,1,0,0,0,0,0,0,0,0,0,0,0,__MSG_extName__,,,
0,0,0,0,0,0,0,0,0,0,0,27,0.4198174281437223,39.36664033701948,0.111408621122631,3.8962967624201617,3.279641998482994,87,17,8,0,0,0,0.0871849730988264,0.0114533965244865,0.0022380200105318,0.0,0.0010531858873091,0.0,0.0,126,0,0,0,0,0,5,0,0,0,0,0,0,0,0,4,Tutor de tipeo,,,
0,1,0,0,0,1,0,0,0,0,0,153,0.412840538152946,36.99971930563231,0.1037749329017005,3.8574915322827112,3.0793962314969416,341,29,104,0,0,0,0.0661967882743983,0.0029911493557187,0.0002543792707209,0.0,0.0009122566949992,0.0,0.0,6,0,0,0,0,0,2,0,0,0,0,0,0,0,0,2,PrettyPrompt,,,
0,0,0,0,0,0,0,0,0,0,0,0,0.0,0.0,0.0,0.0,0.0,0,0,0,0,0,0,0.0,0.0,0.0,0.0,0.0,0.0,0.0,0,0,0,0,0,0,0,0,0,0,0,0,0,0,0,0,Through the Lily Pad,,,
0,0,0,0,1,1,0,1,0,0,0,33,0.4163928734628649,32.82937992975992,0.0999389868757961,3.9018191460298586,3.024383317222387,68,6,36,0,0,0,0.0452777733138348,0.0019575105072255,0.0001727215153434,0.0,0.0010363290920605,0.0,0.0,0,0,1,0,0,0,1,0,0,0,0,0,0,0,0,1,MagicSchool AI - AI Assistant for Teachers,,,
0,0,0,0,0,0,0,0,0,0,1,0,0.0,0.0,0.0,0.0,0.0,0,0,0,0,0,0,0.0,0.0,0.0,0.0,0.0,0.0,0.0,0,0,0,0,0,0,0,0,0,0,0,0,0,0,0,0,Spider Solitaire,,,
0,0,0,0,0,1,0,0,0,0,0,70,0.3599379359114192,43.00776792136178,0.1015242530462724,4.668028546131445,3.05186026908658,501,53,45,0,0,4,0.0698825512304918,0.0240230160632941,0.0025413569887317,0.0001918005274514,0.0021577559338288,0.0,0.0,54,0,1,4,0,1,4,0,0,0,4,0,0,0,0,4,Foxy Newtab,,,
0,0,1,1,1,1,1,1,0,0,0,128,0.6103380654055564,39.47394965402315,0.0659288073258411,3.0823781709955678,2.26999535514294,96,1,13,0,4,10,0.0272193384126619,0.0010594506307042,1.1035944069835452e-05,0.0001103594406983,0.0001434672729078,4.414377627934181e-05,0.0,0,0,0,0,0,0,8,0,0,0,0,0,0,0,0,8,Violentmonkey BETA,,,
0,0,1,0,1,1,1,0,0,0,1,123,0.3672537324093524,79.11120674163679,0.0902567904718081,5.490940833097267,2.4191522976302395,2306,46,96,0,0,0,0.0503038522128465,0.0109050325826862,0.000217533173809,0.0,0.0004539822757753,0.0,0.0,10,2,0,27,0,0,9,0,0,0,0,0,0,0,0,9,Cloaked - Privacy & Password Manager,,,
0,0,0,0,1,1,0,0,0,0,1,5,0.4647709375629362,33.43374575932948,0.1060298500542609,3.312191421518206,2.792942307789509,48,5,8,0,0,1,0.0504397243365562,0.0023947315905008,0.0002494512073438,4.989024146876871e-05,0.0003991219317501,0.0,0.0,0,0,0,0,0,0,3,0,0,0,0,0,0,0,0,3,__MSG_name__,,,
0,0,0,0,0,0,0,0,0,0,0,109,0.4392208365959584,54.34337401168786,0.0733039557962662,5.847182079050194,2.8878966146937186,2201,340,524,0,0,2,0.0709241203240051,0.0472885871433482,0.007304915778618,4.297009281540048e-05,0.0112581643176349,0.0,0.0,20,0,0,3,1,7,2,4,0,0,0,0,0,0,0,1,Recruit CRM Sourcing Extension,,,
0,0,0,0,0,0,0,0,0,0,0,0,0.0,0.0,0.0,0.0,0.0,0,0,0,0,0,0,0.0,0.0,0.0,0.0,0.0,0.0,0.0,0,0,0,0,0,0,0,0,0,0,0,0,0,0,0,0,__MSG_themeName__,,,
0,0,0,0,0,1,0,0,0,0,0,23,0.5276312761588071,50.22874028446868,0.0635419728069254,5.931358955289728,3.0083964785636645,97,9,40,0,0,2,0.0719782436060655,0.0010092707238656,9.364367541021132e-05,2.0809705646713628e-05,0.0004161941129342,0.0,0.0,0,0,0,0,0,0,8,0,0,0,0,0,0,0,0,8,__MSG_extension_name__,,,
0,0,0,0,1,1,0,0,0,0,0,6,0.4052387122193682,41.43762057877814,0.1120291864614825,3.854451100585121,3.157438360405116,64,9,13,0,0,0,0.0718514906659236,0.0102893890675241,0.0014469453376205,0.0,0.0020900321543408,0.0,0.0,19,1,0,1,0,1,3,1,0,0,0,0,0,0,0,3,Kasm - Open In Isolation,,,
0,0,0,0,1,1,0,0,0,0,0,2,0.1747986856077554,104.75033467202142,0.020658978117969,2.5721220366233544,3.3136136105404184,92,13,8,0,0,0,0.0028310054030656,0.0047368963031613,0.000669344042838,0.0,0.0004119040263618,0.0,0.0,19,1,0,0,0,0,3,0,0,0,0,0,0,0,0,3,Rewards Search Automator,,,
1,1,0,0,0,1,0,0,0,0,0,4,0.346662830840046,43.02993667242372,0.1038550057537399,7.124174843889384,3.721058301113065,42,2,15,0,0,0,0.0817127564674397,0.0241796200345423,0.0011514104778353,0.0,0.0086355785837651,0.0,0.0,0,0,0,7,0,0,2,0,0,0,0,0,0,0,0,2,__MSG_extension_name__,,,
0,0,0,0,0,1,1,0,0,0,0,3,0.4384508380734639,43.012426501788205,0.1021774760009365,3.524090909090909,2.855856020411565,38,3,9,0,0,0,0.0458838383838383,0.0023034491119597,0.000181851245681,0.0,0.000545553737043,0.0,0.0,0,0,0,0,0,0,1,0,0,0,0,0,0,0,0,1,BearBy,,,
0,0,0,0,0,0,0,0,0,0,0,0,0.0,0.0,0.0,0.0,0.0,0,0,0,0,0,0,0.0,0.0,0.0,0.0,0.0,0.0,0.0,0,0,0,0,0,0,0,0,0,0,0,0,0,0,0,0,Red Bull TV,,,
0,0,0,0,0,1,0,0,0,0,1,54,0.4027372633366873,52.79831150288658,0.1019279232707769,3.887310424265694,3.1392467557128203,101,11,30,0,0,1,0.0832000170644824,0.0062697870755478,0.0006828480973368,6.207709975789931e-05,0.0018623129927369,0.0,0.0,30,0,0,3,0,1,4,0,0,0,0,0,0,0,0,4,Speed Dial,,,
0,0,0,0,1,1,0,0,0,0,1,179,0.2706094005603482,41.13658720774252,0.1059371165763527,5.623313749488158,3.42626656330143,579,59,233,0,0,6,0.0475758487526892,0.0028766184083705,0.0002931269189876,2.9809517185186657e-05,0.001157602917358,0.0,0.0,4,0,0,34,4,0,10,0,12,0,0,0,0,4,0,10,HaramBlur - Blur Haram & NSFW Images & Videos,,,
1,1,0,0,1,1,0,0,0,0,0,120,0.6071264460224443,69.89927932750452,0.1032344413315553,2.201771478376738,2.745566109124895,322,30,79,0,0,9,0.0364602245280718,0.0015959872321021,0.0001486944626182,4.460833878546363e-05,0.0003915620848946,0.0,0.0,45,0,0,0,0,0,3,0,0,0,0,0,0,0,0,3,__MSG_appName__,,,
0,0,0,0,0,0,0,0,0,0,0,1,0.2009132420091324,31.777372262773724,0.0951108141218398,7.929778933680104,4.064213504647324,6,2,0,0,0,0,0.0442132639791937,0.0218978102189781,0.0072992700729927,0.0,0.0,0.0,0.0,0,0,0,0,0,0,0,0,0,0,0,0,0,0,0,0,Meetings Page Auto Closer for Zoom,,,
0,0,0,0,0,1,0,0,1,0,0,6,0.3830622344773076,31.6992657856094,0.1024547095754331,6.389966322146092,3.601909089747805,6,2,10,0,0,0,0.0843107653001974,0.0017621145374449,0.0005873715124816,0.0,0.0029368575624082,0.0,0.0,0,0,0,5,0,1,2,0,0,0,0,0,0,0,0,2,__MSG_extName__,,,
0,0,0,0,0,0,0,0,0,0,0,0,0.0,0.0,0.0,0.0,0.0,0,0,0,0,0,0,0.0,0.0,0.0,0.0,0.0,0.0,0.0,0,0,0,0,0,0,0,0,0,0,0,0,0,0,0,0,Lamborghini Veneno,,,
0,0,0,0,0,1,0,0,0,0,0,61,0.3831655340709105,48.5247084814458,0.0886873670941038,4.465526539467401,2.7405007080029424,1666,4,79,0,0,0,0.030096039358396,0.0069183748048237,1.6610743829108667e-05,0.0,0.0003280621906248,0.0,0.0,1,1,0,0,0,0,8,0,0,0,0,0,0,0,0,8,__MSG_extName__,,,
0,0,0,0,0,0,0,0,0,0,1,0,0.293241695303551,15.826923076923077,0.0893470790378006,7.924242424242424,3.98218308168671,2,0,0,0,0,0,0.0151515151515151,0.0384615384615384,0.0,0.0,0.0,0.0,0.0,0,0,0,0,0,0,0,0,0,0,0,0,0,0,0,0,ATLANTIS 3D Editor Launcher,,,
0,0,0,0,1,1,1,1,0,0,0,60,0.5104841640056367,53.64715085557972,0.0869151150944231,4.068286195512488,2.903248885902928,256,10,80,0,0,2,0.067153828764152,0.0025190156159288,9.839904749722025e-05,1.9679809499444045e-05,0.0007871923799777,0.0,0.0,0,0,0,4,0,0,8,0,0,0,0,0,0,0,0,8,__MSG_appName__,,,
1,1,0,0,0,1,0,0,0,0,0,1,0.3826896277125224,27.5846372688478,0.0861039219589886,5.685830429732869,3.346809231520321,7,2,4,0,0,0,0.0725900116144018,0.0099573257467994,0.0028449502133712,0.0,0.0056899004267425,0.0,0.0,0,0,0,1,0,0,2,0,0,0,0,0,0,0,0,2,RuDostup — Обход блокировки YouTube в Северной Корее,,,
0,1,0,0,0,1,0,0,0,0,1,148,0.4110241876297996,40.40960427623071,0.0757119137219385,6.04739442009323,2.786670506735057,54,1,133,0,0,0,0.0467404160578863,0.0023277868781791,4.310716441072506e-05,0.0,0.0057332528666264,0.0,0.0,254,0,0,4,0,0,2,0,0,0,0,0,0,0,0,2,Simplify Gmail,,,
0,0,1,0,1,1,0,1,0,0,1,122,0.3537084152417558,51.53715423312824,0.0825821720339708,6.005980709087958,3.2739929785451523,555,64,233,0,3,2,0.0417213125540062,0.0027080700487452,0.000312281951567,9.758810986469408e-06,0.0011369014799236,1.4638216479704111e-05,0.0,0,0,0,1,0,0,1,0,0,0,0,0,0,0,0,1,Dynatrace Synthetic Recorder,,,
0,0,0,0,0,0,0,0,0,0,0,4,0.4049287422347307,45.59080047789725,0.1275010738349692,3.2671138812592435,3.195932779182126,65,6,8,0,0,0,0.0520283118529473,0.0194145758661887,0.0017921146953405,0.0,0.002389486260454,0.0,0.0,0,0,0,4,0,0,2,0,0,0,0,0,0,0,0,2,__MSG_app_name__,,,
0,0,0,0,0,1,0,0,0,0,0,25,0.4325112155351792,48.906347520084985,0.0626606495697385,7.799785554147578,3.275907526882777,228,1,59,0,0,0,0.0929265360496474,0.007569218511387,3.3198326804329064e-05,0.0,0.0019587012814554,0.0,0.0,35,0,0,21,0,1,2,0,0,0,0,0,0,0,0,2,Midnight Lizard,,,
0,1,0,0,1,1,0,0,0,0,0,54,0.4285449464932772,34.43570901374665,0.0894993259994962,5.225417396043828,1.7894602818747447,302,89,99,0,0,4,0.0832332574730478,0.0013931174462588,0.0004105544791954,1.845188670541563e-05,0.000456684195959,0.0,0.0,16,0,2,3,0,0,2,0,5,0,0,0,0,0,0,2,SealSend - Secure Email Encryption Made Simple,,,
0,0,1,0,0,1,0,0,0,0,0,11,0.3740605140709209,37.35607752719937,0.0963352299944208,4.913823846379936,3.2709803309523804,71,14,18,0,0,0,0.0809444498873322,0.0051156423373441,0.0010087182073636,0.0,0.0012969234094675,0.0,0.0,26,2,0,1,0,0,3,0,0,0,0,0,0,0,0,3,__MSG_extName__,,,
0,0,1,0,1,1,0,0,0,0,0,45,0.6230067173668767,48.8756148981026,0.0911089115188576,2.958547910510764,2.1528445438747434,0,0,5,0,0,0,0.0629801604052342,0.0,0.0,0.0,0.0001756851721714,0.0,0.0,35,0,0,0,0,0,2,0,0,0,0,0,0,0,0,2,CouponCabin Sidekick - Coupons & Cash Back,,,
0,0,1,0,0,1,0,0,0,0,0,35,0.4933174695411048,43.46471093654106,0.0824332885668894,4.113511680946804,3.077138332998106,131,40,108,0,1,2,0.0391881896073475,0.0080397692402111,0.0024548913710568,0.0001227445685528,0.0066282067018534,6.137228427642077e-05,0.0,0,0,0,3,0,0,3,0,0,0,0,0,0,0,0,3,__MSG_appTitle__,,,
0,0,1,1,1,1,0,0,1,0,1,67,0.3500236655741804,41.39254211622185,0.0952240192182323,4.957523795943104,3.259342419539014,291,50,32,0,1,8,0.0639727638943353,0.0110164679159568,0.0018928639030853,0.0003028582244936,0.0012114328979746,3.785727806170736e-05,0.0,809,0,0,5,0,1,26,0,0,0,0,0,0,0,1,26,__MSG_appName__,,,
0,0,0,0,0,1,0,0,0,0,1,17,0.5708324466190223,38.75732217573222,0.1064709111915065,2.7194876718781136,2.815371363027748,73,17,25,0,0,4,0.0459383322161633,0.0013515014625837,0.000314733217314,7.405487466212464e-05,0.0004628429666382,0.0,0.0,0,0,0,0,0,0,3,0,0,0,0,0,0,0,0,3,__MSG_appName__,,,
0,0,0,0,0,1,0,0,0,0,0,125,0.4923472925125123,57.12600750367338,0.0815386454181311,3.5941430880077063,2.4313137677476986,164,16,40,0,0,0,0.0383061016427029,0.0023395483530435,0.0002282486198091,0.0,0.0005706215495228,0.0,0.0,0,0,0,0,0,0,1,0,0,0,0,0,0,0,0,1,__MSG_extension_name__,,,
0,0,0,0,0,1,0,0,0,0,0,36,0.4703077811764615,44.44496124031008,0.0862919327138166,3.515682630244352,2.60495847236146,269,87,26,0,0,3,0.0407589903181189,0.0094785059901338,0.0030655391120507,0.0001057082452431,0.0009161381254404,0.0,0.0,7,0,0,2,0,0,1,0,0,0,0,0,0,0,0,1,Super Spy HeyEtsy.com Web Extension,,,
0,0,1,0,1,1,1,0,1,0,0,81,0.4702849060831299,49.8686708425678,0.0568055912545159,2.877421697896714,1.9540431162249037,875,18,122,0,0,4,0.0153507648519212,0.0024060009788986,4.94948772802015e-05,1.0998861617822556e-05,0.0003354652793435,0.0,0.0,0,0,0,2,0,0,6,0,0,0,0,0,0,0,0,6,Wallet Guard: Protect Your Crypto,,,
0,0,0,0,0,0,1,0,0,0,0,0,0.0,0.0,0.0,0.0,0.0,0,0,0,0,0,0,0.0,0.0,0.0,0.0,0.0,0.0,0.0,0,0,0,0,0,0,0,0,0,0,0,0,0,0,0,0,Moosti,,,
0,1,0,0,1,1,0,0,0,0,1,88,0.4945515202740057,45.75317375240106,0.0871826589065237,3.677401667616738,2.7955686281372123,197,46,117,0,0,1,0.0616564091168201,0.0010719746643957,0.0002503088048842,5.441495758354056e-06,0.0006366550037274,0.0,0.0,0,0,0,0,0,0,13,0,0,0,0,0,0,0,0,13,__MSG_extensionName__,,,
0,0,0,0,0,1,0,0,0,0,0,31,0.581783637461584,63.02247057247876,0.0766156343599453,3.938294671155672,2.523429371795931,94,12,43,0,0,0,0.0629940680996953,0.0013988303397371,0.0001785740859238,0.0,0.0006398904745606,0.0,0.0,1,0,0,0,0,0,0,0,0,0,0,0,0,0,0,0,__MSG_appName__,,,
0,0,0,0,1,1,1,1,0,0,1,61,0.4189854583313309,58.98790098172347,0.0859094197527038,4.288421006330344,2.5980348078060223,822,16,113,0,0,5,0.0236938855553071,0.0091493956056187,0.0001780904254135,5.565325794171991e-05,0.0012577636294828,0.0,0.0,0,0,0,0,0,0,45,0,0,0,0,0,1,0,0,42,__MSG_extension_name__,,,
0,0,0,0,0,0,1,0,0,0,0,1,0.4214067921354221,19.59090909090909,0.1133424455893176,5.249669749009247,3.1222861713502867,14,0,6,0,0,0,0.1241743725231175,0.0303030303030303,0.0,0.0,0.0129870129870129,0.0,0.0,0,0,0,0,0,0,0,0,0,0,0,0,0,0,0,0,緊急地震速報 by Extension,,,
0,0,1,0,0,1,0,0,0,0,0,3,0.3784145014981734,26.36710193765796,0.1214367073020564,3.973316893872424,3.4225997525275265,476,22,55,0,1,1,0.0541571674498674,0.0334175793316484,0.0015445099691098,7.020499859590003e-05,0.0038612749227745,7.020499859590003e-05,0.0,2,0,0,20,3,3,5,4,0,1,0,0,0,0,0,5,Lucky PDF Converter,,,
0,0,0,0,0,0,0,0,0,0,0,0,0.0,0.0,0.0,0.0,0.0,0,0,0,0,0,0,0.0,0.0,0.0,0.0,0.0,0.0,0.0,0,0,0,0,0,0,0,0,0,0,0,0,0,0,0,0,__MSG_appName__,,,
0,0,0,0,1,1,0,0,0,0,0,4,0.5933011809425708,47.04464766003228,0.0858373663777056,3.4789394765539803,2.484386584117245,15,3,7,0,0,0,0.0464830970556161,0.002017213555675,0.000403442711135,0.0,0.0009413663259817,0.0,0.0,16,0,0,0,0,0,1,0,0,0,0,0,0,0,0,1,__MSG_name__,,,
0,1,0,0,1,1,0,1,0,0,0,0,0.4656125608256788,79.30809850040553,0.0625084541663582,6.601635033626318,2.5724221042136346,7,1,4,0,0,0,0.0511677056284148,6.039793611624014e-05,8.628276588034307e-06,0.0,3.451310635213723e-05,0.0,0.0,11,0,0,3,0,0,4,0,0,0,0,0,0,0,0,4,Share-A-Cart for Amazon,,,
0,0,0,0,1,1,0,1,0,0,0,13,0.3980826632618638,36.81896579567844,0.0853449711545441,5.289102005231038,3.226432507116942,149,10,27,0,0,0,0.0870192773418579,0.0048125060560059,0.0003229869836245,0.0,0.0008720648557863,0.0,0.0,134,3,0,4,0,0,11,0,0,0,0,0,0,0,0,11,__MSG_manifest_name__,,,
0,0,0,0,1,1,1,0,0,0,0,61,0.3559551766331509,52.5423429781228,0.0992181613280932,3.926621643481074,3.4155693332905432,79,9,8,0,0,2,0.0483864445163377,0.0092919313102799,0.0010585744530698,0.0002352387673488,0.0009409550693954,0.0,0.0,0,0,0,7,0,0,15,0,0,0,0,0,0,0,0,15,__MSG_manifest_name__,,,
0,0,0,0,0,0,0,0,0,0,0,0,0.0,0.0,0.0,0.0,0.0,0,0,0,0,0,0,0.0,0.0,0.0,0.0,0.0,0.0,0.0,0,0,0,0,0,0,0,0,0,0,0,0,0,0,0,0,__MSG_appName__,,,
0,0,0,0,0,0,1,0,0,0,0,0,0.0,0.0,0.0,0.0,0.0,0,0,0,0,0,0,0.0,0.0,0.0,0.0,0.0,0.0,0.0,0,0,0,0,0,0,0,0,0,0,0,0,0,0,0,0,__MSG_appName__,,,
0,0,0,0,1,1,0,0,0,0,0,116,0.4484169659035971,36.952555920238666,0.0910322413184385,3.88693232910277,2.8884196249335283,1482,83,115,0,0,3,0.052823493201528,0.0069191228307709,0.0003875082287138,1.400632151977926e-05,0.0005369089915915,0.0,0.0,0,0,0,0,0,0,1,0,0,0,0,0,0,0,0,1,__MSG_main_title__,,,
0,0,0,0,0,0,0,0,0,0,0,0,0.0,0.0,0.0,0.0,0.0,0,0,0,0,0,0,0.0,0.0,0.0,0.0,0.0,0.0,0.0,0,0,0,0,0,0,0,0,0,0,0,0,0,0,0,0,Booking.com,,,
0,0,0,0,0,0,0,0,0,0,0,0,0.4114249037227214,16.065693430656935,0.0614035087719298,6.39124487004104,3.350403580038784,0,0,1,0,0,0,0.054719562243502,0.0,0.0,0.0,0.0018248175182481,0.0,0.0,0,0,0,0,0,0,0,0,0,0,0,0,0,0,0,0,TICloudAgent Bridge,,,
0,0,0,0,0,1,1,0,0,0,0,2,0.3043610086411643,46.46282973621104,0.0864116428318763,5.847718526663002,3.374277772580687,43,5,8,0,0,0,0.0291368884002199,0.1031175059952038,0.0119904076738609,0.0,0.0191846522781774,0.0,0.0,0,0,0,2,0,1,1,0,1,0,0,1,0,0,0,1,FivData - Freelancer Assistant,,,
1,1,1,0,1,1,0,1,0,0,0,32,0.5294095514526056,49.936960985626285,0.0861108871509581,3.6782189141083537,2.8081361733379007,120,13,47,0,0,0,0.0458069166384725,0.0041067761806981,0.0004449007529089,0.0,0.0016084873374401,0.0,0.0,21,2,0,0,0,0,1,0,0,0,0,0,0,0,0,1,Contentsquare Tracking Setup Assistant,,,
0,1,0,0,1,1,0,1,0,0,0,54,0.4810590337656844,53.70138706284512,0.0936085910995689,3.4940026562629702,2.711167956749215,1563,95,29,0,0,1,0.0646772363797349,0.0102747830660005,0.000624506968183,6.573757559821194e-06,0.0001906389692348,0.0,0.0,0,0,0,0,0,0,5,0,0,0,0,0,0,0,0,5,Fiverr Mate:Fiverr Gig SEO Tool,,,
1,1,0,0,0,1,0,0,0,0,0,111,0.5896429562602366,47.100730869434905,0.0726153665239718,3.8349356140040594,2.490244173857719,88,55,67,0,0,3,0.071374129378374,0.0006763039986473,0.0004226899991546,2.3055818135706543e-05,0.0005149132716974,0.0,0.0,7,0,0,0,0,0,2,0,0,0,0,0,0,0,0,2,__MSG_name__,,,
0,0,0,0,0,0,0,0,0,0,0,10,0.5136362884141196,51.3068599870158,0.0963973058401045,3.519016261255208,2.9502513639993464,70,10,6,0,0,2,0.0702414550015678,0.0151482363124864,0.0021640337589266,0.0004328067517853,0.0012984202553559,0.0,0.0,0,0,0,1,1,0,0,0,0,0,1,0,0,1,0,0,Закладки Top Page,,,
0,1,0,0,0,1,0,0,0,0,0,43,0.5248587283478438,56.63061189807364,0.0753603192530317,3.892867160655431,2.9133564854072573,287,29,67,0,0,1,0.0586962280763267,0.0028690532124398,0.0002899043315705,9.99670108864075e-06,0.0006697789729389,0.0,0.0,0,0,0,0,0,0,1,0,0,0,0,0,0,0,0,1,Sugar - Smart Shopping Assistant,,,
0,0,0,0,0,0,0,0,0,0,0,0,0.0,0.0,0.0,0.0,0.0,0,0,0,0,0,0,0.0,0.0,0.0,0.0,0.0,0.0,0.0,0,0,0,0,0,0,0,0,0,0,0,0,0,0,0,0,__MSG_themeName__,,,
0,0,0,0,1,1,0,1,0,0,1,64,0.4308773299602815,47.64621436087588,0.0942390993841708,4.339561071223281,2.8932585729058853,839,38,38,0,0,1,0.0503229307617881,0.0070067311386146,0.0003173489669455,8.351288603831571e-06,0.0003173489669455,0.0,0.0,3,0,0,0,0,0,1,0,0,0,0,0,0,0,0,1,__MSG_appName__,,,
0,0,0,0,1,0,0,1,0,0,0,0,0.4124449481031241,39.742392444910806,0.1277719112988384,3.2605588393336915,3.237671471748073,76,9,7,0,0,0,0.0547017732401934,0.0199370409233997,0.0023609653725078,0.0,0.0018363064008394,0.0,0.0,0,0,0,1,0,0,2,0,0,0,0,1,0,0,0,2,ATP Cookie,,,
0,0,0,0,0,0,0,0,0,0,0,3,0.4067130592405441,42.3628532974428,0.1295743346845532,3.2206077291730395,3.1563434000185,68,9,7,0,0,0,0.0524115427755684,0.0183041722745625,0.0024226110363391,0.0,0.0018842530282637,0.0,0.0,0,0,0,0,0,1,3,0,0,0,0,0,0,0,0,3,Lorem Ipsum Generator,,,
0,1,1,0,0,1,0,1,0,0,1,93,0.5027979453513935,56.06893012778679,0.0795445931013341,3.855054696149432,2.624977796022611,3202,37,106,0,0,6,0.035442292261282,0.0168522767941727,0.0001947327424685,3.157828256247237e-05,0.000557882991937,0.0,0.0,11,0,6,4,0,0,4,0,0,0,0,0,0,0,0,4,"CRM, Phone Number & Email Finder for LinkedIn",,,
1,1,0,0,1,1,0,0,0,0,1,2,0.2783964365256124,52.29237288135593,0.1247216035634743,4.078456591639871,3.41533962430052,19,7,20,0,0,0,0.0360128617363344,0.0805084745762711,0.0296610169491525,0.0,0.0847457627118644,0.0,0.0,0,0,0,3,0,5,3,0,0,0,0,0,0,0,0,3,Weblio エクステンション,1.0,,
0,0,0,0,0,1,0,0,0,0,0,1,0.4070898236000473,30.7641686811711,0.1086052057435689,3.737252899555037,3.1926804628482213,22,25,18,0,0,2,0.1056969873805529,0.0059092130002686,0.0067150147730325,0.0005372011818426,0.0048348106365834,0.0,0.0,0,0,0,4,0,0,3,0,0,0,2,0,0,0,0,3,Zero Noise Classroom,,,
0,0,0,0,1,0,0,0,0,0,0,61,0.5330648681814834,54.79456257793529,0.0788046870439637,4.051912193001521,2.7354984702290013,613,19,64,0,0,2,0.0469671810475983,0.0050288770755398,0.0001558705781978,1.6407429283979787e-05,0.0005250377370873,0.0,0.0,0,1,0,0,0,0,1,0,0,0,0,0,0,0,0,1,Qudelix,,,
0,0,0,0,1,1,0,0,0,0,1,162,0.2300211735236293,68.94877970240572,0.0727925352419715,8.696170769159066,2.915489291735137,2171,43,194,0,0,5,0.0361256986371772,0.014564409440367,0.0002884705692933,3.354308945271095e-05,0.0013014718707651,0.0,0.0,117,2,0,0,0,0,1,0,0,0,0,0,0,0,0,1,Leeco AI – Auto-Apply Jobs on LinkedIn & Upskill for Job Interviews,,,
0,0,0,0,1,1,0,0,0,0,0,4,0.3201985131933665,49.83027094363127,0.0843395147455273,3.741069440468238,3.0839772704909327,15,3,6,0,0,0,0.0257817221745077,0.0015571473061351,0.000311429461227,0.0,0.000622858922454,0.0,0.0,0,0,0,0,0,0,1,0,0,0,0,0,0,0,0,1,DefiLlama,,,
0,0,0,0,0,0,0,0,0,0,0,0,0.0,0.0,0.0,0.0,0.0,0,0,0,0,0,0,0.0,0.0,0.0,0.0,0.0,0.0,0.0,0,0,0,0,0,0,0,0,0,0,0,0,0,0,0,0,__MSG_appName__,,,
0,0,1,1,0,0,0,0,0,0,1,12,0.401054699714322,41.14002333722287,0.0675305167679277,5.408480329785386,3.213216447031548,142,13,17,0,2,0,0.0525900641823209,0.0025491428058522,0.0002333722287047,0.0,0.0003051790683062,3.590341980073602e-05,0.0,0,0,0,3,1,0,5,0,0,0,1,0,0,0,0,5,MonkiBu TV y Radios Online,,,
0,0,0,0,0,0,0,0,0,0,1,6,0.3961289404397637,39.41760138050043,0.0948623069807158,4.505935354691076,3.165818317069742,28,10,12,0,0,0,0.0886012585812357,0.0080529191832039,0.0028760425654299,0.0,0.0034512510785159,0.0,0.0,19,1,0,4,0,0,2,0,0,0,0,0,0,0,0,2,"IP, DNS & Security Tools | HackerTarget.com",,,
0,0,0,0,0,1,0,0,0,0,0,1,0.3223376623376623,13.414405986903647,0.105064935064935,6.081061164333088,3.676959043235311,8,5,5,0,0,0,0.1156963890935888,0.0074836295603367,0.0046772684752104,0.0,0.0046772684752104,0.0,0.0,13,1,0,1,0,0,3,0,0,0,0,0,0,0,0,3,__MSG_AppName__,,,
0,0,0,0,0,0,0,0,0,0,0,0,0.0,0.0,0.0,0.0,0.0,0,0,0,0,0,0,0.0,0.0,0.0,0.0,0.0,0.0,0.0,0,0,0,0,0,0,0,0,0,0,0,0,0,0,0,0,__MSG_appName__,,,
0,1,0,0,1,1,1,0,0,0,0,3,0.3844377095206329,46.69012585770374,0.0806182690835451,5.311185157267183,2.9799364373383037,7,0,0,0,0,1,0.0848437607071883,0.0002568524566102,0.0,3.669320808718306e-05,0.0,0.0,0.0,0,0,0,21,0,0,4,0,1,0,0,0,0,0,0,4,Advanced Profanity Filter,,,
0,0,0,0,0,1,0,0,0,0,1,60,0.5552593991017793,52.297437192273705,0.0822557607398002,3.997263904308277,2.505638334602485,725,11,35,0,0,0,0.0404326182716756,0.0228822118419391,0.0003471783865673,0.0,0.0011046585027143,0.0,0.0,0,0,0,0,0,0,1,0,0,0,0,0,0,0,0,1,shortfuts,,,
0,0,0,0,1,1,0,0,0,0,0,9,0.475851281767344,27.726361829025844,0.0755744421682077,5.928261302529377,2.777140710014604,24,8,14,0,0,2,0.1188607847042421,0.0019085487077534,0.0006361829025844,0.0001590457256461,0.0011133200795228,0.0,0.0,12,0,0,0,0,0,15,0,0,0,0,0,0,0,0,15,Lunar Reader - Dark Theme & Night Shift Mode,,,
0,0,1,0,1,1,1,1,0,0,1,200,0.4727428360962066,57.14466429039063,0.0854950027073255,4.019294261971948,2.9310136003382805,314,321,173,0,0,1,0.0621569995435305,0.0011420673601513,0.0011675274605368,3.6371571979340954e-06,0.0006292281952425,0.0,0.0,3,0,0,0,0,0,5,0,0,0,0,0,0,0,0,5,Trex,,,
0,0,1,0,1,1,0,0,0,0,0,91,0.4914534435363073,42.84900840336135,0.1057844296137529,3.413640508902809,3.00042731257024,191,15,56,0,8,2,0.0648686630088654,0.0064201680672268,0.0005042016806722,6.722689075630252e-05,0.0018823529411764,0.0002689075630252,0.0,0,1,0,0,0,0,1,0,0,0,0,0,0,0,0,1,__MSG_name__,,,
0,0,0,0,1,1,0,0,0,0,1,114,0.4656402405396909,53.298514927670055,0.0754997840093207,4.026485559252536,2.390931404535485,462,46,77,0,0,8,0.0451100632950689,0.0029624499846106,0.0002949625525802,5.129783523135324e-05,0.0004937416641017,0.0,0.0,78,0,0,0,0,0,2,0,0,0,0,0,0,0,0,2,Heurio - One-Click Bug Report & UX Check Tool,,,
0,1,0,0,1,1,0,0,0,0,0,6,0.5054153179449291,55.80983750548968,0.0937208375161653,2.8410283970403354,1.9693537647058368,34,1,5,0,0,2,0.0330419093866661,0.0021331325679151,6.273919317397578e-05,0.0001254783863479,0.0003136959658698,0.0,0.0,0,0,0,1,0,0,2,0,0,0,0,0,0,0,0,2,Timing71,,,
0,0,0,0,0,1,0,1,0,0,0,3,0.4686256281111359,17.74165233117198,0.0756510585217176,5.414904658817948,3.2657730038860024,69,8,19,0,0,0,0.0621571127783873,0.0030435357946274,0.0003528737153191,0.0,0.0008380750738829,0.0,0.0,17,0,0,3,0,0,7,0,0,0,0,0,0,0,0,7,__MSG_app_name__,,,
0,0,0,0,0,1,0,0,0,0,1,22,0.4498409645496902,32.70981895633653,0.095309433576004,3.8586137758721737,2.8827897922090977,163,4,42,0,0,0,0.0501866189580184,0.0034717784877529,8.519701810436634e-05,0.0,0.0008945686900958,0.0,0.0,3,0,0,0,0,0,1,0,0,0,0,0,0,0,0,1,"UnDistracted - Hide Facebook, YouTube Feeds",,,
0,0,0,0,0,0,1,0,0,0,0,0,0.0,0.0,0.0,0.0,0.0,0,0,0,0,0,0,0.0,0.0,0.0,0.0,0.0,0.0,0.0,0,0,0,0,0,0,0,0,0,0,0,0,0,0,0,0,Class Charts,,,
0,1,0,0,0,1,0,0,0,0,0,7,0.4254367533169238,21.557210561949898,0.0875307678453503,6.058917835671343,3.3568630148161014,89,0,6,0,0,0,0.0721442885771543,0.0602572782667569,0.0,0.0,0.0040622884224779,0.0,0.0,0,0,0,2,0,0,1,0,0,0,0,0,0,0,0,1,TeaserFast,,,
1,1,0,0,1,1,0,0,0,0,0,2,0.2505942188258747,34.80420860018298,0.0975796764382651,6.434807256235827,3.674317003328351,39,5,30,0,0,0,0.0240929705215419,0.0356816102470265,0.0045745654162854,0.0,0.0274473924977127,0.0,0.0,3,0,0,1,0,0,5,0,0,0,0,0,0,0,0,5,__MSG_appName__,,,
0,0,0,0,1,1,1,0,0,0,0,0,0.4194988654939371,27.766315789473683,0.0689486910483812,5.777496839443742,2.477185710320224,22,0,9,0,0,0,0.0477243994943109,0.015438596491228,0.0,0.0,0.0063157894736842,0.0,0.0,0,0,0,5,0,0,4,0,0,0,0,0,0,0,0,4,"SpeechText.AI: Record, Capture & Transcribe",,,
0,0,0,0,0,1,0,0,0,0,0,1,0.3605326876513317,14.892307692307693,0.0927360774818401,5.83943661971831,3.7446185417264335,7,3,0,0,0,0,0.0309859154929577,0.0269230769230769,0.0115384615384615,0.0,0.0,0.0,0.0,0,0,0,1,0,0,1,0,0,0,0,0,0,0,0,1,__MSG_extName__,,,
0,0,0,0,1,1,0,0,0,0,1,63,0.5164096421071527,46.11849486493484,0.0883719396768441,4.035633611630844,2.88312403931465,299,27,60,0,0,3,0.0559267936038741,0.0064511953050832,0.0005825494088202,6.472771209113662e-05,0.0012945542418227,0.0,0.0,20,1,0,0,0,0,8,0,0,0,0,0,0,0,0,8,Sapling Grammar Checker and Writing Assistant,,,
0,0,0,0,0,1,0,0,0,0,1,4,0.2984604480844194,26.32816871099634,0.0997204394219789,6.745810581811335,3.325798022525188,111,0,87,0,0,0,0.070419883261156,0.0238863783085861,0.0,0.0,0.0187217559715945,0.0,0.0,0,0,0,5,2,0,8,0,0,0,1,0,0,0,0,8,__MSG_namechrome__,,,
0,0,0,0,0,1,0,0,0,0,0,5,0.5020768837513135,45.33304090360785,0.0978928209643367,3.1843901036309545,2.839212974301239,106,11,20,0,0,1,0.0525896678721921,0.0058120407939467,0.0006031363088057,5.48305735277991e-05,0.0010966114705559,0.0,0.0,0,0,0,0,0,0,2,0,0,0,0,0,0,0,0,2,Colorway: Eyedropper & Color Picker Tool,,,
0,0,0,0,0,1,0,0,0,0,0,30,0.5831065719737167,60.41506470493476,0.0780110808325466,3.851369253527212,2.538559592233685,94,12,43,0,0,0,0.0609647579235301,0.001261880470386,0.000161091123879,0.0,0.0005772431939,0.0,0.0,0,0,0,0,0,0,0,0,0,0,0,0,0,0,0,0,__MSG_appName__,,,
0,0,0,0,0,0,0,0,0,0,1,51,0.4050270683779121,37.22657626703498,0.0954951476977995,4.225175666166014,2.948339746675994,60,4,19,0,0,0,0.058490618884069,0.0002041135687896,1.3607571252644972e-05,0.0,6.463596345006362e-05,0.0,0.0,12,2,0,0,0,0,2,0,0,0,0,0,0,0,0,1,__MSG_extensionName__,,,
1,1,0,0,0,1,0,0,0,0,0,231,0.5173160971338989,42.82039837528972,0.0783071788923093,3.71977108546768,2.634695276007444,1417,153,348,0,0,13,0.0572938361947649,0.0027097627953584,0.0002925855382426,2.486020913172851e-05,0.0006654886752185,0.0,0.0,0,0,0,0,0,0,3,0,0,0,0,0,0,0,0,3,Dupe.com: Find similar products for less,,,
0,0,0,0,0,0,0,0,0,0,0,2,0.4735763431415605,19.22723908216136,0.0845044649392475,5.743471582181259,3.3908476255640982,1,0,4,0,0,0,0.0624679979518689,0.000740192450037,0.0,0.0,0.002960769800148,0.0,0.0,0,0,0,12,0,0,2,0,0,0,0,0,0,0,0,2,__MSG_appName__,,,
1,1,0,0,1,1,0,0,0,0,1,24,0.2627662013612888,105.84016378722028,0.0609456809032944,16.27424713843554,2.558988137032296,87,5,43,0,0,3,0.0584742113942663,0.0031248877554685,0.0001795912503142,0.0001077547501885,0.0015444847527028,0.0,0.0,7,0,0,0,0,0,1,0,0,0,0,0,0,0,0,1,Paknevis: AI-based Persian writing assistant,,,
0,0,0,0,0,0,0,0,0,0,0,1,0.3285186009008508,38.30874316939891,0.1315687037757882,3.833835509429751,3.292836478560369,81,2,0,0,0,0,0.0670684075438009,0.0442622950819672,0.0010928961748633,0.0,0.0,0.0,0.0,9,0,0,1,0,0,2,0,0,0,1,0,0,0,0,2,Bulk URL Opener,,,
0,1,0,0,1,1,1,0,0,0,1,30,0.1125610878450673,210.57142857142856,0.0249568352765465,35.16888723985564,2.88958842253164,62,20,48,0,0,10,0.0710189901170438,0.0026815449158773,0.0008650144889926,0.0004325072444963,0.0020760347735824,0.0,0.0,6,0,0,9,0,0,8,0,0,0,0,0,0,0,0,7,__MSG_name__,,,
0,1,0,0,1,1,0,0,0,0,1,45,0.4832651202344031,48.89184177307104,0.0882760121634938,3.832025179366036,2.8916437292140347,195,24,50,0,0,0,0.0606022819377766,0.0021783571835517,0.000268105499514,0.0,0.0005585531239876,0.0,0.0,4,0,3,0,0,0,17,0,0,0,0,0,0,0,0,17,__MSG_extName__,,,
0,0,0,0,1,1,0,1,0,0,0,11,0.5576408903412858,53.76352404941826,0.0735757802939539,3.5301113145880696,2.1420176464221705,8,4,4,0,0,1,0.040166842917835,6.854127041244709e-05,3.4270635206223547e-05,8.567658801555887e-06,3.4270635206223547e-05,0.0,0.0,0,0,0,0,0,0,1,0,0,0,0,0,0,0,0,1,Cledara Engage,,,
1,1,0,0,0,0,0,0,0,0,0,52,0.5803927105092559,55.08395410842692,0.0559423755672405,5.973044538615418,2.879170306179354,202,39,53,0,0,3,0.0721415722297525,0.0016320594651369,0.0003151005898036,2.423850690797447e-05,0.0004282136220408,0.0,0.0,162,0,0,6,1,0,4,0,0,0,0,0,0,0,0,4,MergeMail,,,
0,0,0,0,0,1,0,0,0,0,0,7,0.583771584970032,44.67955011495681,0.0882729031257566,3.245411001236094,2.602692570757508,48,3,11,0,0,0,0.0447311495673671,0.0029826632697446,0.000186416454359,0.0,0.0006835269993164,0.0,0.0,0,0,0,0,0,0,1,0,0,0,0,0,0,0,0,1,__MSG_ext_name__,,,
0,0,0,0,0,1,0,0,0,0,1,26,0.3872016135739832,35.70685663401603,0.0983995952202722,3.846839250581559,3.167270487875794,58,3,73,0,0,1,0.0596389252674572,0.0014756392316499,7.632616715430606e-05,2.5442055718102026e-05,0.0018572700674214,0.0,0.0,11,3,0,1,0,0,3,0,0,0,0,0,0,0,0,3,vk audiopad – VK Музыка бесплатно без рекламы,,,
0,0,0,0,0,0,0,0,0,0,0,0,0.0,0.0,0.0,0.0,0.0,0,0,0,0,0,0,0.0,0.0,0.0,0.0,0.0,0.0,0.0,0,0,0,0,0,0,0,0,0,0,0,0,0,0,0,0,__MSG_appName__,,,
0,1,0,0,1,1,0,0,0,0,1,112,0.4602546787805563,42.23769525188786,0.0682098916807723,6.838326715150433,3.387293771380406,101,16,57,0,0,1,0.109594134356549,0.0010447915589117,0.000165511534085,1.0344470880314471e-05,0.0005896348401779,0.0,0.0,6,0,0,0,0,0,3,0,0,0,0,0,0,0,0,3,Pratik Modül,,,
0,1,0,0,1,1,0,1,0,0,0,181,0.3128085423107454,65.85487168947704,0.042505900101941,2.574319076959034,2.6052038619680093,774,72,200,0,0,0,0.0044155907126044,0.0026961407566611,0.0002508037913173,0.0,0.0006966771981036,0.0,0.0,10,1,0,0,0,0,3,0,0,0,0,0,0,0,0,3,uxtension,,,
1,1,0,0,0,1,0,0,0,0,0,30,0.1407362402704378,192.1542997217437,0.0348430916406741,2.765268480774794,2.94708288090783,150,11,37,0,0,0,0.0027531746549667,0.0033125745329269,0.0002429221324146,0.0,0.0008171017181219,0.0,0.0,0,0,0,0,0,0,1,0,0,0,0,0,0,0,0,1,Atom Material Icons,,,
0,0,1,0,1,1,0,0,0,0,0,68,0.1753144498752677,174.9215348135374,0.0479859722707892,27.33019303843917,2.764112448438491,89,8,24,0,3,0,0.0483601789587557,0.0023981461521879,0.000215563699073,0.0,0.0006466910972192,8.083638715240353e-05,0.0,0,0,0,0,0,0,22,0,0,0,0,0,0,0,0,22,ProxyEmpire Proxy Manager,,,
0,0,0,0,0,0,0,0,0,0,0,0,0.0,0.0,0.0,0.0,0.0,0,0,0,0,0,0,0.0,0.0,0.0,0.0,0.0,0.0,0.0,0,0,0,0,0,0,0,0,0,0,0,0,0,0,0,0,Dragon,,,
0,1,0,0,0,0,0,0,0,0,1,8,0.4162484618568861,42.7936429103551,0.1229777316571117,3.443421765024364,3.205381744013999,69,8,7,0,0,0,0.0565044051779298,0.0171343431835113,0.0019865905140302,0.0,0.0017382666997765,0.0,0.0,1,0,0,0,0,0,0,0,0,0,0,0,0,0,0,0,MyLogin,,,
0,0,0,0,0,0,0,0,0,0,0,0,0.0,0.0,0.0,0.0,0.0,0,0,0,0,0,0,0.0,0.0,0.0,0.0,0.0,0.0,0.0,0,0,0,0,0,0,0,0,0,0,0,0,0,0,0,0,__MSG_appName__,,,
0,0,0,0,0,1,0,0,0,0,0,0,0.2994213179018107,30.339181286549707,0.1155497479932798,5.9087221095334685,3.184453153869862,1,0,1,0,0,0,0.0202839756592292,0.0058479532163742,0.0,0.0,0.0058479532163742,0.0,0.0,0,0,0,0,0,0,0,0,0,0,0,0,0,0,0,0,__MSG_extensionName__,,,
0,0,0,0,1,1,0,0,0,0,1,10,0.1035194950667737,232.0290822407628,0.0243133122944489,35.320750761076496,2.891438543414715,142,16,26,0,0,8,0.0729123860481889,0.0067699642431466,0.0007628128724672,0.0003814064362336,0.0012395709177592,0.0,0.0,0,0,0,0,0,0,4,0,0,0,0,0,0,0,0,4,__MSG_appName__,,,
0,0,0,0,0,1,0,0,0,0,0,30,0.5845553491351139,60.359997858271086,0.0776658851001187,3.868939629105876,2.5248686609970723,94,12,43,0,0,0,0.0612619137952839,0.0012582657350145,0.0001606296682997,0.0,0.0005755896447407,0.0,0.0,5,0,0,0,0,0,1,0,0,0,0,0,0,0,0,0,__MSG_appName__,,,
0,0,0,0,0,0,0,0,0,0,0,0,0.614731867128548,30.91259640102828,0.0480141786836381,4.845378887428822,3.229885871216513,10,0,1,0,0,0,0.0271572492334647,0.0085689802913453,0.0,0.0,0.0008568980291345,0.0,0.0,0,0,0,0,0,0,0,0,0,0,0,0,0,0,0,0,Push to Kindle,,,
0,0,0,0,0,1,1,0,0,0,0,4,0.4146442923820828,32.41366998214741,0.1140607647303522,3.465752125675633,2.9780107016804758,16,3,7,0,0,0,0.0459588456554034,0.0020402958428972,0.0003825554705432,0.0,0.0008926294312675,0.0,0.0,1,0,0,0,0,0,1,0,0,0,0,0,0,0,0,1,AnythingLLM Browser Companion,,,
0,1,0,0,0,1,0,0,0,0,0,169,0.5287112580493658,52.81871176850074,0.0747785864773543,3.971787699558992,2.4709281388260043,250,84,145,0,0,2,0.0706781490209898,0.0019431511693883,0.0006528987929144,1.554520935510699e-05,0.0011270276782452,0.0,0.0,0,0,0,0,0,0,4,0,0,0,0,0,0,0,0,4,__MSG_appName__,,,
0,0,0,0,0,0,0,0,0,0,0,0,0.0,0.0,0.0,0.0,0.0,0,0,0,0,0,0,0.0,0.0,0.0,0.0,0.0,0.0,0.0,0,0,0,0,0,0,0,0,0,0,0,0,0,0,0,0,Writer,,,
1,1,0,0,0,1,1,0,0,0,1,292,0.4308907213507003,28.588626586362658,0.088954243947145,4.090249129989889,2.9781843351377453,2368,821,295,0,0,19,0.0518737251163716,0.004244640424464,0.0014716426471642,3.405750340575034e-05,0.0005287875528787,0.0,0.0,422,1,5,4,2,11,102,4,0,0,1,0,0,1,0,92,KHALED BOUCHAREB-CEM,,,
0,0,0,0,0,0,1,0,0,0,0,0,0.0,0.0,0.0,0.0,0.0,0,0,0,0,0,0,0.0,0.0,0.0,0.0,0.0,0.0,0.0,0,0,0,0,0,0,0,0,0,0,0,0,0,0,0,0,__MSG_app_name__,,,
0,1,0,0,0,1,0,0,0,0,0,25,0.5262201385413648,56.56151384131619,0.0814771892549963,4.002197407955514,2.669131090522115,449,4,21,0,0,1,0.0348109780707655,0.0252119714750968,0.0002246055365264,5.6151384131618846e-05,0.0011791790667639,0.0,0.0,0,0,0,0,0,0,4,0,0,0,0,0,0,0,0,4,Google Classroom plagiarism and AI checker,,,
0,0,0,0,1,1,0,0,0,0,0,58,0.5347658178568153,53.20393484239475,0.0885493606118143,3.868648485052292,2.89789898698947,118,13,17,0,0,2,0.0859871540505094,0.0062407446583456,0.0006875396657499,0.0001057753331922,0.0008990903321345,0.0,0.0,0,0,0,0,0,0,1,0,0,0,0,0,0,0,0,1,__MSG_appName__,,,
0,0,0,0,0,1,0,0,0,0,0,5,0.4149666386139844,42.6560223221206,0.1210455483234083,3.660949782368609,3.0210450974453336,132,12,14,0,0,1,0.0569739491976872,0.020461943884669,0.001860176716788,0.000155014726399,0.0021702061695861,0.0,0.0,1,0,0,0,0,1,6,0,0,0,0,0,0,0,0,6,Quick Equations,,,
0,0,0,0,0,0,0,0,0,0,0,0,0.3416604338070306,38.56094674556213,0.0768885564697083,6.326936744847193,3.328223590807919,31,0,4,0,0,0,0.0277185501066098,0.0366863905325443,0.0,0.0,0.0047337278106508,0.0,0.0,0,0,0,1,0,0,1,0,0,0,0,0,0,0,0,1,Agital - GSC Calculations,,,
0,1,0,0,0,1,0,0,0,0,0,107,0.4348142899228902,47.232187602605975,0.0630481190641194,3.066859196077773,2.3741134225118405,508,13,128,0,0,3,0.0149145370898955,0.0021946878186185,5.616327094890007e-05,1.2960754834361552e-05,0.000552992206266,0.0,0.0,13,1,0,0,0,0,2,0,0,0,0,0,0,0,0,2,Clippings.io for Amazon Kindle Highlights,,,
0,0,0,0,0,0,0,0,0,0,0,0,0.0,0.0,0.0,0.0,0.0,0,0,0,0,0,0,0.0,0.0,0.0,0.0,0.0,0.0,0.0,0,0,0,0,0,0,0,0,0,0,0,0,0,0,0,0,Becoming Being,,,
0,1,0,0,0,1,0,0,0,0,0,21,0.2312049927988478,91.1001370033628,0.1424895025457594,3.874606766896112,3.506497354903781,222,16,59,0,0,1,0.0742518006554667,0.0276497695852534,0.0019927761863245,0.0001245485116452,0.0073483621870718,0.0,0.0,0,0,0,3,0,0,11,0,3,0,0,3,0,0,0,11,Grade Grabber,,,
0,0,0,0,0,1,0,0,0,0,1,11,0.4802684706283409,22.884877202349173,0.0950935930859312,4.469651371183174,2.735316825515174,89,15,7,0,0,2,0.0530551516586075,0.0059396689802455,0.0010010678056593,0.0001334757074212,0.0004671649759743,0.0,0.0,25,0,0,1,0,0,12,0,0,0,0,12,0,0,0,12,Majestic Backlink Analyzer,,,
0,1,0,0,0,1,1,0,0,0,1,2,0.5005120227294515,18.896672808063293,0.0909613825920987,3.749089823933154,2.6295490526532874,24,8,12,0,0,0,0.0557564905998209,0.0005202124200715,0.0001734041400238,0.0,0.0002601062100357,0.0,0.0,4,0,0,2,0,0,2,0,0,0,0,0,0,0,0,2,__MSG_tool_name__,,,
0,0,0,0,0,1,0,0,0,0,0,23,0.5889480620556101,48.37114449723969,0.0766404698842701,3.6736681762604415,2.6156860315966908,204,13,25,0,0,0,0.0487714912190823,0.0056030102447197,0.0003570545744184,0.0,0.0006866434123431,0.0,0.0,1,2,0,1,0,0,2,0,0,0,0,0,0,0,0,2,__MSG_name__,,,
0,0,0,0,0,1,0,0,0,0,0,2,0.3905301080802882,45.97494505494505,0.1197117858980957,3.700531870688939,3.16914874045012,78,15,16,0,0,0,0.0558048699409955,0.0171428571428571,0.0032967032967032,0.0,0.0035164835164835,0.0,0.0,22,0,0,0,0,0,4,0,0,0,0,0,0,0,0,4,__MSG_name__,,,
0,0,0,0,1,1,0,0,0,0,0,69,0.2862099259339352,71.05365924916005,0.0803785749040384,7.719916851393429,3.080075718874554,86,7,57,0,0,0,0.0602396128932092,0.0041875639090422,0.0003408482251545,0.0,0.0027754784048303,0.0,0.0,0,0,0,0,0,0,1,0,0,0,0,0,0,0,0,1,__MSG_name__,,,
0,0,0,0,0,1,0,0,0,0,0,22,0.4066173436585389,37.784145887607,0.0731640613754786,6.485164763030064,3.3416383755086985,18,1,34,0,0,0,0.0571747407115662,0.003349460364719,0.0001860811313732,0.0,0.0063267584666914,0.0,0.0,0,0,0,0,0,0,0,0,0,0,0,0,0,0,0,0,Auto hide next up card for Amazon Prime Video,,,
0,0,0,0,0,1,0,0,0,0,0,61,0.5177748095906726,44.10571594848309,0.0879930349202039,3.5634445145166187,2.739589683416469,308,19,52,0,0,1,0.0631700651671221,0.0077933250676855,0.0004807570658637,2.530300346651148e-05,0.0013157561802585,0.0,0.0,1,0,0,4,0,2,23,0,0,0,0,0,0,0,0,21,Minimal Theme for Twitter / X,,,
0,0,0,0,0,1,0,0,0,0,1,24,0.3823428678180006,27.74567422434368,0.0861372882763201,6.977125729610349,3.573436398031017,89,7,42,0,0,0,0.054661618551822,0.0132756563245823,0.00104415274463,0.0,0.0062649164677804,0.0,0.0,0,0,0,1,0,0,1,0,0,0,0,0,0,0,0,1,搶票柴柴-售票網站篩選器,,,
0,0,0,0,0,1,0,0,0,0,0,59,0.3533946764316279,42.60667977167051,0.0791621586944912,4.2652298600851655,3.110834637749707,62,86,427,0,0,2,0.0670669271256437,0.0011718897667561,0.0016255245151778,3.780289570181076e-05,0.0080709182323365,0.0,0.0,1,0,0,0,0,0,33,0,0,0,0,0,0,0,0,30,Type Fu,,,
1,1,0,0,0,1,0,0,0,0,0,163,0.3713425250319404,36.808927270948594,0.1059335214681878,3.225045044305538,3.2170198803640635,216,125,121,0,0,5,0.0274175145393578,0.0011739258035413,0.0006793552103827,2.7174208415308863e-05,0.0006576158436504,0.0,0.0,2,3,0,0,0,0,3,0,0,0,0,0,0,0,0,3,Dashy New Tab Dashboard and Side Panel,,,
0,0,0,0,1,0,0,0,0,0,0,9,0.4597495628631056,45.03843157621397,0.1143324496587512,3.3332466586925995,3.2303082375876757,83,15,8,0,0,0,0.0645899422746892,0.0215528434172942,0.0038950921838483,0.0,0.0020773824980524,0.0,0.0,0,0,0,0,0,0,4,0,0,0,0,0,0,0,0,4,ato-ichinen,,,
0,0,0,0,0,0,0,0,0,0,0,5,0.2385699917065165,22.67376775271512,0.037497132572215,5.673632653061224,3.4339727634985784,8,1,5,0,0,0,0.0311836734693877,0.0033416875522138,0.0004177109440267,0.0,0.0020885547201336,0.0,0.0,31,0,0,73,0,0,2,0,0,0,0,0,0,0,0,2,CodeBeautify,,,
0,0,0,0,1,1,0,1,0,0,0,144,0.4127719772888298,75.25633583742385,0.0661860025235126,7.811789496903089,2.4901214283274693,4348,33,210,0,0,1,0.039464930816695,0.0245036434235219,0.0001859752145759,5.635612562907525e-06,0.0011834786382105,0.0,0.0,0,0,0,5,0,0,8,0,0,0,0,0,0,0,0,8,BugHerd: Visual Feedback & Bug Tracking Tool,,,
0,0,0,0,1,1,0,0,0,0,0,4,0.3418575896428831,48.105,0.1039202851116444,3.967468527982052,3.262436634185762,48,19,18,0,0,0,0.0086002742116415,0.0342857142857142,0.0135714285714285,0.0,0.0128571428571428,0.0,0.0,1,0,0,1,0,0,1,0,0,0,0,0,0,0,0,1,Webtime Tracker,,,
0,0,0,0,1,1,0,0,0,0,0,30,0.4742417784625118,49.53288590604027,0.0911640733572319,3.95798298203939,3.033101797200256,63,7,45,0,0,1,0.0622776918919598,0.0038438071995118,0.0004270896888346,6.101281269066504e-05,0.0027455765710799,0.0,0.0,0,0,0,0,0,0,4,0,0,0,0,0,0,0,0,4,Bubbles - AI Meeting Notes & Screen Recorder,,,
0,0,0,0,0,1,0,1,0,0,0,39,0.4742603079485886,59.469005921632856,0.0625044113391797,6.680706428775542,2.808339692315057,336,22,45,0,0,2,0.0520806082242283,0.0052916719163411,0.0003464785183318,3.149804712107849e-05,0.0007087060602242,0.0,0.0,1,0,0,0,0,0,1,0,0,0,0,0,0,0,0,1,Phantom - GMB Audit Tool,,,
0,0,0,0,0,0,0,0,0,0,0,1,0.3783511098299221,29.169565217391305,0.1060824445085038,5.475873544093178,3.1936589070047,6,1,5,0,0,1,0.0715474209650582,0.0260869565217391,0.0043478260869565,0.0043478260869565,0.0217391304347826,0.0,0.0,2,0,0,4,0,0,2,0,0,0,0,0,0,0,0,2,MindMeister Quick Access,,,
0,0,0,0,0,1,0,0,0,0,0,30,0.4593190663336867,47.24889219752561,0.0940550739396183,3.961673344851671,3.20360060572783,124,23,39,0,0,1,0.0843583428298349,0.00439576021837,0.0008153426211492,3.544967918040342e-05,0.0013825374880357,0.0,0.0,0,0,0,3,0,9,9,0,3,0,0,0,0,0,0,9,Dreamy - Anime HD New Tab Sharing App,,,
0,1,0,0,0,1,1,1,0,0,0,23,0.3668385186474798,44.19582428423137,0.0930499767261604,4.738830558138216,2.9731840127514744,43,0,19,0,0,0,0.0421654777223138,6.33130388050032e-05,0.0,0.0,2.797552877430374e-05,0.0,0.0,1,0,0,0,0,0,6,0,0,0,0,0,0,0,0,6,"Echoes-ChatGPT, Claude & Gemini Tool for Search, Label, Export & Summarize",,,
0,0,0,0,0,0,0,0,0,0,0,0,0.0,0.0,0.0,0.0,0.0,0,0,0,0,0,0,0.0,0.0,0.0,0.0,0.0,0.0,0.0,0,0,0,0,0,0,0,0,0,0,0,0,0,0,0,0,BodBot Personal Trainer,,,
0,0,0,0,0,1,1,0,0,0,0,36,0.2866266364741958,29.7671072217962,0.0838830703954221,4.464119111921715,3.478719472157301,216,24,55,0,0,0,0.0531899968433236,0.0048716676440073,0.0005412964048897,0.0,0.0012404709278722,0.0,0.0,2,1,0,10,1,0,26,0,0,0,0,1,0,0,0,26,Checker Plus for Google Drive™,,,
