All http domains,All https domains,webRequest,webRequestBlocking,tabs,storage,notifications,cookies,management,contextmenus,security_policy,dynamic_code_gen_functions,whitespace %,avg_line_length,specific_characters,word_size,string_entropy,DOM_operations,DOM_change_sinks,event_handlers,HTTP_scripts,modification_callbacks,XMLHttpRequests,keyword_density,DOM_operations_density,DOM_change_sinks_density,XMLHttpRequests_density,event_handlers_density,modification_callbacks_density,HTTP_scripts_density,num_background_image,num_behavior,num_import_rules,num_external_urls,num_iframe_tags,num_form_tags,num_script_tags,num_inline_event_handlers,num_password_inputs,num_meta_refresh,num_http_urls,num_javascript_urls,num_data_urls,num_external_iframe_src,num_external_script_src,num_script_src_attrs,Extension Name,num_embed_tags,num_external_form_actions,num_object_tags
0,0,0,0,1,1,0,0,0,0,1,56,0.4468987477660279,47.651178186989675,0.09418567495945335,4.069435534802305,3.1873464980012036,174,40,252,0,0,5,0.09050538805428335,0.004266483583846211,0.000980800823872692,0.0001226001029840865,0.00617904519039796,0.0,0.0,137,0,0,4,0,2,6,0,0,0,0,0,0,0,0,6,Cluster - Window & Tab Manager,,,
0,0,0,0,0,1,1,0,0,0,1,30,0.5432026025905663,47.01443325421772,0.0871266625249671,3.8914815406744445,2.894697208462246,99,9,21,0,0,0,0.06765222950295668,0.0063506318557957535,0.0005773301687087048,0.0,0.001347103726986978,0.0,0.0,1,0,0,3,0,0,7,0,0,0,0,0,0,0,0,7,__MSG_name__,,,
0,0,0,0,0,0,0,0,0,0,0,0,0.0,0.0,0.0,0.0,0.0,0,0,0,0,0,0,0.0,0.0,0.0,0.0,0.0,0.0,0.0,0,0,0,0,0,0,0,0,0,0,0,0,0,0,0,0,__MSG_ext_name__,,,
0,0,0,0,0,0,0,0,0,0,0,0,0.0,0.0,0.0,0.0,0.0,0,0,0,0,0,0,0.0,0.0,0.0,0.0,0.0,0.0,0.0,0,0,0,0,0,0,0,0,0,0,0,0,0,0,0,0,Minimalist Snow Water,,,
0,1,0,0,0,1,0,0,0,0,0,44,0.4745980558931351,52.09040526498095,0.07885886041119991,4.602674767424216,2.936838161021465,591,21,96,0,0,0,0.07928587269904636,0.007873491247235619,0.00027976872452106257,0.0,0.0012789427406677146,0.0,0.0,0,0,0,0,0,0,2,0,0,0,0,0,0,0,0,2,__MSG_extName__,,,
1,1,0,0,0,1,0,1,0,0,1,27,0.3783898419925739,46.229312,0.10516437650757514,4.345925760345032,3.181382406950405,116,11,13,0,0,1,0.07225414524463847,0.007424,0.000704,6.4e-05,0.000832,0.0,0.0,36,0,0,4,0,8,20,0,5,0,0,0,0,0,0,20,__MSG_extName__,,,
0,0,0,0,0,1,0,0,0,0,0,4,0.3108430626330388,28.76391554702495,0.07985551183641876,6.0048,2.8996131307375155,49,0,0,0,0,0,0.0168,0.09404990403071017,0.0,0.0,0.0,0.0,0.0,1,0,0,5,1,0,2,0,0,0,0,0,0,1,0,2,__MSG_lime_start_page__,,,
0,0,1,0,0,1,0,0,0,0,1,68,0.3548371077435761,58.59492997235238,0.08455281542507719,5.290042657146428,2.972760904045718,462,102,59,0,0,2,0.05534817805173093,0.0059968068950299195,0.001323970353448164,2.5960203008787527e-05,0.0007658259887592321,0.0,0.0,19,0,0,1,0,1,19,0,0,0,0,0,0,0,0,19,Check My Links,,,
0,1,0,0,1,1,0,0,0,0,0,19,0.43979603513688487,43.045114902016074,0.09494033019453005,4.221638106792027,2.834674844901151,189,22,26,0,0,3,0.06455037153111257,0.006661497250810658,0.0007754123784012406,0.00010573805160016917,0.0009163964472014663,0.0,0.0,46,1,0,25,2,3,38,0,2,0,0,0,0,2,0,38,GMB Crush - GBP Audits for Quick Local SEO Insights,,,
0,1,0,0,0,1,0,0,0,0,0,52,0.5044450697499915,24.250597480891376,0.09462763054674443,3.166148426896417,2.6789264952789402,71,142,12,0,0,1,0.05729537851173643,0.0007643449241037787,0.0015286898482075573,1.0765421466250403e-05,0.00012918505759500483,0.0,0.0,0,0,0,0,0,0,0,0,0,0,0,0,0,0,0,0,JONI,,,
0,1,0,0,0,1,1,0,0,0,0,14,0.5991368313720594,47.65970028351559,0.07820083028997721,3.3283179381339507,2.4148144661433157,73,1,24,0,0,0,0.03138607132969218,0.0014783313082219521,2.025111381125962e-05,0.0,0.0004860267314702309,0.0,0.0,0,2,0,6,0,0,2,0,0,0,0,0,0,0,0,2,__MSG_extensionName__,,,
0,0,0,0,0,1,0,0,0,0,0,5,0.41837218490715133,15.319148936170214,0.10869221651521138,5.623541349568747,3.343577970202742,19,8,22,0,0,2,0.1050228310502283,0.012250161186331399,0.0051579626047711154,0.0012894906511927789,0.014184397163120567,0.0,0.0,0,0,0,0,0,0,0,0,0,0,0,0,0,0,0,0,Сайдекс-сканер цен,,,
0,0,0,0,0,0,0,0,0,0,0,0,0.0,0.0,0.0,0.0,0.0,0,0,0,0,0,0,0.0,0.0,0.0,0.0,0.0,0.0,0.0,0,0,0,0,0,0,0,0,0,0,0,0,0,0,0,0,Fuwamoco Color,,,
0,0,0,0,0,0,0,0,0,0,0,12,0.5252563184461949,38.677408177408175,0.08652821686199849,3.7718295739348373,2.311275310150888,20,3,9,0,0,0,0.037092731829573934,0.00693000693000693,0.0010395010395010396,0.0,0.0031185031185031187,0.0,0.0,2,3,0,0,0,0,2,0,0,0,0,0,0,0,0,2,Phone and Email Finder by Nymeria,,,
0,0,0,0,0,1,0,0,0,0,0,12,0.4061694965648328,30.581019450033534,0.10643602731143746,3.5143433315771304,2.9991291774563007,14,1,21,0,0,0,0.05788201951201788,0.0009389671361502347,6.70690811535882e-05,0.0,0.0014084507042253522,0.0,0.0,0,0,0,0,0,0,2,0,0,0,0,0,0,0,0,2,__MSG_app_name__,,,
0,1,0,0,0,1,0,0,0,0,0,95,0.49442091229522667,44.24870534828886,0.08326833752366573,3.994280201589946,2.8223050832518917,275,70,89,0,0,0,0.05206598064230437,0.003030035919698539,0.000771281870468719,0.0,0.0009806298067388,0.0,0.0,9,1,1,0,0,0,3,0,0,0,0,0,0,0,0,3,__MSG_name__,,,
0,1,0,0,0,1,0,0,0,0,0,39,0.0382805646323289,541.9899513908746,0.03213192182147003,115.42839249961145,2.9572931080480607,197,6,90,0,0,3,0.12933233376911896,0.0040235284506351865,0.00012254401372492954,6.127200686246477e-05,0.001838160205873943,0.0,0.0,1,0,0,0,0,0,2,0,0,0,0,0,0,0,0,2,Glif: Remix the web with AI,,,
1,1,1,0,1,1,0,0,0,0,1,8,0.3545054806336917,30.398282694848085,0.07988470682291557,6.6783704100777275,3.1917325799284226,31,2,11,0,1,0,0.06191369606003752,0.02047556142668428,0.001321003963011889,0.0,0.00726552179656539,0.0006605019815059445,0.0,0,0,0,0,0,0,1,0,0,0,0,0,0,0,0,1,Seedr,,,
0,0,0,0,0,0,0,0,0,0,0,0,0.0,0.0,0.0,0.0,0.0,0,0,0,0,0,0,0.0,0.0,0.0,0.0,0.0,0.0,0.0,0,0,0,0,0,0,0,0,0,0,0,0,0,0,0,0,__MSG_appName__,,,
0,1,0,0,1,1,0,0,0,0,1,131,0.413907946891528,35.93819542019519,0.07606032146982307,5.681819310310583,3.178300552600156,325,12,22,0,0,2,0.07701283547257877,0.0061709641894201195,0.0002278509854555121,3.797516424258535e-05,0.00041772680666843885,0.0,0.0,67,0,0,7,2,1,0,0,0,0,0,2,8,2,0,0,__MSG_appName__,,,
0,0,0,0,0,1,0,0,0,0,1,72,0.25761116385242766,98.56731902529945,0.0413204700496998,15.884616621225371,2.668412894232573,130,13,63,0,0,5,0.057214234271310255,0.0017816517282021763,0.00017816517282021765,6.852506646931448e-05,0.0008634158375133623,0.0,0.0,0,0,0,0,0,0,2,0,0,0,0,0,0,0,0,2,__MSG_name__,,,
0,0,0,0,0,0,0,0,0,0,0,5,0.45874178183657693,43.83386137083688,0.09735200411586824,3.818818948734588,3.046805986734085,169,20,35,0,0,0,0.056240536448193816,0.006529634495015841,0.0007727378100610462,0.0,0.001352291167606831,0.0,0.0,3,0,0,5,0,0,2,0,0,0,0,0,0,0,0,2,High-Custom New Tab,,,
0,0,0,0,0,1,0,0,0,0,0,13,0.3625582517416682,36.242454122158314,0.04628218555827528,5.584548921786599,2.439933474316479,63,44,33,0,0,0,0.029842922473473962,0.003451109285127362,0.0024102985483429196,0.0,0.0018077239112571897,0.0,0.0,23,0,0,9,0,5,33,0,8,0,0,0,0,0,0,33,__MSG_extension_name__,,,
0,0,0,0,0,0,0,0,0,0,0,0,0.0,0.0,0.0,0.0,0.0,0,0,0,0,0,0,0.0,0.0,0.0,0.0,0.0,0.0,0.0,0,0,0,0,0,0,0,0,0,0,0,0,0,0,0,0,Dark Legends,,,
0,0,1,1,0,1,1,0,0,0,1,102,0.3271500602200584,54.53338515603492,0.060149485723617634,5.309623755387528,3.092436475569164,315,102,162,0,0,7,0.041766039592312544,0.00510129718699898,0.001651848612933003,0.00011336215971108843,0.0026235242675994755,0.0,0.0,58,1,1,0,1,0,2,0,0,0,0,0,0,0,0,2,Free Email Tracker by Saleshandy,,,
0,1,0,0,0,1,0,1,0,0,0,290,0.5103803489757284,25.307777353716002,0.07254887827567438,3.6907879200289684,2.5283739743436504,365,53,188,0,0,21,0.03463396757146331,0.0003991527027012249,5.795915957031485e-05,2.2964950018426637e-05,0.00020559098111734323,0.0,0.0,21,0,0,0,0,0,2,0,0,0,0,0,0,0,0,2,__MSG_extensionName__,,,
0,0,0,0,0,0,0,0,0,0,0,5,0.28308556326395773,19.99653259361997,0.10356788899900891,6.110230547550432,3.3899747979056514,85,8,12,0,0,1,0.06412103746397695,0.05894590846047157,0.005547850208044383,0.0006934812760055479,0.008321775312066574,0.0,0.0,0,0,0,8,0,1,8,0,0,0,0,0,0,0,0,8,Ekoru Search,,,
0,1,0,0,0,0,0,0,0,0,0,0,0.21232876712328766,15.636363636363637,0.08904109589041095,5.464285714285714,3.338967389056566,2,0,0,0,0,0,0.023809523809523808,0.045454545454545456,0.0,0.0,0.0,0.0,0.0,0,0,0,0,0,0,0,0,0,0,0,0,0,0,0,0,Google UDM=14,,,
0,0,0,0,1,1,1,0,0,0,0,274,0.41504113243278873,40.23031738382336,0.08027168142756363,4.444701213326098,2.9044487474503713,6070,117,497,0,0,6,0.03495685496338664,0.005214279394318927,0.00010050587959395625,5.154147671484936e-06,0.00042693523212133553,0.0,0.0,52,10,0,0,0,0,20,0,0,0,0,0,0,0,0,20,Dropbox Dash,,,
0,0,0,0,0,0,0,0,0,0,0,0,0.0,0.0,0.0,0.0,0.0,0,0,0,0,0,0,0.0,0.0,0.0,0.0,0.0,0.0,0.0,0,0,0,0,0,0,0,0,0,0,0,0,0,0,0,0,Lenses,,,
0,0,0,0,0,0,0,0,0,0,0,0,0.0,0.0,0.0,0.0,0.0,0,0,0,0,0,0,0.0,0.0,0.0,0.0,0.0,0.0,0.0,0,0,0,0,0,0,0,0,0,0,0,0,0,0,0,0,River Pond,,,
0,0,0,0,0,1,0,0,0,0,0,172,0.4610371076320507,45.52495360385213,0.09479791313872528,3.6840382561864526,2.8659752979259876,301,19,177,0,0,1,0.06883379502814017,0.003774389326378091,0.0002382504890404775,1.2539499423183027e-05,0.0022194913979033956,0.0,0.0,1,0,0,0,0,0,5,0,0,0,0,0,0,0,0,5,__MSG_name__,,,
0,0,0,0,1,1,1,0,0,0,1,71,0.4235058103453298,40.86361774616945,0.11066350294636462,3.51814456072037,2.9198233461162872,1984,56,39,0,0,8,0.06085957653930397,0.018468527172192953,0.000521289073408672,7.446986762981029e-05,0.00036304060469532514,0.0,0.0,0,0,0,1,0,0,1,0,0,0,0,0,0,0,0,1,Clay for Chrome,,,
0,1,0,0,0,1,0,0,0,0,0,350,0.48145509922136154,44.28661416500059,0.09471112311793792,3.748427233049289,2.603237423460897,3714,252,452,0,0,44,0.04394594637803962,0.0064680845135178435,0.0004388684161029878,7.662781868464866e-05,0.0007871766828513908,0.0,0.0,0,0,0,0,0,0,5,0,0,0,0,0,0,0,0,5,__MSG_extensionName__,,,
0,0,0,0,1,1,0,0,0,0,0,51,0.42815289068901563,42.34810568226908,0.06461833511564398,6.013519724090526,3.0913358133910225,261,82,32,0,0,1,0.0711673800189428,0.0035710865133334246,0.0011219505520817655,1.368232380587519e-05,0.0004378343617880061,0.0,0.0,330,0,0,0,0,2,10,0,0,0,0,0,0,0,0,10,MuteTab,,,
0,0,0,0,0,1,0,0,0,0,0,31,0.5852742915733731,63.219723631488336,0.07620588984685374,3.950094796981766,2.5057083283877613,94,12,43,0,0,0,0.06341854458003028,0.0014321190791779027,0.00018282371223547693,0.0,0.0006551183021771257,0.0,0.0,0,0,0,0,0,0,0,0,0,0,0,0,0,0,0,0,__MSG_appName__,,,
1,1,0,0,0,1,0,0,0,0,0,26,0.470247506000079,41.800782472613456,0.09996255892216498,3.5621890547263684,2.880385383430864,124,6,24,0,0,1,0.06736796244764877,0.0038810641627543036,0.00018779342723004695,3.129890453834116e-05,0.0007511737089201878,0.0,0.0,0,0,0,0,0,0,1,0,0,0,0,0,0,0,0,1,__MSG_extName__,,,
0,0,1,0,0,0,0,0,0,0,0,0,0.21428571428571427,27.04,0.10523809523809524,6.363207547169812,3.312234456172331,0,2,0,0,0,0,0.02358490566037736,0.0,0.02666666666666667,0.0,0.0,0.0,0.0,2,1,0,1,0,0,1,0,0,0,0,0,0,0,0,1,Pixel Helper for LinkedIn,,,
0,0,0,0,0,1,0,0,0,0,0,11,0.382574489454302,46.05825402034788,0.11071936725811851,3.916812609457093,3.3108762404735095,76,18,12,0,0,0,0.06273455091318489,0.012471283229405973,0.002953724975385625,0.0,0.001969149983590417,0.0,0.0,18,0,1,2,0,0,4,0,0,0,2,0,0,0,0,4,Tab to Window/Popup - Keyboard Shortcut,,,
0,0,0,0,0,0,0,0,0,0,0,2,0.26408211740753307,30.778975741239893,0.09009161859518154,7.648846960167715,3.8715383478493126,9,0,1,0,0,2,0.12159329140461216,0.02425876010781671,0.0,0.005390835579514825,0.0026954177897574125,0.0,0.0,0,0,0,3,0,0,0,0,0,0,3,0,0,0,0,0,Reduza: Testador de cupons para suas compras,,,
0,0,0,0,0,0,0,0,0,0,0,0,0.0,0.0,0.0,0.0,0.0,0,0,0,0,0,0,0.0,0.0,0.0,0.0,0.0,0.0,0.0,0,0,0,0,0,0,0,0,0,0,0,0,0,0,0,0,Bulk Resize Photos,,,
0,0,0,0,0,1,0,0,0,0,0,0,0.23156119125174499,29.541740674955594,0.07963006049325268,7.747725392886683,3.712909518482507,1,0,8,0,0,0,0.02481389578163772,0.0017761989342806395,0.0,0.0,0.014209591474245116,0.0,0.0,2,0,0,0,0,1,1,0,0,0,0,0,0,0,0,1,Text Mode,,,
0,1,0,0,0,1,0,0,0,0,0,61,0.5618059164637983,42.19358207538213,0.07682713461215335,3.7027612423685543,2.6504732850658312,1587,19,83,0,0,0,0.03358568761412363,0.016741036108737617,0.00020042828359547244,0.0,0.0008755551336012743,0.0,0.0,0,0,0,0,0,0,2,0,0,0,0,0,0,0,0,2,__MSG_name__,,,
0,0,0,0,1,1,1,1,0,0,0,71,0.5236679642466585,63.27446792162889,0.07297895261816768,3.7294422367491262,2.677298105631495,443,198,77,0,0,1,0.046039179650870676,0.0068075297733384554,0.0030426431041106414,1.5366884364195158e-05,0.0011832500960430273,0.0,0.0,0,0,0,0,0,0,1,0,0,0,0,0,0,0,0,1,__MSG_extName__,,,
0,1,0,0,1,1,0,0,0,0,0,34,0.32961233112978183,44.598495690085535,0.15487923530412148,3.309135833902346,2.549705425432692,159,19,11,0,0,2,0.036357008112768645,0.00529170965487403,0.0006323426631610477,6.656238559589975e-05,0.00036609312077744865,0.0,0.0,0,0,0,1,0,0,4,0,0,0,0,0,0,0,0,4,Talkdesk Click-to-Call Extension,,,
0,0,0,0,1,1,0,1,0,0,0,52,0.4122943453118522,55.222901108848156,0.0851667576119475,5.316912286284415,2.7837733450637887,73,12,51,0,0,2,0.061003825169215674,0.0023599392234830117,0.0003879352148191252,6.465586913652086e-05,0.0016487246629812821,0.0,0.0,0,0,0,0,0,0,1,0,0,0,0,0,0,0,0,1,__MSG_name__,,,
0,0,0,0,0,1,0,0,0,0,0,30,0.2825632286300786,33.17902051621443,0.0866319377202835,7.1582166803905425,3.5926911045441177,154,3,23,0,0,0,0.02952593812492648,0.050959629384513566,0.0009927200529450694,0.0,0.007610853739245533,0.0,0.0,6,0,0,8,0,0,2,0,0,0,1,0,0,0,0,2,stopRU,,,
0,1,0,0,0,1,0,0,0,0,0,13,0.41828069020600944,38.283537840731285,0.08078538081452023,5.607513729405891,3.0150356390567286,43,5,35,0,0,1,0.049251123315027456,0.0035411348101787037,0.00041175986164868647,8.23519723297373e-05,0.0028823190315408055,0.0,0.0,0,0,0,6,0,0,1,0,0,0,0,0,0,0,0,1,__MSG_appName__,,,
0,0,0,0,1,1,0,0,0,0,0,98,0.44636411517974356,48.66112343630567,0.09132029941057157,3.9082461238193034,2.952172942782011,176,6,75,0,0,0,0.08234835740243095,0.0032811946531441675,0.0001118589086299148,0.0,0.001398236357873935,0.0,0.0,0,0,0,0,0,0,3,0,0,0,0,0,0,0,0,3,__MSG_name__,,,
1,1,1,0,0,1,0,0,0,0,0,18,0.3209992193598751,47.13359774553805,0.0709515135744644,6.902183502426114,3.1972673604981154,222,31,50,0,0,3,0.05012130569033966,0.023170858991754514,0.003235570399749504,0.00031311971610479075,0.0052186619350798455,0.0,0.0,0,2,0,6,2,0,11,0,0,0,0,0,0,0,0,11,__MSG_extName__,,,
0,0,0,0,1,1,0,0,0,0,0,79,0.5860482398165593,53.23786617231074,0.08073678013456327,3.572402421706744,2.643276213090792,507,11,45,0,0,2,0.04425026239998838,0.008102536237674396,0.00017579467182331037,3.196266760423825e-05,0.0007191600210953606,0.0,0.0,0,0,0,0,0,0,7,0,0,0,0,0,0,0,0,7,Bluedot: AI notetaker & Meeting Recorder,,,
0,1,0,0,0,1,0,0,0,0,0,98,0.4197488881000569,49.93281016840759,0.09000131055393532,4.081525885558583,2.9212807076514884,1260,83,175,0,0,3,0.04141174451286232,0.005595821786399488,0.00036861365735806154,1.3323385205713067e-05,0.0007771974703332622,0.0,0.0,0,0,0,0,0,0,4,0,0,0,0,0,0,0,0,4,__MSG_appName__,,,
0,0,0,0,1,1,1,0,0,0,0,5252,0.41598675834900894,40.61155589014207,0.09001903791721245,3.860357788626099,2.6349763871971654,12159,4203,9090,0,0,150,0.053580544180767714,0.0026348688123977305,0.0009107947708288232,3.250516669624637e-05,0.00196981310179253,0.0,0.0,60,0,0,0,0,0,2,0,0,0,0,0,0,0,0,2,__MSG_extensionName__,,,
0,0,0,0,0,0,0,0,0,0,0,0,0.0,0.0,0.0,0.0,0.0,0,0,0,0,0,0,0.0,0.0,0.0,0.0,0.0,0.0,0.0,0,0,0,0,0,0,0,0,0,0,0,0,0,0,0,0,World is Your Oyster,,,
0,0,0,0,0,0,0,0,0,0,0,0,0.0,0.0,0.0,0.0,0.0,0,0,0,0,0,0,0.0,0.0,0.0,0.0,0.0,0.0,0.0,0,0,0,0,0,0,0,0,0,0,0,0,0,0,0,0,Seekly: Your Private Search Helper,,,
0,0,0,0,1,1,0,0,0,0,0,5,0.1104334813353067,252.54419613075385,0.039924354546949516,28.907610639248993,2.6028350099963884,426,4,14,0,0,0,0.035113991953509165,0.03552368245496998,0.000333555703802535,0.0,0.0011674449633088727,0.0,0.0,0,0,0,0,0,0,2,0,0,0,0,0,0,0,0,2,Sniply Browser Extension,,,
0,1,0,0,1,0,1,0,0,0,1,196,0.5285400063139742,56.84298634230739,0.0842857545557191,3.976459948538051,2.5406255987473316,483,33,83,0,0,14,0.06934413388529291,0.0025323092248407475,0.00017301491598290824,7.340026738668833e-05,0.00043515872807822374,0.0,0.0,7,0,0,0,0,0,7,0,0,0,0,0,0,0,0,7,Octopus - All-in-One LinkedIn Automation,,,
0,0,0,0,0,0,0,0,0,0,0,9,0.5036286836245979,43.55810959911732,0.10310950432408675,3.474724236386418,2.8495420418740665,55,4,10,0,0,1,0.04744982848222172,0.00505700625229864,0.0003677822728944465,9.194556822361162e-05,0.0009194556822361162,0.0,0.0,0,0,0,0,0,0,3,0,0,0,0,0,0,0,0,3,Online Tools by 10015.io,,,
0,0,0,0,1,1,0,0,0,0,0,23,0.47010171405057216,58.778905664840146,0.08405125797278833,4.634143572393592,2.915714235710781,846,24,56,0,0,0,0.038873309794393796,0.01667520794733315,0.00047305554460519574,0.0,0.0011037962707454566,0.0,0.0,0,0,0,0,0,0,5,0,0,0,0,0,0,0,0,5,__MSG_name__,,,
0,1,0,0,1,1,0,0,0,0,0,84,0.5333029209728091,25.89747952708932,0.0939212664311809,3.372958850424559,2.448953570177311,384,46,104,0,0,0,0.053751007702673284,0.0026031780465318077,0.0003118390368241228,0.0,0.0007050273876023646,0.0,0.0,87,16,2,17,0,0,11,0,0,0,1,0,0,0,0,11,__MSG_extName__,,,
0,0,0,0,0,0,0,0,0,0,1,481,0.43691384956364593,66.34419484151739,0.07095605854487484,3.642610030613335,2.873416072441555,1958,387,659,0,0,14,0.04503314046539762,0.002922204876709221,0.000577575734058462,2.089421260159811e-05,0.000983520436032368,0.0,0.0,10,2,0,2,0,0,17,0,0,0,0,0,0,0,0,17,__MSG_extName__,,,
0,0,0,0,0,1,0,0,0,0,0,0,0.2704271123491179,12.855305466237942,0.11211699164345404,6.397932816537468,3.952668699954297,20,0,8,0,0,0,0.1731266149870801,0.06430868167202572,0.0,0.0,0.02572347266881029,0.0,0.0,0,0,0,0,1,0,1,0,0,0,0,0,0,0,0,1,aB Fish,,,
0,0,0,0,0,1,0,0,0,0,0,3,0.3552948488850905,21.94830659536542,0.0992929842281097,6.387221684414327,3.6696830798466946,16,5,4,0,0,0,0.09874152952565343,0.0285204991087344,0.008912655971479501,0.0,0.0071301247771836,0.0,0.0,0,0,0,0,0,0,1,0,0,0,0,0,0,0,0,1,I'm a Gentleman,,,
0,0,0,0,0,0,0,0,0,0,0,0,0.0,0.0,0.0,0.0,0.0,0,0,0,0,0,0,0.0,0.0,0.0,0.0,0.0,0.0,0.0,0,0,0,0,0,0,0,0,0,0,0,0,0,0,0,0,Crossbone Skull,,,
0,0,0,0,0,0,0,0,0,0,0,0,0.0,0.0,0.0,0.0,0.0,0,0,0,0,0,0,0.0,0.0,0.0,0.0,0.0,0.0,0.0,0,0,0,0,0,0,0,0,0,0,0,0,0,0,0,0,God Of War,,,
0,0,0,0,0,0,0,0,0,0,1,0,0.39756816507000736,18.62168674698795,0.0816752640628838,5.803545051698671,3.2496298962836065,9,0,1,0,0,0,0.033973412112259974,0.021686746987951807,0.0,0.0,0.0024096385542168677,0.0,0.0,0,0,0,57,0,0,1,0,0,0,0,0,0,0,0,1,iLovePDF 2 - Chrome Extension,,,
0,0,0,0,1,0,0,0,0,0,0,58,0.4387841306282486,37.18558192507772,0.10369052532470045,4.068810587746929,3.291115810553072,153,14,25,0,0,0,0.04192611041926111,0.004709576138147566,0.00043094160741219563,0.0,0.0007695385846646351,0.0,0.0,0,0,0,0,0,0,1,0,0,0,0,0,0,0,0,1,Tandem Health,,,
0,0,0,0,1,1,1,0,0,0,0,40,0.45429584665380024,19.153399951872537,0.09231641322429351,3.762020832707952,3.024970128054538,288,33,70,0,0,0,0.053654729384924806,0.0036475549982902086,0.00041794901022075304,0.0,0.0008865585065288701,0.0,0.0,13,0,0,13,0,0,10,0,0,0,0,0,0,0,0,10,Price History - Price Tracker & Alerts,,,
0,0,0,0,0,0,0,0,0,0,0,0,0.0,0.0,0.0,0.0,0.0,0,0,0,0,0,0,0.0,0.0,0.0,0.0,0.0,0.0,0.0,0,0,0,0,0,0,0,0,0,0,0,0,0,0,0,0,oTranscribe,,,
0,0,0,0,0,0,0,0,0,0,0,0,0.0,0.0,0.0,0.0,0.0,0,0,0,0,0,0,0.0,0.0,0.0,0.0,0.0,0.0,0.0,0,0,0,0,0,0,0,0,0,0,0,0,0,0,0,0,__MSG_appName__,,,
0,1,0,0,0,1,0,0,0,0,0,65,0.053028179493493414,389.25336383352936,0.04668411474100537,29.10326340553372,2.8524098280321124,1635,48,85,0,0,6,0.047860683918849165,0.017641917627890417,0.0005179278569655901,6.474098212069877e-05,0.0009171639133765659,0.0,0.0,0,0,0,0,0,0,2,0,0,0,0,0,0,0,0,2,__MSG_appName__,,,
0,0,0,0,0,1,0,0,0,0,0,13,0.5232624464441522,38.15040277352911,0.09007279688497051,3.6938225598394725,3.245910331859332,55,2,31,0,0,0,0.09213128851942096,0.005608239012949934,0.00020393596410727031,0.0,0.00316100744366269,0.0,0.0,0,0,0,0,0,0,1,0,0,0,0,0,1,0,0,1,Save my Chatbot - AI Conversation Exporter,,,
0,0,0,0,0,0,1,0,0,0,0,0,0.0,0.0,0.0,0.0,0.0,0,0,0,0,0,0,0.0,0.0,0.0,0.0,0.0,0.0,0.0,0,0,0,0,0,0,0,0,0,0,0,0,0,0,0,0,Learn German - Wie Geht's,,,
0,0,0,0,0,1,0,0,0,0,0,30,0.4541642708106031,47.728721575561124,0.054517841211479214,6.746244308514237,3.184440387350765,173,8,44,0,0,3,0.057748063579252294,0.0014161059541934744,6.548466840201037e-05,2.4556750650753894e-05,0.0003601656762110571,0.0,0.0,0,0,0,0,0,0,5,0,0,0,0,0,0,0,0,5,__MSG_AppName__,,,
0,0,0,0,1,1,1,1,0,0,1,377,0.4595067305787392,45.85362715894829,0.07887961826229671,4.605189449846209,2.5550503338015975,3002,338,623,0,0,17,0.04732096247807684,0.00944259737481953,0.001063157199430047,5.347240352162959e-05,0.001959606317292661,0.0,0.0,11,5,0,5,0,0,27,0,0,0,0,0,0,0,3,26,"TwinMind - Chat with Tabs, Meeting Notes, Ask Anything",,,
1,1,0,0,1,0,0,1,0,0,0,38,0.5456526766968333,43.812501682504646,0.08313964839350131,3.6177089156883104,2.6257173832116685,72,10,61,0,0,0,0.06064478343050342,0.0019382453495571648,0.00026920074299405065,0.0,0.001642124532263709,0.0,0.0,0,0,0,0,0,0,2,0,0,0,0,0,0,0,0,2,Gener8,,,
0,0,0,0,0,0,1,0,0,0,0,0,0.0,0.0,0.0,0.0,0.0,0,0,0,0,0,0,0.0,0.0,0.0,0.0,0.0,0.0,0.0,0,0,0,0,0,0,0,0,0,0,0,0,0,0,0,0,Покер,,,
0,0,0,0,0,0,0,0,0,0,0,0,0.0,0.0,0.0,0.0,0.0,0,0,0,0,0,0,0.0,0.0,0.0,0.0,0.0,0.0,0.0,0,0,0,0,0,0,0,0,0,0,0,0,0,0,0,0,__MSG_ext_name__,,,
0,0,1,1,1,0,0,0,0,0,0,845,0.4204481480037752,40.71563163678113,0.11220520852897506,3.5641529933516596,3.255887442604831,4230,808,472,0,0,2,0.05956597426665509,0.010421748192824515,0.001990726368747567,4.927540516701899e-06,0.0011628995619416482,0.0,0.0,9017,0,0,2,0,0,1,0,0,0,1,0,0,0,0,1,"Web Boost - Wait Less, Browse Faster!",,,
0,0,0,0,1,1,1,0,0,0,0,91,0.397482878211745,35.75279890774332,0.0941397180377807,4.085467413098287,3.2039245335985753,248,27,51,0,0,0,0.0557838524606436,0.004837136727130876,0.000526623756582797,0.0,0.000994733762434172,0.0,0.0,80,0,0,0,0,0,3,0,0,0,0,0,0,0,0,3,PrettyMerch for Merch by Amazon™,,,
0,0,0,0,0,1,0,0,0,0,0,12,0.4294707842082658,45.4,0.08410882258482659,4.967234600262123,3.330658210180626,154,14,53,0,0,0,0.09340323285277413,0.027648114901256734,0.0025134649910233393,0.0,0.009515260323159785,0.0,0.0,1,0,0,7,0,2,9,2,0,0,1,0,0,0,0,7,__MSG_appName__,,,
0,0,0,0,0,0,0,0,0,0,0,0,0.0,0.0,0.0,0.0,0.0,0,0,0,0,0,0,0.0,0.0,0.0,0.0,0.0,0.0,0.0,0,0,0,0,0,0,0,0,0,0,0,0,0,0,0,0,Wolf,,,
0,0,0,0,0,1,1,0,0,0,0,35,0.4326823475385173,45.18050091162077,0.10329260905838925,3.6602189119294595,2.7718871718100897,95,9,17,0,0,2,0.06796385185750685,0.004558103828807216,0.0004318203627291047,9.59600806064677e-05,0.0008156606851549756,0.0,0.0,10,0,0,0,0,0,6,0,0,0,0,0,0,0,0,6,__MSG_appName__,,,
0,0,0,0,1,1,0,0,0,0,0,10,0.5358439325840885,47.59472591199405,0.08184201996158628,3.7652056327520285,2.618483316016883,48,8,24,0,0,0,0.04449314557493239,0.001880804043728694,0.000313467340621449,0.0,0.000940402021864347,0.0,0.0,0,0,0,0,0,0,2,0,0,0,0,0,0,0,0,2,__MSG_appName__,,,
1,1,0,0,1,1,0,0,0,0,1,23,0.46038342899339296,52.546300108387875,0.05569100728489353,6.640198064578652,3.2165290105921516,120,7,36,0,0,1,0.05606215129881816,0.0010082593242982094,5.881512725072889e-05,8.402161035818412e-06,0.00030247779728946286,0.0,0.0,11,0,0,0,0,0,4,0,0,0,0,0,0,0,0,4,Content Security Policy (CSP) Generator,,,
0,1,0,0,1,1,1,1,0,0,0,403,0.33765173522560954,59.28514155058404,0.048858870925648036,3.431148051639252,3.1605784717407506,2790,137,249,0,0,22,0.02345763941158391,0.0021257159053073562,0.00010438103190935765,1.6761917532889548e-05,0.00018971443025861352,0.0,0.0,26,0,1,0,0,0,1,0,0,0,0,0,0,0,0,1,SearchAtlas SEO by LinkGraph,,,
0,1,0,0,0,1,0,0,0,0,1,12,0.36329404060248854,29.853535353535353,0.08382449246889326,6.265120967741935,3.4537789793815974,25,0,8,0,0,0,0.0846774193548387,0.06313131313131314,0.0,0.0,0.020202020202020204,0.0,0.0,0,0,0,0,0,0,1,0,0,0,0,0,0,0,0,1,OA.mg,,,
0,0,0,0,0,0,0,0,0,0,0,0,0.0,0.0,0.0,0.0,0.0,0,0,0,0,0,0,0.0,0.0,0.0,0.0,0.0,0.0,0.0,0,0,0,0,0,0,0,0,0,0,0,0,0,0,0,0,Webchemy,,,
0,0,0,0,1,0,0,0,0,0,0,38,0.4210909362345345,42.951404551978676,0.12362606602347584,3.697897663104856,3.20646601392918,106,15,19,0,0,2,0.058552688732516726,0.021734672954685258,0.003075661267172442,0.0004100881689563256,0.0038958376050850932,0.0,0.0,0,0,0,0,0,0,0,0,0,0,0,0,0,0,0,0,SCheckPro,,,
0,0,0,0,0,1,0,0,0,0,0,55,0.3632416663823399,56.493441216133384,0.10368188952198983,4.583883696780893,3.2700084003015357,200,63,62,0,0,0,0.0642159916926272,0.024518818192963098,0.007723427730783376,0.0,0.0076008336398185605,0.0,0.0,18,0,0,1,0,0,5,0,0,0,0,0,0,0,0,5,Steamlvlup Card Factory,,,
0,0,0,0,1,1,0,0,0,0,0,157,0.5234503442616315,49.688988539366086,0.07334940255611042,4.138251861147143,2.446473473630036,240,52,137,0,0,2,0.06690964976594664,0.0017907240494239838,0.00038799021070852984,1.4922700411866532e-05,0.0010222049782128574,0.0,0.0,11,0,0,0,0,0,14,0,0,0,0,0,0,0,0,14,__MSG_name__,,,
0,1,0,0,0,1,0,0,0,0,1,13,0.41333053934169506,66.72354024482722,0.07496428862786751,4.633234530073936,3.0862579024281422,276,41,115,0,0,3,0.03300472923466329,0.029899252518687032,0.0044415556277759725,0.00032499187520311994,0.012458021882786264,0.0,0.0,0,0,0,27,0,0,3,0,0,0,0,0,0,0,0,3,"AI Code Finder, Alerts, Ask Questions about Papers: CatalyzeX",,,
0,0,0,0,1,1,0,0,0,0,0,6,0.4695862080082533,48.01185068141418,0.10896898575020955,3.4158419624775513,3.0502026034142227,94,6,29,0,0,0,0.04856520576210309,0.018566067548884062,0.0011850681414181316,0.0,0.005727829350187636,0.0,0.0,2,0,0,13,1,0,2,0,0,0,0,0,0,0,0,2,Linkclump Plus,,,
0,0,0,0,0,1,1,1,0,0,0,78,0.3977012667295041,46.88249124101051,0.08725096494614691,4.865130801861115,3.181992386630172,106,17,43,0,0,0,0.041875083452306366,0.004886594136087037,0.0007836990595611285,0.0,0.0019822976212428545,0.0,0.0,9,0,2,3,0,3,12,0,0,0,0,0,0,0,0,12,__MSG_appName__,,,
0,0,0,0,0,1,0,0,0,0,0,26,0.45404348217511536,47.86041678693067,0.06902545419660007,5.7840372017587205,2.768188039139252,157,14,59,0,0,2,0.06588867348361019,0.0018126190613635051,0.0001616348207585291,2.3090688679789876e-05,0.0006811753160538013,0.0,0.0,2,0,0,0,0,0,4,0,0,0,0,0,0,0,0,4,__MSG_extname__,,,
0,0,0,0,0,0,0,0,0,0,0,0,0.0,0.0,0.0,0.0,0.0,0,0,0,0,0,0,0.0,0.0,0.0,0.0,0.0,0.0,0.0,0,0,0,0,0,0,0,0,0,0,0,0,0,0,0,0,__MSG_extName__,,,
0,0,0,0,0,0,0,0,0,0,0,0,0.0,0.0,0.0,0.0,0.0,0,0,0,0,0,0,0.0,0.0,0.0,0.0,0.0,0.0,0.0,0,0,0,0,0,0,0,0,0,0,0,0,0,0,0,0,Arbol de la Vida,,,
0,0,0,0,0,0,0,0,0,0,1,12,0.3505489766809301,33.785288461538464,0.09359416636260104,6.072950477231095,3.3047567856747753,35,8,54,0,0,6,0.0745894527107369,0.0033653846153846156,0.0007692307692307692,0.000576923076923077,0.005192307692307692,0.0,0.0,1,0,0,0,0,0,2,0,0,0,0,0,0,0,0,2,__MSG_appName__,,,
0,0,0,0,0,0,0,0,0,0,0,0,0.0,0.0,0.0,0.0,0.0,0,0,0,0,0,0,0.0,0.0,0.0,0.0,0.0,0.0,0.0,0,0,0,0,0,0,0,0,0,0,0,0,0,0,0,0,__MSG_extName__,,,
0,0,0,0,1,0,0,0,0,0,0,7,0.41714402502512166,42.067726161369194,0.1277541542950898,3.491744508962383,3.1627069775834133,73,26,12,0,0,1,0.06170159050744761,0.01784841075794621,0.006356968215158924,0.00024449877750611245,0.00293398533007335,0.0,0.0,0,0,0,0,0,4,3,0,0,0,0,0,0,0,0,3,Tab-Snap,,,
0,1,0,0,0,0,0,1,0,0,0,3,0.40510376898125555,42.965169106511865,0.12130206389758016,3.549419186861606,3.2382406076771337,75,9,7,0,0,0,0.06208692169036651,0.018929833417465926,0.002271580010095911,0.0,0.0017667844522968198,0.0,0.0,2,0,0,1,0,0,4,0,0,0,0,0,0,0,0,4,Zoho Meeting,,,
0,0,0,0,1,1,0,0,1,0,0,1,0.3914585012087027,37.36630602782071,0.10656728444802578,3.8860430586488492,3.001414965624116,4,0,5,0,0,0,0.011878247958426132,0.0061823802163833074,0.0,0.0,0.0077279752704791345,0.0,0.0,1,0,0,8,0,0,1,0,0,0,0,0,0,0,0,1,Dark Mode Everywhere,,,
0,1,0,0,1,1,0,1,0,0,0,86,0.4575254341165906,35.275962034457855,0.08102414756871247,4.26208263815776,2.499745624447296,374,25,140,0,0,0,0.040630874792631166,0.0019292272774166924,0.00012895904260806768,0.0,0.000722170638605179,0.0,0.0,5,0,0,0,0,0,1,0,0,0,0,0,0,0,0,1,__MSG_appName__,,,
0,0,0,0,0,0,0,0,0,0,1,78,0.4274491632728059,53.673059849433855,0.10404678411486303,3.7436197975161214,3.0818342085848576,323,43,31,0,0,11,0.062000988323892524,0.00392834121839388,0.0005229680259781327,0.0001337825182734758,0.0003770234605888863,0.0,0.0,35,0,0,2,0,0,5,0,0,0,0,0,0,0,0,5,Graspable Math Sidebar,,,
0,0,0,0,0,1,0,0,0,0,0,38,0.4320120665393969,38.874738055322716,0.09853727370311635,3.9455922161499566,3.0182621097020177,103,16,13,0,0,1,0.09903468001430103,0.005396060352053646,0.0008382229673093043,5.238893545683152e-05,0.0006810561609388097,0.0,0.0,174,0,1,0,0,0,17,0,0,0,0,0,0,0,0,17,Gismeteo App,,,
0,0,1,0,1,1,0,0,0,0,0,5,0.47498002391495203,46.679580870499734,0.08303740176781309,4.25620766126589,3.136407507398027,46,2,47,0,0,1,0.1122650541087507,0.002471789360558839,0.00010746910263299302,5.373455131649651e-05,0.0025255239118753357,0.0,0.0,0,0,0,24,0,0,4,0,0,0,1,0,0,0,0,4,m3u8 Sniffer TV - Find and Play HLS Streaming URLs,,,
0,0,1,0,1,1,0,1,0,0,0,43,0.46551458788499833,67.8001489837182,0.0820850331586783,3.8795143782190307,2.718115339818031,97,3,52,0,6,3,0.029167123765481584,0.0017204072221631017,5.320847078854954e-05,5.320847078854954e-05,0.0009222801603348586,0.00010641694157709908,0.0,0,0,0,0,0,0,6,0,0,0,0,0,0,0,0,6,__MSG_name_releasebuild__,,,
0,0,0,0,1,1,0,0,0,0,0,116,0.40477566205145804,49.509837984127564,0.09593320039447217,4.920882921054272,3.105410598379627,285,24,110,0,0,2,0.05749968845410929,0.005211571517390191,0.0004388691804118056,3.65724317009838e-05,0.002011483743554109,0.0,0.0,0,0,0,0,0,0,4,0,0,0,0,0,0,0,0,4,__MSG_name__,,,
1,1,0,0,0,1,1,1,0,0,0,96,0.42987386525561133,40.628572510126055,0.09810429600153497,3.690961601684582,3.1674592833976325,472,76,128,0,0,0,0.036608863198458574,0.008933641215883711,0.0014384676534050043,0.0,0.002422682363629481,0.0,0.0,8,9,0,0,0,0,3,0,0,0,0,0,0,0,0,3,Kagi Translate,,,
0,0,0,0,0,0,1,0,0,0,0,0,0.0,0.0,0.0,0.0,0.0,0,0,0,0,0,0,0.0,0.0,0.0,0.0,0.0,0.0,0.0,0,0,0,2,0,0,0,0,0,0,1,0,0,0,0,0,Word Search Puzzle,1.0,,
0,1,0,0,0,1,0,0,0,0,0,23,0.539004034414758,45.30843910806175,0.08921494111354589,3.496735985461386,2.763857753033999,142,5,35,0,0,1,0.05274233016363912,0.004871355060034306,0.00017152658662092623,3.430531732418525e-05,0.0012006861063464838,0.0,0.0,0,0,0,0,0,0,1,0,0,0,0,0,0,0,0,1,FUT exeSniper | SBC Solver & Autobuyer,,,
0,1,0,0,0,1,1,0,0,0,1,228,0.4522595086170315,57.731296992680996,0.07761713095134165,4.04289899667162,2.6908550580407997,5555,106,242,0,0,4,0.045649989839981475,0.011808621675570077,0.0002253310346733444,8.503057912201676e-06,0.0005144350036882014,0.0,0.0,39,0,0,2,0,0,3,0,1,0,0,0,0,0,0,3,Productor for Merch by Amazon,,,
0,0,0,0,0,1,1,0,0,0,0,23,0.41936169518859107,32.55244887178326,0.11010471221852476,3.5768135579906524,3.0597508775523403,174,3,41,0,0,0,0.043812104787714544,0.0065655422232284355,0.00011319900384876613,0.0,0.0015470530525998037,0.0,0.0,1,0,0,0,0,0,1,0,0,0,0,0,0,0,0,1,__MSG_appName__,,,
0,0,0,0,0,1,0,0,0,0,0,11,0.25738752585778507,41.92509920634921,0.08658168748772116,6.224766751484308,3.467933693061001,36,14,27,0,0,4,0.042772325215073306,0.017857142857142856,0.006944444444444444,0.001984126984126984,0.013392857142857142,0.0,0.0,1,0,0,0,0,0,6,0,0,0,0,0,0,0,0,6,__MSG_extension_name__,,,
0,0,0,0,0,1,0,0,0,0,1,101,0.4606775096327195,39.34009194770284,0.09838521677381468,3.5718902292738646,2.7630824083145016,56,33,78,0,0,6,0.046837682124659386,0.000427663734115347,0.00025201612903225806,4.5821114369501466e-05,0.0005956744868035191,0.0,0.0,1,0,0,0,0,0,5,0,0,0,0,0,0,0,0,5,Refore HTML to Figma (Pixel-Perfect Web to Figma Design),,,
0,1,1,0,1,1,1,1,0,0,1,187,0.48815571812756925,41.827878299802734,0.08564334854491684,4.042438267985843,2.7374775419535764,1000,163,226,0,1,4,0.05001505601682522,0.003694153632461267,0.0006021470420911865,1.4776614529845067e-05,0.0008348787209362463,3.6941536324612667e-06,0.0,540,2,1,0,0,0,3,0,0,0,0,0,0,0,0,3,Findy: Email Search and Outreach by Reply,,,
0,0,0,0,0,1,0,0,0,0,0,7,0.313463543189786,48.06093341210229,0.14803773494025646,4.263283131656075,2.382131932730917,79,4,16,0,0,0,0.01667101941324976,0.006667229302050806,0.0003375812304835851,0.0,0.0013503249219343405,0.0,0.0,0,0,0,6,0,2,2,0,0,0,0,0,0,0,0,2,__MSG_name__,,,
0,0,0,0,0,1,0,0,0,0,1,15,0.46896089066168734,37.17399343595433,0.09473088943865016,3.7874142558902477,2.632880767926225,212,13,20,0,0,0,0.05683268714583955,0.009799842832709287,0.0006009337586095317,0.0,0.000924513474783895,0.0,0.0,0,0,1,0,0,0,4,0,0,0,0,0,0,0,0,4,Active8,,,
0,1,0,0,0,0,0,0,0,0,0,6,0.3732470264793386,47.27963857298645,0.11304864118334183,3.8562291196710543,3.289781001659935,67,8,7,0,0,0,0.07749635932726079,0.010437762891416109,0.0012463000467362517,0.0,0.0010905125408942203,0.0,0.0,3,0,0,0,0,0,0,0,0,0,0,0,0,0,0,0,__MSG_extName__,,,
0,1,0,0,1,1,0,0,0,0,1,376,0.5849203298748702,48.48713066832248,0.07565058298024961,3.3582988325946785,2.5707318365122402,561,103,381,0,0,11,0.0363067050937772,0.0010492217804227559,0.00019263786699383933,2.0572976086720706e-05,0.0007125730808218716,0.0,0.0,76,3,0,0,0,0,4,0,0,0,0,0,0,0,0,4,Scratchpad,,,
1,1,0,0,1,1,0,0,0,0,0,81,0.5472912300330035,49.06922142015321,0.07233108449182048,3.672459715153908,2.195649228075635,1005,13,87,0,0,3,0.04203759409977248,0.009253461991750147,0.00011969652327637007,2.7622274602239247e-05,0.0008010459634649382,0.0,0.0,4,0,0,0,0,0,2,0,0,0,0,0,0,0,0,2,Hunchly 2.0,,,
0,1,0,0,0,1,0,1,0,0,1,9,0.3917922559703223,35.99199542595769,0.1044593863513409,3.9906621392190154,3.310756151049375,39,17,10,0,0,0,0.028438030560271648,0.022298456260720412,0.009719839908519153,0.0,0.005717552887364208,0.0,0.0,286,0,0,5,0,0,2,0,0,0,0,0,0,0,0,2,__MSG_extName__,,,
0,0,0,0,0,1,0,1,0,0,0,143,0.4998900989521707,58.231183827248785,0.08026952260186314,4.098439457647576,2.6925574997883235,614,63,118,0,0,4,0.048832053106981445,0.002141947637403848,0.00021977638624827753,1.3954056269731908e-05,0.00041164465995709127,0.0,0.0,0,0,0,0,0,0,4,0,0,0,0,0,0,0,0,4,秘塔AI搜索,,,
0,1,0,0,0,1,0,0,0,0,0,26,0.34750083885191535,45.36050007157513,0.07601130545943353,5.346493920497991,2.4793759851220107,63,3,34,0,0,0,0.02503957868889535,0.003006155461182421,0.00014315026005630576,0.0,0.0016223696139714653,0.0,0.0,8,1,0,6,0,0,2,0,0,0,0,0,0,0,0,2,__MSG_extensionName__,,,
0,0,0,0,1,1,0,0,0,0,1,20,0.36755975814158165,46.68380991565522,0.089534748272671,4.725668108401764,3.181868953674249,94,16,39,0,0,6,0.053083014688982216,0.0024171981073853118,0.0004114379757251594,0.00015428924089693478,0.001002880065830076,0.0,0.0,11,0,1,0,0,0,21,0,0,0,0,0,0,0,0,21,MyEmailViewer - Eml viewer and msg viewer,,,
0,0,0,0,1,1,0,1,0,0,0,21,0.4030992862648705,85.66844010530934,0.10364237174221493,4.18785817163068,3.388620256211471,7,1,30,0,0,0,0.04725130810508596,9.598508117595437e-05,1.3712154453707767e-05,0.0,0.000411364633611233,0.0,0.0,0,0,0,0,0,0,0,0,0,0,0,0,0,0,0,0,Dex for Chrome - Personal CRM and Rolodex,,,
0,0,0,0,0,1,0,0,0,0,0,237,0.5278791231966466,49.88857933306911,0.0785942186101495,3.6138184167147673,2.3193932037463276,222,64,147,0,0,8,0.048354235236428844,0.0008626116149488261,0.0002486808259311931,3.108510324139914e-05,0.0005711887720607092,0.0,0.0,0,0,0,0,0,0,3,0,0,0,0,0,1,0,0,3,__MSG_name__,,,
0,0,0,0,1,0,0,0,0,0,1,39,0.40894868585732164,55.5615763546798,0.11283756757802924,3.544200157931923,3.109915110220342,214,18,25,0,0,2,0.04557859883906183,0.01952198503922642,0.0016420361247947454,0.00018244845831052726,0.002280605728881591,0.0,0.0,0,0,0,2,0,1,2,0,1,0,0,0,0,0,0,2,__MSG_appName__,,,
0,0,0,0,0,0,1,0,0,0,0,0,0.0,0.0,0.0,0.0,0.0,0,0,0,0,0,0,0.0,0.0,0.0,0.0,0.0,0.0,0.0,0,0,0,0,0,0,0,0,0,0,0,0,0,0,0,0,iStoryBooks,,,
0,0,0,0,0,0,0,0,0,0,0,38,0.3521711081238456,34.311697092630155,0.08711484813879067,4.802258560027058,3.2777406521467864,145,11,66,0,0,6,0.11508415578802982,0.002513826043237808,0.00019070404465941992,0.00010402038799604722,0.0011442242679565195,0.0,0.0,0,0,0,0,0,0,19,0,0,0,0,0,0,0,0,19,__MSG_appName__,,,
1,1,0,0,0,1,1,0,0,0,1,32,0.5320419274033467,53.46400770228854,0.04884105672226535,3.0805242095462244,1.9435979119281224,61,55,23,0,0,0,0.015701534114494806,4.429106344295492e-05,3.993456539938559e-05,0.0,1.6699909167015792e-05,0.0,0.0,6,0,4,0,0,0,4,0,0,0,0,0,0,0,0,4,HaHa Wallet,,,
0,1,0,0,1,1,0,0,0,0,1,125,0.3900130256507021,39.21400407210607,0.0885166317850575,4.591515561971051,2.7465339271431164,512,17,176,0,0,4,0.04490132879854465,0.0050851666087301985,0.00016884342255549486,3.9727864130704676e-05,0.0017480260217510057,0.0,0.0,43,6,1,2,0,0,7,0,0,1,0,0,0,0,0,7,__MSG_extName__,,,
0,0,0,0,0,0,0,0,0,0,0,0,0.0,0.0,0.0,0.0,0.0,0,0,0,0,0,0,0.0,0.0,0.0,0.0,0.0,0.0,0.0,0,0,0,0,0,0,0,0,0,0,0,0,0,0,0,0,Game of Bombs,,,
0,0,0,0,0,0,0,0,0,0,0,0,0.0,0.0,0.0,0.0,0.0,0,0,0,0,0,0,0.0,0.0,0.0,0.0,0.0,0.0,0.0,0,0,0,0,0,0,0,0,0,0,0,0,0,0,0,0,Student Resources In Context,,,
1,1,1,0,0,1,0,0,1,0,0,5,0.4425785585185655,39.8230065585088,0.0956548392893004,3.718834870325604,2.877103287284474,16,1,2,0,0,0,0.0273077267436655,0.0006903693476009665,4.3148084225060405e-05,0.0,8.629616845012081e-05,0.0,0.0,0,0,0,0,0,0,3,0,0,0,0,0,0,0,0,3,__MSG_appName__,,,
1,1,1,0,1,1,1,0,0,0,0,2,0.3426232641100777,36.40321620011912,0.07723913874378902,6.5213133640553,3.277306170560179,23,7,20,0,0,0,0.07507680491551459,0.0136986301369863,0.004169148302561048,0.0,0.011911852293031567,0.0,0.0,1,0,0,0,0,0,6,0,0,0,0,0,0,0,0,6,Burp Suite Navigation Recorder,,,
1,1,0,0,1,1,0,0,0,0,1,0,0.4684852864952515,81.91307087298483,0.10863005004515017,3.4101331442334732,3.0138011981733945,1,0,0,0,0,0,0.0530351750192564,2.1726850041281015e-05,0.0,0.0,0.0,0.0,0.0,2,0,0,0,0,0,1,0,0,0,0,0,0,0,0,1,__MSG_appName__,,,
0,0,0,0,1,1,0,0,0,0,0,21,0.4588238533533922,19.459660623442247,0.08336608334105149,5.812676104151815,3.170742143997465,121,19,21,0,0,0,0.08570684953208632,0.002065621905834955,0.0003243538529823483,0.0,0.0003584963638225955,0.0,0.0,15,1,0,9,0,0,11,2,2,0,0,0,0,0,0,11,Web Site blocker,,,
0,1,0,0,1,0,0,0,0,0,0,0,0.31765992345544014,32.888888888888886,0.08638600328048114,5.426966292134831,3.1686988849376245,0,0,0,0,0,0,0.07303370786516854,0.0,0.0,0.0,0.0,0.0,0.0,0,0,0,0,0,0,0,0,0,0,0,0,0,0,0,0,Talk & Write,,,
0,0,0,0,0,1,0,0,0,0,0,6,0.34489574998823364,33.51380617217109,0.0757597150970333,5.404388185654009,3.284024072341059,24,12,20,0,0,0,0.07881856540084388,0.012994044396318355,0.006497022198159177,0.0,0.010828370330265295,0.0,0.0,0,0,0,0,0,0,3,0,0,0,0,0,0,0,0,3,__MSG_appName__,,,
0,0,1,0,1,1,0,1,0,0,0,275,0.44710093335163187,51.379813866052395,0.10263910866928457,3.806225771418252,3.0222627572907803,670,76,59,0,1,10,0.0690287291915601,0.008869825383586851,0.001006129446496419,0.0001323854534863709,0.0007810741755695884,1.3238545348637093e-05,0.0,104,0,0,17,0,4,18,0,1,0,4,0,0,0,0,12,__MSG_appName__,,,
0,1,0,0,0,1,0,0,0,0,1,40,0.5581468976794705,64.84867806056758,0.0715160248726702,4.41100243578507,2.934709560860118,122,13,54,0,0,0,0.0734230576899294,0.0010758946681482266,0.00011464451381907332,0.0,0.0004762156727869199,0.0,0.0,52,0,0,0,0,0,0,0,0,0,0,0,0,0,0,0,Sortd for Gmail,,,
0,0,1,0,1,1,0,1,0,0,0,5,0.39039430187217133,35.384423115376926,0.09978043961539836,3.666188753100749,3.2464080024675344,26,4,8,0,0,0,0.029767187820031404,0.002599480103979204,0.0003999200159968006,0.0,0.0007998400319936012,0.0,0.0,10,0,0,0,0,0,1,0,0,0,0,0,0,0,0,1,FlipGive Max,,,
0,0,0,0,0,1,0,0,0,0,0,1,0.27697314144284535,50.22769953051643,0.07294435786964891,7.447413793103448,3.436981709300833,4,3,19,0,0,0,0.015804597701149427,0.004694835680751174,0.0035211267605633804,0.0,0.022300469483568074,0.0,0.0,0,0,4,11,0,3,6,0,0,0,0,0,0,0,0,6,Smart Mute,,2.0,
1,1,0,0,1,1,1,1,0,0,0,4,0.410960027331739,43.43846153846154,0.08135747636943401,5.427021132048486,2.690669577923588,17,8,18,0,0,0,0.04898630528837559,0.001147098515519568,0.0005398110661268556,0.0,0.0012145748987854252,0.0,0.0,0,0,0,6,0,0,3,0,0,0,0,0,0,0,0,3,AdGone Ad Blocker,,,
0,0,0,0,0,0,0,0,0,0,0,0,0.0,0.0,0.0,0.0,0.0,0,0,0,0,0,0,0.0,0.0,0.0,0.0,0.0,0.0,0.0,0,0,0,0,0,0,0,0,0,0,0,0,0,0,0,0,Readlang,,,
0,0,0,0,0,1,0,0,0,0,1,112,0.520646960964867,48.39615653992651,0.0673913247562631,5.12807102075956,2.702385072712113,3500,33,324,0,0,0,0.047558860677648446,0.011193301928126209,0.00010553684675090426,0.0,0.001036179949917969,0.0,0.0,1,0,0,0,0,0,3,0,0,0,0,0,0,0,0,3,DeepDyve LitHub Connect,,,
0,0,0,0,0,1,0,0,0,0,0,12,0.4431943419891135,39.46174218023048,0.11455773792781367,3.430239820134899,2.9892597869234674,163,12,44,0,0,0,0.044935048713464903,0.011667024550855344,0.0008589220528237063,0.0,0.0031493808603535894,0.0,0.0,0,0,1,0,0,0,1,0,0,0,0,0,0,0,0,1,__MSG_extensionName__,,,
0,1,0,0,1,1,0,0,0,0,0,3,0.3473805408553347,34.17543694794212,0.08497514245337708,5.96765855124737,3.2877945467373335,17,3,5,0,0,0,0.04472497745716862,0.001597444089456869,0.00028190189813944745,0.0,0.0004698364968990791,0.0,0.0,0,0,0,7,0,0,1,0,0,0,0,0,0,0,0,1,Jobscan: Job Search Tracker,,,
0,0,0,0,0,1,0,0,0,0,0,3,0.30963888134672823,53.84097677188803,0.109215313603041,4.628658886550602,3.702800059571421,77,9,48,0,0,0,0.09957910847522479,0.04586063132817153,0.005360333531864205,0.0,0.02858844550327576,0.0,0.0,22,0,0,0,0,0,1,0,0,0,0,1,0,0,0,1,__MSG_extName__,,,
0,0,0,0,0,1,1,0,0,0,0,13,0.372672449464376,46.743552222425464,0.11626641737291382,4.002818741191434,3.2771318087116135,146,16,41,0,0,0,0.07438726753978894,0.026705688677519664,0.0029266508139747576,0.0,0.0074995427108103165,0.0,0.0,11,0,0,2,0,4,6,0,0,0,0,0,0,0,0,6,__MSG_extName__,,,
0,0,0,0,0,0,0,0,0,0,0,0,0.20014936519790888,22.9375,0.11314413741598207,7.074380165289257,3.398508434243271,2,2,1,0,0,0,0.05785123966942149,0.017857142857142856,0.017857142857142856,0.0,0.008928571428571428,0.0,0.0,6,5,0,1,0,0,2,0,0,0,0,0,0,0,0,2,__MSG_appName__,,,
0,0,0,0,0,1,0,0,0,0,0,30,0.5814579858236053,63.30732474964235,0.07727207403297562,3.9187035615890573,2.545062331167698,158,18,51,0,0,0,0.06208449842840803,0.002260371959942775,0.0002575107296137339,0.0,0.0007296137339055794,0.0,0.0,1,0,0,2,0,0,1,0,0,0,0,0,0,0,0,1,__MSG_appName__,,,
0,0,1,0,1,1,0,0,0,0,0,656,0.6023383899599976,49.9250171874558,0.06428511120614713,4.171812777067338,2.8397067813676555,2690,405,489,0,0,0,0.04207257690644281,0.0033083546408590406,0.0004980980035494095,0.0,0.0006014072191003981,0.0,0.0,11,0,0,0,1,0,2,0,0,0,0,0,0,0,0,2,__MSG_extensionName__,,,
0,0,0,0,0,0,0,0,0,0,0,0,0.0,0.0,0.0,0.0,0.0,0,0,0,0,0,0,0.0,0.0,0.0,0.0,0.0,0.0,0.0,0,0,0,0,0,0,0,0,0,0,0,0,0,0,0,0,__MSG_appName__,,,
0,0,1,1,0,1,0,1,0,0,0,2,0.30350706562160307,29.885159010600706,0.11001773556839636,6.462864721485412,3.596707587959568,1,0,0,0,0,1,0.0649867374005305,0.0017667844522968198,0.0,0.0017667844522968198,0.0,0.0,0.0,0,0,0,0,0,0,0,0,0,0,0,0,0,0,0,0,Easy Search,,,
0,0,0,0,0,1,0,0,0,0,0,0,0.4063740117513151,38.78947368421053,0.13560156274033286,3.2768484848484847,3.4691567698153203,0,0,0,0,0,0,0.025212121212121213,0.0,0.0,0.0,0.0,0.0,0.0,0,0,0,1,1,0,0,0,0,0,0,0,0,1,0,0,__MSG_extName__,,,
0,1,0,0,0,1,0,0,0,0,0,89,0.38180947476692145,34.54162108092901,0.11842601139216515,3.370930601035175,3.256509714717785,72,9,50,0,0,0,0.04476955036794479,0.001125316495264293,0.00014066456190803663,0.0,0.0007814697883779813,0.0,0.0,2,0,0,0,0,0,2,0,0,0,0,0,0,0,0,2,ModResponse - Mock and replay API,,,
1,0,0,0,0,1,0,0,0,0,1,63,0.44876829090159215,49.39708429561201,0.09860331835405514,4.317406117561738,3.097791317550456,213,10,82,0,0,0,0.09588057987656093,0.007686200923787529,0.00036085450346420324,0.0,0.0029590069284064664,0.0,0.0,0,0,0,12,0,1,5,0,0,0,2,0,0,0,0,5,HaramMute - Remove Background Music from YouTube Videos,,,
1,1,0,0,1,1,0,0,0,0,1,1105,0.38562945965932044,37.556324839899965,0.08746787932398808,5.429465092777613,3.2446335370114214,6983,875,1094,0,0,0,0.04829520596738936,0.004512526898744402,0.0005654390715167338,0.0,0.0007069603934163506,0.0,0.0,170,0,0,0,0,0,2,0,0,0,0,0,0,0,0,2,ACCELQ - View Recorder,,,
0,0,0,0,0,0,0,0,0,0,0,56,0.45964051928555183,34.58342490068464,0.10761914546278377,3.6847577927670176,3.1481820284133994,348,39,27,0,0,4,0.06611063908492426,0.00735356267433015,0.0008241061617783788,8.452370890034655e-05,0.0005705350350773392,0.0,0.0,82,0,0,18,5,1,8,0,0,0,2,1,0,1,0,8,FlashSaleTricks,,,
0,0,0,0,1,1,0,0,0,0,0,24,0.33447842006305045,37.40499457111835,0.09012256669069935,6.441560673771056,3.4300689971742315,9,0,0,0,0,0,0.08679958748710898,0.004885993485342019,0.0,0.0,0.0,0.0,0.0,0,0,0,4,0,2,3,0,0,0,0,0,0,0,0,3,Tiny Suspender,,,
0,1,0,0,1,0,0,0,0,0,0,25,0.44879851770650614,50.694882797262316,0.08988359386200978,4.893044557566617,2.6218425712092204,162,10,57,0,0,0,0.04180806938159879,0.005744884570374836,0.0003546225043441257,0.0,0.0020213482747615166,0.0,0.0,0,0,0,0,0,0,2,0,0,0,0,0,0,0,0,2,Youtube Unsubscribe All,,,
0,0,0,0,0,0,0,0,0,0,0,8,0.4687581128770437,44.13578418748391,0.08932794709619625,3.6924464363795364,2.9384590562221535,80,2,25,0,0,3,0.0859477481416703,0.0051506567087303634,0.0001287664177182591,0.00019314962657738862,0.0016095802214782385,0.0,0.0,1,0,0,3,0,0,3,0,0,0,0,0,0,0,0,3,Link All,,,
0,0,0,0,0,1,0,0,0,0,0,129,0.6145975668839899,66.86385103942996,0.06617255012572083,3.7126505623211554,2.451754477558049,5759,337,114,0,0,6,0.04802715112796965,0.015323376730498548,0.000896679624618512,1.5964622396768762e-05,0.00030332782553860643,0.0,0.0,0,1,0,0,0,0,16,0,0,0,0,0,0,0,0,16,Freighter,,,
0,0,0,0,0,1,1,1,0,0,0,9,0.3699558870355181,35.17481925356608,0.0823762119511051,5.907685766363576,3.3057946421229834,3138,28,42,0,0,1,0.06206326912554499,0.03406500358236175,0.00030395796695542674,1.0855641676979527e-05,0.0004559369504331401,0.0,0.0,685,0,0,4,0,0,399,0,0,0,2,0,0,0,0,399,Foxtrick (Beta),,,
0,1,0,0,0,1,0,0,0,0,0,21,0.49266854027534324,48.01781170483461,0.10249436227286117,3.3729255181803244,2.951124431421441,124,10,28,0,0,2,0.06285063730898335,0.0073377122906680865,0.0005917509911829102,0.00011835019823658205,0.0016569027753121487,0.0,0.0,3,0,0,0,0,0,1,0,0,0,0,0,0,0,0,1,IP-Alert by Seller Assistant,,,
0,0,0,0,0,1,0,0,0,0,0,30,0.5854199517696482,61.079013237684826,0.07339676063126352,3.8880405843792647,2.277322917443715,93,12,43,0,0,0,0.05863928227845269,0.0011999071039661446,0.00015482672309240575,0.0,0.0005547957577477872,0.0,0.0,1,0,0,0,0,0,0,0,0,0,0,0,0,0,0,0,Share emails via secure URL link by cloudHQ,,,
1,1,0,0,1,1,0,0,0,0,0,225,0.30518520674800315,87.35071366053995,0.09598131150565395,6.253547123507285,2.8492520236149264,768,88,368,0,0,0,0.04644736116404122,0.0025853362956978388,0.0002962364505487107,0.0,0.001238806975021881,0.0,0.0,9,2,0,0,0,0,3,0,0,0,0,0,0,0,0,3,__MSG_appName__,,,
0,0,0,0,0,1,0,0,0,0,1,122,0.45586250731650163,34.35334817951044,0.09857744915517412,3.6168894709530752,2.926873107708401,211,9,135,0,0,5,0.04393486372284959,0.0019336687469643234,8.247876171885739e-05,4.582153428825411e-05,0.001237181425782861,0.0,0.0,9,0,0,0,0,0,2,0,0,0,0,0,0,0,0,2,InsFo - IG follower export & analysis tool,,,
0,0,0,0,0,1,0,0,0,0,1,257,0.4370082767407111,47.568139695953136,0.10021945010167074,3.798331449007584,2.770716497880955,2322,140,102,0,0,0,0.07297801553005795,0.008984433945838024,0.0005416971371306303,0.0,0.0003946650570523163,0.0,0.0,1,0,0,0,0,0,0,0,0,0,0,0,0,0,0,0,Locker,,,
0,0,0,0,1,1,0,1,0,0,0,0,0.28881249469484765,61.11288571871608,0.08677980996320096,4.282205205438771,3.055607864244863,72,9,10,0,0,1,0.048342277750673485,0.01116452163126066,0.0013955652039075825,0.00015506280043417584,0.0015506280043417584,0.0,0.0,16,0,0,0,1,0,14,0,0,1,0,0,0,0,0,14,RescueTime for Chrome and Chrome OS,,,
0,0,0,0,1,1,0,0,0,0,1,90,0.5590878179654215,53.38151127803504,0.08037668280389947,3.627804424146255,2.507595455791131,178,6,68,0,0,0,0.029978288329190285,0.0037984678090523037,0.00012803824075457204,0.0,0.0014511000618851497,0.0,0.0,0,0,0,0,0,0,6,0,0,0,0,0,0,0,0,6,Tabox - Save and Share Tab Groups,,,
0,1,0,0,0,1,0,0,0,0,0,63,0.4980421543221088,45.86448298281921,0.08015583332645702,3.821717542503864,2.6876000079531925,2956,18,72,0,0,1,0.03726719474497681,0.01256156484121689,7.649126087344521e-05,4.249514492969179e-06,0.00030596504349378084,0.0,0.0,0,0,0,0,0,0,1,0,0,0,0,0,0,0,0,1,__MSG_extName__,,,
0,0,0,0,0,0,0,0,0,0,0,0,0.0,0.0,0.0,0.0,0.0,0,0,0,0,0,0,0.0,0.0,0.0,0.0,0.0,0.0,0.0,0,0,0,0,0,0,0,0,0,0,0,0,0,0,0,0,Ntentan (Connections),,,
0,0,0,0,0,1,0,0,0,0,0,8,0.21511189247925142,51.65690933282646,0.05278927969329295,3.769577273498953,3.375814168613685,803,79,85,0,0,0,0.020259181710146568,0.0763162896787683,0.007508078312107964,0.0,0.008078312107964265,0.0,0.0,26,0,0,0,0,0,0,0,0,0,0,0,0,0,0,0,Smartschool++,,,
0,0,0,0,0,0,0,0,0,0,0,14,0.3564047484454494,26.80010775862069,0.11924735524509408,4.210032188841201,3.3470106627101246,76,10,7,0,0,0,0.08968168812589414,0.006824712643678161,0.0008979885057471264,0.0,0.0006285919540229885,0.0,0.0,339,0,0,14,0,1,4,0,0,0,0,0,0,0,0,4,Visio Viewer Free Online,,,
0,0,0,0,0,0,0,0,0,0,0,0,0.0,0.0,0.0,0.0,0.0,0,0,0,0,0,0,0.0,0.0,0.0,0.0,0.0,0.0,0.0,0,0,0,0,0,0,0,0,0,0,0,0,0,0,0,0,Kleki,,,
0,0,0,0,0,0,0,0,0,0,0,0,0.0,0.0,0.0,0.0,0.0,0,0,0,0,0,0,0.0,0.0,0.0,0.0,0.0,0.0,0.0,0,0,0,0,0,0,0,0,0,0,0,0,0,0,0,0,Gojo Satoru & Geto Suguru Dark Browser Theme,,,
0,1,0,0,0,1,0,0,0,0,0,62,0.5555130900542607,41.991047741738264,0.07730766915949035,3.7092354961142235,2.6593899586145775,1595,23,77,0,0,0,0.03502620639797578,0.017413234057883992,0.00025109992685349957,0.0,0.0008406388855530203,0.0,0.0,0,0,0,0,0,0,2,0,0,0,0,0,0,0,0,2,__MSG_name__,,,
0,0,1,0,0,1,0,1,0,0,0,46,0.42085692879418213,33.041490308634124,0.10399648229299853,3.860540034555042,3.1275383940893637,178,7,79,0,0,4,0.04898450998063125,0.0032334828970553508,0.00012715943977183964,7.266253701247979e-05,0.001435085105996476,0.0,0.0,0,0,0,0,0,0,1,0,0,0,0,0,0,0,0,1,Webshare Proxy Extension,,,
0,0,0,0,0,0,0,0,0,0,0,0,0.30657822369627175,14.573689673066944,0.08736521057982367,5.468619916746718,3.924160959436277,25,0,24,0,0,0,0.10150496317643291,0.006486766995329528,0.0,0.0,0.006227296315516347,0.0,0.0,37,0,2,10,1,0,21,1,0,1,6,0,0,0,0,21,2048 Cupcakes,,,
0,0,0,0,0,1,0,0,0,0,1,26,0.4167142974935036,42.80990888175861,0.10621609551868902,3.484937573059188,2.9929913730929645,98,10,58,0,0,4,0.04733879228859036,0.00013689387791021717,1.3968763052062976e-05,5.587505220825191e-06,8.101882570196526e-05,0.0,0.0,0,0,0,0,0,0,18,0,0,0,0,0,5,0,0,16,VESPR Wallet,,,
0,1,0,0,0,1,0,0,0,0,0,41,0.432525993116545,44.761068702290075,0.0770024808729897,5.326577044050261,2.9492835872671317,302,80,20,0,0,11,0.06973161113151215,0.009221374045801527,0.0024427480916030535,0.00033587786259541984,0.0006106870229007634,0.0,0.0,16,0,0,22,0,0,2,0,2,0,0,0,0,0,0,2,Check US Visa Slots - USVisaScheduling,,,
0,0,0,0,1,1,0,0,0,0,0,41,0.4745636805592813,43.39328244274809,0.08820620332272713,3.9049969063963936,2.7526783240822006,50,20,22,0,0,0,0.034103296897557527,0.0030534351145038168,0.0012213740458015267,0.0,0.0013435114503816794,0.0,0.0,3,0,0,0,0,0,3,0,0,0,0,0,0,0,0,3,__MSG__extensionName__,,,
0,0,0,0,0,0,0,0,0,0,0,0,0.0,0.0,0.0,0.0,0.0,0,0,0,0,0,0,0.0,0.0,0.0,0.0,0.0,0.0,0.0,0,0,0,0,0,0,0,0,0,0,0,0,0,0,0,0,Techno Glitched Blue,,,
0,0,0,0,1,1,0,1,0,0,1,133,0.5438812528816922,63.135501581950116,0.07767310617831391,3.87472117894434,2.57248383706319,1916,63,166,0,0,3,0.042188314858489784,0.0069758720750306745,0.00022937366426249085,1.0922555441070992e-05,0.0006043814010725949,0.0,0.0,0,0,0,8,0,0,5,0,0,0,0,0,0,0,0,5,__MSG_name__,,,
0,0,1,0,1,1,0,0,0,0,1,25,0.5286436052761349,51.48271719270142,0.08407564151355518,3.7112595969918507,2.83119229153929,64,70,20,0,1,1,0.05656787988365695,0.0016018822115986284,0.0017520586689359998,2.502940955622857e-05,0.0005005881911245714,2.502940955622857e-05,0.0,0,0,0,0,0,0,1,0,0,0,0,0,0,0,0,1,Clique Browser Extension,,,
0,0,0,0,1,1,0,0,0,0,1,120,0.6347060500263124,57.516889151959,0.036805016246405545,3.0116141219729666,1.4818263272901462,3223,17,116,0,0,2,0.01064284987983263,0.004904161157156834,2.5867433965766735e-05,3.0432275253843214e-06,0.00017650719647229065,0.0,0.0,0,0,0,0,0,0,0,0,0,0,0,0,0,0,0,0,__MSG_appName__,,,
0,0,0,0,0,1,1,0,0,0,1,2,0.5123516718962563,17.74056119539181,0.10060594255871495,4.1216499393404655,2.991919895766947,79,16,11,0,0,0,0.04996139847799713,0.004505532109045284,0.000912512832211703,0.0,0.0006273525721455458,0.0,0.0,1,0,0,10,1,1,8,0,0,0,0,0,0,1,0,8,LetXPath,,,
0,0,0,0,0,0,0,0,0,0,0,4,0.20773888945909885,34.30434782608695,0.11310684594067535,6.910497237569061,3.5284050047037328,4,1,2,0,0,0,0.02430939226519337,0.014492753623188406,0.0036231884057971015,0.0,0.007246376811594203,0.0,0.0,0,0,0,0,0,0,0,0,0,0,0,0,0,0,0,0,Google Calendar Quick Duplicate,,,
0,1,0,0,0,1,0,0,0,0,1,9,0.3374509103891467,29.786813186813188,0.08582649053909318,6.304088586030664,3.5493160965239245,30,0,12,0,0,0,0.08091993185689948,0.06593406593406594,0.0,0.0,0.026373626373626374,0.0,0.0,0,0,0,1,0,0,2,0,0,0,0,0,0,0,0,2,PaperPanda 2,,,
0,0,0,0,1,1,0,0,0,0,0,43,0.47159504107052264,43.410200600035296,0.08890069292018635,3.8677223512296113,2.7321303164300725,53,21,23,0,0,0,0.03375486109168229,0.0031178304606153304,0.001235366786281546,0.0,0.0013530207659274076,0.0,0.0,4,0,0,0,0,0,4,0,0,0,0,0,0,0,0,4,__MSG__extensionName__,,,
0,0,0,0,0,0,0,0,0,0,0,0,0.21659533999048977,17.706666666666667,0.09462672372800761,5.785714285714286,3.5101278412970762,5,2,0,0,0,0,0.049783549783549784,0.022222222222222223,0.008888888888888889,0.0,0.0,0.0,0.0,0,0,0,8,0,0,1,0,0,0,0,0,0,0,0,1,ROBLOX Audio Downloader,,,
0,0,0,0,0,0,0,0,0,0,0,21,0.027847614364790944,717.2030464949358,0.0405554487695195,29.404414588008187,2.7258859508470805,13,0,4,0,0,0,0.029192220574403703,0.0010367652922880612,0.0,0.0,0.0003190047053194035,0.0,0.0,1,0,0,0,0,0,0,0,0,0,0,0,0,0,0,0,__MSG_appName__,,,
1,1,0,0,1,1,0,0,0,0,0,26,0.44763771829107485,32.312413879493924,0.1096607118683159,3.2952092612961894,3.1009130238603504,37,4,48,0,0,0,0.039314768630953026,0.0015449496847467535,0.00016702158754018957,0.0,0.002004259050482275,0.0,0.0,7,0,0,0,0,0,1,0,0,0,0,0,0,0,0,1,__MSG_name__,,,
0,0,0,0,1,1,0,0,0,0,0,39,0.37767823106315435,36.08534759358289,0.09706521300264434,3.640763234458365,3.0742997429429315,1034,7,66,0,0,3,0.05077909629918655,0.020106951871657754,0.00013612056392805057,5.8337384540593094e-05,0.0012834224598930481,0.0,0.0,1,0,0,0,0,1,2,0,0,0,0,0,0,0,0,2,SelfGuide,,,
0,0,0,0,0,0,1,0,0,0,0,0,0.0,0.0,0.0,0.0,0.0,0,0,0,0,0,0,0.0,0.0,0.0,0.0,0.0,0.0,0.0,0,0,0,0,0,0,0,0,0,0,0,0,0,0,0,0,__MSG_appName__,,,
0,0,0,0,0,1,1,0,0,0,0,2,0.28514472117226736,15.272957034540859,0.09377103505410864,6.850737100737101,3.383577491022011,6,6,1,0,0,0,0.044226044226044224,0.005054759898904802,0.005054759898904802,0.0,0.0008424599831508003,0.0,0.0,0,0,0,5,0,0,1,0,0,0,0,0,0,0,0,1,Multi Search,,,
0,0,0,0,0,1,0,0,0,0,0,31,0.5848234321289247,63.28221618357488,0.07630063613611016,3.9450095688818076,2.5151451101747297,93,12,43,0,0,0,0.06301949286497664,0.0014039855072463768,0.00018115942028985507,0.0,0.0006491545893719807,0.0,0.0,2,0,0,0,0,0,0,0,0,0,0,0,0,0,0,0,__MSG_appName__,,,
0,0,0,0,0,0,0,0,0,0,0,0,0.0,0.0,0.0,0.0,0.0,0,0,0,0,0,0,0.0,0.0,0.0,0.0,0.0,0.0,0.0,0,0,0,0,0,0,0,0,0,0,0,0,0,0,0,0,__MSG_extName__,,,
0,0,0,0,0,0,0,0,0,0,0,0,0.0,0.0,0.0,0.0,0.0,0,0,0,0,0,0,0.0,0.0,0.0,0.0,0.0,0.0,0.0,0,0,0,0,0,0,0,0,0,0,0,0,0,0,0,0,__MSG_appName__,,,
0,0,0,0,0,0,0,0,0,0,0,0,0.0,0.0,0.0,0.0,0.0,0,0,0,0,0,0,0.0,0.0,0.0,0.0,0.0,0.0,0.0,0,0,0,0,0,0,0,0,0,0,0,0,0,0,0,0,__MSG_themeName__,,,
0,0,1,0,1,1,0,0,0,0,1,338,0.4359055349998651,50.93029378358506,0.07323276437575761,4.229833572883097,2.853468140059963,933,136,437,0,0,20,0.04172853144649807,0.0009436433533828047,0.0001375514427224667,2.022815334153922e-05,0.00044198515051263197,0.0,0.0,2,4,6,4,0,0,23,0,0,0,0,0,0,0,0,20,Contentsquare - CS Live,,,
0,0,0,0,0,1,0,0,0,0,0,28,0.3771548011361242,64.57233177115572,0.07250899712597662,4.988523412097021,2.799696915237064,65,19,41,0,0,4,0.03526578297651319,0.0014369086568220002,0.0004200194535325847,8.842514811212309e-05,0.0009063577681492616,0.0,0.0,0,0,0,0,0,0,4,0,0,0,0,0,0,0,0,4,Chat AI - SideBar AI by Fusion,,,
0,0,0,0,1,0,0,0,0,0,1,216,0.4339720502259581,50.19833391595707,0.08651039559119285,4.477065798877332,3.0236404849390306,631,89,203,0,0,20,0.07580297111454957,0.0041619122370772955,0.000587020901901552,0.0001319148094160791,0.0013389353155732029,0.0,0.0,276,0,3,11,0,1,27,0,1,0,7,0,0,0,1,20,myViewBoard extension,,,
0,0,0,0,0,1,0,0,0,0,0,7,0.4075473847157435,42.79075039673543,0.1262367139003795,3.382028934212273,3.1416739164658223,82,12,8,0,0,0,0.0598150687961775,0.01858988891407844,0.002720471548401723,0.0,0.001813647698934482,0.0,0.0,3,0,0,4,0,0,9,0,0,0,0,0,0,0,0,9,__MSG_extension_name__,,,
0,0,0,0,0,1,0,0,0,0,0,247,0.5229767140496611,44.64479732553281,0.07929628824901194,3.948602704947255,2.7631709009470624,3928,40,303,0,0,3,0.04227330147405818,0.01625202219344375,0.00016549920767254327,1.2412440575440745e-05,0.0012536564981195152,0.0,0.0,0,0,0,2,0,0,9,0,0,0,0,0,0,0,0,9,Google Sheets Excel Shortcuts & Trace Formula,,,
0,0,0,0,0,0,0,0,0,0,0,0,0.0,0.0,0.0,0.0,0.0,0,0,0,0,0,0,0.0,0.0,0.0,0.0,0.0,0.0,0.0,0,0,0,0,0,0,0,0,0,0,0,0,0,0,0,0,Songbirds,,,
0,1,0,0,0,1,0,0,0,0,0,8,0.3402744109376515,37.449207828518176,0.10326772035295258,5.842924659438421,3.419605261325039,33,2,18,0,0,0,0.04448151237142063,0.03075489282385834,0.001863932898415657,0.0,0.016775396085740912,0.0,0.0,0,0,0,14,0,0,2,0,0,0,0,0,0,0,0,2,CNFans Plugin Extension by RepNews,,,
0,0,0,0,0,0,1,0,0,0,0,0,0.0,0.0,0.0,0.0,0.0,0,0,0,0,0,0,0.0,0.0,0.0,0.0,0.0,0.0,0.0,0,0,0,0,0,0,0,0,0,0,0,0,0,0,0,0,__MSG_appName__,,,
0,0,0,0,1,1,0,1,0,0,0,14,0.3982978003384095,36.880912703499554,0.09401015228426396,4.597863119104457,3.140730549996097,85,16,13,0,0,0,0.06891556771038543,0.0036320129897876342,0.0006836730333717899,0.0,0.0005554843396145794,0.0,0.0,22,1,0,2,0,2,54,0,0,0,0,0,0,0,0,54,Global Cookie Manager,,,
0,1,0,0,0,1,1,0,0,0,0,69,0.521609292004169,49.23593789034725,0.07772543593567009,3.597891309658467,2.376356263830109,206,10,95,0,0,2,0.0428923052920491,0.0019793608394027325,9.608547764090935e-05,1.921709552818187e-05,0.0009128120375886388,0.0,0.0,0,0,0,0,0,0,2,0,0,0,0,0,0,0,0,2,__MSG_appName__,,,
0,1,0,0,0,0,0,0,0,0,0,34,0.3998889301145408,34.42586750788644,0.11823820181685438,3.8351687192328003,3.006296881409306,221,20,29,0,0,0,0.0403401638646158,0.0037481767918320272,0.0003392015196228079,0.0,0.0004918422034530715,0.0,0.0,0,0,0,0,0,0,0,0,0,0,0,0,0,0,0,0,Economize! Adrenaline,,,
0,0,0,0,0,1,0,1,0,0,1,1,0.5634831946890941,44.83787410302783,0.08199525521061367,3.574159535224099,2.620633789706223,2,0,0,0,0,0,0.034529623489702344,0.00011667930692491686,0.0,0.0,0.0,0.0,0.0,1,0,0,0,0,0,2,0,0,0,0,0,0,0,0,2,Shield - LinkedIn Analytics,,,
0,0,0,0,0,0,0,0,0,0,0,0,0.34436908798857757,28.58839050131926,0.13207210422987686,4.517269736842105,3.5913174782859216,16,4,2,0,0,3,0.05756578947368421,0.04221635883905013,0.010554089709762533,0.0079155672823219,0.005277044854881266,0.0,0.0,0,0,0,7,5,1,8,0,0,0,0,0,1,5,0,8,Wanderlustar,,1.0,
0,0,0,0,0,1,0,0,0,0,0,15,0.47096429200909357,50.33369115166386,0.09033497339750196,3.1653433697669624,2.9841613051196845,391,15,26,0,0,8,0.04091049700969272,0.05996012881459899,0.0023002606962122373,0.0012268057046465265,0.003987118540101212,0.0,0.0,1,0,0,0,0,0,4,0,0,0,0,0,0,0,0,4,POKY - Product Importer,,,
1,1,0,0,0,0,0,1,0,0,0,0,0.3417237533853752,30.5678391959799,0.086346981041899,6.608870967741935,3.6135660900903606,4,1,4,0,0,0,0.03225806451612903,0.020100502512562814,0.005025125628140704,0.0,0.020100502512562814,0.0,0.0,0,0,0,3,0,0,3,0,0,0,0,0,0,0,0,3,Cookie Killer for Facebook,,,
0,0,0,0,1,1,1,1,0,0,1,29,0.3728725163208529,45.95242169595111,0.07918385354814747,5.267509379868769,3.078448102256281,40,18,29,0,0,0,0.053536436146582704,6.111535523300229e-05,2.750190985485103e-05,0.0,4.4308632543926665e-05,0.0,0.0,557,0,0,1,0,0,1,0,0,0,0,0,0,0,0,1,Gero Dashboard,,,
0,0,0,0,0,0,0,0,0,0,0,0,0.0,0.0,0.0,0.0,0.0,0,0,0,0,0,0,0.0,0.0,0.0,0.0,0.0,0.0,0.0,0,0,0,0,0,0,0,0,0,0,0,0,0,0,0,0,"Ni de aqui, ni de alla",,,
0,0,0,0,1,1,0,0,0,0,0,10,0.41125317572202913,43.92041991195394,0.11215104751709425,3.8021491348530625,3.240735858921982,112,13,12,0,0,0,0.07007003570447679,0.018963765662038605,0.0022011513714866237,0.0,0.002031832035218422,0.0,0.0,133,0,0,3,0,1,6,0,0,0,0,0,0,0,0,6,Dark Night Mode,,,
0,0,0,0,1,0,0,0,0,0,0,6,0.17648069571220085,53.066409736308316,0.06209261406055967,9.194919532529052,3.515475524388698,148,20,6,0,0,2,0.03899994810072235,0.003002028397565923,0.00040567951318458417,4.0567951318458416e-05,0.00012170385395537525,0.0,0.0,0,0,1,2,0,0,1,0,0,0,0,0,0,0,0,1,Google Ads API Web Navi,,,
0,0,0,0,0,1,0,0,0,0,0,59,0.35683212254242697,58.34959658406245,0.08274765304892878,5.356530927573308,2.9539558825548378,284,86,41,0,0,2,0.057062648254316756,0.0037198092942840677,0.0011264211243254571,2.6195840100592027e-05,0.0005370147220621366,0.0,0.0,30,1,0,5,0,1,14,0,0,0,0,0,0,0,0,14,Page Load Timer,,,
0,1,0,0,1,1,0,1,0,0,0,37,0.44429541010115764,43.47073764860195,0.08404694254094036,4.283225281632855,2.950035294270438,216,13,48,0,0,2,0.06122710577563044,0.004497095625741709,0.00027065853303075095,4.163977431242323e-05,0.0009993545834981574,0.0,0.0,0,0,0,0,0,0,0,0,0,0,0,0,0,0,0,0,__MSG_appName__,,,
0,0,0,0,1,1,0,0,0,0,0,317,0.20754665185317261,213.02003603937678,0.10250376223421552,7.671409932181485,2.826819891305815,633,84,226,0,0,18,0.06231638327788584,0.0036676729107880572,0.0004867054099623962,0.00010429401642051347,0.0013094693172797803,0.0,0.0,79,2,0,0,0,0,3,0,0,0,0,0,0,0,0,3,"Webpilot - Copilot for All, Free & Open",,,
0,0,0,0,0,1,0,0,0,0,0,92,0.2501619842043511,46.262412651710186,0.08311881371135485,6.808825142004957,3.1986097297042977,49,43,55,0,0,0,0.04471785424479681,0.00450533284295697,0.0039536594336153,0.0,0.00505700625229864,0.0,0.0,0,0,9,2,0,1,8,0,0,0,0,0,0,0,0,8,Allkeyshop - Compare Game Prices,,,
1,1,0,0,0,1,1,0,0,0,0,5,0.3923346853210591,41.73945033542523,0.12478796072652884,3.7054919602690304,3.2673954601106727,119,9,15,1,0,4,0.07291434679969712,0.025752001731227006,0.0019476303830339753,0.0008656135035706557,0.003246050638389959,0.0,0.00021640337589266391,0,0,0,1,1,0,3,0,0,0,1,0,0,0,0,3,__MSG_extName__,,,
0,1,0,0,0,1,0,0,0,0,0,3,0.3295985060690943,27.64503816793893,0.10284113645458183,5.219645293315144,3.421626507052948,0,0,0,0,0,0,0.013642564802182811,0.0,0.0,0.0,0.0,0.0,0.0,0,0,0,0,0,0,0,0,0,0,0,0,0,0,0,0,Luna - ChatGPT for Chrome,,,
0,0,0,0,0,1,0,0,0,0,1,0,0.42389353879359026,22.77830822019991,0.1274485199081452,3.2635051767609036,3.214201233374673,69,9,7,0,0,0,0.05278686765731452,0.010293898254512905,0.0013426823810234224,0.0,0.001044308518573773,0.0,0.0,0,0,1,2,0,0,2,0,0,0,0,0,0,0,0,2,Proxy + Free VPN DEEPRISM,,,
0,0,0,0,0,0,0,0,0,0,0,0,0.0,0.0,0.0,0.0,0.0,0,0,0,0,0,0,0.0,0.0,0.0,0.0,0.0,0.0,0.0,0,0,0,0,0,0,0,0,0,0,0,0,0,0,0,0,Ribbet Photo Editor,,,
0,0,0,0,1,1,1,0,0,0,1,37,0.44178121318851027,34.38879077981225,0.09673255143595179,3.6798463184515127,2.7559867781414487,104,5,64,0,0,1,0.028572123334306,0.0048331629333581184,0.00023236360256529418,4.6472720513058835e-05,0.0029742541128357654,0.0,0.0,3,0,0,8,0,0,4,0,0,0,0,0,0,0,0,4,"ScreenApp - Record and take AI notes of meetings, videos, calls & lectures",,,
0,0,0,0,0,0,0,0,0,0,0,0,0.0,0.0,0.0,0.0,0.0,0,0,0,0,0,0,0.0,0.0,0.0,0.0,0.0,0.0,0.0,0,0,0,0,0,0,0,0,0,0,0,0,0,0,0,0,Caribbean Blue,,,
0,0,1,0,0,1,0,1,0,0,0,17,0.3983166149241178,27.62978045325779,0.11013741666563594,3.7983502428649443,2.654812988098215,89,16,12,0,0,0,0.06412209352455954,0.007878895184135978,0.00141643059490085,0.0,0.0010623229461756375,0.0,0.0,12,0,0,2,0,0,4,0,0,0,0,0,0,0,0,4,__MSG_appname__,,,
0,0,0,0,0,0,0,0,0,0,0,0,0.0,0.0,0.0,0.0,0.0,0,0,0,0,0,0,0.0,0.0,0.0,0.0,0.0,0.0,0.0,0,0,0,0,0,0,0,0,0,0,0,0,0,0,0,0,__MSG_appName__,,,
0,1,0,0,0,1,0,0,0,0,0,200,0.5587669329890583,50.239332926335386,0.0762659279098694,3.8994859723568647,2.5352172511128406,1103,59,163,0,0,3,0.04517115872453807,0.006667109931757324,0.00035662691384739996,1.813357189054576e-05,0.0009852574060529864,0.0,0.0,0,0,0,2,0,0,1,0,0,0,0,0,0,0,0,1,Pylote,,,
0,0,0,0,0,0,0,0,0,0,0,0,0.0,0.0,0.0,0.0,0.0,0,0,0,0,0,0,0.0,0.0,0.0,0.0,0.0,0.0,0.0,0,0,0,0,0,0,0,0,0,0,0,0,0,0,0,0,Jigsaw Puzzles,,,
1,1,1,0,1,1,0,0,0,0,0,12,0.6245361766661901,53.27043892566513,0.07336100216917044,3.389449017975519,2.5439490235918787,15,6,0,0,0,0,0.053094070853760056,0.0006324577307416621,0.00025298309229666486,0.0,0.0,0.0,0.0,51,0,0,0,0,0,0,0,0,0,0,0,0,0,0,0,ShopBuddy Taiwan - 享受購物同時賺取現金回饋,,,
0,0,0,0,0,0,0,0,0,0,0,47,0.44591891275811385,45.36673591369633,0.09049213573230834,3.8635540085838898,2.767622953846843,128,16,41,0,0,1,0.04838965142916746,0.002332531525621401,0.00029156644070267514,1.8222902543917196e-05,0.000747139004300605,0.0,0.0,7,1,0,0,0,0,1,0,0,0,0,0,0,0,0,1,ArzDigital,,,
0,0,0,0,0,0,0,0,0,0,0,22,0.44919491651537247,40.089794545676895,0.09943599511890235,3.655173849677285,3.000080349695402,516,21,38,0,0,4,0.05338330210285239,0.01577595695242754,0.0006420447596918185,0.00012229423994129877,0.0011617952794423382,0.0,0.0,20,1,0,2,0,1,4,0,0,0,0,0,0,0,0,4,Photo Editor,,,
1,1,0,0,1,1,0,0,0,0,0,17,0.4877340752613284,20.866272407086157,0.05980652527049993,6.706572200139576,2.8751234339236773,710,1,86,0,1,2,0.11319800548189055,0.0037323240288072335,5.256794406770751e-06,1.0513588813541503e-05,0.0004520843189822846,5.256794406770751e-06,0.0,0,0,0,0,0,0,10,0,0,0,0,0,0,0,0,10,__MSG_extension_name__,,,
0,0,0,0,0,0,0,0,0,0,0,69,0.5063340448039709,61.333866992684015,0.041754977855787724,2.8611480527569246,2.109197652216071,26636,8,48,0,0,2,0.015755860107872444,0.12922318604335253,3.881158914051736e-05,9.70289728512934e-06,0.00023286953484310415,0.0,0.0,0,0,0,0,0,0,0,0,0,0,0,0,0,0,0,0,SuperX (Twitter Analytics),,,
0,0,0,0,0,1,0,0,0,0,0,1,0.3036085358056266,38.17375423949909,0.08576433290707587,6.306069191768565,3.2256193107080797,97,15,4,0,0,0,0.08291082612585744,0.025306548395512652,0.003913383772501957,0.0,0.0010435690060005217,0.0,0.0,1,0,0,36,0,1,10,0,0,0,3,0,0,0,0,10,__MSG_extension_name__,,,
0,0,0,0,0,1,0,0,0,0,0,45,0.5105944032096168,50.39455479841587,0.07812606570250204,3.934327186952172,2.346599401660605,614,39,53,0,0,5,0.06128101107817132,0.00634894373843179,0.00040327167068214954,5.170149624130122e-05,0.000548035860157793,0.0,0.0,0,0,0,0,0,0,1,0,0,0,0,0,0,0,0,1,FBA calculator for Amazon Sellers : SellerApp,,,
0,0,0,0,1,0,0,0,0,0,0,0,0.28661749209694415,15.09322033898305,0.09510010537407798,6.333333333333333,3.678710118241351,11,4,3,0,0,0,0.06956521739130435,0.046610169491525424,0.01694915254237288,0.0,0.012711864406779662,0.0,0.0,0,0,0,14,0,0,1,0,0,0,0,0,0,0,0,1,SEO Review Tools for Chrome!,,,
0,0,0,0,0,1,0,0,0,0,1,8,0.5697514867227594,46.27969502407705,0.08358182774951763,3.489145784754836,2.5742571808351546,64,3,16,0,0,0,0.0352720943216526,0.004280363830925628,0.00020064205457463884,0.0,0.001070090957731407,0.0,0.0,0,0,0,1,0,0,1,0,0,0,0,0,0,0,0,1,__MSG_name__,,,
0,0,0,0,0,0,0,0,0,0,0,0,0.1832699619771863,22.508928571428573,0.11520912547528517,7.065843621399177,3.43059201838597,2,2,1,0,0,0,0.05761316872427984,0.017857142857142856,0.017857142857142856,0.0,0.008928571428571428,0.0,0.0,2,2,0,2,1,0,2,0,0,0,0,0,0,1,0,2,__MSG_appName__,,,
0,0,0,0,0,1,0,0,0,0,0,1,0.41026949527350487,42.675245423189175,0.12518529318850088,3.400946339434276,3.2369842756170377,66,9,7,0,0,0,0.05324459234608985,0.01751127620058371,0.0023879013000795966,0.0,0.0018572565667285751,0.0,0.0,0,0,0,0,0,0,5,0,0,0,0,0,0,0,0,5,__MSG_extName__,,,
0,0,0,0,0,1,0,0,0,0,0,0,0.23253388946819603,29.0,0.11157455683003129,5.536585365853658,2.7863711570220335,8,0,0,0,0,0,0.03414634146341464,0.125,0.0,0.0,0.0,0.0,0.0,0,0,0,0,0,0,0,0,0,0,0,0,0,0,0,0,Dark Mode for All Websites,,,
0,0,0,0,0,0,0,0,0,0,0,0,0.0,0.0,0.0,0.0,0.0,0,0,0,0,0,0,0.0,0.0,0.0,0.0,0.0,0.0,0.0,0,0,0,0,0,0,0,0,0,0,0,0,0,0,0,0,Catppuccin Chrome Theme - Mocha,,,
0,0,0,0,0,0,0,0,0,0,0,0,0.0,0.0,0.0,0.0,0.0,0,0,0,0,0,0,0.0,0.0,0.0,0.0,0.0,0.0,0.0,0,0,0,0,0,0,0,0,0,0,0,0,0,0,0,0,Blue Rose,,,
0,0,0,0,0,0,0,0,0,0,0,0,0.0,0.0,0.0,0.0,0.0,0,0,0,0,0,0,0.0,0.0,0.0,0.0,0.0,0.0,0.0,0,0,0,0,0,0,0,0,0,0,0,0,0,0,0,0,Porsche 911 Turbo,,,
0,0,0,0,1,1,1,0,0,0,0,18,0.47447001071148304,43.396282074104214,0.061342429501830116,5.060982033124597,2.5945342317363855,55,20,14,0,0,0,0.05402498975829578,0.0013986725326145004,0.0005086081936780002,0.0,0.0003560257355746001,0.0,0.0,0,0,0,3,0,1,7,0,0,0,0,0,0,0,0,3,Limit - Set Limits for Distracting Sites,,,
0,0,0,0,0,0,0,0,0,0,0,8,0.4010476261934685,46.31484357665853,0.11549680178574778,3.744126423738074,2.994901394350657,67,10,6,0,0,0,0.08019165300718699,0.014865764366540937,0.002218770800976259,0.0,0.0013312624805857556,0.0,0.0,11,0,0,4,0,1,4,0,0,0,0,1,0,0,0,4,Taborigine,,1.0,
0,1,0,0,0,1,0,0,0,0,0,0,0.4041587502638801,37.24823410696266,0.09821617057209205,5.121798689696248,3.195014192021016,22,0,6,0,0,0,0.05866587254318047,0.022199798183652877,0.0,0.0,0.006054490413723511,0.0,0.0,0,0,0,2,0,0,2,0,0,0,0,0,0,0,0,2,DataLayer Checker Plus,,,
0,1,0,0,1,1,1,1,0,0,1,493,0.49178979427262265,55.036892285622706,0.08065903680538415,4.0669186393361505,2.7248246483886676,6011,353,424,0,0,22,0.05092241492420667,0.008640206065536775,0.0005074018867300751,3.1622780476095336e-05,0.0006094572237211101,0.0,0.0,0,0,2,0,0,0,22,0,0,0,0,0,0,0,0,22,Sendspark Video and Screen Recorder,,,
0,0,0,0,0,1,1,0,0,0,0,26,0.4377278218741115,38.76455011549947,0.09489102805698109,4.467184714402264,3.097930206498025,214,45,46,0,0,0,0.06564316146772357,0.002009502882791519,0.0004225590174094315,0.0,0.0004319492177963078,0.0,0.0,0,0,0,0,0,0,20,0,0,0,0,0,0,0,0,18,rePub,,,
0,0,0,0,0,0,0,0,0,0,0,1,0.2524768296580377,27.748031496062993,0.07907592567228233,5.756225425950197,3.544067150241206,18,1,13,0,0,0,0.023591087811271297,0.023622047244094488,0.0013123359580052493,0.0,0.01706036745406824,0.0,0.0,0,0,0,0,0,0,0,0,0,0,0,0,0,0,0,0,Distraction Free Mode — Google Docs & Slides,,,
0,0,0,0,0,1,0,1,0,0,0,14,0.39656115564620154,38.536222855108576,0.0986382842696958,3.9204384429440693,2.7419756814559637,83,7,8,0,0,0,0.06691256147370175,0.0073869704521181915,0.000622997508009968,0.0,0.000711997152011392,0.0,0.0,11,0,0,0,0,0,10,0,0,0,0,0,0,0,0,10,gs location changer,,,
0,0,0,0,0,1,0,0,0,0,1,77,0.42314158400501123,38.411952322796054,0.07243621415048733,5.696357384010973,3.144747703958716,7668,112,116,0,0,9,0.08474996867983077,0.020096130158347443,0.00029352720106089116,2.3587007228107327e-05,0.0003040103153844944,0.0,0.0,18,0,0,1,0,1,16,0,0,0,0,0,0,0,0,16,Ember Inspector,,,
1,1,0,0,1,1,1,0,1,0,1,481,0.4028413091998717,51.74105320687103,0.10111044818720627,4.562934140044524,2.8117589583483955,1127,98,246,0,0,13,0.049298578192443564,0.003898332053490512,0.0003389853959556967,4.4967450483918945e-05,0.0008509225245418509,0.0,0.0,0,0,0,4,1,0,6,0,0,0,0,0,0,1,0,6,Kixie PowerCall,,,
1,1,0,0,0,1,0,0,0,0,0,14,0.32565087494664957,37.362468513853905,0.08123707278636856,6.650704951856946,3.335323655824041,171,10,40,0,0,0,0.04289889958734525,0.043073047858942067,0.0025188916876574307,0.0,0.010075566750629723,0.0,0.0,11,1,0,7,0,0,2,0,1,0,0,0,0,0,0,2,Aurora VPN — браузерный VPN,,,
0,0,1,0,1,1,0,0,0,0,0,7,0.6242772009682893,50.76453936139212,0.06918362915483783,3.1982758620689653,2.5532076111148148,174,19,18,0,0,0,0.03709883409549705,0.007243661795928563,0.0007909745639232338,0.0,0.0007493443237167478,0.0,0.0,0,0,0,4,0,0,4,0,0,0,1,0,0,0,0,4,Netcraft Extension,,,
0,0,0,0,0,0,0,0,0,0,1,0,0.0,0.0,0.0,0.0,0.0,0,0,0,0,0,0,0.0,0.0,0.0,0.0,0.0,0.0,0.0,0,0,0,0,0,0,0,0,0,0,0,0,0,0,0,0,Solitaire Games,,,
1,1,1,0,1,1,0,0,0,0,0,17,0.5167443067458258,50.72614175806188,0.08855716039849615,3.766408378445317,2.9708076518116124,247,56,91,0,1,1,0.052223755439974526,0.040432149287935835,0.009166803077426747,0.0001636929120969062,0.014896055000818465,0.0001636929120969062,0.0,0,1,3,4,0,0,4,0,0,0,0,0,0,0,0,4,教えてURL,,,
0,0,0,0,0,0,0,0,0,0,0,0,0.0,0.0,0.0,0.0,0.0,0,0,0,0,0,0,0.0,0.0,0.0,0.0,0.0,0.0,0.0,0,0,0,0,0,0,0,0,0,0,0,0,0,0,0,0,__MSG_appName__,,,
1,1,0,0,0,1,0,1,1,0,0,0,0.4078360059513969,23.336730588708598,0.12247754449771311,3.5493135399990297,3.264405547606628,80,10,9,0,0,1,0.05836122835104061,0.01072817486925037,0.0013410218586562962,0.00013410218586562962,0.0012069196727906666,0.0,0.0,0,0,0,0,1,0,4,0,0,0,0,0,0,0,0,4,Microsoft Bing Search & Trending Topics,,,
0,0,0,0,0,0,0,0,0,0,0,0,0.0,0.0,0.0,0.0,0.0,0,0,0,0,0,0,0.0,0.0,0.0,0.0,0.0,0.0,0.0,0,0,0,0,0,0,0,0,0,0,0,0,0,0,0,0,Britannica School,,,
0,0,0,0,0,1,0,0,0,0,0,5,0.40164988836337634,42.890599472162876,0.05735022831998156,4.584275333872764,2.742870189329809,14,3,7,0,0,0,0.030058562925101943,0.00043986427045368857,9.425662938293326e-05,0.0,0.00021993213522684428,0.0,0.0,9,1,0,0,0,0,2,0,0,0,0,0,0,0,0,2,__MSG_appName__,,,
0,0,0,0,0,1,0,0,0,0,0,0,0.3817442719881744,30.870588235294118,0.1385809312638581,3.9721254355400695,2.8246167453560593,2,0,2,0,0,0,0.006968641114982578,0.023529411764705882,0.0,0.0,0.023529411764705882,0.0,0.0,0,0,0,3,0,0,1,0,0,0,0,0,0,0,0,1,Turn Off YouTube Comments & Live Chat,,,
0,1,1,0,1,1,0,1,1,0,1,57,0.396885588033147,46.64026273046924,0.08479680436335381,4.022659120805569,2.6621677658983494,558,27,37,0,1,0,0.03511774392890633,0.004979741910150463,0.0002409552537169579,0.0,0.0003301979402787941,8.924268656183625e-06,0.0,0,0,0,0,0,0,1,0,0,0,0,0,0,0,0,1,Gem,,,
0,0,1,0,1,1,0,0,0,0,1,89,0.4947514021349233,36.70480741215547,0.09182117583057851,3.6393390419356173,2.8399884606289363,1248,8,72,0,2,4,0.03895818539052126,0.014544606957636501,9.323465998484937e-05,4.661732999242469e-05,0.0008391119398636443,2.3308664996212343e-05,0.0,1,0,0,0,0,0,2,0,0,0,0,0,0,0,0,2,__MSG_appName__,,,
0,0,0,0,0,1,0,0,0,0,0,379,0.515040926469867,47.02797031376792,0.07954320657677025,4.02217877147742,2.7390355788929277,2264,83,411,0,0,13,0.05598399069452372,0.006379046073392841,0.00023386078802632766,3.662879812460554e-05,0.0011580335407086826,0.0,0.0,0,0,0,8,0,0,6,0,0,0,0,0,0,0,0,6,Claap - Meeting & Screen Recording,,,
0,0,0,0,0,0,0,0,0,0,0,1,0.7845284422190641,52.40141843971631,0.031809065915822186,4.3423049132947975,2.7639451076024777,6,0,4,0,0,0,0.022579479768786128,0.002127659574468085,0.0,0.0,0.0014184397163120568,0.0,0.0,0,0,0,0,0,0,3,0,0,0,0,0,0,0,0,3,__MSG_appName__,,,
0,0,0,0,1,1,1,0,0,0,1,33,0.42459426864818434,30.562111658305334,0.10113060838193068,3.97208631465822,3.178203453636858,180,29,162,0,0,0,0.08381175938233547,0.008284622819533299,0.001334744787591476,0.0,0.00745616053757997,0.0,0.0,1,0,0,24,1,1,7,0,0,0,1,0,0,1,0,7,__MSG_extName__,,1.0,
0,0,0,0,0,0,0,0,0,0,0,0,0.0,0.0,0.0,0.0,0.0,0,0,0,0,0,0,0.0,0.0,0.0,0.0,0.0,0.0,0.0,0,0,0,0,0,0,0,0,0,0,0,0,0,0,0,0,Steady Flight,,,
0,0,0,0,0,1,0,0,0,0,1,16,0.24225567770160514,217.03789255125875,0.13502431061723652,3.217731228066712,2.5873459445362776,65,8,27,0,0,2,0.03012665162904794,0.002811661908469591,0.00034605069642702654,8.651267410675664e-05,0.0011679211004412147,0.0,0.0,0,0,0,0,0,0,2,0,0,0,0,0,0,0,0,2,Thieve AliExpress Tools,,,
0,0,0,0,0,0,0,0,0,0,0,0,0.3268009008706175,30.161256544502617,0.08541463578607685,5.67906976744186,3.3879301340240398,62,2,23,0,0,0,0.20286225402504474,0.06492146596858639,0.0020942408376963353,0.0,0.024083769633507852,0.0,0.0,0,0,0,0,0,0,9,0,0,0,0,0,0,0,0,9,SimpleDraw,,,
0,1,0,0,1,1,0,0,0,0,1,58,0.32466815774967883,54.298775971962236,0.059779429529454656,5.790829272133902,3.074044692167091,302,112,70,0,0,5,0.040077913782996334,0.0017611075150306445,0.0006531259658391794,2.915740918924908e-05,0.0004082037286494871,0.0,0.0,30,0,0,0,0,0,0,0,0,0,0,0,0,0,0,0,FlowCrypt: Encrypt Gmail with PGP,,,
0,0,0,0,0,1,0,0,0,0,1,97,0.5211711944111639,49.6875068101747,0.07952955979890279,4.21399155696751,2.675632565268101,632,16,115,0,0,9,0.04965088548527348,0.007651609622625519,0.00019371163601583592,0.00010896279525890771,0.0013923023838638207,0.0,0.0,0,0,0,0,0,0,2,0,0,0,0,0,0,0,0,2,__MSG_extName__,,,
1,1,0,0,0,1,0,0,0,0,0,22,0.3342412114200603,40.465818605554475,0.08865745673917982,5.48119172386646,3.337502898439347,141,24,87,0,0,0,0.10295962801682781,0.013691979025053409,0.0023305496212856864,0.0,0.008448242377160613,0.0,0.0,29,1,0,14,0,0,9,0,0,0,0,0,0,0,0,9,Storm Tracker: Hurricane & Tornado Alerts USA,,,
0,0,0,0,1,1,1,1,0,0,0,45,0.5189789029055764,44.58731992549454,0.08832581928317151,3.530582821587109,2.594527431813258,125,8,35,0,0,0,0.053339042488035164,0.002947209581967793,0.00018862141324593875,0.0,0.000825218682950982,0.0,0.0,0,0,0,0,0,0,2,0,0,0,0,0,0,0,0,2,Scrolling Screenshot & Full Page Capture,,,
0,1,0,0,0,1,0,0,0,0,0,57,0.5179846605910045,51.247432416479754,0.09143092125702265,3.6660598584380275,2.8775373115656095,163,22,63,0,0,0,0.03812113010048265,0.009621060087356864,0.0012985479872506197,0.0,0.003718569236217684,0.0,0.0,0,0,0,0,0,0,4,0,0,0,0,0,0,0,0,4,JobCopilot,,,
0,1,0,0,0,0,0,0,0,0,0,28,0.3331305352219042,74.09717243052373,0.13127570421195525,4.452320940641586,3.1244952876724854,559,5,24,0,0,0,0.022180338869855865,0.015067791584678832,0.00013477452222431871,0.0,0.0006469177066767298,0.0,0.0,0,0,0,0,0,0,3,0,0,0,0,0,0,0,0,3,__MSG_appName__,,,
0,0,0,0,0,0,0,0,0,0,0,0,0.0,0.0,0.0,0.0,0.0,0,0,0,0,0,0,0.0,0.0,0.0,0.0,0.0,0.0,0.0,0,0,0,0,0,0,0,0,0,0,0,0,0,0,0,0,Isle of Skye Scotland,,,
0,0,0,0,0,1,0,0,0,0,0,2,0.35764735492598826,44.517537580529705,0.14465715499205611,3.806336520622235,2.99476648235152,38,4,12,0,0,0,0.03596403596403597,0.02720114531138153,0.002863278453829635,0.0,0.008589835361488905,0.0,0.0,1,0,0,1,0,0,1,0,0,0,1,0,0,0,0,1,EasyReader,,,
0,0,0,0,1,1,0,0,0,0,1,24,0.4894662852570936,49.8684563501188,0.08728623874360854,3.8335491279585057,3.0536153173857796,267,54,75,0,0,2,0.05520488928965034,0.005116118647965049,0.0010347206254311336,3.832298612707902e-05,0.0014371119797654632,0.0,0.0,30,0,0,47,3,1,5,0,0,0,0,0,0,0,0,5,"GradeTransferer - Transfer, Scale & Sort Grades | Save Time, Reduce Errors",,,
0,0,0,0,1,1,0,0,0,0,0,77,0.5623683016837522,62.52634332492153,0.08192799956464568,3.910238289002156,2.6366358746152083,717,81,129,0,0,0,0.06052169443611599,0.007355204037668493,0.0008309226318704992,0.0,0.0013233212285344987,0.0,0.0,10,0,0,4,1,0,7,0,0,0,0,0,0,0,0,7,__MSG_appName__,,,
0,0,0,0,0,0,0,0,0,0,0,0,0.0,0.0,0.0,0.0,0.0,0,0,0,0,0,0,0.0,0.0,0.0,0.0,0.0,0.0,0.0,0,0,0,0,0,0,0,0,0,0,0,0,0,0,0,0,TagPro Capture the Flag,,,
1,1,0,0,1,1,1,1,0,0,0,26,0.3186856097239817,38.36961572832887,0.11110203006733593,4.318931346123355,3.3238702964628,166,22,44,0,0,0,0.027350562866656096,0.02966934763181412,0.003932082216264522,0.0,0.007864164432529044,0.0,0.0,0,0,0,9,1,1,7,0,0,0,0,0,0,0,0,7,Easy Quiz Poly,,,
0,0,0,0,1,1,0,0,0,0,1,27,0.5494965944397485,33.81232550665837,0.08772930916601998,2.506370865714802,2.8414888941617984,172,11,41,0,0,5,0.05081305777130827,0.0008636792737059875,5.523530238817362e-05,2.5106955630988008e-05,0.00020587703617410167,0.0,0.0,0,0,0,0,0,0,3,0,0,0,0,0,0,0,0,3,__MSG_appName__,,,
0,0,0,0,0,0,0,0,0,0,0,0,0.0,0.0,0.0,0.0,0.0,0,0,0,0,0,0,0.0,0.0,0.0,0.0,0.0,0.0,0.0,0,0,0,0,0,0,0,0,0,0,0,0,0,0,0,0,Blue Nebula - Full HD - Axlg,,,
0,0,0,0,0,1,1,0,0,0,0,16,0.21889983019989198,108.67942610547554,0.05134524301650428,3.0387350082196662,2.8732864355547485,511,20,23,0,0,1,0.012279560430068052,0.01431934091800706,0.0005604438715462646,2.8022193577313233e-05,0.0006445104522782043,0.0,0.0,0,0,0,0,0,0,3,0,0,0,0,0,0,0,0,3,__MSG_appName__,,,
0,0,0,0,0,1,1,0,0,0,1,37,0.5917511743525173,57.658550319848636,0.08752550206378079,3.371134507787691,2.7803012186096256,380,61,54,0,0,5,0.061795894450325115,0.00855932966933958,0.0013739976574466167,0.00011262275880709974,0.0012163257951166772,0.0,0.0,0,0,0,19,0,0,3,0,0,0,4,1,0,0,0,3,podStation Podcast Player,,,
0,0,0,0,0,1,0,0,0,0,0,30,0.5831348326691869,60.41148672233708,0.07801054239650639,3.8512823594727474,2.538716151036791,94,12,43,0,0,0,0.06096716404242289,0.001261982117444889,0.00016110410009934753,0.0,0.000577289692022662,0.0,0.0,1,0,0,0,0,0,0,0,0,0,0,0,0,0,0,0,__MSG_appName__,,,
0,0,0,0,0,1,0,0,0,0,0,32,0.7482231074939703,24.56153209331444,0.08200336457690739,1.8752990750990965,3.212867034201353,133,18,17,0,0,5,0.03802113639084888,0.0002738969982536492,3.7068766680945006e-05,1.0296879633595836e-05,3.500939075422584e-05,0.0,0.0,17,0,0,3,0,0,11,0,0,0,0,0,0,0,0,11,__MSG_app_name__,,,
0,0,0,0,0,0,0,0,0,0,0,0,0.43033381712626995,12.929292929292929,0.08925979680696662,5.814814814814815,3.3811945918687982,0,0,0,0,0,0,0.06481481481481481,0.0,0.0,0.0,0.0,0.0,0.0,0,0,0,0,0,0,1,0,0,0,0,0,0,0,0,1,Doc2You,,,
0,0,0,0,0,0,1,1,0,0,0,7,0.3745740720324969,37.0885225569738,0.08302546663387579,5.888666085096137,3.3070421624140773,3589,24,50,0,0,1,0.07484496934912784,0.046367112810707455,0.00031006149552994676,1.291922898041445e-05,0.0006459614490207224,0.0,0.0,683,0,0,4,0,0,401,0,0,0,2,0,0,0,0,401,Foxtrick,,,
0,0,0,0,0,1,1,0,0,0,0,1199,0.3154368965452958,63.84001589992654,0.07447071414811639,4.533160475676385,2.590935493946872,23485,1294,1555,0,0,46,0.022073184610132166,0.01819735745080476,0.0010026561865591381,3.564311018680089e-05,0.0012048920943581606,0.0,0.0,11,0,2,0,0,0,2,0,0,0,0,0,0,0,0,2,BetterFloat,,,
0,0,0,0,0,1,0,0,0,0,0,183,0.5002880010985542,44.619977003746804,0.08568135888717505,3.6176409409933306,2.7030391337812816,579,58,414,0,0,4,0.035519859003091014,0.0028695755605336716,0.00028745316495846796,1.9824356204032276e-05,0.0020518208671173404,0.0,0.0,2,1,0,0,0,0,2,0,0,0,0,0,0,0,0,2,Jasper Everywhere Extension,,,
0,1,1,0,0,1,0,0,0,0,0,8,0.3597189136038431,103.88247780280086,0.058738685018762456,4.458672632077217,3.2621850216890693,23,8,15,0,0,0,0.022918133390360352,0.0005953767699515933,0.00020708757215707593,0.0,0.00038828919779451736,0.0,0.0,2,0,0,0,0,0,2,0,0,0,0,0,0,0,0,2,__MSG_name__,,,
0,0,0,0,0,0,0,0,0,0,0,0,0.0,0.0,0.0,0.0,0.0,0,0,0,0,0,0,0.0,0.0,0.0,0.0,0.0,0.0,0.0,0,0,0,0,0,0,0,0,0,0,0,0,0,0,0,0,__MSG_extName__,,,
0,0,1,0,1,1,0,1,0,0,0,0,0.562189744869446,54.65180061252508,0.07778232161308472,3.410060117063484,2.8341576672170907,390,0,52,0,0,0,0.04316455220922907,0.00411870313655085,0.0,0.0,0.00054916041820678,0.0,0.0,79,0,0,0,0,0,5,0,0,0,0,0,0,0,0,5,Atmos™ Rewards Shopping,,,
0,0,0,0,0,0,0,0,0,0,0,0,0.0,0.0,0.0,0.0,0.0,0,0,0,0,0,0,0.0,0.0,0.0,0.0,0.0,0.0,0.0,0,0,0,0,0,0,0,0,0,0,0,0,0,0,0,0,Korean Radish,,,
0,0,0,0,0,0,0,0,0,0,0,0,0.0,0.0,0.0,0.0,0.0,0,0,0,0,0,0,0.0,0.0,0.0,0.0,0.0,0.0,0.0,0,0,0,0,0,0,0,0,0,0,0,0,0,0,0,0,Raora Color,,,
0,0,0,0,0,1,0,0,0,0,0,0,0.37740183792815374,35.55725190839695,0.10463659147869674,4.503171247357294,3.2463163288185637,0,0,0,0,0,0,0.012684989429175475,0.0,0.0,0.0,0.0,0.0,0.0,0,0,0,0,0,0,0,0,0,0,0,0,0,0,0,0,Secured Web,,,
0,0,0,0,0,0,0,0,0,0,0,0,0.0,0.0,0.0,0.0,0.0,0,0,0,0,0,0,0.0,0.0,0.0,0.0,0.0,0.0,0.0,0,0,0,0,0,0,0,0,0,0,0,0,0,0,0,0,Bubbly,,,
0,0,0,0,0,0,0,0,0,0,0,0,0.0,0.0,0.0,0.0,0.0,0,0,0,0,0,0,0.0,0.0,0.0,0.0,0.0,0.0,0.0,0,0,0,0,0,0,0,0,0,0,0,0,0,0,0,0,Snake,,,
0,1,0,0,0,0,0,0,0,0,0,34,0.4004209012464046,34.37880329703877,0.1182770853307766,3.823865112455974,3.002914797862818,221,20,29,0,0,0,0.04017836228668288,0.0037481767918320272,0.0003392015196228079,0.0,0.0004918422034530715,0.0,0.0,0,0,0,0,0,0,0,0,0,0,0,0,0,0,0,0,Menores Preços Dudu Rocha,,,
0,0,0,0,0,0,0,0,0,0,0,0,0.0,0.0,0.0,0.0,0.0,0,0,0,0,0,0,0.0,0.0,0.0,0.0,0.0,0.0,0.0,0,0,0,0,0,0,0,0,0,0,0,0,0,0,0,0,Daniel Ricciardo's MCL36 - McLaren Blue,,,
0,0,0,0,0,1,0,0,0,0,1,1,0.2827602968945725,13.839389736477115,0.07343840559388262,6.993054048187541,3.651667990202499,61,0,10,0,0,0,0.041458649880616455,0.016920943134535366,0.0,0.0,0.0027739251040221915,0.0,0.0,0,0,0,0,0,0,8,0,0,0,0,0,0,0,0,8,__MSG_app_name__,,,
0,0,0,0,0,1,0,0,1,0,0,40,0.517705547111877,50.448207565854624,0.09723422045854564,3.5534861908988895,2.5747210388440527,180,21,53,0,0,0,0.06785636525030565,0.0071301247771836,0.0008318478906714201,0.0,0.0020994256288373934,0.0,0.0,1,0,0,6,0,0,5,0,0,0,0,0,0,0,0,5,Chrome Extension Manager by cloudHQ,,,
0,0,1,0,1,1,0,1,0,0,1,37,0.35464995119907167,76.61460047182541,0.07334058337242118,7.004706314597011,2.858778625562041,1139,31,55,0,0,0,0.05319243548864463,0.009915297763617213,0.0002698632402740418,0.0,0.00047878961984104186,0.0,0.0,0,0,0,0,0,0,1,0,0,0,0,0,0,0,0,1,__MSG_EXTENSION_NAME__,,,
0,0,0,0,1,1,0,0,0,0,1,97,0.5262111559810033,45.72084154782634,0.08650383731520687,3.5163616983478416,2.634432928002441,501,80,149,0,0,2,0.04273955451784551,0.003604783353239988,0.0005756141083017945,1.4390352707544862e-05,0.0010720812767120922,0.0,0.0,14,21,0,0,0,0,6,0,0,0,0,0,0,0,0,6,__MSG_appName__,,,
0,0,1,0,1,1,0,1,1,0,1,75,0.2651275744490727,71.68592525152124,0.04990820560106715,9.845251997474582,2.82576617086857,251,28,53,0,0,19,0.05928461019310735,0.0010482661844363795,0.00011693806041521364,7.935082671032355e-05,0.00022134704292879726,0.0,0.0,0,0,0,0,0,0,7,0,0,0,0,0,0,0,0,7,Keep Aware,,,
0,0,0,0,1,1,0,0,0,0,0,8,0.5723197032288185,47.40901870171132,0.07108427534864573,3.532311631445164,2.008481955338147,130,3,22,0,0,0,0.04383360854964098,0.004693479673622644,0.00010831106939129179,0.0,0.0007942811755361397,0.0,0.0,13,1,0,1,0,0,2,0,0,0,1,0,0,0,1,2,History by Date,,,
0,0,0,0,1,1,0,0,0,0,1,318,0.4851286044640347,56.69600090008829,0.08707212753837212,3.789216962092749,2.6783542344709015,4050,101,172,0,0,4,0.051365656747529916,0.007723215222171158,0.00019260363887389802,7.627866886094971e-06,0.00032799827610208377,0.0,0.0,39,2,0,0,0,0,32,0,0,0,0,0,0,0,0,32,Crossmark Wallet,,,
0,0,1,0,1,1,0,0,0,0,1,162,0.46961643659625296,57.57797797797798,0.08875656960752734,3.844564961658246,2.722873072473665,524,104,161,0,1,0,0.03906352807940312,0.002384202384202384,0.0004732004732004732,0.0,0.0007325507325507325,4.55000455000455e-06,0.0,0,0,0,36,0,0,28,0,0,0,0,0,0,0,0,28,TagHound - Analytics/GTM/Pixel Debugger,,,
0,0,0,0,0,0,0,0,0,0,0,2,0.15341485960206694,155.38151658767774,0.05097664833083299,30.165340909090908,3.3895200211508016,8,1,4,0,0,0,0.0625,0.018957345971563982,0.002369668246445498,0.0,0.009478672985781991,0.0,0.0,0,0,0,0,0,0,0,0,0,0,0,0,0,0,0,0,Color Dropper,,,
0,0,0,0,0,0,0,0,0,0,0,24,0.5311132437217488,44.25666656122481,0.09415786615297622,3.5738579551959697,2.4623240487601628,80,4,18,0,0,2,0.051001793687745677,0.0025306044981494953,0.00012653022490747477,6.326511245373739e-05,0.0005693860120836365,0.0,0.0,0,0,0,0,0,0,3,0,0,0,0,0,0,0,0,3,WebSocket King Client,,,
0,1,0,0,1,1,0,0,0,0,0,16,0.4762689577018306,54.655639837055766,0.08240558692211979,3.3462398145629577,2.781948779443081,40,2,22,0,0,2,0.032557919509916385,0.0028093833403567917,0.00014046916701783958,0.00014046916701783958,0.0015451608371962354,0.0,0.0,15,0,1,1,0,0,1,0,0,0,0,0,0,0,0,1,__MSG_appName__,,,
0,0,0,0,0,1,0,0,0,0,0,6,0.338694795118064,62.083333333333336,0.09273161934320345,4.6743156199677935,3.487994810487251,70,12,29,0,0,0,0.018518518518518517,0.09259259259259259,0.015873015873015872,0.0,0.03835978835978836,0.0,0.0,78,24,0,7,0,2,2,0,0,0,0,0,0,0,0,2,AT Price Tracker,,,
0,1,1,0,0,1,0,0,0,0,0,1,0.2974614356856553,14.838461538461539,0.14502611441758775,5.737864077669903,3.4399355278698223,3,1,3,0,0,0,0.05339805825242718,0.0057692307692307696,0.0019230769230769232,0.0,0.0057692307692307696,0.0,0.0,0,0,0,4,0,0,1,0,0,0,0,0,0,0,0,1,Разблокировать Рутрекер / OPEN_Rutracker,,,
0,0,0,0,0,1,0,0,0,0,0,0,0.27519554077137465,38.31095406360424,0.16641193922502923,4.672790901137358,2.764635562253363,0,0,0,0,0,0,0.03762029746281715,0.0,0.0,0.0,0.0,0.0,0.0,0,0,0,0,0,0,1,0,0,0,0,1,0,0,0,1,ZenSearch,,,
0,0,0,0,0,0,0,0,0,0,0,0,0.0,0.0,0.0,0.0,0.0,0,0,0,0,0,0,0.0,0.0,0.0,0.0,0.0,0.0,0.0,0,0,0,0,0,0,0,0,0,0,0,0,0,0,0,0,__MSG_appName__,,,
0,1,0,0,0,1,0,0,0,0,0,16,0.6868510715509768,18.68373015873016,0.04561399971774763,5.202173671952978,2.0389237580509394,57,6,9,0,0,0,0.016967949428856603,0.005654761904761905,0.0005952380952380953,0.0,0.0008928571428571428,0.0,0.0,0,0,0,4,0,0,4,0,1,0,0,0,0,0,0,4,Namso Validator,,,
0,1,0,0,0,1,0,0,0,0,0,31,0.3303364342257853,58.73420676153904,0.08544030151767257,4.4716676760447065,3.01499947498135,37,11,69,0,0,1,0.0667290645818422,0.001392967397033356,0.000414125442361268,3.7647767487387995e-05,0.002597695956629772,0.0,0.0,2,0,0,2,1,0,14,0,0,0,0,0,0,1,0,14,Bing Rewards Auto Search: Automate searches with 1-Click,,,
0,1,0,0,0,1,0,0,0,0,0,28,0.3618731402301114,39.39502796768179,0.14353192419062508,4.236057748282687,2.335295609598883,189,2,59,0,0,0,0.01615438351379672,0.023492852703542573,0.0002486016159105034,0.0,0.007333747669359851,0.0,0.0,0,0,0,1,0,0,2,0,0,0,0,0,0,0,0,2,__MSG_extName__,,,
0,0,0,0,0,1,1,1,0,0,0,131,0.29221832160379146,104.33667041381212,0.12625247757060504,5.776703616517713,2.910314397771389,452,48,144,0,0,1,0.0219524857759071,0.0023967590726875518,0.00025452308736504975,5.302564320105203e-06,0.0007635692620951493,0.0,0.0,29,0,0,0,0,0,6,0,0,0,0,0,0,0,0,6,__MSG_EXTENSION_NAME__,,,
0,0,0,0,1,1,0,0,0,0,0,2,0.24948745855374724,40.294670846394986,0.09906603558682832,5.732852882703777,3.661011244175864,48,4,49,0,0,0,0.031560636182902585,0.050156739811912224,0.0041797283176593526,0.0,0.051201671891327065,0.0,0.0,25,1,0,0,0,1,3,0,0,0,0,0,0,0,0,3,__MSG_name__,,,
0,1,0,0,0,1,0,1,0,0,1,148,0.4772746482197212,44.067773133147,0.0926410533082915,3.806348712800072,2.8420937442627046,402,20,118,0,0,2,0.04557646776755477,0.0033144524969699967,0.00016489813417761178,1.6489813417761178e-05,0.0009728989916479095,0.0,0.0,5,1,0,0,0,0,5,0,0,0,0,0,0,0,0,5,__MSG_extensionNameLite__,,,
0,0,0,0,1,1,1,0,0,0,0,42,0.5230991350695032,49.95042136598046,0.06641509216592231,5.889209345134528,2.739971307670847,351,36,88,0,0,0,0.06687343974582041,0.0036790910234371726,0.0003773426690704792,0.0,0.0009223931910611714,0.0,0.0,2,0,0,0,0,0,2,0,0,0,0,0,0,0,0,2,__MSG_appName__,,,
0,0,0,0,0,1,0,0,0,0,0,3,0.3550660079371507,42.64768263943441,0.07238825445677312,5.517576228393863,3.1400599653079806,58,15,6,0,0,0,0.021169159060011652,0.022780832678711706,0.00589159465828751,0.0,0.002356637863315004,0.0,0.0,1,0,0,3,0,0,1,0,0,0,0,0,0,0,0,1,__MSG_extName__,,,
0,0,0,0,0,0,0,0,0,0,0,0,0.0,0.0,0.0,0.0,0.0,0,0,0,0,0,0,0.0,0.0,0.0,0.0,0.0,0.0,0.0,0,0,0,0,0,0,0,0,0,0,0,0,0,0,0,0,Guitarist's Reference,,,
0,1,0,0,0,1,0,0,0,0,1,48,0.4511038403302334,39.75335229581471,0.072963568070035,5.9417614459227215,3.0619836193331107,111,6,20,0,0,1,0.0725471643462645,0.0064433737737272885,0.0003482904742555291,5.804841237592152e-05,0.0011609682475184303,0.0,0.0,3,0,0,31,0,1,5,0,0,0,0,0,0,0,0,5,__MSG_appName__,,,
0,1,1,0,0,1,0,1,0,0,0,0,0.22314622314622315,38.005405405405405,0.058073458073458074,5.88849765258216,3.2208914507069406,0,0,0,0,0,0,0.03755868544600939,0.0,0.0,0.0,0.0,0.0,0.0,0,0,0,5,0,0,0,0,0,0,0,0,0,0,0,0,Kagi Search,,,
0,0,0,0,0,1,0,0,0,0,0,10,0.38573414405809986,35.511651993785605,0.09983545943696867,4.79013369766761,3.2646085122181177,49,5,53,0,0,3,0.06270127842295306,0.008458484377697221,0.0008631106507854307,0.0005178663904712584,0.009148972898325565,0.0,0.0,0,0,0,12,0,0,17,0,4,0,0,0,0,0,0,17,RYS — Remove YouTube Suggestions,,,
0,0,0,0,0,0,0,0,0,0,0,0,0.0,0.0,0.0,0.0,0.0,0,0,0,0,0,0,0.0,0.0,0.0,0.0,0.0,0.0,0.0,0,0,0,0,0,0,0,0,0,0,0,0,0,0,0,0,Banana,,,
0,0,0,0,1,1,0,1,0,0,1,17,0.4861145333519156,54.77589112004098,0.07055934059370458,4.594391545144389,2.380532412360163,92,11,11,0,0,1,0.04088355446104148,0.0002724367991045121,3.25739651103221e-05,2.961269555483827e-06,3.25739651103221e-05,0.0,0.0,37,0,0,0,0,0,2,0,0,0,0,0,0,0,0,2,__MSG_appName__,,,
0,0,0,0,1,0,0,0,0,0,0,3,0.4247684018760417,36.719298245614034,0.11360130237606109,3.472679260613447,3.2869221919009584,16,4,1,0,0,0,0.07955853476877243,0.004678362573099415,0.0011695906432748538,0.0,0.00029239766081871346,0.0,0.0,0,0,0,1,0,0,3,0,0,0,0,0,0,0,0,3,CSS Used,,,
0,0,0,0,0,0,0,0,0,0,0,0,0.0,0.0,0.0,0.0,0.0,0,0,0,0,0,0,0.0,0.0,0.0,0.0,0.0,0.0,0.0,0,0,0,0,0,0,0,0,0,0,0,0,0,0,0,0,Research In Context,,,
0,0,0,0,0,0,0,0,0,0,0,0,0.0,0.0,0.0,0.0,0.0,0,0,0,0,0,0,0.0,0.0,0.0,0.0,0.0,0.0,0.0,0,0,0,0,0,0,0,0,0,0,0,0,0,0,0,0,One Piece 15 - 1080p,,,
0,1,0,0,0,1,0,0,0,0,0,48,0.4015676600706519,50.58901311545904,0.08750449475690804,5.025764517517964,2.7732355497886307,315,12,134,0,0,0,0.035855813581739754,0.003762631692109224,0.00014333835017558947,0.0,0.0016006115769607492,0.0,0.0,7,0,0,0,0,0,1,0,0,0,0,0,0,0,0,1,International Jobs by Leapfrog,,,
0,0,0,0,0,1,0,0,0,0,0,36,0.5921524151945537,54.65634637035587,0.06097364158911239,4.411464550403358,2.335436967138515,60,3,60,0,0,0,0.08925034433003214,0.0014685006608252974,7.342503304126487e-05,0.0,0.0014685006608252974,0.0,0.0,2,0,0,0,0,0,2,0,0,0,0,0,0,0,0,2,__MSG_app_name__,,,
0,1,0,0,0,1,0,0,0,0,0,79,0.45197882144136614,43.162873767481116,0.08800094313544625,3.988587842242503,2.8331579794260815,2167,48,145,0,0,3,0.047203661451542804,0.012879413740022466,0.00028528466060040534,1.7830291287525334e-05,0.0008617974122303912,0.0,0.0,7,1,0,0,0,0,0,0,0,0,0,0,0,0,0,0,__MSG_name__,,,
0,0,0,0,0,0,0,0,0,0,0,0,0.0,0.0,0.0,0.0,0.0,0,0,0,0,0,0,0.0,0.0,0.0,0.0,0.0,0.0,0.0,0,0,0,0,0,0,0,0,0,0,0,0,0,0,0,0,__MSG_appName__,,,
0,0,0,0,0,1,0,1,0,0,0,11,0.433568195334699,42.808485616066584,0.08159320689883037,4.7189245326563585,2.721402748254435,82,11,6,0,0,6,0.04048003692591738,0.00741812918400579,0.000995114890537362,0.0005427899402931065,0.0005427899402931065,0.0,0.0,1,0,0,0,0,0,1,0,1,0,0,0,0,0,0,1,__MSG_extension_name__,,,
0,0,0,0,1,1,0,0,0,0,0,73,0.3484859744092479,56.039778284969024,0.09275238999724804,5.602050063789538,3.1602931149856346,91,12,51,0,0,1,0.06609476045928468,0.004238669709814151,0.0005589454562392286,4.657878801993572e-05,0.0023755181890167216,0.0,0.0,0,0,0,0,0,0,2,0,0,0,0,0,0,0,0,2,__MSG_name__,,,
0,1,0,0,1,1,0,0,0,0,0,16,0.5033819598544141,51.40533165407221,0.08628336898210084,3.5046042824702917,2.7631688997140293,39,2,22,0,0,2,0.03811593597191457,0.00272879932829555,0.0001399384270920795,0.0001399384270920795,0.0015393226980128744,0.0,0.0,16,0,1,1,0,0,1,0,0,0,0,0,0,0,0,1,__MSG_appName__,,,
0,0,0,0,1,1,0,0,0,0,1,95,0.39197922156854365,84.94516285357207,0.06240147338831831,5.979087561515607,2.874771408898316,573,22,184,0,0,4,0.06353649256841759,0.004871579054760629,0.00018704142967667338,3.400753266848607e-05,0.0015643465027503592,0.0,0.0,14,0,0,0,0,0,9,0,1,0,0,0,0,0,0,8,__MSG_appName__,,,
0,0,0,0,0,0,0,0,0,0,0,102,0.324403298994306,41.331311957587424,0.10146526336738641,4.2261254154496335,3.3739260113038023,410,53,178,0,0,8,0.10069575228660162,0.004962659016909353,0.0006415144582834041,9.683237106164591e-05,0.0021545202561216214,0.0,0.0,39,0,2,33,15,0,65,4,0,0,2,0,3,1,0,64,__MSG_appName__,,,
0,0,0,0,1,1,0,0,0,0,1,27,0.45462071314475294,41.91973470492691,0.09550172901256274,3.950714397864657,2.9110720080708528,236,13,76,0,0,0,0.046946145391741245,0.01597184623714131,0.0008798050893340552,0.0,0.005143475906876015,0.0,0.0,0,0,0,0,0,0,2,0,0,0,0,0,0,0,0,2,Builder.io,,,
0,0,0,0,0,1,0,0,0,0,1,20,0.5433653669271261,47.67364136940388,0.07600805479780864,3.9197151485951327,2.5962450361003664,468,3,19,0,0,0,0.04430238433787325,0.02240842710079004,0.00014364376346660284,0.0,0.0009097438352884845,0.0,0.0,58,0,1,0,0,0,1,0,0,0,0,0,0,0,0,1,__MSG_extName__,,,
0,0,0,0,0,0,0,0,0,0,0,14,0.35339190150648064,41.48042049934297,0.12100411420793764,4.030561399623519,3.2507628761385288,101,15,10,0,0,0,0.08620307828590411,0.013272010512483574,0.0019710906701708277,0.0,0.001314060446780552,0.0,0.0,338,0,0,2,0,2,4,0,0,0,0,0,0,0,0,4,BOOL: Boolean Search Assistant,,,
1,1,0,0,1,1,0,1,0,0,1,48,0.38544789503963817,35.70458133634057,0.10208341494476154,3.9602166307083175,3.072051028824401,441,20,137,0,0,6,0.06722800077222954,0.006216521003665069,0.000281928390188892,8.457851705666761e-05,0.0019312094727939103,0.0,0.0,0,0,0,3,0,0,4,0,0,0,0,0,0,0,0,4,__MSG_appName__,,,
0,0,0,0,0,1,1,0,0,0,1,107,0.5153878883499473,51.22302180980336,0.08045030145103245,4.045905925010473,2.7638164248021,396,134,93,0,0,0,0.05116572543007473,0.0031247040999905313,0.001057349367168513,0.0,0.0007338320234826247,0.0,0.0,0,0,0,1,0,0,4,0,0,0,0,0,0,0,0,4,EVER Wallet,,,
0,0,0,0,0,0,0,0,0,0,0,16,0.47967764540995095,39.22835912364026,0.11309832119679473,3.3069079601540325,3.1220877963293625,98,12,8,0,0,1,0.06705476108690543,0.0075072774628466375,0.0009192584648383637,7.660487206986364e-05,0.0006128389765589091,0.0,0.0,35,0,1,8,0,1,8,0,0,0,4,0,0,0,0,8,Sir Links-a-Lot,,1.0,
0,0,0,0,0,1,1,0,0,0,0,3,0.41498864794021156,57.185009797517964,0.07433143524274324,4.224294259344466,2.8204389287845273,14,3,7,0,0,0,0.037783852545538205,0.0022860875244937948,0.0004898758981058132,0.0,0.0011430437622468974,0.0,0.0,0,0,0,0,0,0,3,0,0,0,0,0,0,0,0,1,__MSG_extName__,,,
0,1,0,0,0,0,0,0,0,0,0,1,0.23705959112657676,30.5,0.09069160504567203,6.6995412844036695,3.6733548898494157,2,0,0,0,0,0,0.009174311926605505,0.0136986301369863,0.0,0.0,0.0,0.0,0.0,0,0,0,0,0,0,0,0,0,0,0,0,0,0,0,0,MatPatify: Publisher's Edition,,,
0,0,0,0,1,1,1,1,0,0,1,127,0.5445226434032404,57.187143746233716,0.08685670066267082,3.210569359254254,2.4934587500535716,389,11,27,0,0,4,0.056825033787295975,0.0038428482519485907,0.00010866666008080849,3.951514912029399e-05,0.00026672725656198446,0.0,0.0,6,0,0,0,2,0,3,0,0,0,0,0,0,0,0,3,Tokpee,,,
0,0,0,0,0,0,0,0,0,0,0,0,0.0,0.0,0.0,0.0,0.0,0,0,0,0,0,0,0.0,0.0,0.0,0.0,0.0,0.0,0.0,0,0,0,0,0,0,0,0,0,0,0,0,0,0,0,0,Star Legends,,,
0,1,0,0,0,1,0,0,0,0,0,40,0.5089707801108859,40.363492883945376,0.04391940554040645,2.655552241232379,1.9175127376631298,126,15,53,0,0,4,0.0038678274072131524,0.00024857856463634533,2.9592686266231587e-05,7.891383004328424e-06,0.00010456082480735161,0.0,0.0,3,0,0,0,0,0,1,0,0,0,0,0,0,0,0,1,Process Feedback for Google Docs,,,
0,0,0,0,0,0,0,0,0,0,0,0,0.0,0.0,0.0,0.0,0.0,0,0,0,0,0,0,0.0,0.0,0.0,0.0,0.0,0.0,0.0,0,0,0,0,0,0,0,0,0,0,0,0,0,0,0,0,__MSG_appName__,,,
0,0,0,0,0,0,0,0,0,0,0,14,0.4310990945774548,44.73754432138027,0.0971556992708827,3.663026922822224,2.855898296297812,43,59,15,0,0,1,0.052999477583936076,0.0015718097744635742,0.0021566692254267644,3.65537156851994e-05,0.000548305735277991,0.0,0.0,5,0,0,0,0,0,2,0,0,0,0,0,0,0,0,2,__MSG_extName__,,,
0,0,0,0,1,1,0,0,0,0,0,361,0.5796310210361542,54.57585054311422,0.06509688784638319,3.799723480058557,2.8775936197181244,532,20,344,0,0,0,0.030218330071412454,0.0005890057428059924,2.2143073037819263e-05,0.0,0.0003808608562504913,0.0,0.0,3,3,0,2,0,0,176,0,0,0,0,0,0,0,0,176,__MSG_appName__,,,
0,0,0,0,0,0,0,0,0,0,0,0,0.3443040196594699,42.166666666666664,0.09180270317711076,4.95311167945439,3.2766439665679012,2,0,1,0,0,1,0.08439897698209718,0.007575757575757576,0.0,0.003787878787878788,0.003787878787878788,0.0,0.0,0,0,0,0,0,0,0,0,0,0,0,0,0,0,0,0,Showdown Randbats Tooltip,,,
1,0,0,0,0,0,0,0,0,0,0,17,0.42183941359370825,50.705988476983066,0.06717503552485332,3.8120106125044715,2.3893633819722138,1687,4,64,0,0,0,0.016892563297428356,0.04908921608566606,0.00011639411045801082,0.0,0.001862305767328173,0.0,0.0,60,0,1,0,0,0,1,0,0,0,0,0,0,0,0,1,Magic Patterns — Import Website,,,
0,0,0,0,1,0,0,0,0,0,0,63,0.4506860064721188,29.41216263978624,0.0616520220373739,4.447705723559376,2.5031168399501786,163,13,24,0,0,12,0.04390377144119091,0.0011522203214906761,9.189487226612754e-05,8.48260359379639e-05,0.0001696520718759278,0.0,0.0,44,0,0,4,0,0,3,0,0,0,1,0,0,0,0,3,Hola Video Accelerator,,,
0,0,0,0,0,0,0,0,0,0,0,10,0.389970210851318,23.661947579873733,0.11072021473011341,3.931573906565925,3.2420203058129506,126,28,10,0,0,0,0.049235571636337835,0.012052802754926343,0.002678400612205854,0.0,0.0009565716472163765,0.0,0.0,0,0,0,3,0,0,1,0,0,0,0,0,0,0,0,1,rockstar,,,
0,1,0,0,0,1,0,0,0,0,0,67,0.4668806992188844,41.92302011638555,0.09391624513953409,3.664024974375808,2.8047441592286297,243,13,135,0,0,5,0.03468812176348034,0.007178093521992142,0.00038401323368682244,0.0001476973975718548,0.003987829734440079,0.0,0.0,5,0,0,0,0,0,2,0,0,0,0,0,0,0,0,2,GetEmail.io for Gmail/Outlook/Salesforce,,,
0,1,0,0,0,1,0,0,0,0,0,38,0.3980006582195162,45.797750336899426,0.09409483062601377,4.468579301898346,2.8229125068186374,286,18,28,0,0,0,0.06578689528475198,0.007865570253843403,0.0004950358901020325,0.0,0.0007700558290476059,0.0,0.0,12,0,0,8,4,2,3,1,0,0,0,0,0,1,0,0,Tracked for Basecamp,,,
0,0,0,0,0,0,0,0,0,0,0,0,0.0,0.0,0.0,0.0,0.0,0,0,0,0,0,0,0.0,0.0,0.0,0.0,0.0,0.0,0.0,0,0,0,0,0,0,0,0,0,0,0,0,0,0,0,0,__MSG_appName__,,,
0,0,0,0,0,1,0,0,0,0,0,29,0.5813327650599283,53.328497001721786,0.05740749847686335,5.460583097955806,2.58651664474136,163,18,48,0,0,2,0.06467923685248383,0.0012097013596152704,0.00013358665320904826,1.484296146767203e-05,0.0003562310752241287,0.0,0.0,185,0,0,3,1,0,20,0,0,1,0,0,0,1,0,20,__MSG_application_title__,,,
0,0,0,0,0,0,0,0,0,0,0,25,0.5934090933068873,48.264098232848234,0.0783735915344362,3.4629039488161704,2.508235553927159,39,3,40,0,0,0,0.04056400016300583,0.001266891891891892,9.745322245322246e-05,0.0,0.0012993762993762994,0.0,0.0,0,0,0,0,0,0,1,0,0,0,0,0,0,0,0,1,Genshin Impact New Tab,,,
0,0,1,0,1,0,0,0,0,0,1,23,0.5013841502652955,45.1437615552692,0.07293014897827856,4.757933389748549,2.8890511778586263,90,18,11,0,0,1,0.07124939555125726,0.005042299288475545,0.001008459857695109,5.602554764972827e-05,0.000616281024147011,0.0,0.0,2,0,0,0,2,0,13,0,0,0,0,0,0,0,0,13,Newsletter Creator for Gmail - Flashissue,,,
0,0,0,0,0,0,0,0,0,0,0,0,0.0,0.0,0.0,0.0,0.0,0,0,0,0,0,0,0.0,0.0,0.0,0.0,0.0,0.0,0.0,0,0,0,0,0,0,0,0,0,0,0,0,0,0,0,0,Japanese Cherry Blossom,,,
0,0,0,0,1,1,0,0,1,0,0,432,0.5117792162021632,59.078937972056764,0.08538199033330428,3.862858021764128,2.8349072312728345,6745,601,699,0,0,9,0.055058873484771,0.014166953716383678,0.0012623186335873372,1.890327404706495e-05,0.0014681542843220446,0.0,0.0,89,0,0,1,0,0,13,0,0,0,0,0,0,0,0,13,Hippo Video: Video and Screen Recorder,,,
0,0,0,0,0,0,0,0,0,0,0,0,0.4515086206896552,28.03125,0.08728448275862069,5.954545454545454,3.2666491953554524,0,0,0,0,0,0,0.045454545454545456,0.0,0.0,0.0,0.0,0.0,0.0,0,0,0,0,0,0,0,0,0,0,0,0,0,0,0,0,Open in Google Maps,,,
0,1,0,0,0,1,0,0,0,0,0,36,0.5238551751547857,62.709774733562476,0.07613419011482404,3.9440163041320564,2.8253576156644598,477,96,32,0,0,9,0.05631013141236309,0.011794960559827898,0.0023738285403427217,0.00022254642565713013,0.0007912761801142405,0.0,0.0,0,0,0,0,0,0,0,0,0,0,0,0,0,0,0,0,Google Meet Transcripts & AI Summary,,,
0,0,0,0,1,1,0,0,0,0,0,28,0.5733293860628298,64.40953398567841,0.07054418167837903,4.1769236322462735,2.904822643608904,119,21,87,0,0,6,0.07818775243458073,0.0022307202039515616,0.0003936565065796873,0.00011247328759419637,0.0016308626701158474,0.0,0.0,0,0,0,4,0,0,5,0,0,0,0,0,0,0,0,5,Native MPEG-Dash + HLS Playback,,,
0,0,0,0,1,1,0,0,0,0,0,67,0.4473953512119214,65.96092356477506,0.08323781856856356,4.132519899455383,2.801517363017295,321,31,77,0,0,10,0.03950565563468789,0.005301578912598269,0.0005119904868864372,0.00016515822157627007,0.0012717183061372796,0.0,0.0,4,0,0,0,0,0,1,0,0,0,0,0,0,0,0,1,__MSG_appName__,,,
0,0,0,0,0,0,0,0,0,0,1,12,0.3507186335867518,33.76846153846154,0.09357862103106013,6.071417087366153,3.304136438803605,35,8,54,0,0,6,0.07463262484324255,0.0033653846153846156,0.0007692307692307692,0.000576923076923077,0.005192307692307692,0.0,0.0,1,0,0,1,0,0,3,0,0,0,0,0,0,0,0,2,__MSG_appName__,,,
0,0,0,0,0,1,0,0,0,0,0,8,0.3226401101811633,29.74983713355049,0.0912596673376417,5.845954234489266,3.468072297790397,10,0,14,0,0,0,0.04175513092710545,0.006514657980456026,0.0,0.0,0.009120521172638436,0.0,0.0,0,0,0,0,0,0,3,0,0,0,0,0,0,0,0,3,__MSG_appName__,,,
0,1,1,0,1,1,0,0,0,0,0,16,0.36778868872337667,88.98006149706929,0.049203375196693364,4.422002742622659,3.0973630614465932,21,3,26,0,0,1,0.01893142396549739,0.0010089362928797925,0.00014413375612568464,4.804458537522821e-05,0.0012491592197559334,0.0,0.0,0,0,0,0,0,0,1,0,0,0,0,0,0,0,0,1,Vetted AI: Your Shopping Agent,,,
0,0,0,0,1,1,1,1,1,0,1,436,0.4642799527029284,66.51426398013155,0.07086205181133574,4.7492327267049275,2.9333816171999043,5113,196,273,0,0,25,0.05312412230236779,0.004813657871596877,0.0001845251208357105,2.3536367453534505e-05,0.0002570171325925968,0.0,0.0,4,0,0,3,0,0,3,0,0,0,0,0,0,0,0,3,Finnie,,,
0,0,0,0,0,0,0,0,0,0,0,0,0.0,0.0,0.0,0.0,0.0,0,0,0,0,0,0,0.0,0.0,0.0,0.0,0.0,0.0,0.0,0,0,0,0,0,0,0,0,0,0,0,0,0,0,0,0,__MSG_appName__,,,
0,1,0,0,1,1,1,0,0,0,1,51,0.49622075455242204,48.16841865583849,0.07674496325722872,4.001534570705989,2.956820908284691,79,6,65,0,0,1,0.05392430022718505,0.0029979886911312664,0.00022769534363022275,3.7949223938370464e-05,0.00246669955599408,0.0,0.0,15,1,0,0,0,0,9,0,0,0,0,0,0,0,0,9,Temp Mail - Disposable Temporary Email,,,
0,0,0,0,1,0,0,0,0,0,1,13,0.4410266194739489,39.81082151105246,0.11990324307106234,3.3994865286712472,3.141726003277394,118,19,26,0,0,3,0.059005441045614344,0.007786209171890465,0.001253711646321346,0.00019795447047179148,0.0017156054107555262,0.0,0.0,9,0,0,0,0,0,27,0,0,0,0,1,0,0,0,27,Finitimus,,,
0,0,0,0,0,0,0,0,0,0,0,0,0.0,0.0,0.0,0.0,0.0,0,0,0,0,0,0,0.0,0.0,0.0,0.0,0.0,0.0,0.0,0,0,0,0,0,0,0,0,0,0,0,0,0,0,0,0,Cartoon Cats,,,
0,0,0,0,0,1,0,0,0,0,1,5,0.5521345218842856,47.26558572146808,0.09080800110417529,3.500273169048509,2.7735452233288993,92,7,22,0,0,0,0.04065905627282399,0.011563599798893917,0.0008798391151332328,0.0,0.002765208647561589,0.0,0.0,0,0,0,0,0,0,2,0,0,0,0,0,0,0,0,2,ZeroBlur,,,
0,0,0,0,0,0,1,0,0,0,0,0,0.0,0.0,0.0,0.0,0.0,0,0,0,0,0,0,0.0,0.0,0.0,0.0,0.0,0.0,0.0,0,0,0,0,0,0,0,0,0,0,0,0,0,0,0,0,Slacker Radio,,,
0,0,0,0,0,1,0,0,0,0,0,0,0.2641661300708307,34.43346007604563,0.0746941403734707,7.596795727636849,3.3892751040500846,71,6,1,0,0,0,0.03271028037383177,0.13498098859315588,0.011406844106463879,0.0,0.0019011406844106464,0.0,0.0,9,0,0,1,0,0,1,0,0,0,0,0,0,0,0,1,SingleClick Cleaner,,,
0,0,0,0,0,1,0,0,0,0,0,30,0.5816890370605395,60.35430498751793,0.07797761568257061,3.863434740052165,2.539627079177764,93,12,43,0,0,0,0.0618907251608231,0.0012349285600467413,0.00015934562065119244,0.0,0.0005709884740001062,0.0,0.0,0,0,0,0,0,0,0,0,0,0,0,0,0,0,0,0,__MSG_appName__,,,
0,0,0,0,0,1,0,0,0,0,1,19,0.44575894941028804,35.12008242787561,0.0798937792392353,5.388063452175278,3.1613770478872096,65,8,14,0,0,0,0.06188157688079158,0.006088422630198576,0.0007493443237167478,0.0,0.0013113525665043087,0.0,0.0,36,0,0,6,0,1,6,0,0,0,0,0,0,0,0,6,__MSG_name__,,,
1,1,0,0,0,1,0,0,0,0,0,1,0.320142068601462,33.24086444007859,0.09338887550062543,2.7245496583615156,3.0908256225622566,15,3,11,0,0,0,0.007730002070536269,0.0029469548133595285,0.0005893909626719057,0.0,0.0021611001964636544,0.0,0.0,0,0,0,0,0,0,0,0,0,0,0,0,0,0,0,0,Mobile View: Test responsive designs fast,,,
0,0,0,0,0,0,0,0,0,0,0,0,0.0,0.0,0.0,0.0,0.0,0,0,0,0,0,0,0.0,0.0,0.0,0.0,0.0,0.0,0.0,0,0,0,0,0,0,0,0,0,0,0,0,0,0,0,0,Mira! Let's Go,,,
0,0,0,0,1,1,0,0,0,0,0,1213,0.5777962062919741,55.91393445752327,0.07354302172330454,3.936938969676652,2.6306305056342696,15598,171,924,0,0,35,0.04180995090853524,0.008507235895539565,9.326435043834244e-05,1.908919453416366e-05,0.0005039547357019206,0.0,0.0,20,1,0,1,0,0,1,0,0,0,0,0,0,0,0,1,__MSG_appName__,,,
1,1,1,0,0,1,0,0,0,0,0,1,0.3022816679779701,31.7680412371134,0.08135326514555469,6.174216027874564,2.5807481319329497,0,0,1,0,1,0,0.0313588850174216,0.0,0.0,0.0,0.005154639175257732,0.005154639175257732,0.0,0,0,0,0,0,0,0,0,0,0,0,0,0,0,0,0,Errors.net official extension,,,
0,0,0,0,0,0,0,0,0,0,0,2,0.24725011956001913,36.5748502994012,0.09006854774430097,6.464169381107492,3.938887833264326,10,0,0,0,0,0,0.06677524429967427,0.059880239520958084,0.0,0.0,0.0,0.0,0.0,0,0,0,1,0,0,1,0,0,0,0,0,0,0,0,1,Descarga Masiva Facturas XML CFDI SAT México,,,
0,0,0,0,0,1,0,0,0,0,0,9,0.5626307073664779,48.5221708571159,0.05826923086082187,5.437452219048002,1.7267225955977654,80,24,38,0,0,0,0.06266446706635014,0.0018868814566724845,0.0005660644370017454,0.0,0.0008962686919194301,0.0,0.0,0,0,0,17,0,3,3,0,0,0,0,0,0,0,0,3,__MSG_appName__,,,
0,0,0,0,0,1,0,0,0,0,0,2,0.24224043757591499,29.97421339011119,0.0897458423412756,7.8277058713187015,3.948144625865893,237,29,35,0,0,28,0.03789157756518477,0.056068133427963095,0.006860657676839366,0.006624083274189733,0.008280104092737165,0.0,0.0,0,0,0,3,0,0,1,0,0,0,0,0,0,0,0,1,__MSG_appName__,,,
0,1,0,0,1,1,0,0,0,0,0,68,0.5496927032400541,43.645579136066615,0.08657576208948844,3.2079798258947076,2.5706412396968847,175,19,92,0,0,5,0.021383169821749343,0.002529925403342393,0.00027467761522003125,7.22835829526398e-05,0.0013300179263285722,0.0,0.0,9,0,0,0,0,0,3,0,0,0,0,0,0,0,0,3,SeekAll,,,
0,0,0,0,1,1,1,1,0,0,1,217,0.40011526936521175,41.20327052854932,0.09094273571265855,4.025905890282187,2.8727927880326054,561,82,390,0,0,4,0.05637785778897146,0.0017900161133357795,0.00026164228394569327,1.276303824125333e-05,0.0012443962285221997,0.0,0.0,9,4,0,0,0,0,45,0,0,0,0,0,0,0,0,45,__MSG_appName__,,,
0,0,0,0,0,0,0,0,0,0,0,0,0.27978339350180503,11.333333333333334,0.13357400722021662,5.5,3.020183467300237,3,0,0,0,0,0,0.08928571428571429,0.06666666666666667,0.0,0.0,0.0,0.0,0.0,0,0,0,0,0,0,0,0,0,0,0,0,0,0,0,0,Shorts to Normal player,,,
0,0,0,0,1,1,0,0,0,0,1,5,0.4478589093953302,68.39087748005727,0.06537496720639778,5.942665673864482,3.0865251409955365,51,10,15,0,0,6,0.037896304424501315,0.010431581100429535,0.0020454080589077522,0.0012272448353446513,0.0030681120883616284,0.0,0.0,3,0,0,0,0,0,4,0,0,0,0,0,0,0,0,3,Snow Rider 3D Unblocked,,,
1,1,0,0,0,1,0,0,0,0,1,6,0.424255914525566,20.19789700727959,0.09743067921648435,4.2070694087403595,3.1884003667424428,55,9,15,0,0,0,0.033419023136246784,0.014828794823402535,0.0024265300620113237,0.0,0.004044216770018873,0.0,0.0,0,0,0,0,0,0,2,0,0,0,0,0,0,0,0,2,__MSG_extension_name__,,,
0,0,0,0,0,1,0,0,0,0,0,11,0.3051241129698766,21.433045701502078,0.0840006839750349,7.920306965761511,3.622460411257417,39,1,11,0,0,0,0.1402990948445494,0.012464046021093002,0.00031959092361776926,0.0,0.003515500159795462,0.0,0.0,1,0,4,5,0,0,2,0,0,0,0,0,0,0,0,2,YouTube Livestreams Theater Mode,,,
0,0,1,0,1,1,1,0,0,0,1,50,0.47554303947087967,40.614963249946705,0.08371339284660326,4.063064210017564,2.680634576913815,367,35,55,0,1,0,0.05555987787483349,0.0034015812254961026,0.00032440147927074547,0.0,0.0005097737531397429,9.26861369344987e-06,0.0,2,0,1,3,0,0,3,0,0,0,0,0,0,0,0,3,Swash,,,
0,0,0,0,0,0,0,0,0,0,0,0,0.0,0.0,0.0,0.0,0.0,0,0,0,0,0,0,0.0,0.0,0.0,0.0,0.0,0.0,0.0,0,0,0,0,0,0,0,0,0,0,0,0,0,0,0,0,Catppuccin Chrome Theme - Macchiato,,,
0,0,0,0,0,1,0,0,0,0,0,5,0.37790311974866664,52.02872197541068,0.08491074255376148,5.816529169456328,2.9195266395623425,78,3,17,0,0,1,0.05011177558639629,0.0040293418741605535,0.0001549746874677136,5.165822915590454e-05,0.0008781898956503771,0.0,0.0,0,0,0,3,0,0,3,0,0,0,3,0,0,0,2,3,__MSG_name__,,,
0,0,0,0,0,1,0,0,0,0,1,1,0.2732569430957468,28.78034682080925,0.10487473295785589,6.876777251184834,3.4845841349053566,3,2,3,0,0,0,0.11374407582938388,0.017341040462427744,0.011560693641618497,0.0,0.017341040462427744,0.0,0.0,0,0,0,2,0,0,1,0,0,0,0,0,0,0,0,1,Stop Slide Scrolling in Google Presentation,,,
0,0,0,0,1,1,0,1,0,0,1,233,0.49082400337421767,47.138666895286946,0.08719552691603738,3.977058191644707,2.9538132458012014,3258,352,298,0,0,3,0.06553987143120898,0.012144209694493731,0.001312081587618721,1.1182513530841373e-05,0.0011107963440635763,0.0,0.0,23,0,0,8,0,0,57,0,0,0,0,0,0,0,0,57,__MSG_extName__,,,
0,0,0,0,0,0,0,0,0,0,0,0,0.0,0.0,0.0,0.0,0.0,0,0,0,0,0,0,0.0,0.0,0.0,0.0,0.0,0.0,0.0,0,0,0,0,0,0,0,0,0,0,0,0,0,0,0,0,Pro Guitar Tuner,,,
1,1,0,0,0,1,0,0,0,0,0,24,0.2612631303094495,44.29673590504451,0.0940687034570112,5.785205479452054,3.6049294807377894,179,5,72,0,0,0,0.04416438356164384,0.08852621167161226,0.002472799208704253,0.0,0.03560830860534125,0.0,0.0,0,0,0,9,0,0,6,0,0,0,0,0,0,0,0,6,__MSG_appName__,,,
0,0,0,0,0,1,0,0,0,0,0,1,0.44895914242433343,28.82421450054393,0.04067090362143767,5.982226574090558,2.2077131550366254,32,3,10,0,0,0,0.017387692125096433,0.0020477378895501375,0.0001919754271453254,0.0,0.000639918090484418,0.0,0.0,0,0,0,2,0,0,1,0,0,0,0,0,0,0,0,1,__MSG_extension_name__,,,
0,0,0,0,0,0,0,0,0,0,0,0,0.0,0.0,0.0,0.0,0.0,0,0,0,0,0,0,0.0,0.0,0.0,0.0,0.0,0.0,0.0,0,0,0,0,0,0,0,0,0,0,0,0,0,0,0,0,Google Tips,,,
0,0,0,0,0,1,0,0,0,0,0,109,0.5617196223399369,51.63878079853016,0.07776191004609619,3.8430475056611817,2.41990794006281,1025,8,70,0,0,1,0.04377109117016527,0.008883149748238537,6.933190047405687e-05,8.666487559257109e-06,0.0006066541291479976,0.0,0.0,0,0,5,4,0,0,10,0,0,0,0,0,0,0,0,10,"Blerp - Videos, TTS, Memes, Sound Alerts",,,
0,0,0,0,0,0,0,0,0,0,0,0,0.2980214344600165,29.734177215189874,0.10511129431162407,6.969387755102041,3.3445313415586324,2,0,1,0,0,0,0.05612244897959184,0.02531645569620253,0.0,0.0,0.012658227848101266,0.0,0.0,0,0,1,2,0,0,1,0,0,0,0,0,0,0,0,1,__MSG_bookmarkerExtensionName__,,,
0,0,0,0,1,1,1,0,0,0,1,91,0.1806574078767681,178.76412605732602,0.11488209377533522,6.067530497662798,3.7989328506705595,1731,82,52,0,0,18,0.048496099177928895,0.007859286534785629,0.00037230589015160116,8.172568320401e-05,0.0002360964181449178,0.0,0.0,0,0,0,0,1,0,4,0,0,0,0,0,0,0,0,4,__MSG_appName__,,,
0,1,0,0,1,1,0,0,0,0,1,68,0.48623991432851876,36.24147711473222,0.10027356401293369,3.4140965203308404,2.858596220317226,122,25,95,0,0,4,0.04987969869297726,0.0007538821842809385,0.00015448405415593002,2.4717448664948805e-05,0.000587039405792534,0.0,0.0,6,0,0,0,0,0,2,0,0,0,0,0,0,0,0,2,西柚找词——每小时亚马逊关键词排名更新,,,
0,0,0,0,0,0,0,1,0,0,1,7,0.42522643609675437,39.83562806488118,0.09693220080644044,4.619927840656353,3.0898631261256573,87,15,10,0,0,1,0.0751247961251421,0.008204451150509242,0.0014145605431912485,9.43040362127499e-05,0.000943040362127499,0.0,0.0,0,0,0,0,0,0,0,0,0,0,0,0,0,0,0,0,Readwise Exporter,,,
0,0,0,0,0,0,0,0,0,0,0,0,0.0,0.0,0.0,0.0,0.0,0,0,0,0,0,0,0.0,0.0,0.0,0.0,0.0,0.0,0.0,0,0,0,0,0,0,0,0,0,0,0,0,0,0,0,0,Tiger,,,
0,1,0,0,0,0,0,0,0,0,0,0,0.5785898336847036,40.85947712418301,0.07152338564847349,5.329545454545454,3.0762799274059,0,0,0,0,0,3,0.07702020202020202,0.0,0.0,0.00980392156862745,0.0,0.0,0.0,0,0,0,1,1,0,0,0,0,0,0,0,0,1,0,0,diagrams.net and draw.io Importer,,,
0,0,1,0,0,1,0,0,0,0,0,58,0.49353626194702416,40.332052797478326,0.09383788081288381,3.252700664851997,2.566855829490925,129,9,34,0,0,7,0.038164970551134804,0.002541371158392435,0.0001773049645390071,0.00013790386130811664,0.0006698187549251379,0.0,0.0,0,0,0,3,0,0,1,0,0,0,0,0,0,0,0,1,Аналитика и инструменты Авитолога - avToolsPro,,,
0,1,0,0,0,1,0,0,0,0,0,63,0.5627387939403116,41.51165898309615,0.07624013063629663,3.6910286131865084,2.6440947793645524,1736,13,64,0,0,0,0.02982272675729819,0.019331418008507607,0.00014476292287476895,0.0,0.0007126790049219394,0.0,0.0,0,0,0,0,0,0,2,0,0,0,0,0,0,0,0,2,__MSG_name__,,,
0,0,1,0,0,1,0,1,0,0,1,64,0.5176463242604433,44.86491389475594,0.08790375189397204,3.3813617360854704,2.3491328869851764,224,33,55,0,0,3,0.055428840267273315,0.0029025695515270886,0.0004276106928589014,3.887369935080922e-05,0.0007126844880981691,0.0,0.0,8,0,0,0,0,0,3,0,0,0,0,0,0,0,0,3,Btools,,,
0,0,0,0,1,1,0,0,0,0,0,2,0.29783592126176794,24.80757097791798,0.11804621591881648,4.301925025329281,3.3876482566677653,12,4,3,0,0,0,0.019756838905775075,0.01892744479495268,0.006309148264984227,0.0,0.00473186119873817,0.0,0.0,0,0,0,0,0,0,2,0,0,0,0,0,0,0,0,2,Convert Case,,,
0,0,0,0,0,0,0,0,0,0,0,0,0.26717076244486454,31.397959183673468,0.05954631379962193,6.252525252525253,3.3274242033725074,14,0,3,0,0,0,0.0,0.14285714285714285,0.0,0.0,0.030612244897959183,0.0,0.0,0,0,0,0,0,0,1,0,0,0,0,0,0,0,0,1,Quick Create Plus,,,
0,0,0,0,0,1,0,0,0,0,0,14,0.5397808018690048,59.24701541133059,0.07855920743438588,3.739786309559616,2.7589560750473416,179,59,17,0,0,6,0.05668951028888467,0.004317101994549357,0.0014229554060246484,0.00014470732942623544,0.0004100041000410004,0.0,0.0,0,0,0,1,0,0,1,0,0,0,0,0,0,0,0,1,__MSG_plugin_name__,,,
0,1,0,0,0,1,0,0,0,0,0,49,0.4369656519464936,38.929234729068185,0.06595544196857694,3.1273809644404373,2.7853086041846895,65,9,20,0,0,1,0.008483847766848669,0.0005467422572884949,7.570277408609928e-05,8.41141934289992e-06,0.0001682283868579984,0.0,0.0,33,1,0,0,0,0,1,0,0,0,0,0,0,0,0,1,__MSG_appName__,,,
1,1,1,0,1,1,0,0,0,0,0,285,0.40523585367249043,38.566627103568116,0.08619304626538513,3.4795156797561084,2.535461420701957,892,91,494,0,2,12,0.042081354840078126,0.002456400272076622,0.00025059688874324286,3.304574357053752e-05,0.001360383110320461,5.507623928422919e-06,0.0,45,6,0,0,0,0,12,0,0,0,0,0,0,0,0,12,__MSG_extension_name__,,,
0,0,0,0,0,0,0,0,0,0,0,0,0.0,0.0,0.0,0.0,0.0,0,0,0,0,0,0,0.0,0.0,0.0,0.0,0.0,0.0,0.0,0,0,0,0,0,0,0,0,0,0,0,0,0,0,0,0,Van Gogh Bouquet,,,
0,0,0,0,1,1,1,0,0,0,1,208,0.44389330705355706,34.38223058886807,0.09658340343292642,4.074181174316738,3.0971855746272965,446,36,256,0,0,10,0.04505120028676491,0.0018740913178307602,0.00015127194493701204,4.201998470472557e-05,0.0010757116084409745,0.0,0.0,5,0,0,0,0,0,18,0,0,0,0,0,0,0,0,18,"Screen Recorder, Webcam Recorder - Dubb Video",,,
0,1,0,0,0,1,0,0,0,0,0,28,0.5403140278114346,46.167365622344654,0.08607899916492474,3.6536828782745117,2.690369663177133,358,6,31,0,0,1,0.04308446823377411,0.009812789518405833,0.00016446015952635475,2.741002658772579e-05,0.0008497108242194994,0.0,0.0,2,0,0,0,0,0,1,0,0,0,0,0,0,0,0,1,Gaea Extension,,,
0,0,0,0,1,1,0,0,0,0,0,48,0.5304301747533919,53.76121097902774,0.09079349167486965,3.6815107044905644,2.339346419365041,266,34,59,0,0,0,0.06205227393671456,0.006426983666763313,0.0008214941528945589,0.0,0.0014255339711993814,0.0,0.0,0,0,0,0,0,0,0,0,0,0,0,0,0,0,0,0,__MSG_appName__,,,
1,1,0,0,1,1,0,1,0,0,1,341,0.4705594818603885,61.26675918547252,0.07638885855114534,5.013382700339172,2.9367182094973616,1281,158,354,0,0,13,0.048453686891295346,0.0006819136381130635,8.41080053254208e-05,6.920278919180192e-06,0.0001884445182607529,0.0,0.0,3,0,2,0,0,0,23,0,0,0,0,0,0,0,0,23,__MSG_extName__,,,
0,0,1,0,1,1,0,1,0,0,1,163,0.45106807821271144,42.63716141906371,0.07974841084148428,3.574213902144432,2.907220200390522,212,36,190,0,1,2,0.03883564260578002,0.0012018276851211466,0.00020408394653000602,1.1337997029444779e-05,0.0010771097177972538,5.668998514722389e-06,0.0,20,4,0,0,0,0,1,0,0,0,0,0,0,0,0,1,__MSG_extName__,,,
0,1,1,0,0,1,0,1,0,0,1,26,0.34638309891258834,36.977060594655626,0.10959692184956606,3.943850454948728,3.121697228708001,163,12,100,0,0,1,0.055245837373883264,0.00306736921339857,0.00022581859239744072,1.881821603312006e-05,0.001881821603312006,0.0,0.0,0,0,0,0,0,0,0,0,0,0,0,0,0,0,0,0,__MSG_appName__,,,
0,0,0,0,0,0,0,0,0,0,0,0,0.0,0.0,0.0,0.0,0.0,0,0,0,0,0,0,0.0,0.0,0.0,0.0,0.0,0.0,0.0,0,0,0,0,0,0,0,0,0,0,0,0,0,0,0,0,vidIQ for Chrome,,,
0,0,0,0,0,1,0,0,0,0,0,7,0.26705454289782216,38.81595521343597,0.09215868942363467,6.042836573074154,3.7000867820883974,57,1,24,0,0,0,0.09197264218862491,0.03988803358992302,0.0006997900629811056,0.0,0.016794961511546535,0.0,0.0,0,0,0,3,0,0,2,0,0,0,0,0,0,0,0,2,__MSG_name__,,,
0,1,0,0,1,1,0,1,0,0,0,24,0.4055800082640174,28.789039922936958,0.12704669169825558,2.904917683980957,3.2034260627919324,31,3,12,0,0,0,0.03404345860262241,0.00331799207963181,0.00032109600770630417,0.0,0.0012843840308252167,0.0,0.0,4,0,0,5,0,0,3,0,0,0,0,0,0,0,0,2,Spreen Points,,,
0,0,1,1,1,1,0,0,0,0,0,58,0.4564102610344972,58.35887260187033,0.07047563005595087,3.627308660334947,2.575985395102158,152,43,21,0,3,1,0.034190553295780024,0.0011622661130609654,0.0003287989661948784,7.646487585927404e-06,0.0001605762393044755,2.2939462757782213e-05,0.0,55,0,0,0,0,0,2,0,0,0,0,0,0,0,0,2,Avast Online Security & Privacy (BETA),,,
0,0,0,0,0,1,0,0,0,0,0,51,0.36359638575678227,47.85971496953873,0.10826475355813249,4.159488791966731,3.004135622952113,208,28,54,0,0,0,0.04794603915204382,0.011314186248912098,0.0015230635335073978,0.0,0.00293733681462141,0.0,0.0,33,6,0,0,0,0,2,0,0,0,0,0,0,0,0,2,Modern for Hacker News,,,
0,1,0,0,0,0,0,0,0,0,0,50,0.487567182103913,59.24647372343866,0.08720537620227517,3.793493961205319,2.6655540148668764,1412,10,86,0,0,3,0.03244235695986337,0.009928419749961327,7.031458746431534e-05,2.1094376239294604e-05,0.000604705452193112,0.0,0.0,0,0,0,0,0,0,0,0,0,0,0,0,0,0,0,0,Showdex,,,
0,1,0,0,0,1,0,0,0,0,1,9,0.35088674548848786,29.46919431279621,0.084085252022402,6.291627469426152,3.523001507507097,26,0,10,0,0,0,0.08560677328316087,0.061611374407582936,0.0,0.0,0.023696682464454975,0.0,0.0,0,0,0,0,0,0,2,0,0,0,0,0,0,0,0,2,Open Access Button,,,
0,0,0,0,0,0,1,0,0,0,0,0,0.0,0.0,0.0,0.0,0.0,0,0,0,0,0,0,0.0,0.0,0.0,0.0,0.0,0.0,0.0,0,0,0,0,0,0,0,0,0,0,0,0,0,0,0,0,Learn Italian - Molto Bene,,,
0,0,1,0,1,1,0,1,0,0,0,23,0.5108668165361517,53.34657282696965,0.07855796827971222,4.167697153339564,2.6956666800646167,66,3,9,0,0,0,0.0610999933922992,0.0002414274949336806,1.0973977042440028e-05,0.0,3.292193112732008e-05,0.0,0.0,1,0,1,1,0,0,7,0,0,0,0,0,0,0,0,7,ObservePoint Debugger,,,
0,0,0,0,0,0,1,0,0,0,0,0,0.0,0.0,0.0,0.0,0.0,0,0,0,0,0,0,0.0,0.0,0.0,0.0,0.0,0.0,0.0,0,0,0,0,0,0,0,0,0,0,0,0,0,0,0,0,The JAMA Network Reader,,,
0,0,1,0,1,1,0,1,0,0,0,187,0.3124006865868256,55.358019889273535,0.09185272846024783,4.834577353048055,3.057102450426751,744,214,351,0,1,9,0.07962027116394653,0.009646427321171575,0.002774644417648813,0.0001166906530786884,0.0045509354700688474,1.2965628119854266e-05,0.0,241,2,0,2,0,0,5,0,0,0,0,0,0,0,0,5,__MSG_extension_name__,,,
1,1,1,0,0,0,0,0,0,0,1,140,0.4171137124007072,52.202442492071015,0.09015525466086718,4.0503155117866045,2.8818181539260204,298,56,187,0,2,5,0.06463033678104774,0.0021727242900368197,0.00040829718202034195,3.6455105537530533e-05,0.0013634209471036418,1.4582042215012212e-05,0.0,0,0,0,0,0,0,1,0,0,0,0,0,0,0,0,1,__MSG_appName__,,,
0,1,0,0,0,1,0,0,0,0,0,11,0.43431626877585083,36.983979328165375,0.08471355489441985,5.930235983855287,3.0436812400103537,40,1,6,0,0,1,0.05821524320183838,0.0034453057708871662,8.613264427217915e-05,8.613264427217915e-05,0.0005167958656330749,0.0,0.0,0,0,0,0,0,0,0,0,0,0,0,0,0,0,0,0,__MSG_appName__,,,
0,0,0,0,0,0,0,0,0,0,0,4,0.506091346628714,24.941736547868622,0.09764562213222948,2.8420706381390963,2.923587824458486,95,8,82,0,0,3,0.09798415207721689,0.002766130910784999,0.00023293733985557886,8.735150244584206e-05,0.0023876077335196833,0.0,0.0,0,0,0,9,0,0,3,0,0,0,5,0,0,0,0,3,__MSG_AppName__,,,
0,0,0,0,0,1,1,0,0,0,1,81,0.5131111272724657,56.63994015790019,0.08007271581597265,3.849074036877837,2.9390509919490917,714,49,55,0,0,6,0.052306729947030436,0.010576054272637051,0.0007258076461613662,8.88744056524122e-05,0.0008146820518137785,0.0,0.0,0,0,0,0,0,0,24,0,0,0,0,0,0,0,0,24,__MSG_name__,,,
1,1,0,0,1,1,0,0,0,0,0,1,0.5595045472298165,55.71888185654009,0.09953690788372482,3.238399252569293,2.8667919328100466,77,9,8,0,0,0,0.05200872002491436,0.02030590717299578,0.0023734177215189874,0.0,0.002109704641350211,0.0,0.0,0,0,0,0,0,0,0,0,0,0,0,0,0,0,0,0,__MSG_extName__,,,
0,0,0,0,1,1,0,0,0,0,0,56,0.42132878025149756,34.829516667084704,0.107143732197023,3.692134362083916,3.254207549211498,94,10,40,0,0,2,0.04454051180130514,0.0023577215380370716,0.00025082144021670974,5.016428804334195e-05,0.001003285760866839,0.0,0.0,1,0,0,0,0,0,1,0,0,0,0,0,0,0,0,1,__MSG_appName__,,,
0,0,0,0,1,1,0,0,0,0,0,0,0.42325819597307973,39.78850742587735,0.0955501724664178,4.011050896605613,2.839522705781858,1,0,0,0,0,0,0.050585705047956224,3.2028800297227268e-06,0.0,0.0,0.0,0.0,0.0,0,0,0,0,0,0,2,0,0,0,0,0,0,0,0,2,Fabric web clipper – save anything from the web,,,
1,1,0,0,0,0,0,0,0,0,0,64,0.3670657566698446,42.27795126761721,0.09027770148355306,5.565638887574978,3.216592068414415,687,69,221,0,0,2,0.07425026334539879,0.002016330220299485,0.00020251351557593083,5.869956973215386e-06,0.0006486302455403002,0.0,0.0,6,0,0,3,0,0,4,0,0,0,0,0,0,0,0,4,__MSG_extensionName__,,,
0,1,0,0,1,0,0,0,0,0,0,0,0.27605878940243667,16.333333333333332,0.09475923419067879,5.759922555663117,3.493755222274042,6,0,4,0,0,0,0.04065827686350436,0.010050251256281407,0.0,0.0,0.006700167504187605,0.0,0.0,0,0,0,0,0,0,0,0,0,0,0,0,0,0,0,0,Ubiq,,,
0,0,0,0,1,1,0,1,0,0,0,53,0.4921862819980934,35.71126542693736,0.09188249079179882,3.4899044755464983,2.7191882624055417,1079,7,69,0,0,2,0.0361271161407707,0.004511020435466069,2.9265192815813238e-05,8.361483661660925e-06,0.0002884711863273019,0.0,0.0,9,0,0,0,0,0,2,0,0,0,0,0,0,0,0,2,__MSG_extName__,,,
0,1,0,0,0,1,1,0,0,0,0,0,0.3928424516659811,22.3392,0.08233922939805292,5.971624850657109,3.191568229706561,21,2,18,0,0,0,0.03136200716845878,0.0112,0.0010666666666666667,0.0,0.0096,0.0,0.0,0,0,0,0,0,0,3,0,0,0,0,0,0,0,0,3,__MSG_chrome_extension_name__,,,
0,0,0,0,1,1,0,0,0,0,1,68,0.42229131316724267,36.62820904127243,0.10078548973990453,3.6546446243518194,2.9750214951055973,142,72,79,0,0,1,0.05573232875773401,0.001605227162252292,0.0008139179977617255,1.130441663557952e-05,0.0008930489142107822,0.0,0.0,20,4,0,0,0,0,2,0,0,0,0,0,0,0,0,2,Google Meet Translation and AI Note Taker,,,
0,0,1,0,0,1,0,0,0,0,0,7,0.3438089266969701,35.127922440049765,0.08146549062635071,5.00908970035416,3.3283104343057373,17,6,18,0,1,0,0.033820454243270355,0.0007292694436103127,0.0002573892153918751,0.0,0.0007721676461756252,4.2898202565312514e-05,0.0,16,2,1,2,0,0,3,0,0,0,0,0,0,0,0,3,Tipli: Cashback odměny a slevové kupóny,,,
0,1,0,0,1,1,0,0,0,0,0,17,0.36738153875963064,36.324578932343705,0.09650008413259296,4.5603702469167455,3.1675466177882807,200,27,10,0,0,1,0.08285684982436348,0.009515653249595584,0.001284613188695404,4.7578266247977927e-05,0.0004757826624797792,0.0,0.0,15,0,1,11,0,2,9,0,0,0,0,0,0,0,0,9,Capital Koala,,,
0,0,0,0,0,0,0,0,0,0,0,1,0.4387978142076503,16.70326797385621,0.10793088170137351,4.06353801615115,3.1811242014441463,12,12,14,0,0,0,0.1462745695566052,0.003137254901960784,0.003137254901960784,0.0,0.0036601307189542483,0.0,0.0,5,0,0,0,0,1,2,0,0,0,0,0,0,0,0,2,Từ điển Hán-Nôm-Trung tổng hợp,,,
0,0,0,0,0,1,0,0,0,0,0,109,0.4339279979861116,45.168738973960906,0.09223077119424226,4.107178222001833,3.083026602817257,251,30,144,0,0,1,0.05154957297892298,0.0017712229200479853,0.00021169995060334485,7.056665020111495e-06,0.0010161597628960553,0.0,0.0,4,0,0,0,0,0,1,0,0,0,0,0,0,0,0,1,__MSG_extensionName__,,,
0,1,0,0,1,1,0,0,0,0,1,51,0.5088907215746568,54.88132680244049,0.0848245775771221,3.749964546321842,2.5958560334249974,354,30,49,0,0,6,0.0398257612871619,0.0030420211394689353,0.0002577984016499098,5.155968032998195e-05,0.00042107072269485264,0.0,0.0,0,0,0,1,0,0,1,0,0,0,0,0,0,0,0,1,Japanese IO,,,
0,1,0,0,1,1,0,1,0,0,0,1109,0.44608025754379504,51.978504893967035,0.08763321936925994,3.7019838335042383,2.6064192069215957,2514,342,1330,0,0,30,0.02992512953390523,0.0015017006132242838,0.0002042886275746639,1.7920055050409114e-05,0.0007944557739014708,0.0,0.0,9,0,0,0,0,0,1,0,0,0,0,0,0,0,0,1,__MSG_displayName__,,,
0,0,0,0,0,1,0,0,0,0,0,194,0.4613383998397678,40.683955193604454,0.0931982765818703,3.6863829461141853,2.9050387060122174,387,68,137,0,0,18,0.05226672535211268,0.0016526949176428386,0.00029039600620080886,7.686953105315528e-05,0.0005850625419045707,0.0,0.0,16,1,0,0,0,0,1,0,0,0,0,0,0,0,0,1,__MSG_extensionName__,,,
0,0,0,0,0,0,0,0,0,0,0,0,0.3682539682539683,11.14102564102564,0.12698412698412698,6.112676056338028,2.876958315739369,0,0,1,0,0,0,0.028169014084507043,0.0,0.0,0.0,0.01282051282051282,0.0,0.0,0,0,0,0,0,0,0,0,0,0,0,0,0,0,0,0,Enable Right Click,,,
0,0,0,0,0,0,0,0,0,0,0,0,0.34991476832481017,14.521634615384615,0.0932899426623276,6.227188081936685,3.7759631222883896,1,1,4,0,0,0,0.11266294227188083,0.001201923076923077,0.001201923076923077,0.0,0.004807692307692308,0.0,0.0,12,0,0,0,0,0,3,0,0,0,0,0,0,0,0,3,Audio Equalizer for Youtube™,,,
0,0,0,0,0,1,0,0,0,0,1,6,0.33916652979558926,37.22802511415525,0.07453003449151151,5.273273273273273,3.048893467300509,49,19,34,0,0,0,0.016093016093016093,0.013984018264840182,0.005422374429223744,0.0,0.009703196347031963,0.0,0.0,0,0,2,32,0,0,1,0,0,0,0,0,0,0,0,0,AppstoreSpy for Play Store,,,
0,0,0,0,0,0,0,0,0,0,0,0,0.0,0.0,0.0,0.0,0.0,0,0,0,0,0,0,0.0,0.0,0.0,0.0,0.0,0.0,0.0,0,0,0,0,0,0,0,0,0,0,0,0,0,0,0,0,__MSG_appName__,,,
0,0,0,0,0,0,0,0,0,0,0,0,0.0,0.0,0.0,0.0,0.0,0,0,0,0,0,0,0.0,0.0,0.0,0.0,0.0,0.0,0.0,0,0,0,0,0,0,0,0,0,0,0,0,0,0,0,0,"iVocab: GRE, TOEFL and SAT",,,
0,0,0,0,0,0,0,0,0,0,0,34,0.38760647322561126,34.601066173231125,0.08920299925624979,4.922090413594101,3.103017604984213,102,14,11,0,0,0,0.10440044886181468,0.004493787998942638,0.0006167944312274209,0.0,0.00048462419596440216,0.0,0.0,23,0,0,180,0,0,2,0,0,0,0,0,0,0,0,2,Depth & Complexity Icons,,,
0,0,0,0,0,1,0,0,0,0,0,72,0.3643848954261735,35.725019627435586,0.10069667298445106,4.03063955923046,3.1127236018111533,225,17,85,0,0,1,0.05390969479501096,0.004014702733566484,0.0003033330954250232,1.7843123260295483e-05,0.001516665477125116,0.0,0.0,1,0,0,0,0,0,2,0,0,0,0,0,0,0,0,2,CoVet,,,
0,0,0,0,0,1,0,0,0,0,0,83,0.5509150709734911,52.2405264764452,0.0788199988205667,3.569204250028258,2.720811407754183,242,74,189,0,4,0,0.04330093063562036,0.001758797621989331,0.0005378141488727706,0.0,0.0013736064072561304,2.9071035074203816e-05,0.0,0,0,0,0,0,0,4,0,0,0,0,0,0,0,0,4,__MSG_appName__,,,
0,0,0,0,0,0,0,0,0,0,0,0,0.0,0.0,0.0,0.0,0.0,0,0,0,0,0,0,0.0,0.0,0.0,0.0,0.0,0.0,0.0,0,0,0,0,0,0,0,0,0,0,0,0,0,0,0,0,__MSG_appName__,,,
0,0,0,0,1,1,0,0,0,0,0,18,0.4314186906155488,32.8120551879136,0.10948711036599101,3.5029563456996415,3.063861762340499,157,12,28,0,0,0,0.05011327302816562,0.00490073667124485,0.00037457859907603946,0.0,0.0008740167311774254,0.0,0.0,2,1,0,0,0,0,2,0,0,0,0,0,0,0,0,2,__MSG_name__,,,
0,0,0,0,1,1,0,0,0,0,0,171,0.37837624940276765,49.32836849476469,0.08909330370913514,4.662595949430408,2.6939674711122064,1917,39,220,0,0,0,0.028954545725225843,0.014205366471778228,0.00028899806593602026,0.0,0.0016302455001519093,0.0,0.0,11,0,1,8,0,0,2,0,0,0,0,0,0,0,0,2,ZapVoice,,,
0,0,0,0,0,1,1,1,0,0,0,320,0.3113325373645004,54.51196944264262,0.07313066181438581,6.1886416123182215,2.8021405577312724,9869,109,486,0,0,15,0.034188714519126764,0.017831750236244944,0.0001969460711065659,2.710267033576595e-05,0.0008781265188788168,0.0,0.0,8,0,3,0,0,0,9,0,0,0,0,0,0,0,0,8,"Timeless (prev. timeOS), Agentic Meeting Platform",,,
0,0,0,0,0,0,1,0,0,0,0,0,0.0,0.0,0.0,0.0,0.0,0,0,0,0,0,0,0.0,0.0,0.0,0.0,0.0,0.0,0.0,0,0,0,0,0,0,0,0,0,0,0,0,0,0,0,0,__MSG_application_title__,,,
0,0,0,0,0,1,0,0,0,0,1,18,0.38903125,34.4793991416309,0.10177318548387097,3.798890116294241,3.066133939756664,203,6,33,0,0,0,0.04680473527186062,0.007260371959942775,0.00021459227467811158,0.0,0.0011802575107296136,0.0,0.0,1,0,1,0,0,0,1,0,0,0,0,0,0,0,0,1,__MSG_extName__,,,
1,1,0,0,1,1,0,0,0,0,1,62,0.40298288338140276,51.029054505105904,0.053388945879457625,3.07101221222486,2.2243840335320177,621,71,97,0,0,4,0.01489565740877326,0.0014005160033197417,0.0001601234077869592,9.021037058420237e-06,0.00021876014866669072,0.0,0.0,1,0,0,0,0,0,3,0,0,0,0,0,0,0,0,2,ARO Lite,,,
0,0,0,0,1,1,0,0,0,0,0,29,0.42379905823687475,34.47901687243977,0.08581558107689127,4.999269888770709,3.2264926841435,209,48,37,0,0,0,0.09044365524328027,0.005986994757798849,0.0013750035807384914,0.0,0.0010598985934859204,0.0,0.0,139,0,0,1,0,0,9,0,0,0,0,0,0,0,0,9,Tabs Backup & Restore,,,
0,0,0,0,0,1,0,0,0,0,0,2,0.46795367747283,31.84821256411245,0.0893331157464424,3.7928167333971112,2.970443124267264,20,1,3,0,0,0,0.05277610459554264,0.00038563881068990783,1.9281940534495393e-05,0.0,5.784582160348617e-05,0.0,0.0,549,0,0,0,1,0,5,0,0,0,0,0,0,0,0,5,__MSG_appName__,,,
0,0,0,0,0,1,0,0,0,0,0,1,0.6341474907720097,63.96530612244898,0.036472158957040764,8.088943288453692,2.8304397287761223,0,0,0,0,0,0,0.03386372909016728,0.0,0.0,0.0,0.0,0.0,0.0,0,0,0,0,0,0,3,0,0,0,0,0,0,0,0,3,__MSG_extName__,,,
0,0,0,0,1,1,0,0,0,0,0,6,0.2858968207028155,60.29548563611491,0.10715760341922309,3.8286314768409992,3.463168459072853,52,14,25,0,0,0,0.037345404575216234,0.017783857729138167,0.0047879616963064295,0.0,0.008549931600547196,0.0,0.0,0,2,0,1,0,0,4,0,0,0,0,0,0,0,0,4,__MSG_appName__,,,
0,0,0,0,0,1,0,0,0,0,1,114,0.45677517423351593,34.39908829710549,0.09814265637995813,3.6151473677596657,2.932924716546822,206,11,130,0,0,5,0.04670584089363132,0.0020914342568809203,0.00011167852828004914,5.076296740002233e-05,0.0013198371524005808,0.0,0.0,10,0,0,0,0,0,2,0,0,0,0,0,0,0,0,2,InsTF - Instagram follower & unfollower tracker,,,
0,1,0,0,0,1,0,1,0,0,0,60,0.4976859154755976,64.2460517085023,0.0776151921851918,4.756670791047533,2.4538462946080886,319,13,87,0,0,0,0.04464628666789799,0.0027291549030679465,0.00011121947880841161,0.0,0.0007443149735639854,0.0,0.0,0,0,0,0,0,0,2,0,0,0,0,0,0,0,0,2,Semrush AI Writer and Editor,,,
0,0,0,0,0,1,0,1,0,0,0,16,0.535303603939221,62.26174444096461,0.09158676546485853,3.545695803615857,2.83141071983643,225,22,24,0,0,0,0.04894399292309393,0.017616661446915125,0.0017225180081428123,0.0,0.0018791105543376136,0.0,0.0,3,0,0,1,1,0,0,0,0,0,0,0,0,1,0,0,Linkedin Sales Navigator Email Finder & Lead Scraper – Scrupp,,,
0,0,0,0,0,1,0,0,0,0,0,7,0.3383795185759211,20.224800382174298,0.08626211438162794,6.218651330626973,3.572674589875511,226,1,121,0,0,0,0.07100436024657947,0.015423462772128574,6.824541049614414e-05,0.0,0.00825769467003344,0.0,0.0,4,0,0,34,0,1,66,0,0,0,0,0,0,0,0,66,__MSG_man_name__,,1.0,
0,0,0,0,0,0,1,0,0,0,0,0,0.0,0.0,0.0,0.0,0.0,0,0,0,0,0,0,0.0,0.0,0.0,0.0,0.0,0.0,0.0,0,0,0,0,0,0,0,0,0,0,0,0,0,0,0,0,Pinturillo 2,,,
0,0,0,0,1,1,0,0,0,0,0,13,0.5396499723885986,36.28405131453912,0.09099443524064399,3.0904986965644405,3.0041578804805416,38,5,8,0,0,0,0.027594684526206472,0.0030091859360152043,0.0003959455178967374,0.0,0.0006335128286347799,0.0,0.0,2,0,0,0,0,0,1,0,0,0,0,0,0,0,0,1,xPrice - istoric preturi & coduri de reducere,,,
0,0,0,0,1,1,0,0,0,0,0,6,0.421411404941737,32.38192989805893,0.10603420687693348,3.5584105717169865,2.937362168165942,131,3,15,0,0,0,0.039313572542901715,0.00914676721128334,0.00020946795140343527,0.0,0.0010473397570171764,0.0,0.0,24,0,0,0,0,0,1,0,0,0,0,0,0,0,0,1,demado,,,
0,0,0,0,0,0,0,0,0,0,0,0,0.0,0.0,0.0,0.0,0.0,0,0,0,0,0,0,0.0,0.0,0.0,0.0,0.0,0.0,0.0,0,0,0,0,0,0,0,0,0,0,0,0,0,0,0,0,Symbaloo,,,
0,0,0,0,0,0,0,0,0,0,0,5,0.43333377640131326,43.742194469223904,0.1291388087674292,3.218431394885231,3.138295969700179,60,8,5,0,0,1,0.056387765563592866,0.01784121320249777,0.0023788284269997025,0.0002973535533749628,0.0014867677668748143,0.0,0.0,0,0,0,14,0,0,2,0,0,0,0,0,0,0,0,2,Launchpad for iCloud,,,
1,0,1,0,0,1,0,1,0,0,0,21,0.299181209937772,35.081017216158436,0.07164802944525024,7.153807959666946,3.438894337987814,100,27,41,0,3,0,0.03666641203880529,0.011252391133115788,0.0030381456059412624,0.0,0.004613480364577473,0.00033757173399347364,0.0,0,0,0,2,0,0,0,0,0,0,0,0,0,0,0,0,Taplio X,,,
0,0,0,0,0,0,0,0,0,0,0,0,0.4204009050789581,23.306576680068925,0.12446608021646274,3.376040443241587,3.213928327209237,66,11,14,0,0,0,0.053720063320226726,0.009477311889718553,0.0015795519816197588,0.0,0.002010338885697875,0.0,0.0,1,0,0,10,0,1,2,0,0,0,0,0,0,0,0,2,InstaPDFPro,,1.0,
0,0,1,0,0,1,0,0,0,0,0,405,0.4708190527371236,39.43974531097061,0.09504727908339465,3.839259762659664,2.863425218552021,2933,146,340,0,0,7,0.04142712349142975,0.004849408745800376,0.00024139573027168594,1.1573767889738367e-05,0.0005621544403587207,0.0,0.0,10,38,0,0,0,0,3,0,0,0,0,0,0,0,0,3,会译:一站式 AI 翻译 Agent｜对照式DeepL翻译｜DeepSeek划词翻译｜免费,,,
0,0,0,0,0,0,0,0,0,0,0,0,0.0,0.0,0.0,0.0,0.0,0,0,0,0,0,0,0.0,0.0,0.0,0.0,0.0,0.0,0.0,0,0,0,0,0,0,0,0,0,0,0,0,0,0,0,0,SignRequest,,,
0,0,0,0,0,1,0,0,0,0,0,2,0.31488801054018445,32.016304347826086,0.09667325428194994,7.104477611940299,2.9303524163879113,4,0,1,0,0,0,0.08955223880597014,0.021739130434782608,0.0,0.0,0.005434782608695652,0.0,0.0,0,0,0,1,0,0,2,0,0,0,0,0,0,0,0,2,Google Meet Auto Disable Mic/Cam,,,
1,1,0,0,1,1,0,0,0,0,0,26,0.42798490114643195,34.30008797009017,0.09502745564692296,4.090122119729619,2.9478661199791225,336,16,59,0,0,2,0.05132016282630616,0.009236859467780955,0.0004398504508467121,5.4981306355839013e-05,0.001621948537497251,0.0,0.0,12,0,0,0,0,0,2,0,0,0,0,0,0,0,0,2,__MSG_extName__,,,
0,1,0,0,0,1,1,0,0,0,0,23,0.305497659840542,37.83688524590164,0.07622535181540442,7.574047859791035,3.5593096120038346,147,14,46,0,0,0,0.06107178968655207,0.03012295081967213,0.0028688524590163933,0.0,0.009426229508196722,0.0,0.0,0,0,0,2,0,0,8,0,1,0,0,0,0,0,0,8,Push Go for Pushbullet,,,
0,1,0,0,0,1,0,0,0,0,0,29,0.44482194374389283,49.40335171000634,0.10049854106200233,3.764048977740826,3.0545955276231807,170,9,61,0,0,0,0.03036544348286157,0.004146948333902522,0.0002195443235595453,0.0,0.0014880226374591405,0.0,0.0,1,0,1,0,0,0,1,0,0,0,0,0,0,0,0,1,Sourcegraph,,,
1,1,0,0,1,1,1,1,0,0,0,83,0.4274636980260536,39.754285452977605,0.08315142138181697,3.9337027333238916,2.8850390985836736,727,81,72,0,0,2,0.03785840275006116,0.004749274869999216,0.0005291489194909718,1.3065405419530168e-05,0.00047035459510308603,0.0,0.0,36,0,0,3,0,0,5,0,0,0,0,0,0,0,0,5,Aliexpress Analyzer,,,
0,0,0,0,0,1,0,0,0,0,0,4,0.562695247815839,51.438978976945734,0.06575304084653708,3.497844293572526,1.9254775253827812,81,12,9,0,0,0,0.03487123577316352,0.0027421375131182505,0.0004062425945360371,0.0,0.0003046819459020278,0.0,0.0,0,0,0,0,0,2,1,0,0,0,0,0,0,0,0,1,Daily Inspiration,,,
0,1,0,0,0,1,0,0,0,0,1,121,0.3878454903855254,35.21341551787343,0.11087286217487377,4.158618289776807,3.119476123970909,188,162,89,0,0,4,0.03952903450311202,0.0016027690392763669,0.0013811094912913374,3.410146892077376e-05,0.0007587576834872162,0.0,0.0,24,2,0,0,0,0,17,0,0,0,0,0,0,0,0,17,Pixels Game Assistant,,,
0,0,0,0,0,1,0,0,0,0,0,0,0.3837908047487403,36.26346516007533,0.11839505112123035,3.510801393728223,3.247765394935913,68,21,10,0,0,0,0.050871080139372825,0.012806026365348399,0.0039548022598870055,0.0,0.0018832391713747645,0.0,0.0,35,0,0,2,0,0,3,0,0,0,0,0,0,0,0,3,銘柄マーカー,,,
0,0,0,0,0,1,0,0,0,0,0,0,0.3937451016358452,31.783791171245046,0.11253314212343044,4.08547619047619,3.1661750963204587,91,15,10,0,0,0,0.05865079365079365,0.012436791034577012,0.002050020500205002,0.0,0.0013666803334700013,0.0,0.0,4,0,0,4,0,0,2,0,0,0,3,0,0,0,0,2,Steam Market History Plus,,,
0,0,0,0,0,1,0,0,0,0,0,18,0.555543698238045,44.670931244560485,0.08055999146273139,3.693146694536479,2.4507556610834142,507,3,32,0,0,0,0.0450067821484957,0.02206266318537859,0.00013054830287206266,0.0,0.001392515230635335,0.0,0.0,0,0,0,1,0,0,1,0,0,0,0,0,0,0,0,1,__MSG_name__,,,
0,1,0,0,0,1,0,0,0,0,1,48,0.5123665250278866,67.41014848430838,0.0668103747387644,4.393568018893407,2.5446690088863995,40,4,58,0,0,1,0.04169266183335843,0.0001371046245389857,1.371046245389857e-05,3.4276156134746423e-06,0.00019880170558152926,0.0,0.0,0,0,0,1,0,0,3,0,0,0,0,0,0,0,0,3,__MSG_extName__,,,
0,1,0,0,0,0,0,0,0,0,0,25,0.5704610703841877,48.83394067363689,0.08491056668322776,3.4040041347043144,2.4854842998284057,68,9,19,0,0,1,0.044751179401089636,0.002315839662159861,0.00030650819057998163,3.4056465619997955e-05,0.0006470728467799612,0.0,0.0,0,0,0,0,0,0,3,0,0,0,0,0,0,0,0,3,GLaDOS,,,
0,1,0,0,0,1,0,0,0,0,0,74,0.5752441856781026,59.13609164059268,0.0800888523978007,3.390154537159884,2.6425730201229958,557,51,221,0,1,13,0.06071291615058778,0.0032454101044707417,0.00029715604188152215,7.574565773450564e-05,0.001287676181486596,5.826589056500434e-06,0.0,2,0,0,8,0,0,3,0,0,0,1,0,0,0,0,3,Open Earth Engine extension,,,
0,1,0,0,1,1,0,0,0,0,0,8,0.4045723318306891,34.90855581248686,0.11272759206135473,3.924930642441386,3.390468979601403,55,1,12,0,0,0,0.034597182179187294,0.01156190876602901,0.00021021652301870928,0.0,0.002522598276224511,0.0,0.0,0,0,0,0,0,0,1,0,0,0,0,0,0,0,0,1,Goldie May,,,
0,0,0,0,0,1,0,0,0,0,0,275,0.4879464156746318,50.90940419886954,0.07247213061748752,3.967168781218435,2.646197394770645,3094,115,232,0,0,5,0.03846642797541588,0.011153247202676202,0.00041455185142461645,1.8023993540200717e-05,0.0008363133002653131,0.0,0.0,0,0,0,0,0,0,2,0,0,0,0,0,0,0,0,2,__MSG_name__,,,
1,1,1,0,1,1,1,0,1,0,0,167,0.5121976713969806,64.34399990116466,0.05379408488516949,3.7346810981138048,2.3105749731952385,421,197,172,0,0,3,0.024605399709730233,0.0007430299029825326,0.0003476885769300687,5.294749902488356e-06,0.00030356566107599906,0.0,0.0,13,1,0,0,0,0,6,0,0,0,0,0,0,0,0,6,Nudge Security Browser Extension,,,
0,0,0,0,0,1,0,0,0,0,0,30,0.5832911870890741,60.36256006872668,0.07783288387061774,3.860558374615268,2.5324061433360003,94,12,43,0,0,0,0.06120148356802125,0.0012617788397003946,0.00016107814974898656,0.0,0.0005771967032672018,0.0,0.0,1,0,0,0,0,0,0,0,0,0,0,0,0,0,0,0,__MSG_appName__,,,
0,0,0,0,1,1,0,0,0,0,0,0,0.30334586828656834,24.551724137931036,0.08022370070388583,7.2841781874039935,3.808447213588488,3,0,3,0,0,0,0.03225806451612903,0.007389162561576354,0.0,0.0,0.007389162561576354,0.0,0.0,0,0,0,0,0,0,2,0,0,0,0,0,0,0,0,2,DevilEar,,,
0,0,0,0,1,1,0,0,0,0,1,24,0.5123291146994886,53.4451705953937,0.09309099368032756,3.4272057192367096,2.7785631832327002,1065,71,47,0,0,1,0.06322594417214634,0.012000270428629377,0.0008000180285752919,1.1267859557398476e-05,0.0005295893991977284,0.0,0.0,207,0,0,7,0,0,4,0,0,0,0,0,0,0,0,4,__MSG_appName__,,,
0,0,1,0,1,1,0,0,0,0,1,17,0.5387046783625731,44.841967696535086,0.07911842105263157,4.202231343688408,2.6322112824643464,26,4,18,0,0,3,0.07113538144404463,0.0017425105555927886,0.0002680785470142752,0.00020105891026070638,0.0012063534615642383,0.0,0.0,0,0,6,7,0,0,4,0,0,0,7,0,0,0,0,4,Emmet LiveStyle,,,
1,1,1,0,1,1,0,0,0,0,0,373,0.5361734494936036,58.4161706502519,0.06676066089420878,5.307868696491159,2.747225297428972,6319,105,361,0,0,5,0.04092094923905997,0.010279292893965003,0.00017080641776647023,8.133638941260486e-06,0.0005872487315590071,0.0,0.0,168,2,0,4,0,0,73,55,0,0,2,0,0,0,0,73,BuzzStream Buzzmarker,,,
1,1,0,0,1,1,1,1,0,0,0,32,0.42939174134308966,45.862698301277554,0.08660392973363641,4.389591009438243,3.173936633820266,243,6,28,0,0,5,0.08010584371129897,0.00852870981328092,0.0002105854274884178,0.00017548785624034818,0.0009827319949459498,0.0,0.0,0,0,0,1,0,0,1,0,0,0,0,0,0,0,0,1,Discoverly,,,
0,0,0,0,0,0,0,0,0,0,0,0,0.23393316195372751,40.90769230769231,0.14616232096951892,5.5,3.1954858222439904,0,0,0,0,0,0,0.040740740740740744,0.0,0.0,0.0,0.0,0.0,0.0,0,0,0,0,0,0,0,0,0,0,0,0,0,0,0,0,Get CRX,,,
0,0,0,0,0,0,0,0,0,0,0,90,0.4773103696099764,58.20229371307798,0.07406743038136183,4.884200427005237,2.4680551335261027,213,21,109,0,0,2,0.04224924819015764,0.0036900369003690036,0.00036380645496595813,3.4648233806281726e-05,0.001888328742442354,0.0,0.0,0,0,0,0,0,0,0,0,0,0,0,0,0,0,0,0,FigmaEX,,,
0,0,0,0,0,1,0,0,0,0,0,4,0.2910854503464203,27.874666666666666,0.09810623556581986,7.040415704387991,3.3276924580372333,17,5,4,0,0,0,0.03002309468822171,0.04533333333333334,0.013333333333333334,0.0,0.010666666666666666,0.0,0.0,0,0,0,5,0,0,2,0,0,0,0,0,0,0,0,2,Ad Skipper,,,
0,0,0,0,1,1,0,1,0,0,0,132,0.44728463765071874,43.51276775524537,0.09105624494697272,4.187551815779891,2.865390582541807,731,26,211,0,0,2,0.03719113921108296,0.004010841892722324,0.00014265648318848213,1.0973575629883242e-05,0.0011577122289526819,0.0,0.0,8,2,0,12,0,0,2,0,0,0,0,0,0,0,0,2,__MSG_appName__,,,
0,1,0,0,1,1,0,1,0,0,0,62,0.4220587160656217,40.97061416960589,0.10319522087032774,3.8902794126757945,2.9355838300956454,372,8,88,0,0,4,0.03514121093577137,0.007130808158257936,0.00015335071308081582,7.667535654040791e-05,0.001686857843888974,0.0,0.0,6,1,0,0,0,0,0,0,0,0,0,0,0,0,0,0,EarnBetter - AI Autofill for job applications,,,
0,1,0,0,1,1,0,0,0,0,0,0,0.18601036269430052,35.490566037735846,0.11295336787564766,5.926829268292683,3.073985449726035,3,0,3,0,0,0,0.01951219512195122,0.05660377358490566,0.0,0.0,0.05660377358490566,0.0,0.0,0,0,0,1,0,0,1,0,0,0,0,0,0,0,0,1,__MSG_extName__,,,
0,0,0,0,0,1,0,1,0,0,1,138,0.33066670272077814,83.57294570972087,0.09975484284582326,3.922820900337924,2.9081896640605036,662,39,182,0,0,8,0.031205355395966028,0.0025923373327903262,0.0001527207794242035,3.132733936906739e-05,0.000712696970646283,0.0,0.0,49,0,0,0,0,0,4,0,0,0,0,0,0,0,0,4,__MSG_brandName_en__,,,
0,0,1,0,1,1,0,0,0,0,0,18,0.42811789702539776,25.047404547404547,0.09812399117172316,4.908959331846439,3.235259463663528,130,19,7,0,1,2,0.07272339012005884,0.006971256971256971,0.001018876018876019,0.00010725010725010725,0.00037537537537537537,5.3625053625053626e-05,0.0,0,0,1,0,0,0,31,0,0,0,0,0,0,0,0,31,Email Finder – PIPILEADS,,,
0,0,0,0,0,0,0,0,0,0,0,0,0.0,0.0,0.0,0.0,0.0,0,0,0,0,0,0,0.0,0.0,0.0,0.0,0.0,0.0,0.0,0,0,0,0,0,0,0,0,0,0,0,0,0,0,0,0,Minimalist Green Tea,,,
0,0,0,0,0,0,0,0,0,0,0,0,0.0,0.0,0.0,0.0,0.0,0,0,0,0,0,0,0.0,0.0,0.0,0.0,0.0,0.0,0.0,0,0,0,0,0,0,0,0,0,0,0,0,0,0,0,0,Jardin,,,
0,0,0,0,1,1,0,0,0,0,1,67,0.5358941118301039,56.04035013048689,0.08127980539675271,3.7783316864607017,2.6361559545957483,1599,37,114,0,0,0,0.05509429506238992,0.008954872817284753,0.00020721094073767094,0.0,0.000638433709299851,0.0,0.0,2,0,0,0,0,0,2,0,0,0,0,0,0,0,0,2,__MSG_name__,,,
1,1,1,0,1,1,1,0,0,0,0,83,0.5314279663123501,53.3114813556785,0.07148539571837267,3.9096988786250586,2.1871674146478144,757,6,98,0,0,10,0.042266142845799284,0.004358113748495962,3.4542513198118586e-05,5.757085533019764e-05,0.0005641943822359369,0.0,0.0,0,0,0,3,0,0,4,0,0,0,0,0,0,0,0,4,Givebacks Genie,,,
0,1,0,0,0,1,0,0,0,0,0,60,0.5547657234011093,41.63170911266018,0.07716319872039096,3.713182205730672,2.6603687077964033,1484,23,74,0,0,0,0.03467909067975488,0.01707042123910093,0.0002645685232475211,0.0,0.0008512204661007201,0.0,0.0,0,0,0,0,0,0,2,0,0,0,0,0,0,0,0,2,__MSG_name__,,,
0,1,0,0,0,1,1,1,0,0,0,7,0.44748509062027125,34.53317924700444,0.10679292566193538,3.5840757585197185,3.0323931243881543,49,3,16,0,0,0,0.04945174755466949,0.0029803539930661153,0.00018247065263670093,0.0,0.0009731768140624049,0.0,0.0,0,0,0,0,0,0,2,0,0,0,0,0,0,0,0,2,__MSG_extName__,,,
0,0,0,0,0,1,0,0,0,0,0,6,0.407498508082302,29.697074284500612,0.10490300372763205,3.508648431214803,2.8192447691771614,295,3,15,0,0,0,0.041733708769107,0.015663994052992087,0.00015929485477619073,0.0,0.0007964742738809536,0.0,0.0,3,0,1,0,0,0,1,0,0,0,0,0,0,0,0,1,__MSG_appName__,,,
0,0,0,0,0,1,1,0,0,0,0,78,0.5069366078271009,44.411978950958655,0.0798511928631801,4.043729205380224,2.75706670579267,1548,59,169,0,0,5,0.047955695149156305,0.009428216434818622,0.00035934416644334543,3.045289546130046e-05,0.0010293078665919557,0.0,0.0,1,0,0,0,0,0,1,0,0,0,0,0,0,0,0,1,__MSG_extName__,,,
0,0,0,0,1,1,1,1,0,0,0,52,0.46798642294478154,35.77080442654574,0.09827926102974674,3.5576116863841127,2.9757662036025083,362,30,110,0,0,3,0.05602329638662975,0.003062709397949169,0.00025381569596263833,2.5381569596263832e-05,0.0009306575518630072,0.0,0.0,2,0,0,0,0,0,2,0,0,0,0,0,0,0,0,2,كوبونات صفقة | Safqa Coupons,,,
0,0,0,0,1,1,0,0,0,0,0,88,0.5199608434098957,49.85369559931923,0.08580929529426343,3.2121112279826245,2.841946361152809,201,19,118,0,0,1,0.03204194140279821,0.0013574843990598914,0.0001283194208066564,6.7536537266661265e-06,0.0007969311397466029,0.0,0.0,17,0,0,0,0,0,24,0,0,0,0,0,0,0,0,24,__MSG_meta_marketName__,,,
0,1,0,0,0,1,0,0,0,0,0,70,0.12901082053592347,560.4943410704009,0.008184185221069912,2.6095496544831778,3.4633144156712232,458,34,67,0,0,0,0.0007133601844132089,0.00976191998635889,0.00072468401645459,0.0,0.0014280537971311038,0.0,0.0,13,1,0,8,0,0,1,0,0,0,0,0,0,0,0,1,Extensão do Mercado Turbo,,,
0,0,0,0,0,1,0,0,0,0,0,198,0.47030518646193686,67.92042711477404,0.06876622148071178,5.593838728825702,2.6861913110064766,7337,25,204,0,0,3,0.03679203352213414,0.027373699310900605,9.327279307244311e-05,1.1192735168693174e-05,0.0007611059914711358,0.0,0.0,5,0,0,0,0,0,4,0,0,0,0,0,0,0,0,4,AuthoredUp – No. 1 LinkedIn ™ Content Tool,,,
0,0,0,0,1,1,0,0,0,0,0,248,0.40576512185191527,50.0292454757735,0.06770331942351412,3.13281171861977,2.4237370038698023,1083,35,785,0,0,14,0.01855017502917153,0.0015805604203152363,5.1079976649153535e-05,2.0431990659661412e-05,0.0011456509048453007,0.0,0.0,4,0,0,0,0,0,2,0,0,0,0,0,0,0,0,2,__MSG_extensionName__,,,
0,0,0,0,0,1,1,0,0,0,0,5,0.30245559408392897,26.28957528957529,0.09298704974877928,6.691077441077441,3.208599722036761,18,1,4,0,0,0,0.05387205387205387,0.03474903474903475,0.0019305019305019305,0.0,0.007722007722007722,0.0,0.0,0,0,0,5,0,2,2,0,0,0,0,0,0,0,0,2,PostureMinder,,1.0,
0,0,0,0,0,0,1,0,0,0,0,0,0.0,0.0,0.0,0.0,0.0,0,0,0,0,0,0,0.0,0.0,0.0,0.0,0.0,0.0,0.0,0,0,0,0,0,0,0,0,0,0,0,0,0,0,0,0,Stardoll,,,
0,0,0,0,0,0,0,0,0,0,0,0,0.0,0.0,0.0,0.0,0.0,0,0,0,0,0,0,0.0,0.0,0.0,0.0,0.0,0.0,0.0,0,0,0,0,0,0,0,0,0,0,0,0,0,0,0,0,Chile y Limón,,,
0,0,0,0,0,1,0,0,0,0,0,49,0.483703409617257,35.92106640814348,0.0888781757397587,3.736188314454083,2.641997754721684,472,7,77,0,0,0,0.04735897173234417,0.009151720794958797,0.00013572467280659233,0.0,0.0014929714008725158,0.0,0.0,2,0,0,0,0,0,1,0,0,0,0,0,0,0,0,1,__MSG_extensionName__,,,
0,0,0,0,1,1,0,0,0,0,0,118,0.37986238358600355,49.794396614621334,0.0965546101402929,5.000468563851794,2.99555056369064,194,18,85,0,0,5,0.05706509548234661,0.004718128313633932,0.00043776448270830295,0.00012160124519675082,0.0020672211683447636,0.0,0.0,8,0,0,0,0,0,2,0,0,0,0,0,0,0,0,2,__MSG_name__,,,
0,0,0,0,1,1,0,0,0,0,0,2,0.3552509601377301,28.175675675675677,0.10766785856177989,3.6051934287228407,3.0586170841595086,0,4,2,0,0,0,0.03550609432962374,0.0,0.007722007722007722,0.0,0.003861003861003861,0.0,0.0,3,0,0,0,0,0,1,0,0,0,0,0,0,0,0,1,Yet Another Flags,,,
0,0,0,0,0,1,0,0,0,0,0,274,0.5417320975184187,59.43917683891551,0.06582870828704283,3.494229161907926,2.321388330867566,699,83,189,0,0,11,0.030695823037149322,0.0026021599044013357,0.0003089832218387852,4.09495836171884e-05,0.0007035883003316916,0.0,0.0,25,0,0,3,0,1,3,0,1,0,0,0,0,0,0,3,Woowa CRM,,,
1,1,1,0,1,1,0,1,0,0,0,14,0.37197615075809703,33.08321734362478,0.10118107702740832,3.7726392564383917,2.7742903629097184,41,10,14,0,1,0,0.04702123539663074,0.0017293011092833945,0.00042178075836180355,0.0,0.000590493061706525,4.2178075836180355e-05,0.0,0,0,0,0,0,0,2,0,0,0,0,0,0,0,0,2,Clockwork,,,
0,0,0,0,0,1,0,0,1,0,0,21,0.35104275725958817,48.06601322626358,0.1046319361709809,4.67405790980337,3.3728630598319103,664,20,115,0,0,1,0.04143789009338777,0.07841284837033538,0.0023618327822390174,0.00011809163911195088,0.01358053849787435,0.0,0.0,18,0,0,29,2,0,6,0,0,1,0,0,0,0,0,6,BeFrugal Tab,,,
0,0,0,0,0,0,0,0,0,0,0,0,0.0,0.0,0.0,0.0,0.0,0,0,0,0,0,0,0.0,0.0,0.0,0.0,0.0,0.0,0.0,0,0,0,0,0,0,0,0,0,0,0,0,0,0,0,0,Lamborghini Drift,,,
0,0,0,0,0,0,0,0,0,0,0,1,0.4748386390985669,40.36877828054298,0.09008861174926157,4.264884568651276,3.241606961198889,2,0,5,0,0,0,0.02551640340218712,0.004524886877828055,0.0,0.0,0.011312217194570135,0.0,0.0,0,0,0,0,0,0,0,0,0,0,0,0,0,0,0,0,Apidog Browser Extension,,,
0,0,0,0,1,1,0,0,0,0,0,2,0.3429912023460411,25.236923076923077,0.07859237536656892,5.4375757575757575,2.8239493085120304,7,0,3,0,0,0,0.03515151515151515,0.021538461538461538,0.0,0.0,0.009230769230769232,0.0,0.0,0,0,0,3,0,0,2,0,0,0,0,0,0,0,0,2,Work Mode - Block ALL Social Media URL Block,,,
1,1,0,0,1,1,0,0,0,0,1,235,0.4344217635791068,41.310188785350576,0.06949052733712824,6.230895456751399,3.1422335249901856,695,108,183,0,0,16,0.09857012126999759,0.003053428406989056,0.00047448959417959434,7.029475469327324e-05,0.0008039962568043126,0.0,0.0,44,0,0,14,0,0,66,11,0,0,0,0,0,0,0,66,__MSG_extName__,,,
0,0,0,0,1,1,0,1,0,0,0,109,0.38212120504071634,54.39326060130837,0.05590244325156193,2.825588727913917,2.4386347460383107,374,25,314,0,0,0,0.011831363973598548,0.0009399370191933129,6.283001465195942e-05,0.0,0.0007891449840286103,0.0,0.0,9,0,0,0,0,0,3,0,0,0,0,0,0,0,0,3,__MSG_extensionName__,,,
0,1,0,0,1,1,0,0,0,0,0,0,0.3071032338234507,49.32675044883303,0.1952660962833921,4.061023622047244,2.680549206166137,4,2,1,0,0,0,0.03663337814480507,0.0005984440454817474,0.0002992220227408737,0.0,0.00014961101137043686,0.0,0.0,0,0,0,0,1,0,1,0,0,0,0,0,0,0,0,1,Tasks - To do & task list by Workona,,,
0,1,1,0,1,1,0,1,0,0,1,24,0.4615547094816661,35.298582312662745,0.10038950100829218,3.632539337728329,2.98346139045142,555,8,26,0,0,2,0.050290586020388245,0.013381232520011574,0.00019288263091908573,4.8220657729771434e-05,0.0006268685504870286,0.0,0.0,1,0,0,0,0,0,2,0,0,0,0,0,0,0,0,2,Shop TODAY Savings,,,
0,0,0,0,1,1,0,0,0,0,1,135,0.3086263003630173,45.81684701365492,0.09795961282492668,4.288327244668961,2.9711291647209928,1426,148,129,0,0,20,0.05917451954287638,0.00462406002847072,0.0004799164685930341,6.48535768368965e-05,0.0004183055705979824,0.0,0.0,31,1,0,0,0,0,1,0,0,0,0,0,0,0,0,1,MultiversX Wallet,,,
0,0,0,0,0,0,0,0,0,0,0,0,0.6426174018588271,25.95254185225004,0.014377133348909036,2.686335403726708,0.7059195830875445,0,0,1,0,0,0,0.01229296066252588,0.0,0.0,0.0,0.0001535862386730149,0.0,0.0,0,0,0,0,0,0,0,0,0,0,0,0,0,0,0,0,__MSG_name__,,,
0,0,0,0,0,0,0,0,0,0,0,0,0.0,0.0,0.0,0.0,0.0,0,0,0,0,0,0,0.0,0.0,0.0,0.0,0.0,0.0,0.0,0,0,0,0,0,0,0,0,0,0,0,0,0,0,0,0,Word Search,,,
0,0,0,0,0,1,0,0,0,0,0,62,0.5611165129288259,48.982727622165186,0.07582738048059681,3.50891174364404,2.2289760436943347,832,62,65,0,0,6,0.042446288640620444,0.00515815447184714,0.0003843817034309167,3.719822936428226e-05,0.0004029808181130578,0.0,0.0,0,0,0,0,0,0,15,0,0,0,0,0,0,0,0,15,__MSG_app_name__,,,
1,1,0,0,1,1,0,0,0,0,0,26,0.30172518078845445,59.51692478677909,0.12736977302480154,4.7574195732664855,3.1555697234033224,571,44,51,0,0,2,0.03631628992522799,0.0137959361182923,0.0010630843944043104,4.832201792746865e-05,0.0012322114571504505,0.0,0.0,32,0,0,2,0,0,8,0,0,0,0,0,1,0,0,8,__MSG_appName__,,,
0,0,0,0,1,1,0,0,0,0,0,73,0.37022516704309955,56.95864159015955,0.06334921278458266,2.7590938596322236,2.500074291313915,278,23,236,0,0,0,0.0146796846956119,0.0010324746709451228,8.54205663012152e-05,0.0,0.0008764892890037733,0.0,0.0,9,0,0,0,0,0,2,0,0,0,0,0,0,0,0,2,__MSG_extensionName__,,,
0,0,0,0,0,1,0,0,0,0,0,31,0.5783973268591099,58.94462994780692,0.07671291352311345,3.8078854711320353,2.3568947220198684,161,18,51,0,0,0,0.0563261342284713,0.0017397693995094066,0.00019450838006937466,0.0,0.0005511070768632281,0.0,0.0,1,0,0,0,0,0,0,0,0,0,0,0,0,0,0,0,Copilot for Gmail™ by cloudHQ,,,
0,0,0,0,0,0,0,0,0,0,0,0,0.0,0.0,0.0,0.0,0.0,0,0,0,0,0,0,0.0,0.0,0.0,0.0,0.0,0.0,0.0,0,0,0,0,0,0,0,0,0,0,0,0,0,0,0,0,Dark Forest,,,
0,1,0,0,0,1,0,0,0,0,0,18,0.3647829903122872,26.61666364624864,0.10502760300885101,4.658699621755576,3.3030407630252316,149,10,13,0,0,0,0.06906221468631799,0.006750634287785429,0.00045306270387821673,0.0,0.0005889815150416818,0.0,0.0,0,0,0,0,0,0,0,0,0,0,0,0,0,0,0,0,BuyBotPro - Amazon FBA Deal Analyzer,,,
0,0,0,0,0,1,0,0,0,0,0,10,0.43946913829842593,58.5790210173956,0.08362020490804835,6.103713889207186,3.1792350854266442,59,6,28,0,0,0,0.052920056529544325,0.0016188333424792844,0.00016462711957416452,0.0,0.0007682598913461011,0.0,0.0,6,0,0,0,0,0,1,0,0,0,0,0,0,0,0,1,Ona,,,
0,1,0,0,1,1,0,0,0,0,1,194,0.5493553991870946,50.02097445624061,0.08319103774780494,3.7024937806837945,2.61162430105604,1495,96,296,0,0,20,0.05224317342902641,0.006137563530966984,0.00039411779195507057,8.210787332397304e-05,0.0012151965251948008,0.0,0.0,0,0,0,0,0,0,15,0,0,0,0,0,0,0,0,15,__MSG_extName__,,,
0,0,0,0,0,1,1,0,0,0,0,131,0.22191604105202492,232.11761666953677,0.03306387283667552,2.8178002433794718,3.2345059590190792,348,45,24,0,0,0,0.005280853728479634,0.00998794558291717,0.0012915446874461856,0.0,0.0006888238333046323,0.0,0.0,0,0,0,6,0,0,1,0,0,0,0,0,0,0,0,1,KarmineCorp,,,
0,0,0,0,0,1,0,0,0,0,0,1,0.29952026114878005,41.97405222331476,0.07661457419681242,4.932732559596921,2.9746777622198692,5,5,1,0,0,0,0.01964003709924047,0.000273134491423577,0.000273134491423577,0.0,5.462689828471539e-05,0.0,0.0,1,0,0,0,0,0,1,0,0,0,0,0,0,0,0,1,Auto Link Bypasser,,,
0,0,0,0,0,1,0,0,0,0,0,4,0.534633566032234,61.542614255612875,0.09962603207132227,3.3559508619179863,2.887828323077066,327,41,76,0,0,0,0.06368685731441867,0.023759354791833175,0.002979001671147279,0.0,0.005522051878224224,0.0,0.0,34,0,0,1,0,0,2,0,0,0,0,1,0,0,0,2,__MSG_appName__,,,
0,0,0,0,0,0,0,0,0,0,0,0,0.0,0.0,0.0,0.0,0.0,0,0,0,0,0,0,0.0,0.0,0.0,0.0,0.0,0.0,0.0,0,0,0,0,0,0,0,0,0,0,0,0,0,0,0,0,TradingView: Free Stock Charts,,,
0,0,0,0,0,0,0,0,0,0,0,0,0.0,0.0,0.0,0.0,0.0,0,0,0,0,0,0,0.0,0.0,0.0,0.0,0.0,0.0,0.0,0,0,0,0,0,0,0,0,0,0,0,0,0,0,0,0,Spring Bird,,,
0,0,0,0,0,0,0,0,0,0,1,78,0.725812199739527,72.56663847192941,0.06321327983957535,2.2809129130863948,3.1264046201046365,553,59,152,0,0,18,0.024217626463747716,0.0017453383999697012,0.0001862115110275088,5.681029149991794e-05,0.0004797313504437515,0.0,0.0,13,0,0,59,4,1,5,0,0,1,0,0,0,0,0,4,__MSG_extensionName__,,,
0,0,0,0,0,1,0,0,0,0,0,11,0.2689076214236572,35.49011156186612,0.08123866376644405,5.432510702593805,3.490265367093526,60,7,10,0,0,0,0.04287333165449509,0.015212981744421906,0.0017748478701825558,0.0,0.002535496957403651,0.0,0.0,4,0,2,0,0,0,8,0,0,0,0,0,0,0,0,8,CrankWheel Screen Sharing,,,
0,0,0,0,1,1,1,0,0,0,0,36,0.4952149315285782,52.0654090886317,0.0952453338973193,3.628635198339549,3.120221337498327,37,24,14,0,0,12,0.06438038734379961,0.0009269001452978606,0.0006012325266796934,0.0003006162633398467,0.0003507189738964878,0.0,0.0,0,0,0,0,0,0,0,0,0,0,0,0,0,0,0,0,__MSG_appName__,,,
0,0,0,0,0,0,0,0,0,0,0,0,0.0,0.0,0.0,0.0,0.0,0,0,0,0,0,0,0.0,0.0,0.0,0.0,0.0,0.0,0.0,0,0,0,0,0,0,0,0,0,0,0,0,0,0,0,0,Orchid and Hummingbirds,,,
0,0,1,1,0,0,0,0,0,0,1,0,0.3085075066234913,28.80701754385965,0.09272887842213717,6.980916030534351,3.4000469865921725,0,0,0,0,1,0,0.07633587786259542,0.0,0.0,0.0,0.0,0.008771929824561403,0.0,0,0,0,0,0,0,0,0,0,0,0,0,0,0,0,0,I love adaptive – Mobile/Responsive testing,,,
0,0,0,0,0,0,0,0,0,0,0,11,0.4006110114896726,31.21619969434539,0.11149378393849405,3.876443954257851,3.0739102044729734,150,9,17,0,0,0,0.0721832007894584,0.015282730514518594,0.0009169638308711156,0.0,0.0017320427916454407,0.0,0.0,13,0,1,4,0,0,4,0,0,0,0,0,0,0,0,4,CPS Test - Check Click Per Second,,,
1,1,0,0,1,1,0,0,0,0,0,56,0.5032181482566203,39.39251596297579,0.09354340241823714,3.664894523395699,2.9386951328124145,129,10,61,0,0,1,0.07357802542344,0.0021283967727565214,0.00016499199788810244,1.6499199788810244e-05,0.0010064511871174249,0.0,0.0,43,0,0,0,0,0,1,0,0,0,0,0,0,0,0,1,SimpleLogin by Proton: Secure Email Aliases,,,
0,0,0,0,0,0,0,0,0,0,0,2,0.2403027436140019,18.236363636363638,0.12677388836329234,6.739583333333333,4.075259256328529,8,0,0,0,0,0,0.08333333333333333,0.14545454545454545,0.0,0.0,0.0,0.0,0.0,0,0,0,0,0,0,0,0,0,0,0,0,0,0,0,0,Miracle GSTIN Verifier,,,
0,0,0,0,1,1,1,1,0,0,0,32,0.4181942279999211,34.37106496985935,0.0885250429053321,4.876520878483302,3.1460903360337906,198,24,31,0,0,0,0.07592020613982696,0.005525787006028131,0.0006697923643670462,0.0,0.000865148470640768,0.0,0.0,0,0,0,0,0,0,5,0,0,0,0,0,0,0,0,5,Passport,,,
0,1,0,0,1,1,0,0,0,0,1,24,0.35359838063045357,37.84632414688144,0.09742158635327411,4.1915234315111665,3.2978967041115577,24,11,21,0,0,1,0.04502325264466893,0.0018322009313688067,0.0008397587602107031,7.634170547370028e-05,0.001603175814947706,0.0,0.0,0,0,0,4,1,0,1,0,0,0,0,0,0,0,0,1,ShowZone Connect - Download Your MLB The Show Data,,,
0,0,0,0,1,1,1,0,0,0,1,55,0.4385239452380536,42.98651701595847,0.08301933803087791,4.679986931821619,2.765355044486734,634,34,43,0,0,1,0.061958895738926836,0.015237454335704672,0.0008171505479715439,2.403383964622188e-05,0.0010334551047875408,0.0,0.0,2,0,0,0,0,0,5,0,0,0,0,0,0,0,0,5,__MSG_name__,,,
0,0,0,0,0,1,0,1,0,0,0,164,0.4978622729573848,35.318513048790464,0.08020918708836028,3.9202566069695246,2.7639098469796166,3241,42,183,0,0,0,0.035037905347995016,0.006168034697811975,7.993133517682904e-05,0.0,0.00034827224612761227,0.0,0.0,556,0,0,0,0,0,5,0,0,0,0,0,0,0,0,5,__MSG_PKG_NAME__,,,
0,0,0,0,0,1,0,0,0,0,0,43,0.402262195275958,38.695264012221905,0.08885391647593538,3.9270327349524816,3.257727533182219,233,12,51,0,0,2,0.07238120380147835,0.005561921130526115,0.0002864508736751647,4.774181227919412e-05,0.00121741621311945,0.0,0.0,2,0,0,0,0,0,1,0,0,0,0,0,0,0,0,1,Ad Library - Save Facebook TikTok - Foreplay,,,
0,1,0,0,1,1,0,0,0,0,1,211,0.5323932613301379,47.21370087336245,0.08277717410310283,3.8144500736588696,2.718769802391674,1183,25,274,0,0,7,0.04603212245337932,0.007174915089762251,0.00015162542455118873,4.245511887433285e-05,0.0016618146530810287,0.0,0.0,0,0,0,0,1,0,10,0,0,0,0,0,0,0,0,10,Beesy: Record Google Meets,,,
0,0,0,0,0,0,0,0,0,0,0,0,0.0,0.0,0.0,0.0,0.0,0,0,0,0,0,0,0.0,0.0,0.0,0.0,0.0,0.0,0.0,0,0,0,4,0,0,0,0,0,0,0,0,0,0,0,0,oWebster Search,,,
0,1,1,0,0,1,1,1,0,0,0,446,0.5415828826468346,48.74391572557835,0.08158456802976599,3.5032951980731806,2.9112024899205644,1882,22,88,0,0,0,0.04646939538746291,0.0028165304296032014,3.292437271587164e-05,0.0,0.00013169749086348656,0.0,0.0,0,0,0,0,0,0,4,0,0,0,0,0,0,0,0,4,守候购物小助手,,,
0,0,0,0,0,0,0,0,0,0,0,10,0.5082595402559167,58.750473612990525,0.09070773411844638,3.4076719220230878,2.848322060092117,25,8,11,0,0,2,0.06719669406638817,0.006765899864682003,0.002165087956698241,0.0005412719891745603,0.002976995940460081,0.0,0.0,0,2,0,1,0,0,1,0,0,0,0,0,0,0,0,1,svg-grabber - Grab all the SVGs from any website,,,
0,1,0,0,1,1,0,1,0,0,0,3,0.3640671239672249,36.37979539641944,0.08067192391248568,5.779179179179179,2.6566747131634627,51,2,15,0,0,0,0.031031031031031032,0.03260869565217391,0.0012787723785166241,0.0,0.00959079283887468,0.0,0.0,0,0,0,3,0,0,1,0,0,0,0,0,0,0,0,1,TikTok All Liked Videos Remover,,,
1,1,1,0,1,1,0,0,0,0,0,21,0.393824686940966,36.76922037562492,0.11986046511627907,4.106072487981179,3.2202523213114014,99,10,12,0,0,0,0.07528384875038358,0.013376570733684636,0.0013511687609782462,0.0,0.0016214025131738954,0.0,0.0,0,0,0,27,0,0,27,0,0,0,26,0,0,0,0,27,Link Research SEO Toolbar,,,11.0
0,0,0,0,0,1,0,1,0,0,0,4,0.23660170523751523,17.34972067039106,0.08258221680876979,8.141970519782777,3.761345926564992,26,0,4,0,0,0,0.07292474786656322,0.02905027932960894,0.0,0.0,0.004469273743016759,0.0,0.0,0,0,0,0,0,0,2,0,0,0,0,0,0,0,0,2,__MSG_appName__,,,
0,0,0,0,1,1,0,0,0,0,1,116,0.5097160094426062,48.34518258733404,0.09436186667518237,3.658911821227773,2.626683785551611,2239,27,89,0,0,6,0.04643084220979161,0.018093075499599997,0.0002181835812814649,4.848524028476998e-05,0.0007191977308907547,0.0,0.0,905,0,1,13,0,0,44,0,0,0,0,0,0,0,0,44,URL Shortener by Rebrandly,,,
0,0,0,0,0,1,0,0,0,0,1,1,0.32447284065091103,75.00288006678416,0.061302577874377547,10.08011283359291,3.0032513061088397,6,0,8,0,0,0,0.06960048513672194,9.275577404693442e-06,0.0,0.0,1.2367436539591256e-05,0.0,0.0,0,0,0,0,0,0,2,0,0,0,0,0,0,0,0,2,Taho,,,
0,0,0,0,1,1,1,0,0,0,1,65,0.4356668605053117,58.113592514988696,0.06838164150332222,3.9203320547362868,2.411144401124679,112,8,67,0,0,0,0.033486909304893245,0.0011617534178370642,8.298238698836172e-05,0.0,0.0006949774910275295,0.0,0.0,0,0,0,0,0,0,12,0,0,0,0,0,0,0,0,12,__MSG_app_name__,,,
0,0,0,0,0,0,0,1,0,0,0,2,0.32788314802703294,14.348940914158305,0.10064675532301431,6.892592592592592,3.309046608486039,4,2,2,0,0,0,0.13518518518518519,0.004459308807134894,0.002229654403567447,0.0,0.002229654403567447,0.0,0.0,0,0,0,0,0,0,3,0,0,0,0,0,0,0,0,3,XDown,,,
0,0,0,0,0,1,0,0,0,0,0,1,0.3993531202435312,16.330449114132673,0.0918236301369863,4.99204107830552,3.1627239045381375,35,2,8,0,0,0,0.05725288831835687,0.01442109600329625,0.0008240626287597857,0.0,0.003296250515039143,0.0,0.0,41,1,0,29,0,0,20,0,0,0,0,0,0,0,0,20,Gnosis IQ,,,
0,0,0,0,0,0,0,0,0,0,0,0,0.0,0.0,0.0,0.0,0.0,0,0,0,0,0,0,0.0,0.0,0.0,0.0,0.0,0.0,0.0,0,0,0,0,0,0,0,0,0,0,0,0,0,0,0,0,__MSG_appName__,,,
0,0,0,0,1,1,0,0,0,0,0,199,0.35739791458511083,42.51993135740529,0.08947074040054745,4.8772404431699785,3.071045919753109,631,90,137,0,0,28,0.0468977010511922,0.0012724288266633328,0.0001814874713148969,5.646276885352348e-05,0.00027626426189045417,0.0,0.0,2,0,1,0,0,0,5,0,0,0,0,0,0,0,0,5,Fewcha Move Wallet,,,
1,1,1,0,1,1,0,0,0,0,1,66,0.5474968669212524,59.70560575506089,0.0786774486845062,4.4403455196618244,2.7888259822512755,1363,24,33,0,13,0,0.04521175003218406,0.01321453501900256,0.00023268440238889319,0.0,0.00031994105328472816,0.00012603738462731715,0.0,0,0,0,0,0,0,2,0,0,0,0,0,0,0,0,2,__MSG_app_name__,,,
0,0,0,0,0,0,0,0,0,0,0,0,0.0,0.0,0.0,0.0,0.0,0,0,0,0,0,0,0.0,0.0,0.0,0.0,0.0,0.0,0.0,0,0,0,0,0,0,0,0,0,0,0,0,0,0,0,0,Opposing Viewpoints In Context,,,
0,0,0,0,0,1,0,0,0,0,1,8,0.4529976953985076,23.874322956438352,0.08789898591822806,4.609994975395389,2.8528971752639674,221,23,55,0,0,4,0.05271847060606302,0.00392463284260624,0.0004084459519454458,7.103407859920796e-05,0.0009767185807391095,0.0,0.0,5,1,0,11,0,0,11,0,0,0,0,0,0,0,0,11,__MSG_extensionName__,,,
0,0,0,0,0,0,0,0,0,0,0,0,0.0,0.0,0.0,0.0,0.0,0,0,0,0,0,0,0.0,0.0,0.0,0.0,0.0,0.0,0.0,0,0,0,0,0,0,0,0,0,0,0,0,0,0,0,0,Perseid Meteor Shower,,,
0,1,0,0,0,1,0,1,0,0,1,55,0.3328887330022132,62.28477071343507,0.06495622029008959,8.900743794052202,3.0193202840076565,77,11,49,0,0,5,0.06603263854649127,0.00020197992791677377,2.885427541668197e-05,1.311557973485544e-05,0.00012853268140158332,0.0,0.0,43,0,3,0,0,0,3,0,0,0,0,0,0,0,0,2,Folio: Manage Real Estate Deals from Gmail,,,
1,1,0,0,1,1,0,0,0,0,0,8,0.4016124386314213,35.985015218918285,0.11431094679332361,3.880631092117203,3.1760871391774343,78,10,13,0,0,0,0.06899276995580013,0.009131350971669398,0.0011706860220088973,0.0,0.0015218918286115663,0.0,0.0,14,1,0,0,0,3,5,0,2,0,0,0,0,0,0,5,__MSG_qpush_name__,,,
0,0,0,0,0,0,0,0,0,0,0,10,0.4161144986685393,26.736862404782567,0.11306986866165601,3.6525743383416107,3.013520371678578,72,8,9,0,0,0,0.07223235053749921,0.0069424356378362745,0.0007713817375373638,0.0,0.0008678044547295343,0.0,0.0,12,0,0,7,0,1,5,0,0,0,0,1,0,0,0,5,Qwik Ant,,1.0,
0,0,0,0,0,1,0,0,0,0,0,4,0.48343559897822136,34.8203943024243,0.09611566112764333,3.5920518645192576,3.0218699911728333,28,3,20,0,0,0,0.040429822098573216,0.0026412602584661824,0.0002829921705499481,0.0,0.0018866144703329874,0.0,0.0,4,0,0,0,0,0,1,0,0,0,0,0,0,0,0,1,Notion Boost,,,
0,1,1,0,0,1,0,0,0,0,1,20,0.377048638582345,29.71845703708127,0.10424219568568524,3.9455214766139712,3.1447237387182976,109,23,19,0,0,0,0.055114994925429615,0.006508628411058697,0.0013733803069206425,0.0,0.0011345315578909655,0.0,0.0,19,1,0,5,0,0,8,0,4,1,0,0,0,0,0,7,Youtube Transcript AI Summary,,,
0,0,0,0,1,1,0,0,0,0,0,48,0.5304374299556128,53.760461969653036,0.09079473354453278,3.681352081542429,2.339460105927075,266,34,59,0,0,0,0.06205227393671456,0.006426983666763313,0.0008214941528945589,0.0,0.0014255339711993814,0.0,0.0,0,0,0,0,0,0,0,0,0,0,0,0,0,0,0,0,__MSG_appName__,,,
0,0,0,0,0,1,0,0,0,0,1,5,0.3406758331391284,20.202173913043477,0.07694243766021906,6.629371428571429,3.449798004013281,159,31,10,0,0,2,0.06091428571428571,0.03142292490118577,0.006126482213438735,0.0003952569169960474,0.001976284584980237,0.0,0.0,0,0,0,1,0,0,2,1,0,0,0,1,0,0,0,2,MagicScroll Web Reader,,,
0,0,0,0,0,0,0,0,0,0,1,401,0.46506785978699244,59.762646733694794,0.07053689201811719,4.267757079556694,2.7740697295228367,1208,408,752,0,0,6,0.04828690444476605,0.006358898773490551,0.002147707532768332,3.158393430541664e-05,0.0039585197662788865,0.0,0.0,29,1,2,4,8,4,3,1,0,0,0,0,0,0,0,3,Userpilot,,,
0,0,0,0,0,1,0,0,0,0,1,140,0.4825789361308705,44.76728321753523,0.08640338107249139,3.952082816212191,2.650558364214586,2335,23,190,0,0,1,0.033459584766497644,0.010917438913773272,0.00010753794219134272,4.675562703971423e-06,0.0008883569137545704,0.0,0.0,2,2,0,0,0,0,3,0,0,0,0,0,0,0,0,3,__MSG_extensionName__,,,
0,0,0,0,1,1,0,0,0,0,1,14,0.45714492255307476,29.85952067722931,0.0999835958765409,4.00347934261806,2.8922373115446507,560,29,31,0,0,0,0.064863498974663,0.01601555797060001,0.0008293771091917863,0.0,0.0008865755305153578,0.0,0.0,33,2,0,1,0,0,7,0,0,0,0,0,0,0,0,7,Fontiran,,,
0,0,0,0,1,1,0,0,0,0,0,41,0.4746623318885602,43.37932930181418,0.08819768570197667,3.904977442278772,2.7491472272669766,50,20,22,0,0,0,0.03404299236281072,0.003054181174027243,0.0012216724696108973,0.0,0.001343839716571987,0.0,0.0,3,0,0,0,0,0,3,0,0,0,0,0,0,0,0,3,__MSG__extensionName__,,,
0,1,0,0,0,1,0,0,0,0,0,9,0.41895979929435284,48.66173570019724,0.08833166740585303,4.1733429018789145,3.1992728759675324,183,29,21,0,0,0,0.02576983298538622,0.0601577909270217,0.00953320184089415,0.0,0.006903353057199211,0.0,0.0,0,0,0,0,0,0,0,0,0,0,0,0,0,0,0,0,"AI Chat to Word, PDF & Google Docs - for Gemini",,,
0,0,0,0,1,1,0,1,0,0,1,67,0.4241619361568795,46.24311425926065,0.09488356070638101,4.404349195821588,2.9270098570204346,1175,40,43,0,0,1,0.05268943790416183,0.008844761266720362,0.0003010982558883528,7.5274563972088195e-06,0.0003236806250799792,0.0,0.0,1,0,0,0,0,0,1,0,0,0,0,0,0,0,0,1,__MSG_appName__,,,
0,0,0,0,0,0,0,0,0,0,0,0,0.0,0.0,0.0,0.0,0.0,0,0,0,0,0,0,0.0,0.0,0.0,0.0,0.0,0.0,0.0,0,0,0,0,0,0,0,0,0,0,0,0,0,0,0,0,__MSG_appName__,,,
0,0,0,0,0,0,0,0,0,0,0,0,0.0,0.0,0.0,0.0,0.0,0,0,0,0,0,0,0.0,0.0,0.0,0.0,0.0,0.0,0.0,0,0,0,0,0,0,0,0,0,0,0,0,0,0,0,0,Azov Sea Theme,,,
0,0,0,0,0,1,0,0,0,0,0,33,0.5551417486435324,44.52897376307259,0.08436075171663637,3.4388339823062797,2.6688448787435273,551,12,67,0,0,0,0.0539841350879733,0.00842456118891811,0.0001834750168185432,0.0,0.0010244021772368662,0.0,0.0,0,0,0,0,2,0,6,0,0,0,0,0,0,0,0,6,Obsidian Web,,,
0,1,0,0,1,1,0,0,0,0,1,155,0.5648745826446746,52.903964195972044,0.0794878315404144,3.4296006407459743,2.5102411512932425,911,54,275,0,0,3,0.03371860572634156,0.005694390618944631,0.000337537973021965,1.8752109612331387e-05,0.0017189433811303772,0.0,0.0,0,0,0,0,0,0,1,0,0,0,0,0,0,0,0,1,SocialiQ - Influencer Marketing Research Assistant,,,
0,0,0,0,0,0,0,0,0,0,0,0,0.0,0.0,0.0,0.0,0.0,0,0,0,0,0,0,0.0,0.0,0.0,0.0,0.0,0.0,0.0,0,0,0,0,0,0,0,0,0,0,0,0,0,0,0,0,YouMeScript,,,
0,0,0,0,0,0,0,0,0,0,0,52,0.3864045987218876,57.4199149292239,0.09233848732033259,5.5028788331129785,2.8163928521727186,20,1,2,0,0,0,0.024452310885543282,0.0013946028868279756,6.973014434139879e-05,0.0,0.00013946028868279758,0.0,0.0,0,0,0,0,0,0,0,0,0,0,0,0,0,0,0,0,__MSG_appName__,,,
0,0,0,0,0,1,1,0,0,0,1,17,0.19631539028479092,125.88984,0.0338746783800125,2.2995703674755563,3.267901433855798,137,16,11,0,0,0,0.007069025646860368,0.01096,0.00128,0.0,0.00088,0.0,0.0,12,0,0,7,0,0,13,0,0,0,5,0,0,0,0,13,eyeCare - Protect your vision,,,
0,0,0,0,0,1,0,0,0,0,1,25,0.4687517625412911,35.088692375398836,0.09225808025145843,3.5865423132169374,2.641252660239857,385,44,59,0,0,0,0.05568391025511339,0.00529486192100341,0.0006051270766861041,0.0,0.0008114203982836396,0.0,0.0,3,0,0,31,1,2,9,0,1,0,0,0,0,1,0,9,Titans Quick View - Amazon Niche Finder,,,
0,0,0,0,1,1,1,0,0,0,0,97,0.41746482648438377,51.606810316193254,0.09080538220933082,4.130241791446825,2.7885521145432164,1285,67,49,0,0,0,0.049716865670767774,0.013768496394475457,0.000717890473486269,0.0,0.0005250243761317489,0.0,0.0,0,0,0,0,0,0,13,0,0,0,0,0,0,0,0,13,__MSG_appName__,,,
0,0,0,0,0,0,0,0,0,0,0,8,0.42278537593821586,45.32700603968939,0.1258404365613961,3.233891718741795,3.2258032681291335,63,17,8,0,0,0,0.05135745418263929,0.0181190681622088,0.004889272361230946,0.0,0.0023008340523439745,0.0,0.0,0,0,0,0,0,0,0,0,0,0,0,0,0,0,0,0,Toggle Fullscreen in Hangout,,,
0,0,0,0,1,1,0,0,0,0,1,58,0.3726977758249472,68.90468612360752,0.05207338699561064,6.745191593630994,2.897707603546681,376,56,94,0,0,0,0.04477130158512218,0.0013630250455852126,0.00020300373019354232,0.0,0.00034075626139630315,0.0,0.0,150,2,3,0,0,0,4,0,0,0,0,0,0,0,0,4,__MSG_app_name__,,,
1,1,1,0,0,1,0,0,0,0,1,103,0.4918708354079542,40.09797894060701,0.0918807712603052,3.555438006143271,2.748942272394038,109,82,88,0,0,4,0.04034762662689753,0.0008335053871976632,0.0006270407500019117,3.058735365862984e-05,0.0006729217804898565,0.0,0.0,10,0,2,0,0,0,1,0,0,0,0,0,0,0,0,1,__MSG_name__,,,
0,0,0,0,0,0,0,0,0,0,1,2,0.33185710067906704,28.728070175438596,0.10894596988485385,6.606870229007634,3.3681496549109355,1,0,0,0,0,0,0.08015267175572519,0.008771929824561403,0.0,0.0,0.0,0.0,0.0,0,0,0,0,0,0,1,0,0,0,0,0,0,0,0,1,Dólar Hoje,,,
0,0,0,0,0,0,0,0,0,0,0,0,0.19047619047619047,18.94736842105263,0.10582010582010581,8.620689655172415,3.591742156667236,2,0,2,0,0,0,0.0,0.10526315789473684,0.0,0.0,0.10526315789473684,0.0,0.0,0,0,0,2,0,0,1,0,0,0,0,0,0,0,0,1,Temporary Phone Number Generator,,,
1,1,1,0,1,1,0,0,0,0,0,10,0.3197717881386428,34.29380308273042,0.08782546984303471,5.72594315910074,2.878158430954332,21,3,8,0,0,0,0.031471760758502165,0.000825731362063542,0.00011796162315193457,0.0,0.00031456432840515884,0.0,0.0,0,0,0,0,0,0,1,0,0,0,0,0,0,0,0,1,ShopBuddy USA,,,
0,0,0,0,1,1,0,0,1,0,0,93,0.5679667381799721,44.449644441315215,0.08315160671017778,3.4795217644568743,2.555873461987414,2668,16,99,0,0,2,0.04242721362128289,0.018784763782299513,0.00011265225656551432,1.408153207068929e-05,0.0006970358374991199,0.0,0.0,0,0,0,0,0,0,2,0,0,0,0,0,0,0,0,2,__MSG_ext_name__,,,
0,0,0,0,1,1,0,0,0,0,0,23,0.5227821646026731,41.55731929708223,0.07773185354281018,3.7321011120578533,2.711362289066851,42,5,21,0,0,0,0.04949640602127985,0.0017407161803713528,0.00020722811671087534,0.0,0.0008703580901856764,0.0,0.0,1,0,0,0,0,0,2,0,0,0,0,0,0,0,0,2,Speed Test,,,
0,0,0,0,0,1,0,0,0,0,1,6,0.484576844596491,40.643094053541816,0.08470977994553633,4.460505631285398,2.8356814665760566,45,18,5,0,0,0,0.04726834205482697,0.0017768301350390902,0.0007107320540156361,0.0,0.00019742557055989893,0.0,0.0,6,0,0,1,0,0,4,0,0,0,0,0,0,0,1,4,Siteimprove Accessibility Checker,,,
0,0,0,0,1,1,0,0,0,0,1,36,0.5434476456759139,45.184562439715634,0.08897989345195154,3.596159529869526,2.7641801580176435,1229,12,62,0,0,0,0.06224408104470888,0.014634959572263835,0.0001428962692165712,0.0,0.0007382973909522846,0.0,0.0,5,1,0,0,0,0,0,0,0,0,0,0,0,0,0,0,Beni - Find it Secondhand,,,
0,0,0,0,0,1,0,0,0,0,0,152,0.5178478353984219,50.755568200292636,0.0792526864699472,3.642201027704263,2.8880118714140157,654,24,167,0,0,0,0.07117363256124733,0.0075945839236361105,0.0002787003274728848,0.0,0.00193928977866549,0.0,0.0,9,1,3,18,0,0,6,0,0,0,0,0,0,0,0,6,Better Lyrics (Lyrics for Youtube Music),,,
0,1,0,0,0,0,0,0,0,0,0,13,0.3645340578410956,34.2738326848249,0.07157732143595967,7.210585374976622,3.3673688851771084,16,3,8,0,0,0,0.044136899195810736,0.007782101167315175,0.0014591439688715954,0.0,0.0038910505836575876,0.0,0.0,0,0,0,2,0,0,2,0,0,0,0,0,0,0,0,2,ChatGPT Bulk Delete,,,
0,0,1,0,1,1,0,0,0,0,0,33,0.4024521740840399,42.415054069436536,0.08915268569106277,5.98961661341853,3.4613190817882913,30,4,39,0,0,0,0.04464435850008407,0.0042686397268070575,0.0005691519635742744,0.0,0.005549231644849175,0.0,0.0,0,0,0,0,0,0,1,0,0,0,0,0,0,0,0,1,__MSG_manifest_name__,,,
0,0,0,0,0,1,0,0,0,0,0,1,0.3286927706254285,41.762214983713356,0.10472689875828445,6.3045203969129,2.660852098729062,4,1,13,0,0,0,0.013009922822491731,0.003257328990228013,0.0008143322475570033,0.0,0.010586319218241042,0.0,0.0,0,0,0,0,0,3,1,0,0,0,0,0,0,0,0,1,Bug Magnet,,,
0,0,0,0,0,0,0,0,0,0,0,28,0.4264188515744278,40.95215124705272,0.06764452772322205,6.113821795519622,3.1238106141140465,381,7,34,0,0,0,0.06712481051035876,0.008241579960630773,0.00015142010426355752,0.0,0.000735469077851565,0.0,0.0,0,0,0,0,0,0,1,0,0,0,0,0,0,0,0,1,HTML to Figma - by Builder.io,,,
0,1,0,0,0,1,0,1,0,0,1,4,0.5231940784374516,45.96087352138308,0.09039296233142148,3.816339869281046,2.9681778024885395,4,1,5,0,0,1,0.05163398692810457,0.003639672429481347,0.0009099181073703367,0.0009099181073703367,0.004549590536851683,0.0,0.0,0,0,0,0,0,0,0,0,0,0,0,0,0,0,0,0,Star Citizen CCU Game,,,
0,0,0,0,1,1,0,0,0,0,0,0,0.3888260574530649,35.62779993863148,0.10656211515745558,4.934941260234959,3.191074675306985,89,0,0,0,0,0,0.09264862940548238,0.027308990487879718,0.0,0.0,0.0,0.0,0.0,12,0,0,1,0,0,2,0,0,0,1,0,0,0,0,2,Copy URLs,,,
0,0,0,0,1,1,0,0,0,0,0,34,0.3943671984805501,30.996403541128736,0.11020431298593625,3.7130451943951055,3.1826055124677555,160,7,41,0,0,0,0.05241431484770739,0.004918234353866961,0.00021517275298167958,0.0,0.001260297553178409,0.0,0.0,0,0,0,0,0,0,1,0,0,0,0,0,0,0,0,1,__MSG_ext_name__,,,
0,0,0,0,0,1,0,0,0,0,0,76,0.4250095549385663,45.725180339894855,0.08464620724134328,4.415300144408779,2.8622444385878816,598,29,78,0,0,4,0.056772840199024045,0.004569629539063455,0.00022160410808167257,3.0566083873334146e-05,0.0005960386355300159,0.0,0.0,0,0,0,0,0,0,2,0,0,0,0,0,0,0,0,2,GemWallet,,,
0,0,0,0,1,0,0,0,0,0,0,0,0.3532684283727399,34.96666666666667,0.12980992118683357,3.5961538461538463,4.034788471755545,0,0,0,0,0,0,0.011538461538461539,0.0,0.0,0.0,0.0,0.0,0.0,0,0,0,0,0,0,0,0,0,0,0,0,0,0,0,0,__MSG_extensionName__,,,
0,0,0,0,0,0,0,0,0,0,0,0,0.0,0.0,0.0,0.0,0.0,0,0,0,0,0,0,0.0,0.0,0.0,0.0,0.0,0.0,0.0,0,0,0,0,0,0,0,0,0,0,0,0,0,0,0,0,TeX equation editor,,,
0,0,1,0,1,1,1,0,0,0,0,2,0.40856220529344484,32.14629318024349,0.10423839912562301,4.046020157834067,3.1229118934955844,70,7,12,0,0,0,0.04764578961369077,0.006928635058893398,0.0006928635058893398,0.0,0.001187766010096011,0.0,0.0,3,0,0,0,0,1,13,0,0,0,0,0,0,0,0,10,Feedly Notifier,,,
0,0,0,0,0,1,0,0,0,0,1,4,0.3647762747138398,38.47638603696099,0.12049947970863684,4.013724562233791,3.286700223029862,5,0,2,0,0,0,0.0326549929010885,0.01026694045174538,0.0,0.0,0.004106776180698152,0.0,0.0,1,0,0,0,0,0,2,0,0,0,0,0,0,0,0,2,PlayXylo,,,
0,0,0,0,0,1,0,0,0,0,0,2,0.32197028928850663,12.673076923076923,0.10617670054730258,5.713298791018998,3.750745274925935,19,7,2,0,0,0,0.0690846286701209,0.0405982905982906,0.014957264957264958,0.0,0.004273504273504274,0.0,0.0,0,0,0,0,0,0,2,0,0,0,0,0,0,0,0,2,__MSG_AppName__,,,
0,0,0,0,0,1,0,1,0,0,0,17,0.58778237807322,48.22120782832258,0.06936970740983942,3.9087523794967276,2.7449251902390417,106,11,12,0,0,0,0.045505703844710914,0.005561676898053413,0.0005771551497979957,0.0,0.0006296237997796317,0.0,0.0,2,0,0,0,0,0,1,0,0,0,0,0,0,0,0,1,GitKraken,,,
0,0,0,0,0,1,0,0,0,0,0,55,0.39414939511955194,21.751818280003267,0.07153525840976256,5.784495185377386,2.6970728918703517,628,84,64,0,0,0,0.05343448571263828,0.0016542989381402836,0.00022127565414615258,0.0,0.00016859097458754482,0.0,0.0,514,0,3,9,1,8,34,2,1,0,3,0,0,0,1,34,Yet Another REST Client,,,
0,0,0,0,0,0,0,0,0,0,0,0,0.0,0.0,0.0,0.0,0.0,0,0,0,0,0,0,0.0,0.0,0.0,0.0,0.0,0.0,0.0,0,0,0,0,0,0,0,0,0,0,0,0,0,0,0,0,Valley Landscape,,,
0,1,0,0,0,1,0,0,0,0,1,149,0.42465679624785163,53.401895178406455,0.0834579681401534,4.25657978008758,2.7127479001905312,435,266,57,0,0,8,0.05764427325436242,0.0013577118030412745,0.0008302329646183425,2.496941246972459e-05,0.00017790706384678768,0.0,0.0,340,0,0,20,6,0,5,0,0,0,0,0,0,6,0,4,Salesforce DevTools,,,
1,1,0,0,1,1,1,1,1,0,1,197,0.3641761410488396,40.27896954789009,0.08658394223302383,6.316212523109074,3.1669936520190176,400,140,91,0,0,16,0.06707086017430845,0.007627328718799458,0.0026695650515798103,0.00030509314875197833,0.0017352172835268767,0.0,0.0,91,0,0,29,11,6,61,1,0,0,3,0,4,3,0,61,Home - New Tab Page | ChatGPT search with GPT-4o AI answers,,,
0,0,0,0,0,1,0,0,0,0,0,10,0.5260204884262089,44.79272113762352,0.05100702304933328,5.894775563054226,2.1180658142879545,21,0,6,0,0,1,0.044651965785136936,0.0005623845103237728,0.0,2.6780214777322515e-05,0.0001606812886639351,0.0,0.0,0,0,0,0,0,0,0,0,0,0,0,0,0,0,0,0,Poshmark Bot Sharer by Flyp,,,
0,1,0,0,0,1,0,0,0,0,0,34,0.45532234338088373,34.176644683496406,0.10013895916244929,3.6450945016859895,2.558410812819016,63,20,48,0,0,0,0.03580524288377362,0.0008513973728309638,0.000270284880263798,0.0,0.0006486837126331153,0.0,0.0,0,0,0,0,0,0,2,0,0,0,0,0,0,0,0,2,Cloud Document Converter,,,
0,0,0,0,1,1,0,0,0,0,0,126,0.46791534642379756,46.3883830719946,0.08375474737061435,3.7414897886381877,2.483608623532649,215,30,91,0,0,6,0.05265094087220191,0.002265638172314955,0.0003161355589276682,6.322711178553364e-05,0.0009589445287472602,0.0,0.0,0,0,0,0,0,0,2,0,0,0,0,0,0,0,0,2,__MSG_name__,,,
0,0,0,0,0,0,0,0,0,0,0,0,0.0,0.0,0.0,0.0,0.0,0,0,0,0,0,0,0.0,0.0,0.0,0.0,0.0,0.0,0.0,0,0,0,0,0,0,0,0,0,0,0,0,0,0,0,0,Zoho Invoice and Time Tracking,,,
0,1,0,0,0,1,0,0,0,0,0,58,0.5015488936239048,48.96193005754759,0.054361014612027275,4.650950690931058,2.392309332950274,857,28,38,0,0,10,0.04867477157743714,0.005419591475368368,0.00017706949977866314,6.323910706380825e-05,0.00024030860684247138,0.0,0.0,1,0,0,0,0,0,0,0,0,0,0,0,0,0,0,0,Moon: Shop online with Bitcoin,,,
0,0,1,0,0,1,1,1,0,0,1,28,0.5236224609857147,64.878613187569,0.06889662940148354,5.136361329611773,2.932852192915051,66,3,33,0,0,2,0.06189694216102608,0.0002986479393292186,1.35749063331463e-05,9.049937555430868e-06,0.0001493239696646093,0.0,0.0,21,3,0,0,0,0,2,0,0,0,0,0,0,0,0,2,Phia: Best Price in One Click,,,
0,0,1,0,1,1,0,1,1,0,0,153,0.4326049581722942,33.3479430350596,0.10204941006707989,4.388872933635079,3.0522557424022003,386,74,161,0,3,2,0.039874093901136144,0.00711140588441202,0.0013633265167007499,3.684666261353378e-05,0.0029661563403894694,5.5269993920300666e-05,0.0,33,0,0,15,0,2,10,0,2,0,0,0,0,0,0,10,AuctionGate,,,
0,1,0,0,0,1,0,0,0,0,0,514,0.40081883641854915,25.17113939579819,0.08416972063129592,5.908340133833851,3.0694096819185166,879,42,17,0,0,0,0.03926881018442958,0.0192564681140053,0.0009201042784848949,0.0,0.0003724231603391242,0.0,0.0,0,0,4,25,0,0,11,0,0,0,0,0,0,0,0,11,Invite fans and post likers in Facebook™,,,
0,0,0,0,0,1,0,0,0,0,0,22,0.410046378214191,36.02439090197771,0.08693364504779201,5.559528115043486,3.211020532457956,94,1,55,0,0,0,0.07197967794712821,0.0025362221083020803,2.6981086258532768e-05,0.0,0.0014839597442193023,0.0,0.0,38,0,6,31,0,11,19,5,0,0,0,2,0,0,0,19,Sauce for Strava™,,,
0,0,0,0,1,1,0,0,0,0,0,53,0.8045345511001134,70.10358921033847,0.04970828847410116,2.6690306243289745,3.089429330196237,169,77,93,0,0,12,0.05863967922238766,0.00029785246609504844,0.00013570792833916408,2.114928753337622e-05,0.0001639069783836657,0.0,0.0,3,2,0,0,0,0,9,0,0,0,0,0,0,0,0,9,Cursorful - Screen Recorder with Auto Zoom,,,
0,0,0,0,1,1,0,0,0,0,0,38,0.49128647549457577,41.876901179341196,0.1069059447729286,3.3683395150046023,3.1201823342324193,135,15,36,0,0,2,0.057676359891737215,0.005490036600244001,0.0006100040666937779,8.133387555917039e-05,0.0014640097600650671,0.0,0.0,0,0,0,0,0,0,0,0,0,0,0,0,0,0,0,0,__MSG_name__,,,
0,0,1,0,1,1,0,0,0,0,1,267,0.5335316038263557,48.84125200642055,0.08786696380147503,3.715771849860464,2.7053152441270085,1964,82,395,0,0,19,0.05110554255340925,0.007505923717801727,0.0003133837804784835,7.261331498891691e-05,0.001509592601085378,0.0,0.0,0,0,0,0,0,0,13,0,0,0,0,0,0,0,0,13,__MSG_extName__,,,
0,0,0,0,0,0,0,0,0,0,0,16,0.3674181223940102,37.68668096259233,0.0928969264974882,4.952978398428977,3.267739440373857,68,16,16,0,0,0,0.0854680340388392,0.005400683027559368,0.0012707489476610277,0.0,0.0012707489476610277,0.0,0.0,61,3,0,5,0,1,5,0,0,0,0,1,0,0,0,5,Qwik Jokes,,1.0,
0,0,0,0,1,1,0,0,0,0,0,8,0.46164741400012743,34.72181372549019,0.0940007155424645,4.07500385822316,3.2661474921391376,140,6,31,0,0,1,0.04532126138175832,0.024509803921568627,0.0010504201680672268,0.00017507002801120448,0.005427170868347339,0.0,0.0,0,0,0,0,0,0,0,0,0,0,0,0,0,0,0,0,Similarweb Sales Extension - Company & Contact Database,,,
0,0,0,0,0,1,0,0,0,0,0,10,0.42116751617105896,36.36941254626554,0.09896916641905328,3.6999882422104644,2.872514683690007,85,9,32,0,0,0,0.03060552616108172,0.004033406092815792,0.0004270665274746133,0.0,0.0015184587643541805,0.0,0.0,2,0,1,0,0,0,1,0,0,0,0,0,0,0,0,1,Web Capture - HTML to React with MagicPath,,,
0,0,0,0,0,1,0,0,0,0,0,1,0.14105941704035874,122.48096885813149,0.059501121076233184,3.2041424315505744,3.285136189989647,28,2,4,0,0,0,0.009079302028656547,0.09688581314878893,0.006920415224913495,0.0,0.01384083044982699,0.0,0.0,0,0,0,2,0,0,4,0,0,0,2,0,0,0,0,4,Amazon Smile Redirect,,,
1,1,0,0,0,1,0,0,0,0,0,3,0.43077666695219097,22.359868515077892,0.07902497522056755,5.662384766510503,3.1926541476952073,31,30,12,0,0,2,0.09702282000906755,0.004430470201514935,0.004287551807917679,0.0002858367871945119,0.0017150207231670716,0.0,0.0,0,0,0,1,0,0,3,0,0,0,0,0,0,0,0,3,View Rendered Source,,,
0,1,0,0,0,0,0,0,0,0,0,34,0.39992875497889224,34.422339812082356,0.11836680365054125,3.834612370747662,3.0091321662461614,221,20,29,0,0,0,0.04047493313799976,0.0037481767918320272,0.0003392015196228079,0.0,0.0004918422034530715,0.0,0.0,0,0,0,0,0,0,0,0,0,0,0,0,0,0,0,0,Pague Menos Be!Tech,,,
1,1,0,0,1,0,0,0,0,0,1,0,0.5406058901057681,55.88771112858457,0.0734867582879293,4.1147058464397785,2.293852264755125,0,0,0,0,0,0,0.04213642185520818,0.0,0.0,0.0,0.0,0.0,0.0,0,0,0,0,0,0,1,0,0,0,0,0,0,0,0,1,__MSG_appName__,,,
0,0,0,0,0,1,0,0,1,0,0,9,0.42708697916666666,32.17180076363574,0.059017708333333335,4.989527683162239,1.8232396540028468,28,5,12,0,0,1,0.03574991587907839,0.00048375114458976175,8.638413296245746e-05,1.727682659249149e-05,0.0002073219191098979,0.0,0.0,0,0,0,0,0,0,2,0,0,0,0,0,0,0,0,2,Familycard.be,,,
0,0,0,0,1,1,0,0,0,0,0,40,0.45605427301680085,41.1804916099083,0.08980703057660795,3.773699126395341,2.841564853034332,397,8,73,0,0,0,0.05672363585939125,0.007552985046231118,0.0001522012099996195,0.0,0.001388836041246528,0.0,0.0,2,0,0,0,0,0,3,0,0,0,0,0,0,0,0,3,__MSG_name__,,,
1,1,1,0,1,1,0,1,0,0,1,48,0.570445716146742,52.62380825091331,0.07607117101848067,3.940121409880179,2.5161494126556048,149,9,57,0,0,1,0.0329480564884364,0.006638153791321394,0.00040096230954290296,4.455136772698922e-05,0.0025394279604383854,0.0,0.0,0,0,0,4,0,0,7,0,0,0,0,0,0,0,0,7,__MSG_extName__,,,
0,0,0,0,0,0,0,0,0,0,0,0,0.0,0.0,0.0,0.0,0.0,0,0,0,0,0,0,0.0,0.0,0.0,0.0,0.0,0.0,0.0,0,0,0,0,0,0,0,0,0,0,0,0,0,0,0,0,Days Like This,,,
0,0,0,0,0,0,0,0,0,0,0,0,0.0,0.0,0.0,0.0,0.0,0,0,0,0,0,0,0.0,0.0,0.0,0.0,0.0,0.0,0.0,0,0,0,0,0,0,0,0,0,0,0,0,0,0,0,0,Flower Friends,,,
1,1,0,0,1,1,0,0,0,0,0,32,0.45643971916754583,46.815971701146964,0.09482825487621106,4.014755854325183,2.7985145116748296,123,14,52,0,0,0,0.0382100908620817,0.0026369385786257906,0.0003001393504126916,0.0,0.0011148033015328546,0.0,0.0,0,0,0,0,0,0,2,0,0,0,0,0,0,0,0,2,__MSG_extensionName__,,,
0,0,0,0,0,1,0,0,0,0,0,12,0.4557740595412696,20.049905038994627,0.07824486097566594,5.201826399778618,3.064452739823452,83,9,7,0,0,0,0.0728715063186053,0.0033539418919464985,0.0003636804461146806,0.0,0.0002828625692003071,0.0,0.0,23,0,0,2,0,2,4,0,0,0,0,1,0,0,0,4,Web Translator,,1.0,
0,0,0,0,0,0,0,0,0,0,0,0,0.0,0.0,0.0,0.0,0.0,0,0,0,0,0,0,0.0,0.0,0.0,0.0,0.0,0.0,0.0,0,0,0,0,0,0,0,0,0,0,0,0,0,0,0,0,A Passion,,,
0,0,0,0,0,1,0,0,0,0,1,154,0.5387807189151862,58.57068962314965,0.07022035335090265,4.106752324521118,2.9132733647538904,601,218,235,0,0,9,0.0675742471611695,0.0013953121227317472,0.0005061198714734125,2.0894857079177578e-05,0.0005455879348451923,0.0,0.0,16,0,1,0,0,0,1,0,0,0,0,0,0,0,0,1,XCAD Network,,,
0,0,0,0,0,1,0,0,0,0,0,0,0.46669874879692014,39.839829675728794,0.05626403593198588,6.384121424401634,2.034479712836965,59,6,21,0,0,0,0.03152364273204904,0.019325253848673438,0.001965280052407468,0.0,0.006878480183426138,0.0,0.0,0,0,0,0,0,0,4,0,3,0,0,0,0,0,0,4,Web Filter for Chrome,,,
0,0,0,0,0,0,0,0,0,0,0,0,0.11012487992315081,131.78571428571428,0.052987512007684916,29.50471063257066,3.1890186848239948,0,0,0,0,0,0,0.07940780619111709,0.0,0.0,0.0,0.0,0.0,0.0,0,0,0,0,0,0,0,0,0,0,0,0,0,0,0,0,__MSG_extName__,,,
0,1,0,0,0,1,0,0,0,0,0,80,0.5472553243563393,46.779450222882616,0.08216005147481631,3.859090634828452,2.719172972224538,896,23,107,0,0,8,0.046490229057147385,0.0066567607726597325,0.00017087667161961366,5.943536404160475e-05,0.0007949479940564636,0.0,0.0,0,0,0,0,0,0,3,0,0,0,0,0,0,0,0,3,__MSG_ext_fulltitle__,,,
1,1,1,0,1,1,1,0,0,0,0,31,0.5923768645164396,54.95940976112073,0.06930218760357301,3.5226508661471145,2.422420876171432,154,92,39,0,0,1,0.04149220213350361,0.0005808843776050213,0.00034702183597183086,3.7719764779546834e-06,0.00014710708264023266,0.0,0.0,0,0,0,14,0,0,42,0,0,0,0,0,0,0,0,42,Psono - Free Password Manager,,,
0,0,0,0,0,0,0,0,0,0,0,0,0.0,0.0,0.0,0.0,0.0,0,0,0,0,0,0,0.0,0.0,0.0,0.0,0.0,0.0,0.0,0,0,0,0,0,0,0,0,0,0,0,0,0,0,0,0,Solitaire Games,,,
0,0,1,0,0,1,0,0,1,0,0,18,0.5612339545224709,50.03522901599825,0.06569131491057904,3.5752981468195415,1.9307269364481783,40,3,10,0,0,1,0.033902779093850255,0.0010957703265395574,8.21827744904668e-05,2.7394258163488934e-05,0.00027394258163488934,0.0,0.0,0,0,0,6,0,0,4,0,0,0,0,0,0,0,0,4,PrivadoVPN Web Proxy Extension,,,
0,0,0,0,1,1,0,0,0,0,0,2,0.48752730198873434,22.169107856191744,0.07839981607081274,5.275675675675676,3.077090964780886,6,2,5,0,0,0,0.020077220077220077,0.007989347536617843,0.002663115845539281,0.0,0.006657789613848202,0.0,0.0,0,0,1,2,0,0,1,0,0,0,0,0,0,0,0,1,__MSG_extName__,,,
0,0,0,0,0,0,0,0,0,0,1,9,0.35728320775313505,38.774647887323944,0.09800846667909156,6.595916652663418,3.2962686606892393,48,8,22,0,0,6,0.09107712989413544,0.0025415651805570263,0.00042359419675950437,0.0003176956475696283,0.001164884041088637,0.0,0.0,2,0,0,0,0,0,1,0,0,0,0,0,0,0,0,1,__MSG_appName__,,,
0,0,0,0,0,1,0,0,0,0,0,3,0.5104559880508716,54.29667810873657,0.07896433143492669,3.7448450213507254,2.7336227093793637,36,3,6,0,0,0,0.05024537400947505,0.0003986269516111173,3.321891263425977e-05,0.0,6.643782526851954e-05,0.0,0.0,24,2,0,0,0,0,2,0,0,0,0,0,0,0,0,2,__MSG_appName__,,,
0,0,0,0,0,0,0,0,0,0,0,0,0.0,0.0,0.0,0.0,0.0,0,0,0,0,0,0,0.0,0.0,0.0,0.0,0.0,0.0,0.0,0,0,0,0,0,0,0,0,0,0,0,0,0,0,0,0,__MSG_appName__,,,
0,1,0,0,1,1,0,0,0,0,0,9,0.48842721208166173,48.033782595750566,0.07220879963047326,4.7186434234886665,2.6740640634683146,11,1,5,0,0,0,0.03737959673703699,2.578824103096699e-05,2.3443855482697262e-06,0.0,1.172192774134863e-05,0.0,0.0,30,0,2,1,0,0,1,0,0,0,0,0,0,0,0,1,Mayday,,,
0,0,0,0,0,1,0,0,0,0,0,30,0.5858123499287906,63.151604074806144,0.07630484776074972,3.933588866536785,2.500914924363613,94,12,43,0,0,0,0.06346023264521287,0.0014292230500228067,0.00018245400638589021,0.0,0.0006537935228827733,0.0,0.0,5,0,0,0,0,0,0,0,0,0,0,0,0,0,0,0,Notes for Gmail™ by cloudHQ,,,
0,0,0,0,1,1,0,0,0,0,0,13,0.3447314582718962,49.61287313432836,0.1271149734591566,3.7890496675791945,3.2470986638315154,94,10,8,0,0,0,0.045209229565897534,0.021921641791044777,0.0023320895522388058,0.0,0.0018656716417910447,0.0,0.0,4,1,0,0,0,0,2,0,0,0,0,0,0,0,0,2,Modern for Wikipedia,,,
1,1,1,0,0,1,0,0,1,0,0,5,0.4425785585185655,39.8230065585088,0.09564532665334897,3.718834870325604,2.8771020617598753,16,1,2,0,0,0,0.0273077267436655,0.0006903693476009665,4.3148084225060405e-05,0.0,8.629616845012081e-05,0.0,0.0,0,0,0,0,0,0,3,0,0,0,0,0,0,0,0,3,__MSG_appName__,,,
0,0,0,0,0,1,0,0,0,0,1,2,0.30789601070645517,33.832878750309945,0.10265098664540562,6.807973537604457,3.4766479737746363,261,11,95,0,0,0,0.06798398328690808,0.06471609223902802,0.002727498140342177,0.0,0.02355566575750062,0.0,0.0,0,1,0,6,2,1,6,0,1,0,1,0,0,0,0,6,__MSG_name__,,,
0,0,0,0,0,1,0,0,0,0,0,7,0.4691292982918279,18.137650252035673,0.10976474640838078,3.5329353233830845,3.013245088719962,18,3,3,0,0,0,0.0382089552238806,0.006979449398991857,0.0011632415664986429,0.0,0.0011632415664986429,0.0,0.0,0,0,1,3,0,0,2,0,0,0,0,0,0,0,0,2,Content Control,,,
0,0,0,0,0,1,1,0,0,0,0,92,0.3833374003829853,24.943338496793107,0.09747644709451042,4.5600754368892185,3.2339206247651715,136,25,36,0,0,11,0.0898529656791131,0.0008705337139784671,0.00016002457977545352,7.041081510119955e-05,0.00023043539487665305,0.0,0.0,177,0,0,30,0,1,82,0,0,0,12,0,0,0,1,80,Cleanflight - Configurator,,,
0,0,0,0,0,0,0,0,0,0,1,0,0.24753363228699551,19.29090909090909,0.1147982062780269,5.093220338983051,3.396621758586387,0,1,1,0,0,0,0.00847457627118644,0.0,0.01818181818181818,0.0,0.01818181818181818,0.0,0.0,0,0,0,0,0,0,1,0,0,0,0,0,0,0,0,1,Solitaire Card Games,,,
0,1,0,0,1,1,0,0,0,0,1,42,0.5907985732492198,40.9455091385399,0.07494658378972888,3.7435160446606854,2.619988368360615,92,11,85,0,0,5,0.04436632261814364,0.0005591923317712417,6.68599527117789e-05,3.0390887596263136e-05,0.0005166450891364733,0.0,0.0,11,0,0,0,0,0,2,0,0,0,0,0,0,0,0,2,__MSG_appName__,,,
0,0,0,0,0,0,0,0,0,0,0,1,0.18900343642611683,12.65625,0.1036655211912944,7.8120805369127515,3.833320954811958,8,0,2,0,0,0,0.11409395973154363,0.0625,0.0,0.0,0.015625,0.0,0.0,0,0,0,0,0,0,1,0,0,0,0,0,0,0,0,1,__MSG_AppName__,,,
0,0,0,0,0,0,0,0,0,0,0,0,0.0,0.0,0.0,0.0,0.0,0,0,0,0,0,0,0.0,0.0,0.0,0.0,0.0,0.0,0.0,0,0,0,0,0,0,0,0,0,0,0,0,0,0,0,0,Chrome Original White Theme,,,
0,0,0,0,0,0,0,0,0,0,0,0,0.0,0.0,0.0,0.0,0.0,0,0,0,0,0,0,0.0,0.0,0.0,0.0,0.0,0.0,0.0,0,0,0,0,0,0,0,0,0,0,0,0,0,0,0,0,Golden,,,
0,1,0,0,0,1,0,0,0,0,0,3,0.4016545259167661,21.698247334232136,0.1230094660050003,3.7052941744758963,3.3594934793410127,153,10,25,0,0,1,0.0521205680610569,0.018752298075744578,0.0012256403971074887,0.00012256403971074888,0.0030641009927687216,0.0,0.0,0,0,0,0,0,0,3,0,0,0,0,0,0,0,0,3,Extended Search Results,,,
0,0,0,0,0,0,0,0,0,0,0,0,0.0,0.0,0.0,0.0,0.0,0,0,0,0,0,0,0.0,0.0,0.0,0.0,0.0,0.0,0.0,0,0,0,0,0,0,0,0,0,0,0,0,0,0,0,0,Tonematrix,,,
0,1,0,0,1,1,0,1,0,0,0,1,0.44611645464887784,30.5,0.10223394353087185,4.442876526458616,3.392889572803316,14,0,6,0,0,0,0.07354138398914518,0.011400651465798045,0.0,0.0,0.004885993485342019,0.0,0.0,0,0,0,1,0,0,1,0,0,0,0,0,0,0,0,1,PFF for your Fantasy League,,,
1,1,0,0,1,1,0,0,0,0,1,67,0.44000563068784776,56.633072768969,0.07455067078884932,4.002367638000188,2.348929688086297,2710,35,56,0,0,4,0.02354094308238377,0.016706532192439522,0.0002157670209355658,2.4659088106921805e-05,0.0003452272334969053,0.0,0.0,0,0,0,0,0,0,3,0,0,0,0,0,0,0,0,3,UTM.io - Google Analytics URL Builder,,,
0,0,0,0,0,1,0,0,0,0,0,42,0.44994290765774064,30.671706748025844,0.10457673749139365,3.6511064405145985,3.120905473295422,211,34,23,0,0,1,0.08510154085061379,0.009466977745872218,0.0015254845656855708,4.486719310839914e-05,0.0010319454414931802,0.0,0.0,26,0,0,3,1,0,9,0,0,0,3,0,0,0,0,6,Mahjong Solitaire,,,
0,0,0,0,1,1,0,0,0,0,0,83,0.36323725866276596,50.09736158447935,0.09523165389236751,4.933014868949255,3.0446518768103945,163,12,78,0,0,1,0.07158430572580872,0.0038849298090902593,0.0002860071025097123,2.3833925209142695e-05,0.0018590461663131302,0.0,0.0,0,0,0,0,0,0,2,0,0,0,0,0,0,0,0,2,__MSG_name__,,,
0,1,0,0,0,1,0,0,0,0,0,14,0.3694245322704694,18.764715761189017,0.06674201895988341,5.364716596556659,3.3758904385390696,58,12,30,0,0,6,0.036298191595472484,0.004870266185238056,0.0010076412797044253,0.0005038206398522126,0.002519103199261063,0.0,0.0,5,0,0,10,0,1,5,0,0,0,0,0,0,0,0,5,__MSG_appName__,,1.0,
0,0,0,0,0,0,0,0,0,0,1,10,0.4052533835142531,41.07277441659464,0.1168801820975734,3.565895912377407,3.3023965246069364,101,10,13,0,0,0,0.05812871358007016,0.01745894554883319,0.001728608470181504,0.0,0.0022471910112359553,0.0,0.0,0,0,0,0,0,0,3,0,0,0,0,0,0,0,0,3,__MSG_appName__,,,
0,0,0,0,0,0,0,0,0,0,1,15,0.14922588211125695,127.78672293458854,0.049641975596492034,15.400203400761512,3.314008426627903,186,10,81,0,0,6,0.06772997308660655,0.015094952118162636,0.0008115565654926148,0.0004869339392955689,0.00657360818049018,0.0,0.0,14,0,0,5,0,0,3,0,0,0,0,0,0,0,0,3,Music Speed Changer,,,
0,0,0,0,0,0,0,0,0,0,0,0,0.0,0.0,0.0,0.0,0.0,0,0,0,0,0,0,0.0,0.0,0.0,0.0,0.0,0.0,0.0,0,0,0,0,0,0,0,0,0,0,0,0,0,0,0,0,Common Core Math 1-6 by Sokikom,,,
0,0,0,0,0,0,0,0,0,0,0,0,0.0,0.0,0.0,0.0,0.0,0,0,0,0,0,0,0.0,0.0,0.0,0.0,0.0,0.0,0.0,0,0,0,0,0,0,0,0,0,0,0,0,0,0,0,0,Brilliant,,,
0,0,0,0,1,1,0,0,0,0,0,137,0.48422846374921896,45.562079168332666,0.08691236081337167,4.187654913705565,2.7303079524941007,749,40,115,0,0,4,0.04242801811430607,0.005989604158336666,0.0003198720511795282,3.198720511795282e-05,0.0009196321471411435,0.0,0.0,1,1,0,0,0,0,1,0,0,0,0,0,0,0,0,1,IronVest Extension,,,
0,0,0,0,1,1,0,0,0,0,0,10,0.4424522515583323,47.952241307080016,0.08974852725120173,4.574967774389285,2.9498618480579344,49,13,21,0,0,1,0.08752790266293584,0.006842619745845552,0.0018153889121631057,0.00013964530093562352,0.002932551319648094,0.0,0.0,26,0,0,3,0,0,10,0,0,0,0,0,0,0,0,10,__MSG_extName__,,,
1,1,0,0,1,0,0,1,0,0,1,4,0.5650925343165609,61.09350821954654,0.08000886739423467,4.090037326785005,2.366374294680632,20,0,4,0,0,0,0.05420098684534499,0.00031644067528440107,0.0,0.0,6.328813505688021e-05,0.0,0.0,14,1,0,1,0,0,5,0,0,0,1,0,0,0,0,5,Piano Tag Inspector,,,
0,0,1,1,0,1,0,0,0,0,1,17,0.5084428950528217,40.598321091290664,0.094269325072901,3.524696482307772,2.7524455951799456,67,0,40,0,2,0,0.044334336411746396,0.007030430220356768,0.0,0.0,0.004197271773347324,0.0002098635886673662,0.0,2,0,0,1,0,0,3,0,0,0,0,0,0,0,1,3,Emmet Re:view,,,
0,0,0,0,0,1,0,0,0,0,0,1,0.3172418723525942,32.346245530393325,0.11561902378867223,2.8706132974548715,3.194507940396566,7,6,3,0,0,0,0.020069514519564974,0.004171632896305125,0.003575685339690107,0.0,0.0017878426698450535,0.0,0.0,0,0,0,0,0,0,5,0,0,0,0,0,0,0,0,5,Download Manager,,,
1,1,0,0,1,1,0,0,0,0,0,88,0.5638668763933747,50.83439321849957,0.0780448129343215,3.5826753881220905,2.537800030927615,3520,91,162,0,0,7,0.0381996777714256,0.02329320989696725,0.0006021824149500056,4.632172422692351e-05,0.0010720170463945156,0.0,0.0,0,0,0,0,0,0,4,0,0,0,0,0,0,0,0,4,BuddyX for Creators,,,
0,0,1,0,0,1,1,0,0,0,0,5,0.28877534201417504,19.692242114237,0.11682050436789188,6.559055118110236,3.663152082968267,20,8,3,0,0,0,0.07086614173228346,0.017050298380221655,0.0068201193520886615,0.0,0.0025575447570332483,0.0,0.0,0,0,0,0,0,0,1,0,0,0,0,0,0,0,0,1,__MSG_extName__,,,
1,0,0,0,0,0,0,0,0,0,1,85,0.41756685190489945,46.78010593848301,0.07806990572931138,3.465545221081022,2.675065713315565,23035,11,84,0,0,3,0.02560027297379811,0.1101215232959489,5.258679211006894e-05,1.4341852393655165e-05,0.0004015718670223446,0.0,0.0,6,0,0,0,0,0,4,0,0,0,0,0,0,0,0,4,__MSG_appName__,,,
0,0,0,0,1,1,0,0,0,0,0,133,0.5896236668825956,49.33171185685126,0.07362097504863838,3.8620876557020627,2.1350900384453846,576,30,79,0,0,0,0.05630846786928872,0.004504680644732417,0.0002346187835798134,0.0,0.0006178294634268419,0.0,0.0,0,0,0,1,0,0,1,0,0,0,0,0,0,0,0,1,Shopstat – бесплатная аналитика Wildberries,,,
0,0,0,0,0,0,0,0,0,0,0,0,0.0,0.0,0.0,0.0,0.0,0,0,0,0,0,0,0.0,0.0,0.0,0.0,0.0,0.0,0.0,0,0,0,0,0,0,0,0,0,0,0,0,0,0,0,0,__MSG_appName__,,,
0,0,0,0,0,1,0,0,0,0,0,1,0.426403521316998,16.50083426028921,0.10236608348826493,3.883962056033532,3.1515423643338396,43,2,16,0,0,1,0.10169865431281712,0.005978865406006674,0.00027808676307007786,0.00013904338153503893,0.002224694104560623,0.0,0.0,8,0,0,4,0,1,4,0,0,0,0,0,0,0,0,4,__MSG_appName__,,,
0,0,0,0,0,1,1,0,0,0,0,2,0.3974370879375987,20.306346066047787,0.10367722165474974,4.1768340029033455,3.284070112293596,225,10,25,0,0,0,0.06708078727929509,0.017120681783594584,0.0007609191903819814,0.0,0.0019022979759549536,0.0,0.0,5,0,0,0,1,0,11,0,0,0,0,0,0,0,0,11,__MSG_app_name__,,,
0,0,0,0,0,0,0,0,0,0,0,0,0.0,0.0,0.0,0.0,0.0,0,0,0,0,0,0,0.0,0.0,0.0,0.0,0.0,0.0,0.0,0,0,0,0,0,0,0,0,0,0,0,0,0,0,0,0,Whale's Tail,,,
0,0,1,1,1,1,0,0,0,0,1,2,0.2698982508288556,37.743135518157665,0.10364696467360238,6.492768595041323,3.515932514521504,36,0,30,0,0,1,0.04390495867768595,0.03188662533215235,0.0,0.0008857395925597874,0.026572187776793623,0.0,0.0,0,0,0,5,0,1,7,0,0,0,0,0,0,0,0,7,Block Yourself from Analytics,,,
0,0,0,0,0,1,0,0,0,0,0,51,0.6054062926619495,45.43271060614625,0.052337401827743546,3.0879088159197696,1.7161007256601322,870,8,122,0,0,0,0.020557246071149025,0.004098128992142898,3.768394475533699e-05,0.0,0.000574680157518889,0.0,0.0,0,0,0,0,0,0,2,0,0,0,0,0,0,0,0,2,Calendar Color,,,
0,0,0,0,1,0,0,0,0,0,0,0,0.5398182789951897,33.666666666666664,0.07910208444681988,5.9734513274336285,2.983604351821707,0,0,0,0,0,0,0.07964601769911504,0.0,0.0,0.0,0.0,0.0,0.0,0,0,0,0,0,0,0,0,0,0,0,0,0,0,0,0,Dental Intelligence Dashboard Extension,,,
0,1,0,0,0,0,0,0,0,0,0,1,0.3400702987697715,15.742647058823529,0.1069859402460457,5.934673366834171,3.922171652463846,5,1,4,0,0,0,0.04773869346733668,0.01838235294117647,0.003676470588235294,0.0,0.014705882352941176,0.0,0.0,0,0,0,1,0,0,1,0,0,0,0,0,0,0,0,1,AutoSync for AppSheet™,,,
0,0,0,0,0,1,0,0,0,0,0,2,0.2902632597754549,30.04804804804805,0.1019163763066202,6.305993690851735,3.479298686090184,4,0,10,0,0,0,0.033648790746582544,0.012012012012012012,0.0,0.0,0.03003003003003003,0.0,0.0,18,0,0,0,0,0,2,0,0,0,0,0,0,0,0,2,YouTube AdBlock - Coffee Break for YouTube,,,
0,0,0,0,0,0,0,0,0,0,0,0,0.0,0.0,0.0,0.0,0.0,0,0,0,0,0,0,0.0,0.0,0.0,0.0,0.0,0.0,0.0,0,0,0,0,0,0,0,0,0,0,0,0,0,0,0,0,Killerwhale (kéet),,,
0,0,0,0,1,1,0,0,0,0,0,12,0.4145926501308437,32.57893137503165,0.11591013642431053,3.163757113466559,3.157973120997297,31,9,17,0,0,1,0.03746525981447839,0.001570017726006584,0.0004558115978728792,5.064573309698658e-05,0.0008609774626487718,0.0,0.0,21,0,0,0,0,0,3,0,0,0,0,0,0,0,0,3,Youtube Subscriptions Transfer,,,
0,1,0,0,0,1,0,0,0,0,0,11,0.20271183842022417,159.41111838754276,0.04387718961902371,30.726143355821705,2.4282544390540197,95,7,24,0,0,0,0.0800247332705812,0.0004937578611448946,3.6382158189623806e-05,0.0,0.0001247388280787102,0.0,0.0,1,0,0,0,0,0,1,0,0,0,0,0,0,0,0,1,Spoken,,,
0,1,0,0,0,0,0,1,0,0,1,0,0.35415222514903644,30.571115973741794,0.08311382226535421,6.163214581607291,3.4607711275329227,0,0,1,0,0,0,0.10770505385252693,0.0,0.0,0.0,0.002188183807439825,0.0,0.0,0,0,0,0,0,0,0,0,0,0,0,0,0,0,0,0,Hangar Link Connect,,,
0,0,0,0,0,0,0,0,0,0,0,0,0.0,0.0,0.0,0.0,0.0,0,0,0,0,0,0,0.0,0.0,0.0,0.0,0.0,0.0,0.0,0,0,0,0,0,0,0,0,0,0,0,0,0,0,0,0,__MSG_appName__,,,
0,0,0,0,1,0,1,1,0,0,1,73,0.5159592624500812,57.00034224936815,0.08240516223211343,3.848312859782936,2.876442700910726,832,124,55,0,0,20,0.04112238371284613,0.010951979780960405,0.0016322662173546755,0.0002632687447346251,0.0007239890480202191,0.0,0.0,3,0,0,0,0,0,8,0,0,0,0,0,0,0,0,8,Visualping,,,
0,0,0,0,1,1,0,0,1,0,1,52,0.5611100326719488,51.95557445200302,0.08284672730983826,3.74046917713874,2.5766412057201045,174,17,75,0,0,7,0.047133865943334255,0.003287981859410431,0.00032123960695389265,0.00013227513227513228,0.001417233560090703,0.0,0.0,0,0,0,0,0,0,2,0,0,0,0,0,0,0,0,2,Pronounce: Speech and Pronunciation Checker,,,
1,1,0,0,0,0,0,1,0,0,0,6,0.5532050067872589,59.3736748064324,0.09488351169618335,3.402675287036005,2.836724145079121,134,4,17,0,0,1,0.05397391595139895,0.0159618820726623,0.00047647409172126264,0.00011911852293031566,0.0020250148898153662,0.0,0.0,0,0,0,0,1,0,1,0,0,0,0,0,0,0,0,1,Ghostwrite: ChatGPT Email Assistant,,,
0,0,0,0,0,1,1,0,0,0,0,10,0.38648269498485827,29.97532402791625,0.10783480101177272,4.1727791154479785,3.2334442797445986,82,13,19,0,0,0,0.06549233303763781,0.0068128946493851775,0.001080093054170821,0.0,0.0015785975407111997,0.0,0.0,19,1,0,1,0,1,5,0,0,0,0,0,0,0,0,5,__MSG_name__,,,
0,0,0,0,0,0,0,0,0,0,0,0,0.14512471655328799,30.571428571428573,0.12698412698412698,6.695652173913044,3.481588645011371,3,0,1,0,0,0,0.043478260869565216,0.21428571428571427,0.0,0.0,0.07142857142857142,0.0,0.0,0,0,0,7,0,0,0,0,0,1,1,0,0,0,0,0,Presearch.com Start With Us,,,
0,1,0,0,0,1,1,0,0,0,0,107,0.48863575443504487,38.55570202083882,0.08239581531249973,3.734788063750424,2.5726944289105225,156,147,155,0,0,5,0.07080027127839945,0.0017881500670556276,0.0016849875631870337,5.731250214921883e-05,0.0017766875666257837,0.0,0.0,4,0,0,0,0,0,4,0,0,0,0,0,0,0,0,4,Trading Tools,,,
0,0,0,0,1,0,0,0,0,0,0,20,0.5211678505007954,55.47975196152873,0.1003092159806404,3.3731435058178034,2.8581869653339016,107,26,35,0,0,0,0.049995270078516695,0.013540875727663883,0.003290306251581878,0.0,0.00442925841559099,0.0,0.0,6,0,0,1,0,5,6,0,0,0,1,0,0,0,0,6,Recent History,,,
0,0,0,0,0,1,0,0,0,0,0,22,0.42784134288281456,58.56519721577726,0.08267070390202606,4.790754899376044,3.068503416315653,583,62,80,0,0,0,0.05641972053783285,0.09017788089713843,0.009590100541376644,0.0,0.01237432327919567,0.0,0.0,0,0,0,0,0,0,5,0,0,0,0,0,0,0,0,4,__MSG_extName__,,,
1,1,0,0,0,0,0,0,0,0,0,1,0.2752513164193394,28.87142857142857,0.11297271421732887,5.316279069767442,2.524893101933244,2,0,0,0,0,0,0.03255813953488372,0.02857142857142857,0.0,0.0,0.0,0.0,0.0,0,0,0,0,0,0,0,0,0,0,0,0,0,0,0,0,+ Flip It,,,
0,0,0,0,1,1,0,0,0,0,0,62,0.475608393939507,36.675692394207786,0.09673305048379212,3.7164519051693765,2.9073702437889275,1036,52,73,0,0,0,0.04383147933759501,0.009709920802286892,0.0004873705421997282,0.0,0.0006841932611650031,0.0,0.0,1,0,0,0,0,0,1,0,0,0,0,0,0,0,0,1,__MSG_extName__,,,
0,0,0,0,0,1,0,0,0,0,0,1,0.37106608087510085,24.470319634703195,0.04743118443468125,4.941784037558685,2.616984932713402,7,0,7,0,0,0,0.011737089201877934,0.007990867579908675,0.0,0.0,0.007990867579908675,0.0,0.0,2,0,0,3,0,0,1,0,0,0,0,0,0,0,0,1,__MSG_extName__,,,
0,0,0,0,1,1,0,1,0,0,0,119,0.3846592305590364,54.30919047619047,0.05381962331310553,2.676461917928855,2.4277903933925122,390,25,345,0,0,0,0.010677632372714596,0.0008843537414965987,5.668934240362812e-05,0.0,0.000782312925170068,0.0,0.0,9,0,0,0,0,0,3,0,0,0,0,0,0,0,0,3,__MSG_extensionName__,,,
0,0,0,0,0,1,0,0,0,0,0,10,0.5600596784329108,49.790709493799554,0.08301145937984061,3.7591682960560826,2.8379218005563382,326,6,28,0,0,0,0.044553865229624685,0.016568408213051434,0.00030494002846106935,0.0,0.0014230534661516568,0.0,0.0,0,0,0,0,0,0,0,0,0,0,0,0,0,0,0,0,Measuremate,,,
0,1,0,0,1,1,0,0,0,0,0,39,0.5814594012781991,62.919260873737166,0.0777689398187892,3.900063882230564,2.541799096303006,177,18,59,0,0,0,0.061962936999683416,0.0024262861372702227,0.000246740963112226,0.0,0.0008087620457567408,0.0,0.0,3,0,0,24,0,1,1,0,0,0,0,0,1,0,0,1,__MSG_appName__,,,
0,0,0,0,1,1,0,1,0,0,1,36,0.4244547467086492,70.29076002019667,0.08003557451423993,3.0218128749291115,2.7350594811323963,79,7,13,0,0,0,0.02808488941379687,0.0018994494001106008,0.00016830564304777475,0.0,0.00031256762280301026,0.0,0.0,0,0,1,0,0,0,1,0,0,0,0,0,0,0,0,1,__MSG_manifest_name__,,,
1,1,0,0,1,1,0,1,0,0,0,92,0.4187333157180315,50.92572212588648,0.08538326179150409,5.167993838338629,2.903397605418721,329,28,80,0,0,0,0.028386580989629873,0.0005955117599997104,5.068185191486897e-05,0.0,0.0001448052911853399,0.0,0.0,8,0,0,0,0,0,3,0,1,0,0,1,0,0,0,3,Knowee AI (formerly StudyGPT) - Your Homework & Essay Helper,,,
0,0,0,0,0,1,0,1,0,0,0,267,0.42852650475440096,72.37359347329226,0.10573136843481101,4.678653098900816,2.7289799438814075,4642,77,172,0,0,8,0.030591798598900127,0.01405240135014455,0.00023309670486021766,2.421783946599664e-05,0.0005206835485189277,0.0,0.0,0,0,0,0,0,0,2,0,0,0,0,0,0,0,0,2,__MSG_appName__,,,
0,0,0,0,0,0,0,0,0,0,0,752,0.5425484891222653,73.60594895990357,0.055860893186202756,4.617294599824915,2.725668297012405,1589,183,364,0,0,21,0.03317254311221946,0.0012060959077750302,0.0001389021718834679,1.5939593494824186e-05,0.00027628628724361923,0.0,0.0,0,0,0,1,7,0,7,0,0,0,0,0,0,1,0,7,Hiver in Gmail: AI-powered customer service platform,,,
0,0,0,0,0,0,1,0,0,0,0,0,0.0,0.0,0.0,0.0,0.0,0,0,0,0,0,0,0.0,0.0,0.0,0.0,0.0,0.0,0.0,0,0,0,0,0,0,0,0,0,0,0,0,0,0,0,0,Голосовой блокнот,,,
0,1,0,0,1,1,1,0,0,0,1,84,0.2684282144589873,60.07296187293194,0.07583157227560604,6.975724540180611,2.889839807766918,196,17,97,0,0,3,0.02992659161029094,0.003259007997871668,0.0002826690610398896,4.9882775477627575e-05,0.0016128764071099582,0.0,0.0,9,1,0,0,0,0,3,0,0,0,0,0,0,0,0,3,__MSG_extensionName__,,,
0,1,0,0,0,1,0,0,0,0,0,18,0.4426036027963575,46.84151466756325,0.09214442459093872,3.7952797518282044,2.6837630744294976,191,16,82,0,0,0,0.04132902527261947,0.004013616878204589,0.00033621921492813314,0.0,0.0017231234765066824,0.0,0.0,1,0,0,9,0,0,6,0,0,0,0,0,0,0,0,6,mtab,,,
0,0,0,0,1,1,0,1,0,0,1,30,0.4913387940762289,43.084640848902595,0.07681342713220476,4.138784201672002,2.829939230537911,211,27,19,0,0,1,0.080906102492527,0.0023920732813350262,0.00030609468528931615,1.1336840195900598e-05,0.00021539996372211138,0.0,0.0,71,0,0,137,0,1,11,0,2,0,0,0,0,0,0,11,TextOptimizer,,1.0,
1,1,0,0,0,0,0,0,0,0,0,0,0.5987853548124816,63.96779692681332,0.06860020696990382,3.869904689584003,2.693131341926551,24,4,2,0,0,0,0.059542237409581665,0.0005604595768530195,9.340992947550325e-05,0.0,4.6704964737751625e-05,0.0,0.0,0,0,0,0,0,0,1,0,0,0,0,0,0,0,0,1,Elicit: AI Research Assistant,,,
0,1,0,0,0,1,0,1,0,0,0,12,0.4788244665480373,40.77162993845543,0.07554447841097474,5.331861421458122,2.9149696212449916,244,9,41,0,0,0,0.053657690687938166,0.004844153265832837,0.00017867778439547348,0.0,0.000813976573357157,0.0,0.0,0,0,0,0,0,0,2,0,0,0,0,0,0,0,0,2,SBC Monkey. One click SBC solver,,,
0,0,1,0,1,1,0,0,0,0,0,0,0.33981413548544875,27.551483420593367,0.09965761799951088,6.1475054229934925,3.398419732033098,11,0,2,0,0,0,0.05712219812002892,0.019197207678883072,0.0,0.0,0.0034904013961605585,0.0,0.0,0,0,0,1,0,0,2,0,0,0,0,0,0,0,0,2,adam:ONE® assist,,,
0,0,0,0,1,1,0,0,0,0,0,8,0.32555708031105013,39.818666666666665,0.11001110893288897,4.295730845349166,3.543929813248648,17,2,7,0,0,2,0.07577042691546508,0.02266666666666667,0.0026666666666666666,0.0026666666666666666,0.009333333333333334,0.0,0.0,0,0,0,2,0,1,9,0,0,0,0,0,0,0,0,9,Pexels,,,
0,0,0,0,0,0,1,0,0,0,0,0,0.0,0.0,0.0,0.0,0.0,0,0,0,0,0,0,0.0,0.0,0.0,0.0,0.0,0.0,0.0,0,0,0,0,0,0,0,0,0,0,0,0,0,0,0,0,PhotoFunia,,,
0,0,0,0,0,1,0,1,0,0,0,4,0.23660170523751523,17.34972067039106,0.08258221680876979,8.141970519782777,3.761345926564992,26,0,4,0,0,0,0.07292474786656322,0.02905027932960894,0.0,0.0,0.004469273743016759,0.0,0.0,0,0,0,0,0,0,2,0,0,0,0,0,0,0,0,2,__MSG_appName__,,,
1,1,0,0,0,1,0,0,0,0,1,119,0.43429289379154606,67.84379492370547,0.07235011385880635,4.768222017250263,2.8410662459060374,382,85,53,0,0,0,0.04566384638942297,0.0007351370491752801,0.00016357761565418538,0.0,0.00010199545446672735,0.0,0.0,4,0,0,0,0,0,2,0,0,0,0,0,0,0,0,2,tweak: mock and modify HTTP requests,,,
1,1,1,0,1,1,0,0,0,0,1,46,0.5800807143066216,44.07929713899527,0.08265684711613765,3.409749473035234,2.8035324347977006,79,6,39,0,0,2,0.057112149766302585,0.002542400154474946,0.00019309368261835033,6.436456087278345e-05,0.0012551089370192773,0.0,0.0,0,0,0,0,0,0,5,0,0,0,0,0,0,0,0,5,IITC Button,,,
0,1,0,0,0,1,1,0,0,0,1,36,0.41786509279351175,40.62800122812404,0.11336577651964956,3.499096443447613,3.157651293819548,109,25,19,0,0,5,0.04683114386414611,0.006693276020878109,0.0015351550506601166,0.00030703101013202335,0.0011667178385016887,0.0,0.0,2,0,0,0,0,0,3,0,0,0,0,0,1,0,0,3,什么值得买 实时推送,,,
0,0,0,0,0,1,0,0,0,0,0,7,0.47107574293757365,42.31932795238785,0.0908619502921537,3.680543974287057,2.847244154692859,106,14,8,0,0,0,0.055469306690519866,0.0006978550831500915,9.216953928397435e-05,0.0,5.2668308162271056e-05,0.0,0.0,36,1,0,0,0,0,8,0,0,0,0,0,0,0,0,8,Markdown Preview Plus,,,
0,0,0,0,0,0,0,0,0,0,0,0,0.0,0.0,0.0,0.0,0.0,0,0,0,0,0,0,0.0,0.0,0.0,0.0,0.0,0.0,0.0,0,0,0,0,0,0,0,0,0,0,0,0,0,0,0,0,__MSG_ext_name__,,,
0,1,0,0,0,1,0,1,0,0,0,52,0.29166955135148415,72.52914709842688,0.08299584382055845,7.398890015292359,3.1133109823199248,270,33,33,0,0,0,0.08778501348820426,0.008867286281979704,0.001083779434464186,0.0,0.001083779434464186,0.0,0.0,95,1,0,2,0,0,14,0,0,0,0,0,0,0,0,14,"Economic Calendar, Market & News",,,
1,1,0,0,0,1,0,0,0,0,1,55,0.35706132293378884,40.4273157162726,0.08406522276296989,4.816102862788944,3.0882766093061558,839,26,38,0,0,1,0.04954627005382355,0.0466759388038943,0.001446453407510431,5.5632823365785815e-05,0.002114047287899861,0.0,0.0,2,0,0,1,0,0,4,0,0,0,0,0,0,0,0,4,AI Chrome Extension powered by ChatGPT - Magictool AI,,,
0,0,0,0,0,0,0,0,0,0,0,0,0.32481554795753104,39.28260869565217,0.09141623177973726,5.753875968992248,3.4724256555315614,0,0,0,0,0,0,0.06782945736434108,0.0,0.0,0.0,0.0,0.0,0.0,0,0,0,0,0,0,0,0,0,0,0,0,0,0,0,0,GTM Variable Builder,,,
0,0,1,0,0,1,0,0,0,0,0,0,0.45090400559384675,17.474169741697416,0.07571671161722106,6.842507645259939,3.4108778638198656,2,1,2,0,0,0,0.04892966360856269,0.0036900369003690036,0.0018450184501845018,0.0,0.0036900369003690036,0.0,0.0,0,0,0,3,0,0,1,0,0,0,0,0,0,0,0,1,Insight Tag Checker for LinkedIn,,,
0,0,0,0,0,1,1,0,0,0,1,5,0.4044905895568341,45.04774823968961,0.053503159907194384,5.151500007084315,3.3764363556458594,45,3,59,0,0,1,0.07272113689086163,0.00025865785313981896,1.724385687598793e-05,5.747952291995977e-06,0.0003391291852277626,0.0,0.0,0,0,0,11,0,0,6,0,0,0,0,0,0,0,0,6,__MSG_name__,,,
0,0,0,0,1,1,0,0,0,0,0,14,0.4566695413214219,60.17965367965368,0.060645435641358374,3.2475567597869754,2.5201784190308145,601,0,0,0,0,0,0.018703598559713666,0.006345686833491712,0.0,0.0,0.0,0.0,0.0,0,0,0,0,0,0,6,0,0,0,0,0,0,0,0,6,__MSG_extensionName__,,,
0,0,0,0,0,1,0,0,0,0,1,88,0.28548657987355447,43.702950963396894,0.046003647878133054,2.654081507361559,3.225527319800889,106,15,13,0,0,1,0.010635471664415596,0.002112100743220356,0.00029888218064439,1.9925478709626e-05,0.000259031223225138,0.0,0.0,59,0,1,9,0,2,7,0,0,0,6,0,0,0,0,7,__MSG_extName__,,1.0,
0,0,0,0,0,1,1,0,0,0,0,36,0.44676688748765236,36.318199130033875,0.09997588211564874,3.6896843757746014,2.96380719322573,152,6,66,0,0,0,0.036499215070643645,0.003046885962274741,0.00012027181430031872,0.0,0.0013229899573035059,0.0,0.0,0,0,0,0,0,0,1,0,0,0,0,0,0,0,0,1,Click and Read CNRS,,,
0,0,0,0,0,0,0,0,0,0,0,0,0.0,0.0,0.0,0.0,0.0,0,0,0,0,0,0,0.0,0.0,0.0,0.0,0.0,0.0,0.0,0,0,0,0,0,0,0,0,0,0,0,0,0,0,0,0,The Scenic Route,,,
1,1,1,0,1,1,0,0,0,0,0,150,0.5540398795603191,48.09407737529249,0.07358909642955427,3.6037213436481124,2.364772110959412,4746,13,81,0,2,7,0.03082634909522817,0.039241626220616325,0.00010748865167889006,5.787850475017157e-05,0.0006697369835376996,1.6536715642906164e-05,0.0,0,0,0,0,0,0,8,0,0,0,0,0,0,0,0,8,__MSG_EXT_NAME__,,,
0,0,1,0,0,1,1,0,0,0,0,205,0.4581856890770761,74.3943059430351,0.08133289854214255,3.9780845718144042,2.6189364907440393,1480,227,489,0,0,13,0.04850327259552489,0.006001427366508791,0.0009204891974307403,5.271524038149614e-05,0.0019829040420424318,0.0,0.0,20,0,0,13,1,11,4,0,7,0,0,0,0,0,0,3,Demandware With Ease,,,
0,0,0,0,1,1,1,0,0,0,0,19,0.3780471433206171,41.73113461193763,0.09718695112264647,5.031096414052545,2.8929295576406693,179,9,19,0,0,2,0.08195801225653783,0.010694867658481209,0.0005377307761247536,0.00011949572802772301,0.0011352094162633685,0.0,0.0,35,0,0,8,0,0,28,0,0,0,0,0,0,0,0,28,TMetric – Time Tracker & Productivity App,,,
0,0,0,0,1,1,0,0,0,0,0,56,0.5417028387154049,51.86482220555139,0.06803092478859006,3.719156127301832,2.4898840198000447,2561,11,161,0,0,0,0.03737840809402548,0.015369842460615154,6.601650412603151e-05,0.0,0.0009662415603900976,0.0,0.0,0,0,0,0,0,0,2,0,0,0,0,0,0,0,0,2,__MSG_extensionName__,,,
0,0,0,0,0,0,0,0,0,0,1,26,0.5252455363707411,37.58520388636348,0.07849176394470304,4.088588089618898,2.5830097201794513,281,43,43,0,0,1,0.062083417117336406,0.001886779783926785,0.00028872430857242615,6.714518804009911e-06,0.00028872430857242615,0.0,0.0,4,0,0,0,0,0,55,0,0,0,0,0,0,0,0,35,__MSG_appName__,,,
0,0,0,0,1,1,0,0,0,0,0,1,0.4219851460221551,40.9775429326288,0.0706980110775428,5.069381870607317,3.057460439844794,2,3,18,0,0,0,0.01820147774373761,0.001321003963011889,0.0019815059445178335,0.0,0.011889035667107,0.0,0.0,4,0,0,6,0,0,1,0,0,0,0,0,0,0,0,1,Volume Master - outdated browsers edition,,,
0,0,0,0,1,1,0,0,0,0,0,57,0.4253955375018101,29.07649138119136,0.09722702246397062,3.7394078516380214,2.8644294080058175,321,26,144,0,0,3,0.0414924610001225,0.0028016583024219944,0.00022692559458869737,2.6183722452542004e-05,0.0012568186777220161,0.0,0.0,2,2,0,0,0,0,1,0,0,0,0,0,0,0,0,1,"Эй, Бро! - Твой Chat GPT помощник",,,
0,0,0,0,0,1,0,0,0,0,0,15,0.36397120375020925,33.419974391805376,0.07394385847424521,5.266360734237829,3.1841706864464183,54,1,34,0,0,0,0.034317637669592976,0.034571062740076826,0.0006402048655569782,0.0,0.02176696542893726,0.0,0.0,0,0,0,6,0,2,4,0,0,0,0,0,0,0,0,4,__MSG_extName__,,1.0,
0,0,0,0,0,1,0,0,0,0,0,7,0.34861441084444283,46.82301492025382,0.10665315892810716,4.100820264621767,3.2739416118137665,75,6,10,0,0,0,0.09396901222539991,0.006431143886125879,0.0005144915108900703,0.0,0.0008574858514834505,0.0,0.0,124,0,0,1,0,0,4,0,0,0,0,0,0,0,0,4,AddToAny: Share Anywhere,,,
0,1,0,0,0,1,0,0,0,0,0,124,0.27585185193540906,48.372020066548174,0.1503784468015725,4.134048053018475,3.1223514263198786,482,45,213,0,0,4,0.02869963345417507,0.00223683538840651,0.00020883317941554553,1.8562949281381826e-05,0.0009884770492335822,0.0,0.0,4,0,1,0,0,0,1,0,0,0,0,0,0,0,0,1,Complexity | Perplexity AI Supercharged,,,
0,1,0,0,0,1,0,0,0,0,1,34,0.3164877569460164,53.500987591392025,0.08308257914667246,4.878302919120723,3.2778714073313635,270,24,74,0,0,0,0.0360612253655606,0.0021504006116695074,0.00019114672103728953,0.0,0.0005893690565316427,0.0,0.0,13,0,0,0,0,0,6,0,0,0,0,0,0,0,0,6,Cornerstone Guide Player,,,
0,0,0,0,0,1,0,0,0,0,0,6,0.34484164954275226,33.51922035733622,0.07574783140656617,5.4060759493670885,3.284024072341059,24,12,20,0,0,0,0.07881856540084388,0.012994044396318355,0.006497022198159177,0.0,0.010828370330265295,0.0,0.0,0,0,0,0,0,0,3,0,0,0,0,0,0,0,0,3,__MSG_appName__,,,
0,0,0,0,0,1,0,0,0,0,1,106,0.5219243678860843,48.191525999773425,0.0821751545018929,3.8136856118034244,2.9194305943829226,221,47,169,0,0,0,0.0600076069328741,0.0025036818851251843,0.0005324572334881613,0.0,0.001914580265095729,0.0,0.0,3,0,0,0,0,0,6,0,0,0,0,0,0,0,0,1,__MSG_extName__,,,
0,0,0,0,1,0,0,0,0,0,0,0,0.334020618556701,15.943014705882353,0.08855127509495388,6.612817089452603,3.5020561891202147,2,0,6,0,0,0,0.050734312416555405,0.003676470588235294,0.0,0.0,0.011029411764705883,0.0,0.0,0,0,0,0,0,0,0,0,0,0,0,0,0,0,0,0,Fast Signature,,,
1,1,0,0,1,1,0,0,0,0,1,105,0.4035910415469739,40.58703243088109,0.0874129513746911,3.8700503031084743,2.727013847369925,162,16,59,0,0,1,0.046542777485638315,0.0038744857935520904,0.00038266526356070025,2.3916578972543766e-05,0.0014110781593800823,0.0,0.0,4,1,0,3,0,0,5,0,0,0,0,0,0,0,0,5,Whisk Automator - Bulk AI Image Generation Toolkit for Whisk AI,,,
0,0,0,0,1,1,0,0,0,0,0,29,0.3579193242939909,60.41216116349877,0.059900204298958384,6.704330676472524,2.5075276544245817,1009,3,47,0,0,0,0.03193617152805059,0.009942160079616109,2.9560436312039966e-05,0.0,0.00046311350222195946,0.0,0.0,0,0,0,0,0,0,0,0,0,0,0,0,0,0,0,0,IDRISS,,,
0,1,0,0,0,1,0,0,0,0,1,12,0.43347992499661714,37.02653631284916,0.07755117821035742,5.348454819901828,3.14499032815873,62,9,6,0,0,1,0.09288364482750675,0.00227874154660394,0.00033078506321670097,3.675389591296677e-05,0.00022052337547780066,0.0,0.0,74,0,0,0,0,0,0,0,0,0,0,0,0,0,0,0,GQueues for Google Calendar,,,
0,0,0,0,0,1,0,0,0,0,0,1,0.4225885683360393,42.83759124087591,0.09633237583780858,4.778658812868147,3.2830406495576305,13,2,9,0,0,0,0.06479383778885364,0.011861313868613138,0.0018248175182481751,0.0,0.008211678832116789,0.0,0.0,0,0,0,1,0,0,1,0,0,0,0,0,0,0,0,1,__MSG_app_name__,,,
0,0,0,0,1,1,1,1,0,0,0,51,0.4117106314255464,37.48392904774607,0.0965168404982923,4.268678009088027,2.7434665233951976,179,30,69,0,0,1,0.0589312761985276,0.00596825820218725,0.0010002667377967459,3.334222459322486e-05,0.0023006134969325155,0.0,0.0,37,0,0,5,0,4,18,0,0,0,1,0,0,0,0,18,__MSG_appTitle__,,,
0,1,0,0,0,1,0,0,0,0,0,12,0.42702395910757035,32.605484986209845,0.10828934029515697,3.5639069958425296,3.0457087893904,253,8,20,0,0,0,0.03965508391931427,0.009827914384492872,0.0003107640912092608,0.0,0.0007769102280231519,0.0,0.0,0,0,0,0,0,0,1,0,0,0,0,0,0,0,0,1,__MSG_name__,,,
1,1,0,0,1,1,0,0,0,0,0,5,0.32408615016452286,40.85478217325989,0.10070595273706252,5.049810246679317,3.5042042392208512,161,45,43,0,0,0,0.0288780834914611,0.04031046569854782,0.011266900350525789,0.0,0.010766149223835753,0.0,0.0,4,0,0,0,0,0,2,0,0,0,0,0,0,0,0,2,__MSG_appName__,,,
0,0,0,0,0,1,0,0,0,0,0,11,0.41675504733990243,22.981734104046243,0.11986347596367072,3.518108823780644,3.2752249970231673,80,12,9,0,0,0,0.05582130349363629,0.009248554913294798,0.0013872832369942196,0.0,0.0010404624277456647,0.0,0.0,0,0,0,2,0,0,4,0,0,0,0,0,0,0,0,4,Content Site Search Guru,,,
1,0,0,0,0,1,0,1,0,0,1,36,0.5442877670630787,60.60834286903152,0.06857820201307264,4.492922638653966,2.9697890901650057,257,38,83,0,0,0,0.04088400249265557,0.026734630188286694,0.003952980339124103,0.0,0.008634141267034224,0.0,0.0,1,3,0,1,0,0,4,0,0,0,0,0,0,0,0,4,__MSG_name__,,,
0,0,0,0,0,0,0,0,0,0,0,0,0.0,0.0,0.0,0.0,0.0,0,0,0,0,0,0,0.0,0.0,0.0,0.0,0.0,0.0,0.0,0,0,0,0,0,0,0,0,0,0,0,0,0,0,0,0,__MSG_appName__,,,
0,0,1,0,1,0,0,0,0,0,0,1,0.3431166689997356,28.00360847992783,0.06997651377288351,5.086103453867358,2.7240327882369133,17,1,1,0,1,1,0.043457110426463434,0.007668019846639603,0.0004510599909788002,0.0004510599909788002,0.0004510599909788002,0.0004510599909788002,0.0,0,0,0,2,0,0,10,0,0,0,0,0,0,0,0,10,__MSG_extName__,,,
0,0,0,0,0,1,0,0,0,0,0,0,0.41692931112111664,36.97435897435897,0.09837910850968032,4.391923990498812,3.0594222820661274,0,0,0,0,0,0,0.014251781472684086,0.0,0.0,0.0,0.0,0.0,0.0,0,0,0,0,0,0,0,0,0,0,0,0,0,0,0,0,Safe Browsing Live,,,
0,0,0,0,0,0,0,0,0,0,0,0,0.0,0.0,0.0,0.0,0.0,0,0,0,0,0,0,0.0,0.0,0.0,0.0,0.0,0.0,0.0,0,0,0,0,0,0,0,0,0,0,0,0,0,0,0,0,Dog,,,
0,0,0,0,0,1,0,0,0,0,0,0,0.2500819188675536,30.210633946830267,0.09718854446556131,7.342813220599539,3.529860803274265,7,0,6,0,0,0,0.021521906225980016,0.014314928425357873,0.0,0.0,0.012269938650306749,0.0,0.0,0,0,0,1,0,0,1,0,0,0,0,0,0,0,0,1,Chrome Tab Counter,,,
0,1,0,0,1,0,0,1,0,0,0,6,0.4700491341700455,31.9240979891363,0.10705174220348779,3.343541670739575,2.875909559657644,57,11,20,0,0,0,0.046890578874313305,0.002050433468829814,0.00039569768696715707,0.0,0.0007194503399402856,0.0,0.0,3,0,0,0,0,0,1,0,0,0,0,0,0,0,0,1,Sell The Trend - Winning Product Dropshipping,,,
1,1,0,0,1,1,1,1,0,0,1,121,0.21431099751719968,81.54662942788745,0.08970381452361484,5.8821700217647646,2.8332065094180208,119,18,24,0,0,2,0.02948196421213999,0.0006881078768113428,0.00010408354439163168,1.1564838265736853e-05,0.00013877805918884224,0.0,0.0,20,1,0,27,0,0,9,0,0,0,0,0,0,0,0,4,Salesforce Tool Suite,,,
0,0,0,0,0,0,0,0,0,0,0,0,0.0,0.0,0.0,0.0,0.0,0,0,0,0,0,0,0.0,0.0,0.0,0.0,0.0,0.0,0.0,0,0,0,0,0,0,0,0,0,0,0,0,0,0,0,0,__MSG_extName__,,,
0,0,0,0,0,1,0,1,0,0,0,3,0.4685586761746311,17.717095977417078,0.07552563238489346,5.415002522180351,3.2669689172343315,70,9,19,0,0,0,0.06252039998813091,0.0030875088214537758,0.00039696541990119974,0.0,0.0008380381086803106,0.0,0.0,17,0,0,1,0,0,7,0,0,0,0,0,0,0,0,7,__MSG_app_name__,,,
0,0,0,0,0,0,0,0,0,0,0,0,0.0,0.0,0.0,0.0,0.0,0,0,0,0,0,0,0.0,0.0,0.0,0.0,0.0,0.0,0.0,0,0,0,0,0,0,0,0,0,0,0,0,0,0,0,0,__MSG_themeName__,,,
0,0,1,0,1,1,0,0,0,0,1,77,0.3304761630106733,41.6120738500482,0.07690753505856088,5.172170467909907,2.5524526127416416,385,9,27,0,0,0,0.018841768160460882,0.0028330279549953273,6.622662751937129e-05,0.0,0.00019867988255811386,0.0,0.0,1,0,0,0,0,1,36,0,0,0,0,0,0,0,0,36,Web Ad Blocker,,,
0,0,1,0,1,1,0,0,1,0,0,2,0.3210025668126227,30.398104265402843,0.09451910010569228,7.28988326848249,3.797085802735816,4,0,2,0,0,0,0.023346303501945526,0.018957345971563982,0.0,0.0,0.009478672985781991,0.0,0.0,0,0,0,0,0,0,2,0,0,0,0,0,0,0,0,2,Extensions Reloader,,,
0,0,0,0,0,0,0,0,0,0,0,0,0.0,0.0,0.0,0.0,0.0,0,0,0,0,0,0,0.0,0.0,0.0,0.0,0.0,0.0,0.0,0,0,0,0,0,0,0,0,0,0,0,0,0,0,0,0,JotForm,,,
0,0,0,0,1,1,1,0,0,0,0,82,0.49384617505228845,46.932191995178094,0.09054870668714435,3.959777156692373,2.874873427746506,216,91,53,0,1,7,0.049990256611489724,0.0025036801780394793,0.0010547911861184844,8.113778354757572e-05,0.0006143289325745019,1.159111193536796e-05,0.0,36,0,0,0,0,0,8,0,0,0,0,0,0,0,0,8,__MSG_default_title__,,,
0,0,0,0,0,1,0,0,0,0,0,30,0.5828737857023197,61.23248715662015,0.07377581234067547,3.8997700589731106,2.298816793701976,98,12,45,0,0,1,0.058323865173402586,0.0012309547435720297,0.0001507291522741261,1.2560762689510507e-05,0.0005652343210279728,0.0,0.0,5,0,0,0,1,0,1,0,0,0,0,0,0,0,0,1,__MSG_appName__,,,
0,0,1,0,1,1,0,1,0,0,0,43,0.4007804075509012,35.76608164224712,0.1035425217691511,3.9111209092690573,3.0950597981374264,70,6,52,0,0,1,0.050705467372134036,0.0027423019666222674,0.00023505445428190864,3.9175742380318105e-05,0.0020371386037765418,0.0,0.0,122,0,0,1,0,0,2,0,0,0,0,0,0,0,0,2,Alerte Bons Plans eBuyClub,,,
0,0,0,0,0,0,0,0,0,0,0,0,0.0,0.0,0.0,0.0,0.0,0,0,0,0,0,0,0.0,0.0,0.0,0.0,0.0,0.0,0.0,0,0,0,0,0,0,0,0,0,0,0,0,0,0,0,0,__MSG_appName__,,,
0,0,0,0,0,0,0,0,0,0,0,0,0.0,0.0,0.0,0.0,0.0,0,0,0,0,0,0,0.0,0.0,0.0,0.0,0.0,0.0,0.0,0,0,0,0,0,0,0,0,0,0,0,0,0,0,0,0,__MSG_appName__,,,
1,1,0,0,1,1,0,0,0,0,1,109,0.5066911011977352,40.559793182484476,0.08816995181141661,4.6452566471202505,2.6648016188926937,642,21,175,0,0,6,0.07633009344793423,0.0057034727219423785,0.0001865621918392367,5.330348338263905e-05,0.0015546849319936391,0.0,0.0,28,0,0,6,0,0,12,0,1,0,0,0,0,0,0,12,__MSG_appName__,,,
0,0,0,0,0,1,0,0,0,0,0,30,0.5826004507287211,59.89435465901197,0.07834844731058739,3.8482146121418186,2.5369843734995694,93,12,43,0,0,0,0.06106906724487529,0.001218984703708073,0.00015728834886555778,0.0,0.0005636165834349154,0.0,0.0,1,0,0,0,0,0,0,0,0,0,0,0,0,0,0,0,Schedule Email by cloudHQ,,,
0,0,0,0,0,1,0,0,0,0,1,1,0.3880527633795354,24.03027649193044,0.12059701194123851,3.638228617927963,3.371272609019189,111,17,20,0,0,0,0.06304338515568118,0.013887151257350181,0.0021268610033779558,0.0,0.0025021894157387712,0.0,0.0,2,0,0,0,0,0,2,0,0,0,0,0,0,0,0,2,2048 Game,,,
0,0,0,0,0,1,0,0,0,0,0,8,0.35574634478068684,32.517806267806264,0.12372492349540973,3.256994986252628,3.154130817522059,1,2,7,0,0,0,0.02603913957625748,0.0007122507122507123,0.0014245014245014246,0.0,0.004985754985754986,0.0,0.0,7,0,0,0,0,0,2,0,0,0,0,0,0,0,0,2,__MSG_extname__,,,
0,0,0,0,0,0,0,0,0,0,0,0,0.0,0.0,0.0,0.0,0.0,0,0,0,0,0,0,0.0,0.0,0.0,0.0,0.0,0.0,0.0,0,0,0,0,0,0,0,0,0,0,0,0,0,0,0,0,Black Dragon,,,
0,1,0,0,0,1,0,0,0,0,0,7,0.4376431128454865,34.68411967779056,0.06716225368465185,6.2211123723042,3.257015943811424,51,0,6,0,0,0,0.027695800227014757,0.029344073647871116,0.0,0.0,0.0034522439585730723,0.0,0.0,0,0,0,3,0,0,2,0,0,0,0,0,0,0,0,2,Moqups,,,
0,0,1,0,0,1,0,0,0,0,0,74,0.4729591349050562,57.91367367960081,0.10140867513387025,3.7949580434853716,3.258215149022436,264,31,62,0,0,8,0.027684019384511174,0.001628332994097293,0.00019120576824627303,4.934342406355433e-05,0.00038241153649254606,0.0,0.0,0,0,0,0,0,0,2,0,0,0,0,0,0,0,0,2,MetaSuites - Builders' Swiss Army Knife,,,
0,0,0,0,0,1,0,0,0,0,0,12,0.55944688322058,45.48431179621734,0.08068736248810827,3.5811945870275315,2.621720302361405,157,3,17,0,0,1,0.03448985753890917,0.008582048759156007,0.00016398819285011479,5.466273095003826e-05,0.0009292664261506505,0.0,0.0,5,0,0,0,0,0,1,0,0,0,0,0,0,0,0,1,IMDownloader | Download story reels highlight image and video,,,
0,0,0,0,0,1,0,0,0,0,0,45,0.5228141336007348,65.19249639548995,0.062154220606489126,4.1835116785261395,2.455128841226656,433,29,51,0,0,3,0.04913978626639703,0.004491375107616667,0.0003008080326117398,3.11180723391455e-05,0.0005290072297654734,0.0,0.0,0,0,0,1,0,0,1,0,0,0,0,0,0,0,0,1,Math Equations Anywhere,,,
1,1,0,0,0,1,0,1,1,0,0,0,0.4151421802307238,21.74931488972987,0.12474113847442363,3.427993608309198,3.245595462667077,77,10,7,0,0,1,0.05532807350444422,0.010048283961894819,0.0013049719431032234,0.00013049719431032232,0.0009134803601722563,0.0,0.0,0,0,0,0,1,0,4,0,0,0,0,0,0,0,0,4,__MSG_ExtnName__,,,
0,0,0,0,0,0,0,0,0,0,0,4,0.4166602466979961,38.655465037338764,0.11021374215693827,2.9464840302069373,3.1305480874883584,21,0,4,0,0,0,0.07640001307659616,0.003564154786150713,0.0,0.0,0.0006788866259334691,0.0,0.0,0,0,0,4,0,0,3,0,0,0,0,0,0,0,0,3,Bullseye Game,,,
0,0,0,0,1,0,0,0,0,0,0,8,0.287625703085052,29.015345268542198,0.10350264189534686,5.686542443064182,3.3572634996964825,16,3,4,0,0,0,0.07577639751552795,0.020460358056265986,0.0038363171355498722,0.0,0.005115089514066497,0.0,0.0,0,0,0,6,1,1,1,0,0,0,2,0,0,1,0,1,Window Expander For YouTube,,1.0,
0,0,0,0,0,0,0,0,0,0,0,4,0.3636279993527775,48.62919225318847,0.12118606694945637,3.575991012678543,3.316028833014622,91,14,14,0,0,1,0.049376772053709946,0.014328452212250039,0.002204377263423083,0.0001574555188159345,0.002204377263423083,0.0,0.0,1,0,0,0,0,1,1,0,0,0,0,0,0,0,0,1,Rusprofile – быстрый анализ контрагентов,,,
0,1,0,0,0,1,0,0,0,0,0,20,0.4581845909198756,34.74985431549867,0.09952927667266165,3.1643168057400684,2.7289253412961747,270,38,43,0,0,0,0.06611853584175631,0.005827380053093907,0.0008201497852502537,0.0,0.0009280642306779185,0.0,0.0,18,1,1,5,0,1,3,0,1,0,0,0,0,0,0,3,Google Search Console Enhanced Analytics,,,
0,0,0,0,0,0,0,0,0,0,0,29,0.42705131135363694,24.56315501186781,0.1018127535569396,4.063702758278381,3.1609331151470688,254,32,163,0,0,0,0.09088846344749345,0.009275150629906883,0.0011685229140040167,0.0,0.005952163593207961,0.0,0.0,11,0,0,0,0,2,3,0,0,0,0,0,0,0,0,3,__MSG_application_title__,,,
0,0,1,1,1,0,0,0,0,0,0,12,0.4471640648669335,44.610424242424244,0.1141018077060046,3.494981458590853,3.2405961351008368,83,15,23,0,1,1,0.06412855377008653,0.02012121212121212,0.0036363636363636364,0.00024242424242424242,0.005575757575757576,0.00024242424242424242,0.0,0,0,0,4,0,2,4,0,0,0,0,0,0,0,0,4,KB SSL Enforcer,,,
0,0,1,0,0,1,0,0,0,0,1,55,0.477760743570841,47.90564631516857,0.06746409790970939,6.195823300500061,2.6505694381622966,3705,38,106,0,0,5,0.04768946750562359,0.014766427401387765,0.00015145053745013092,1.9927702296069858e-05,0.000422467288676681,0.0,0.0,81,5,0,4,0,0,2,0,0,0,0,0,0,0,0,2,MyTonWallet · My TON Wallet,,,
0,0,0,0,1,1,0,1,0,0,0,54,0.46963972090633144,35.73208449092989,0.09437207817559143,3.7475069915655537,3.074563429670959,178,6,55,0,0,4,0.04495771634856436,0.0036362150678215396,0.00012256904722993952,8.171269815329302e-05,0.001123549599607779,0.0,0.0,8,0,0,0,0,0,1,0,0,0,0,0,0,0,0,1,__MSG_name__,,,
0,0,1,0,1,1,0,0,0,0,1,160,0.45591573868941926,35.291723767135196,0.0997815539090444,3.6923753806443353,2.953259095844599,618,76,336,0,0,2,0.05664840995994901,0.002498271826527766,0.00030723083950826897,8.085022092322868e-06,0.0013582837115102416,0.0,0.0,39,7,0,0,0,0,4,0,0,0,0,0,0,0,0,4,Lolli: Earn Bitcoin and Cash Back,,,
0,0,0,0,1,1,0,0,0,0,0,4,0.35660947065237925,33.620539300057374,0.09206492305550676,5.392518384312054,3.444272363573529,62,0,62,0,0,0,0.06771110874276173,0.0071141709695926566,0.0,0.0,0.0071141709695926566,0.0,0.0,0,0,0,2,0,17,4,0,0,0,0,0,0,0,0,4,Save as Shortcut,,,
0,0,0,0,1,0,1,0,0,0,1,101,0.40034716021731565,18.765562375124127,0.08747317604685301,5.263585218402031,2.9363917819857126,431,174,83,0,0,7,0.07629112017441901,0.0025782754866420206,0.0010408815189691684,4.187454386657574e-05,0.0004965124487036838,0.0,0.0,1,0,0,15,1,1,184,0,1,0,3,0,0,0,0,184,Join,,,
0,0,0,0,1,1,0,0,0,0,0,36,0.36899925210204654,28.059402028361944,0.10109616154595795,4.434905851386921,3.2786548805864433,196,24,33,0,0,0,0.05414629913516328,0.008605171883917987,0.0010536945163981209,0.0,0.0014488299600474164,0.0,0.0,13,1,0,0,0,0,10,0,0,0,0,0,0,0,0,10,Titan Browser Extension,,,
0,1,0,0,0,1,0,0,0,0,0,54,0.5549665197052939,41.08094187793883,0.0776208327465534,3.6928186561963523,2.672740225530314,1606,14,63,0,0,0,0.03027212618768378,0.019462892045179116,0.00016966406515100103,0.0,0.0007634882931795045,0.0,0.0,0,0,0,0,0,0,2,0,0,0,0,0,0,0,0,2,__MSG_name__,,,
0,0,0,0,0,1,0,0,0,0,0,95,0.37044310821374726,38.76714657415438,0.08745166536378357,5.888573804396494,2.880622372267037,590,145,253,0,0,0,0.027707298351847508,0.020468343451864702,0.005030355594102341,0.0,0.008777103209019949,0.0,0.0,22,0,0,46,0,4,8,0,0,0,6,0,0,0,0,8,Discogs Enhancer,,,
0,1,0,0,1,1,0,1,0,0,1,98,0.5033018915240862,40.22394139052765,0.06840549568497113,5.017326275620115,2.5454827944577896,509,78,132,0,0,2,0.07559637383604885,0.0035080222749076474,0.0005375751226773998,1.3783977504548713e-05,0.000909742515300215,0.0,0.0,22,0,0,5,0,0,8,0,0,0,0,0,0,0,0,8,Classwork Zoom for Google Classroom,,,
0,1,1,0,0,1,0,0,0,0,0,7,0.39012396694214874,27.42982971227246,0.11371900826446281,3.786470482684371,3.3662801059844947,5,2,8,0,1,0,0.04360308630898977,0.002935995302407516,0.0011743981209630064,0.0,0.004697592483852026,0.0005871990604815032,0.0,0,0,0,0,0,0,0,0,0,0,0,0,0,0,0,0,"Twillot - Your Twitter, Organized",,,
1,1,0,0,1,1,1,0,0,0,1,230,0.45923019208851806,43.02666355774704,0.09941353160932223,3.8884945680127947,3.047145533491097,324,99,132,0,0,3,0.07012831757178942,0.0007406543818621971,0.00022631106112456023,6.857910943168492e-06,0.0003017480814994137,0.0,0.0,14,0,0,0,0,0,7,0,0,0,0,0,0,0,0,7,Altair GraphQL Client,,,
0,0,1,0,0,1,0,1,0,0,0,81,0.5049268254584037,57.66006382283719,0.08360518173732726,3.849069539965445,2.7862540739753117,480,34,185,0,0,1,0.05998549536674477,0.004020336200614777,0.00028477381421021335,8.37570041794745e-06,0.0015495045773202783,0.0,0.0,25,0,0,0,0,0,1,0,0,0,0,0,0,0,0,1,RoKit - Roblox WebKit. Best Roblox Enhancer,,,
0,0,0,0,0,1,0,0,0,0,0,5,0.397042698830067,33.960550800148866,0.07468835496130385,9.086764987550279,3.4002293045581298,60,0,26,0,0,0,0.04079678222562728,0.02232973576479345,0.0,0.0,0.009676218831410495,0.0,0.0,0,0,0,10,0,0,1,0,0,0,0,0,0,0,0,1,SlowedAndReverb.Studio,,,
0,1,0,0,0,0,0,1,0,0,0,0,0.4151825467497774,17.570247933884296,0.0794746215494212,5.616847826086956,3.2323131612323226,4,0,2,0,0,0,0.03804347826086957,0.01652892561983471,0.0,0.0,0.008264462809917356,0.0,0.0,0,0,0,1,0,0,1,0,0,0,0,0,0,0,0,1,X Token Manager – auth_token for Twitter (X),,,
0,1,0,0,0,1,0,1,0,0,0,11,0.5536919892441917,47.97340037895351,0.08380840137557681,3.72860992784491,2.588027615130556,61,8,24,0,0,1,0.040737198991567414,0.004445416120099111,0.0005830053927998834,7.287567409998542e-05,0.0017490161783996502,0.0,0.0,1,0,0,0,0,0,1,0,0,0,0,0,0,0,0,1,XT Viewer — Twitch в 1080p/1440p (2K) для России,,,
0,1,0,0,0,1,0,1,0,0,0,0,0.4886476638585393,56.52053764944417,0.0776959975106845,4.323698706067797,2.676293995466578,0,0,0,0,0,0,0.04804177997956038,0.0,0.0,0.0,0.0,0.0,0.0,1,0,0,0,0,0,1,0,0,0,0,0,0,0,0,1,Happenstance,,,
0,1,0,0,0,0,0,0,0,0,0,0,0.15055406954528086,40.67834394904459,0.15682078716087122,3.863416988416988,3.6303621343934007,38,0,0,0,0,1,0.017857142857142856,0.12101910828025478,0.0,0.0031847133757961785,0.0,0.0,0.0,0,0,0,0,0,0,0,0,0,0,0,0,0,0,0,0,Myibidder Auction Bid Sniper for eBay,,,
0,0,0,0,0,0,1,0,0,0,0,0,0.0,0.0,0.0,0.0,0.0,0,0,0,0,0,0,0.0,0.0,0.0,0.0,0.0,0.0,0.0,0,0,0,0,0,0,0,0,0,0,0,0,0,0,0,0,Kingdom Rush Frontiers,,,
0,0,0,0,1,1,0,0,0,0,0,13,0.5851095898291434,47.12624584717608,0.08220905482367831,3.551039856494198,2.3393222037237718,24,3,9,0,0,0,0.04108974718313807,0.0026578073089701,0.0003322259136212625,0.0,0.0009966777408637873,0.0,0.0,2,0,0,0,0,0,1,0,0,0,0,0,0,0,0,1,__MSG_appName__,,,
0,0,0,0,0,1,0,0,0,0,0,23,0.42548609952274474,19.610505028271128,0.10320194907052031,4.2591395325441805,3.1343606430894204,77,24,39,0,0,0,0.0636263036115489,0.001059307460551115,0.00033017375393800985,0.0,0.0005365323501492661,0.0,0.0,0,0,0,0,0,1,1,0,0,0,0,0,0,0,0,1,__MSG_chatgpttoolkit_name__,,,
0,0,0,0,1,1,0,1,0,0,0,231,0.4690201476938462,48.247261721453015,0.07362843620793598,5.453174062637254,2.461000019655988,4453,53,180,0,0,12,0.04933819632991003,0.013879970824943426,0.0001652006408538068,3.740391868388078e-05,0.0005610587802582117,0.0,0.0,20,6,0,4,0,0,2,0,0,0,0,0,0,0,0,2,BrowserStack Accessibility Toolkit,,,
0,1,0,0,0,0,0,0,0,0,0,12,0.5250607265473396,47.21501301746112,0.0666233551813202,2.984418327268307,2.1628108675231124,50,7,14,0,0,0,0.025627584600151437,0.0006815424669111132,9.541594536755585e-05,0.0,0.0001908318907351117,0.0,0.0,0,0,2,2,0,0,2,0,0,0,0,0,0,0,0,2,常用工具(ToolBox),,,
1,1,0,0,0,1,0,0,0,0,1,68,0.41595977509585963,34.51235412022554,0.0908800305526968,3.821650365222733,2.8480484750760016,221,5,104,0,0,0,0.05677029841720818,0.00413989472303917,9.366277653934773e-05,0.0,0.0019481857520184328,0.0,0.0,3,1,0,0,0,0,3,0,0,0,0,0,0,0,0,3,WebSocket DevTools,,,
0,0,0,0,0,0,0,0,0,0,0,0,0.0,0.0,0.0,0.0,0.0,0,0,0,0,0,0,0.0,0.0,0.0,0.0,0.0,0.0,0.0,0,0,0,0,0,0,0,0,0,0,0,0,0,0,0,0,__MSG_appName__,,,
0,0,0,0,1,1,0,0,0,0,1,123,0.31688365290576126,67.66073895301757,0.08170711977627448,4.440718765838061,3.0802701661487455,354,65,76,0,0,2,0.034757189224616736,0.0011241485527381273,0.00020641145742366745,6.351121766882075e-06,0.00024134262714151886,0.0,0.0,2,0,0,0,0,0,21,0,0,0,0,0,0,0,0,21,floccus bookmarks sync,,,
1,1,0,0,0,1,1,0,0,0,1,86,0.4824559313959028,34.77581607321501,0.08000031070696191,4.25654575889669,2.975046733321718,96,15,36,0,0,9,0.04634448716557071,0.0017785023528104043,0.0002778909926266257,0.0001667345955759754,0.0006669383823039016,0.0,0.0,17,0,0,5,2,3,37,0,0,0,1,0,0,2,0,37,__MSG_extentionTitleFree__,,,
0,0,0,0,0,1,0,0,0,0,0,15,0.5455052242909891,43.14421262900899,0.07117605467829366,4.0364842209437155,2.383482271147674,45,18,20,0,0,0,0.05888435092798428,0.0012484740872267229,0.0004993896348906891,0.0,0.0005548773721007657,0.0,0.0,0,0,0,0,0,0,4,0,0,0,0,0,0,0,0,4,__MSG_appName__,,,
0,0,0,0,1,1,0,0,0,0,0,2,0.2021837406948839,33.67647253693765,0.026316091163387904,4.835181784212242,2.5689801239682084,79,10,12,0,0,1,0.005724234979845923,0.002617107268270059,0.0003312794010468429,3.312794010468429e-05,0.0003975352812562115,0.0,0.0,0,0,0,18,0,0,14,0,0,0,1,0,0,0,0,14,PorNo! Porn Blocker (Beta),,,
0,0,0,0,1,1,1,1,0,0,1,217,0.4001517349726053,41.199661185658776,0.09094217060393846,4.02473140321472,2.872972664853868,561,82,390,0,0,4,0.05637854857369025,0.0017897819720143183,0.00026160806008052425,1.2761368784415817e-05,0.0012442334564805421,0.0,0.0,9,4,0,0,0,0,45,0,0,0,0,0,0,0,0,45,__MSG_appName__,,,
0,0,0,0,0,0,0,0,0,0,0,0,0.0,0.0,0.0,0.0,0.0,0,0,0,0,0,0,0.0,0.0,0.0,0.0,0.0,0.0,0.0,0,0,0,0,0,0,0,0,0,0,0,0,0,0,0,0,__MSG_appName__,,,
0,0,0,0,0,0,0,0,0,0,0,0,0.0,0.0,0.0,0.0,0.0,0,0,0,0,0,0,0.0,0.0,0.0,0.0,0.0,0.0,0.0,0,0,0,0,0,0,0,0,0,0,0,0,0,0,0,0,Telepathy,,,
0,0,0,0,0,0,0,0,0,0,0,3,0.3014029995162071,28.971014492753625,0.12385099177552007,4.064150943396227,3.492097385249239,2,0,4,0,0,0,0.033962264150943396,0.028985507246376812,0.0,0.0,0.057971014492753624,0.0,0.0,0,0,0,0,0,0,1,0,0,0,0,0,0,0,0,1,Fidget Spinner,,,
0,0,0,0,1,1,0,0,0,0,1,94,0.4393209868799464,64.20257241079543,0.09496635036023468,3.642051736796016,2.7009025974207725,1745,58,107,0,0,1,0.03475969235668226,0.0068953254040384085,0.00022918560082190698,3.951475876239776e-06,0.000422807918757656,0.0,0.0,0,0,0,0,0,0,1,0,0,0,0,0,0,0,0,1,Dust,,,
0,0,0,0,0,1,0,0,0,0,0,87,0.43002381949085533,46.389770749791936,0.0754155798139208,6.589215700934579,3.010977320144335,284,48,128,0,1,1,0.07332785046728972,0.0014324985498474188,0.0002421124309601271,5.044008978335981e-06,0.0006456331492270056,5.044008978335981e-06,0.0,11,10,0,0,0,0,7,0,2,0,0,0,0,0,0,7,Sublime,,,
0,1,0,0,0,0,0,0,0,0,0,71,0.13935007456102524,150.93028883282707,0.052989413367984455,33.13222514250606,2.6912705108025037,88,18,45,0,0,1,0.10362835785233983,0.002265355506358441,0.00046336817175513564,2.574267620861865e-05,0.0011584204293878392,0.0,0.0,2,0,0,7,0,0,7,0,0,0,7,0,0,0,0,7,__MSG_name__,,,
1,1,1,0,1,1,0,1,1,0,1,84,0.5632041067523574,42.75343926692524,0.08885980238882414,3.2907719548232524,2.6932169476067065,342,25,71,0,0,4,0.05280190230543305,0.002037642769049279,0.00014895049481354378,2.3832079170167002e-05,0.00042301940527046433,0.0,0.0,0,0,0,0,0,0,5,0,0,0,0,0,0,0,0,5,Loy Trust - Gerenciador de Certificados Digitais e Credenciais,,,
0,0,0,0,0,0,0,0,0,0,0,0,0.21113074204946997,29.62162162162162,0.08657243816254417,6.37719298245614,3.8960498137769384,0,0,0,0,0,0,0.017543859649122806,0.0,0.0,0.0,0.0,0.0,0.0,0,0,0,1,1,0,0,0,0,0,0,0,0,1,0,0,TI 84 Calculator Online - TI84 Graphing Calculator,,,
0,0,0,0,0,0,0,0,0,0,0,0,0.0,0.0,0.0,0.0,0.0,0,0,0,0,0,0,0.0,0.0,0.0,0.0,0.0,0.0,0.0,0,0,0,0,0,0,0,0,0,0,0,0,0,0,0,0,__MSG_extName__,,,
0,0,0,0,1,1,0,0,0,0,1,96,0.5097947796932689,65.28827727511428,0.07007132106635754,4.7050297012674305,2.4761266105090654,570,22,183,0,0,4,0.07700996216230518,0.004907067037422843,0.00018939556986544305,3.443555815735328e-05,0.0015754267856989126,0.0,0.0,14,0,0,0,0,0,8,0,1,0,0,0,0,0,0,7,__MSG_appName__,,,
0,0,0,0,0,0,0,0,0,0,0,7,0.4496353594191815,35.90091116173121,0.09199779826707843,3.487386788937315,2.0510312150952443,14,1,24,0,0,0,0.04262730675134881,0.000885851683118198,6.327512022272843e-05,0.0,0.0015186028853454822,0.0,0.0,0,0,0,0,0,0,2,0,0,0,0,0,0,0,0,2,Gimli Tailwind,,,
0,1,0,0,1,0,0,0,0,0,0,129,0.24735174492626963,89.69881445176674,0.12718715041758746,5.43098720595704,3.012377953575728,399,140,196,0,0,8,0.030872806264267715,0.001321323310262609,0.0004636222141272312,2.6492697950127495e-05,0.0006490710997781237,0.0,0.0,0,0,0,0,0,0,1,0,0,0,0,0,0,0,0,1,ChatTube,,,
1,1,1,0,1,1,0,1,0,0,1,141,0.4470949148417119,34.20068085106383,0.0924273476858206,4.104389817455196,3.0214333065645347,339,19,116,0,1,1,0.05786482942364132,0.004808510638297872,0.00026950354609929077,1.4184397163120568e-05,0.0016453900709219858,1.4184397163120568e-05,0.0,21,0,0,1,0,3,52,0,1,0,1,2,0,0,0,52,LogMeOnce,,,
0,0,0,0,0,1,0,0,0,0,0,0,0.2388300322432059,32.9375,0.0882081989866421,6.784841075794621,3.7710493513188643,3,0,1,0,0,0,0.02444987775061125,0.0234375,0.0,0.0,0.0078125,0.0,0.0,0,0,0,0,0,0,1,0,0,0,0,0,0,0,0,1,New Adjacent Tab,,,
1,1,0,0,1,1,0,0,0,0,0,117,0.43831599421829626,52.76918005808092,0.07713612894513082,6.808436170374347,3.181307938594923,608,28,146,0,0,5,0.0928197985985502,0.001462850103578449,6.736809687532331e-05,1.2030017299164876e-05,0.0003512765051356144,0.0,0.0,15,15,0,0,0,0,568,0,0,0,0,0,0,0,0,568,__MSG_plugin_title__,,,
0,0,0,0,0,1,0,0,0,0,0,0,0.30870948498707496,11.966494845360824,0.07715251541061842,6.222343921139102,3.6122852899119877,11,1,9,0,0,0,0.05914567360350493,0.014175257731958763,0.001288659793814433,0.0,0.011597938144329897,0.0,0.0,0,0,0,0,0,0,1,0,0,0,0,0,0,0,0,1,ChatReplay,,,
1,1,0,0,0,1,0,0,0,0,1,8,0.3744944442079271,39.55265429434614,0.1052194644301588,3.749655754452983,3.234858515506841,13,2,25,0,0,0,0.037445031759427885,0.0028053517479499353,0.00043159257660768235,0.0,0.00539490720759603,0.0,0.0,2,5,0,0,0,0,3,0,0,0,0,0,0,0,0,3,Alpine.js devtools,,,
0,0,0,0,1,1,1,0,0,0,0,177,0.4209411562917315,38.99521768671928,0.09676161539435371,3.931869012701853,3.1678917646710247,144,21,70,0,0,3,0.06296288513093626,0.0009407829404693462,0.00013719751215177965,1.9599644593111377e-05,0.0004573250405059322,0.0,0.0,23,1,1,0,0,0,1,0,0,0,0,0,0,0,0,1,Suku Wallet,,,
0,0,0,0,0,0,0,0,0,0,0,0,0.0,0.0,0.0,0.0,0.0,0,0,0,0,0,0,0.0,0.0,0.0,0.0,0.0,0.0,0.0,0,0,0,0,0,0,0,0,0,0,0,0,0,0,0,0,朱鹮 (Crested Ibis),,,
1,1,1,0,1,1,1,0,0,0,0,108,0.4772538115909461,42.88785830063825,0.08407830719348246,5.437149161135911,2.685195610554929,959,100,141,0,2,19,0.08314635048851729,0.0031276396593840606,0.0003261355223549594,6.196574924744228e-05,0.0004598510865204927,6.522710447099187e-06,0.0,25,0,3,531,0,0,19,7,3,0,0,0,0,0,0,17,Lazy Scholar,,,
0,0,0,0,1,1,0,0,0,0,0,35,0.5384961820883385,49.17888820584877,0.08742373073178245,3.7492654520371684,2.84908705359233,96,5,42,0,0,2,0.06280302176119067,0.0028102221831913586,0.00014636573870788325,5.8546295483153304e-05,0.0012294722051462194,0.0,0.0,0,0,0,0,0,0,1,0,0,0,0,0,0,0,0,1,Supernormal: AI Meeting Notes,,,
0,0,0,0,1,1,0,0,1,0,0,8,0.16097279094559186,149.10817547357925,0.04269161411164579,3.6908282545708864,3.475491912553539,177,24,58,0,0,0,0.006943750624438006,0.08823529411764706,0.011964107676969093,0.0,0.028913260219341975,0.0,0.0,0,0,0,1,0,0,1,2,0,0,0,0,0,0,0,1,__MSG_appName__,,,
0,0,1,0,1,1,0,0,0,0,1,20,0.44626841950169427,61.211303387075205,0.08460451202495883,4.180124030543701,3.013225106882403,232,6,47,0,0,3,0.06996432423845085,0.0016326645507709415,4.222408320959331e-05,2.1112041604796655e-05,0.00033075531847514763,0.0,0.0,0,0,0,0,0,0,3,0,0,0,0,0,0,0,0,3,Webrecorder ArchiveWeb.page,,,
1,1,0,0,0,1,0,0,0,0,0,1,0.2710223835450696,33.879746835443036,0.1117967332123412,6.845175766641735,3.7694410661735196,10,9,6,0,0,0,0.0605833956619297,0.02109704641350211,0.0189873417721519,0.0,0.012658227848101266,0.0,0.0,0,0,0,0,0,0,1,0,0,0,0,0,0,0,0,1,Libron,,,
0,1,0,0,1,1,0,1,0,0,0,239,0.5095030293047612,44.71711216323074,0.08924744987591057,3.590635989006371,2.7956954989511997,10209,253,285,0,0,4,0.057315705969352475,0.016888505096824782,0.00041853186301270154,6.617104553560498e-06,0.00047146869944118553,0.0,0.0,43,0,0,0,0,0,2,0,0,0,0,0,0,0,0,2,__MSG_app_name__,,,
0,0,0,0,0,0,0,0,0,0,0,0,0.26545086119554206,13.318840579710145,0.13779128672745694,5.783505154639175,3.0651491039257284,0,0,0,0,0,0,0.030927835051546393,0.0,0.0,0.0,0.0,0.0,0.0,0,0,0,0,0,0,0,0,0,0,0,0,0,0,0,0,Word Counter Plus,,,
1,1,0,0,1,1,0,0,0,0,1,12,0.39990572051489454,37.960763852655745,0.10353601637034696,3.7861007074490223,2.8469835842559794,52,4,16,0,0,0,0.03708327553521062,0.005426275696545967,0.0004174058228112282,0.0,0.0016696232912449128,0.0,0.0,1,0,0,0,0,0,0,0,0,0,0,0,0,0,0,0,__MSG_appName__,,,
0,0,0,0,1,1,0,0,0,0,0,40,0.3501452323909308,40.51140719591826,0.0845968328448736,4.080685863148249,3.060834651623236,410,28,186,0,4,6,0.03331284790110431,0.0027097047082771564,0.00018505300446770826,3.965421524308034e-05,0.0012292806725354905,2.6436143495386894e-05,0.0,0,0,0,0,0,0,0,0,0,0,0,0,0,0,0,0,__MSG_extensionName__,,,
0,0,0,0,0,0,0,0,0,0,0,0,0.354014598540146,15.636363636363637,0.08394160583941605,6.790697674418604,3.2678137963871166,0,0,0,0,0,0,0.046511627906976744,0.0,0.0,0.0,0.0,0.0,0.0,0,0,0,0,0,0,0,0,0,0,0,0,0,0,0,0,Masav,,,
0,0,1,0,1,1,0,0,0,0,1,812,0.43631994636659943,53.74850491863108,0.07651476892368989,4.614984557792914,2.6370973687417427,29420,488,1047,0,0,24,0.047985830385170875,0.008715136491716177,0.00014456106757163476,7.1095607002443316e-06,0.000310154585548159,0.0,0.0,0,0,0,8,0,0,5,0,0,0,0,0,0,0,0,5,Lace,,,
0,0,1,0,1,1,0,0,0,0,1,34,0.5282503737393155,51.911205162006524,0.07912398529152978,3.8667775709703887,2.502712890023632,153,71,69,0,0,7,0.036068824861685465,0.000707694442517172,0.0003284072249589491,3.237817710862878e-05,0.0003191563172136266,0.0,0.0,0,0,0,0,0,0,6,0,0,0,0,0,0,0,0,6,Arcade: AI Interactive Product Demos,,,
0,0,0,0,0,1,0,0,0,0,1,164,0.426743123673937,47.35149236949117,0.060729565680300274,7.098013613838101,3.3920940292127484,2305,38,150,0,0,23,0.065534939550495,0.004755528688938909,7.8399171444546e-05,4.7452130084856785e-05,0.0003094704135968921,0.0,0.0,0,0,0,0,0,0,2,0,0,0,0,0,0,0,0,2,Google Analytics UTM Builder,,,
0,0,1,0,0,0,0,0,0,0,0,11,0.4413101975633311,38.5360057119543,0.09218819470303581,4.96550338060686,2.97453408783785,92,17,21,0,0,1,0.04928677440633245,0.0031279749762001905,0.0005779953760369917,3.399972800217598e-05,0.0007139942880456956,0.0,0.0,0,0,0,0,0,0,14,0,2,0,0,0,0,0,0,14,AskYourPDF,,,
0,0,0,0,0,0,0,0,0,0,0,1,0.3351028533510285,28.271844660194176,0.11048440610484406,4.673846153846154,3.0778143953984394,5,2,5,0,0,0,0.04,0.04854368932038835,0.019417475728155338,0.0,0.04854368932038835,0.0,0.0,0,0,0,0,0,0,1,0,0,0,0,0,0,0,0,1,Dice Thrower,,,
0,0,1,0,0,1,0,0,0,0,0,130,0.5300020427048279,38.61753750560253,0.06876006552114516,4.660190068779935,2.2402695236082404,399,40,62,0,0,0,0.0511180599024487,0.0005553807907842979,5.567727225907748e-05,0.0,8.62997720015701e-05,0.0,0.0,35,2,0,0,0,0,2,0,0,0,0,0,0,0,0,2,Sidekick,,,
0,0,0,0,0,1,0,0,0,0,0,128,0.34829815449687096,49.15843285287471,0.13491414375009597,3.7407055362881483,3.1568495901427345,432,123,288,0,0,6,0.06734913830983162,0.0018281690379260437,0.0005205203510761652,2.539123663786172e-05,0.0012187793586173625,0.0,0.0,8,0,8,0,0,0,1,0,0,0,0,0,0,0,0,1,Boxy SVG,,,
0,0,0,0,0,0,0,0,0,0,0,0,0.0,0.0,0.0,0.0,0.0,0,0,0,0,0,0,0.0,0.0,0.0,0.0,0.0,0.0,0.0,0,0,0,0,0,0,0,0,0,0,0,0,0,0,0,0,__MSG_appName__,,,
0,0,0,0,0,0,0,0,0,0,0,0,0.3234247063011748,31.13142857142857,0.1016375934496262,6.064908722109534,3.284232630547214,6,1,0,0,0,0,0.04056795131845842,0.03428571428571429,0.005714285714285714,0.0,0.0,0.0,0.0,0,0,0,2,0,0,1,0,0,0,0,0,0,0,0,1,Subscribe RSS Feeds in Feedly,,,
0,1,0,0,1,1,0,0,0,0,0,86,0.3483428466829348,56.18866586224889,0.0683956114516028,5.718589790508438,2.8010204930560696,582,41,202,0,0,1,0.030378345007112464,0.0047449778241586225,0.00033426819723454215,8.152882859379076e-06,0.0016468823375945735,0.0,0.0,1,0,0,0,0,0,0,0,0,0,0,0,0,0,0,0,__MSG_extensionName__,,,
0,0,0,0,0,1,0,0,0,0,0,56,0.44810856426018675,34.28241012766412,0.09827417635273089,3.759017146401187,2.9875996584212903,397,15,115,0,0,1,0.034991998736180634,0.004241226430212061,0.00016024785000801238,1.068319000053416e-05,0.0012285668500614283,0.0,0.0,0,0,0,6,0,0,3,0,0,0,0,0,0,0,0,3,__MSG_ExtensionName__,,,
0,0,0,0,0,0,0,0,0,0,0,0,0.08403361344537816,46.8,0.1092436974789916,6.037037037037037,3.989581380054276,0,0,0,0,0,0,0.037037037037037035,0.0,0.0,0.0,0.0,0.0,0.0,0,0,0,0,0,0,0,0,0,0,0,0,0,0,0,0,Gmail Email Thread Reverse,,,
0,1,0,0,0,1,0,0,0,0,0,17,0.40787820742125447,54.21931948515356,0.0978210113738206,4.044328474596605,3.1693788825641396,43,10,15,0,0,0,0.032481554795753105,0.001826600399303343,0.00042479079053566116,0.0,0.0006371861858034918,0.0,0.0,0,0,0,0,0,0,0,0,0,0,0,0,0,0,0,0,"EasyGen - Intelligent LinkedIn content, made easy.",,,
0,0,0,0,1,1,0,0,0,0,0,314,0.3571072413282147,37.508248370017064,0.14430362543669145,2.8735944024870883,2.640078823698409,305,18,151,0,0,1,0.027962530959522235,0.002669233798626001,0.00015752855205005908,8.751586225003282e-06,0.0013214895199754955,0.0,0.0,0,0,0,0,0,0,0,0,0,0,0,0,0,0,0,0,Undetectable AI: Your AI tool kit,,,
0,0,0,0,0,0,0,0,0,0,0,0,0.0,0.0,0.0,0.0,0.0,0,0,0,0,0,0,0.0,0.0,0.0,0.0,0.0,0.0,0.0,0,0,0,0,0,0,0,0,0,0,0,0,0,0,0,0,__MSG_appName__,,,
0,0,0,0,1,1,0,0,0,0,0,9,0.5043750485595562,68.61096605744126,0.07982186345454692,3.9761748842958786,2.850335378817229,104,22,28,0,0,0,0.08128352476325723,0.00484893696381947,0.0010257366654233494,0.0,0.0013054830287206266,0.0,0.0,0,0,0,3,0,0,2,0,0,0,0,0,0,0,0,2,"AutoBuy Flash Sales, Deals, and Coupons",,,
0,0,1,0,1,1,0,0,0,0,1,242,0.5730469514168222,60.35827795434845,0.08644986219603716,3.5729858567883315,2.800101005648958,1383,113,173,0,0,2,0.047419090663939345,0.00868685853548233,0.0007097722447646445,1.2562340615303443e-05,0.0010866424632237478,0.0,0.0,0,0,0,0,0,0,2,0,0,0,0,0,0,0,0,2,__MSG_ext_name__,,,
0,0,0,0,0,0,0,0,0,0,0,0,0.24743589743589745,31.10958904109589,0.12606837606837606,5.130081300813008,3.0795429575904336,3,0,1,0,0,0,0.016260162601626018,0.0410958904109589,0.0,0.0,0.0136986301369863,0.0,0.0,0,0,0,0,0,0,1,0,0,0,0,0,0,0,0,1,ChartFox Browser Extension,,,
0,1,0,0,0,1,0,0,0,0,0,16,0.5242169470380205,55.1473937826879,0.07080534067919189,4.101069925534353,3.03110721409589,548,116,203,0,0,0,0.07179570956934765,0.006440618205324088,0.001363342539813128,0.0,0.002385849444672974,0.0,0.0,0,0,0,0,0,0,1,0,0,0,0,0,0,0,0,1,PaTMa Property Insights,,,
1,1,0,0,1,1,0,1,0,0,1,53,0.38202614972117915,47.655819424838775,0.07546398515625227,4.4833806748979566,2.979504278007018,243,35,89,0,0,5,0.03911133422720985,0.0006725898862409698,9.687508649561294e-05,1.3839298070801849e-05,0.0002463395056602729,0.0,0.0,2,0,0,3,0,0,4,0,0,0,0,0,0,0,0,4,MerciApp — Correcteur d’orthographe et assistant de rédaction,,,
0,0,0,0,0,1,0,0,1,0,0,63,0.5743417140604306,48.79314708459067,0.08895799970350049,3.312171701042848,2.7106282695015027,702,42,55,0,0,1,0.049081038223083615,0.011389078166066388,0.0006813978389954249,1.622375807131964e-05,0.0008923066939225802,0.0,0.0,3,0,0,0,0,0,2,0,0,0,0,0,0,0,0,2,__MSG_name__,,,
0,0,1,0,1,1,0,1,0,0,0,12,0.5480707688736342,39.99877634262406,0.10113913346266726,3.066988228151246,2.564801667665295,8,0,0,0,0,0,0.05444058420750835,0.00027192386131883074,0.0,0.0,0.0,0.0,0.0,1,0,0,0,0,0,2,0,0,0,0,0,0,0,0,2,Hamty.cz doplněk,,,
0,0,0,0,0,0,0,0,0,0,0,0,0.0,0.0,0.0,0.0,0.0,0,0,0,0,0,0,0.0,0.0,0.0,0.0,0.0,0.0,0.0,0,0,0,6,0,0,0,0,0,0,0,0,0,0,0,0,EPSON L380 RESETTER,,,
0,0,0,0,0,0,0,0,0,0,0,0,0.0,0.0,0.0,0.0,0.0,0,0,0,0,0,0,0.0,0.0,0.0,0.0,0.0,0.0,0.0,0,0,0,0,0,0,0,0,0,0,0,0,0,0,0,0,RGB Ravens,,,
0,0,0,0,0,1,0,0,0,0,1,185,0.3039585444267699,70.54375828810777,0.10088718238611732,4.148629271407163,2.9427635887813066,346,67,75,0,0,0,0.03501815150172017,0.002021275974272545,0.00039140315108745816,0.0,0.00043813785569491587,0.0,0.0,52,0,0,0,0,0,19,0,0,0,0,0,0,0,0,17,Fake Data - A form filler you won't hate,,,
0,0,0,0,0,1,0,0,0,0,0,37,0.3365131791584196,59.80427402243104,0.07259566914603467,5.540485074280365,3.0247697389728927,253,12,113,0,0,0,0.04715535637674511,0.0025563302010710317,0.00012124886329190665,0.0,0.0011417601293321209,0.0,0.0,1,1,0,0,0,0,1,0,0,0,0,0,0,0,0,1,USC Schedule Helper,,,
0,0,0,0,0,0,0,0,0,0,0,0,0.3071871579715432,48.845454545454544,0.08755928493250638,5.740458015267175,3.3447809713175105,0,0,0,0,0,0,0.030534351145038167,0.0,0.0,0.0,0.0,0.0,0.0,0,0,0,0,0,0,0,0,0,0,0,0,0,0,0,0,__MSG_appName__,,,
0,0,0,0,1,1,0,0,0,0,1,137,0.5527790419216463,44.457652835274864,0.08719718012519599,3.272978861714873,2.604316164761127,246,39,194,0,0,7,0.03728868328854723,0.0009473380186771926,0.00015018773466833542,2.6956772889188407e-05,0.0007470877057860788,0.0,0.0,27,0,0,0,0,0,2,0,0,0,0,0,0,0,0,2,__MSG_name__,,,
0,1,0,0,0,0,0,0,0,0,0,0,0.40961935312506387,42.856332138590204,0.1289867805406289,3.2212722875302324,3.246925851290448,65,9,10,0,0,0,0.05399628775521683,0.01941457586618877,0.002688172043010753,0.0,0.002986857825567503,0.0,0.0,0,0,0,0,0,0,0,0,0,0,0,0,0,0,0,0,Modern List See More for SP,,,
0,0,0,0,1,0,0,0,0,0,1,3,0.5411924106820017,31.15912887535007,0.09045353895545023,2.2189777646766426,2.7332430770687686,82,0,16,0,0,3,0.05520972412477675,0.00033574084082608623,0.0,1.2283201493637302e-05,6.551040796606561e-05,0.0,0.0,0,0,0,0,1,0,7,0,0,0,0,0,0,0,0,6,Fleeting Notes,,,
0,0,0,0,0,1,0,0,0,0,0,155,0.5294617983401918,46.24114581486865,0.0855307188194598,3.732740061007891,2.9931548580028267,406,199,363,0,0,74,0.05697094982395106,0.002878718048711313,0.0014109972701811606,0.0005246924522281703,0.002573829191335484,0.0,0.0,0,0,0,16,0,2,8,0,0,0,0,0,0,0,0,8,__MSG_appName__,,,
0,0,0,0,0,0,0,0,0,0,0,0,0.0,0.0,0.0,0.0,0.0,0,0,0,0,0,0,0.0,0.0,0.0,0.0,0.0,0.0,0.0,0,0,0,0,0,0,0,0,0,0,0,0,0,0,0,0,Lone Tree,,,
0,1,0,0,0,1,0,0,0,0,0,418,0.46048200778097226,54.68168176538908,0.08612133706703713,3.812620327478732,2.578294312715432,725,202,376,0,0,5,0.06695764583331029,0.002245451025938831,0.0006256291134339915,1.548586914440573e-05,0.0011645373596593108,0.0,0.0,10,0,0,0,0,0,2,0,0,0,0,0,0,0,0,2,__MSG_name__,,,
0,0,0,0,1,1,0,0,0,0,1,178,0.39235363963599346,40.74885789077348,0.0798324885496393,4.295754382244263,2.90563305894119,294,62,184,0,0,6,0.034286320219907504,0.001054254670635063,0.0002223258148958296,2.1515401441531896e-05,0.0006598056442069782,0.0,0.0,4,0,0,0,0,0,2,0,0,0,0,0,0,0,0,2,__MSG_appName__,,,
1,1,0,0,1,1,0,0,0,0,0,204,0.4913353356371173,57.511895259125545,0.06482336935967341,4.173452342140859,2.682348875683433,1864,54,157,0,0,7,0.042255755191246594,0.002946350808586779,8.535565647193459e-05,1.106462213525078e-05,0.0002481636678906246,0.0,0.0,0,0,0,3,0,0,7,0,0,0,0,0,0,0,0,7,Kudos: Put Your Cards to Work,,,
1,1,1,0,1,1,0,1,0,0,1,174,0.561433490904537,48.547690770807264,0.08918204488518884,3.4839385688860602,2.6648899333558123,1804,38,90,0,1,1,0.05098711738151645,0.009289440213389358,0.00019567556990509734,5.149357102765719e-06,0.00046344213924891475,5.149357102765719e-06,0.0,0,0,0,0,0,0,3,0,0,0,0,0,0,0,0,3,__MSG_app_name__,,,
0,0,0,0,0,0,0,0,0,0,1,36,0.3336762886876315,54.62631670165033,0.0927234382405144,8.240029834623595,3.442461953848588,158,22,68,0,0,9,0.06899771096422418,0.0015213079396868801,0.0002118276878045023,8.665678137456912e-05,0.0006547401259411889,0.0,0.0,0,0,0,1,0,0,2,0,0,0,0,0,0,0,0,2,Python Shell,,,
0,1,0,0,0,0,0,0,0,0,0,0,0.20796812749003984,38.25,0.11553784860557768,6.032,3.2644456373785955,4,0,0,0,0,0,0.0,0.125,0.0,0.0,0.0,0.0,0.0,0,0,0,0,0,0,0,0,0,0,0,0,0,0,0,0,Enable UI3 Beta for Figma,,,
0,0,0,0,1,1,0,0,0,0,0,7,0.5619667118655621,50.19404287138584,0.08281622388790025,3.6894154370034054,2.5915272617173137,236,3,4,0,0,3,0.045175936435868334,0.029411764705882353,0.00037387836490528417,0.00037387836490528417,0.0004985044865403788,0.0,0.0,0,0,0,0,0,0,1,0,0,0,0,0,0,0,0,1,All in One SEO Analyzer by AIOSEO,,,
1,1,1,0,1,1,0,1,0,0,1,208,0.4853053434639207,46.61117599976284,0.08164716436452082,3.877464812752286,2.9417053317308377,549,58,135,0,2,2,0.062444328126578325,0.0032549728752260397,0.0003438769157798002,1.1857824682062075e-05,0.0008004031660391901,1.1857824682062075e-05,0.0,14,0,0,0,0,0,2,0,0,0,0,0,0,0,0,2,__MSG_ext_name__,,,
0,0,0,0,0,0,0,0,0,0,1,0,0.41193368242021666,43.9431236834186,0.12938758018507854,3.183011922421845,3.2289659202595518,68,9,6,0,0,0,0.05411790560958189,0.02046343665362624,0.002708396027685826,0.0,0.0018055973517905506,0.0,0.0,0,0,0,1,0,0,0,0,0,0,0,0,0,0,0,0,__MSG_appName__,,,
0,0,0,0,0,1,0,1,0,0,0,105,0.5992261342733018,57.876413192194136,0.07158372634586407,3.8789385949278175,2.5449599825049196,1690,34,84,0,0,5,0.04240797626411415,0.015212068841362425,0.00030604162166054586,4.5006120832433214e-05,0.000756102829984878,0.0,0.0,56,5,0,8,0,0,4,0,0,0,0,0,0,0,0,4,Accessible Web Helper,,,
0,0,0,0,0,0,0,0,0,0,0,0,0.0,0.0,0.0,0.0,0.0,0,0,0,0,0,0,0.0,0.0,0.0,0.0,0.0,0.0,0.0,0,0,0,0,0,0,0,0,0,0,0,0,0,0,0,0,Multiplex Nebula,,,
0,1,1,0,0,1,0,1,0,0,0,782,0.4323142377536911,42.8996946755857,0.06750611932479854,3.7000109909718555,2.1604451019334143,33736,103,1111,0,0,15,0.01828860641652698,0.009590711769772883,2.92815779074759e-05,4.264307462253772e-06,0.0003158430393709294,0.0,0.0,1,0,0,0,0,0,0,0,0,0,0,0,0,0,0,0,__MSG_extensionName__,,,
1,1,0,0,1,1,0,1,0,0,0,4,0.37669069409573175,15.162303664921465,0.10419535109743258,5.415355269432522,3.325066732707602,15,10,4,0,0,0,0.08965188364329996,0.00981675392670157,0.006544502617801047,0.0,0.002617801047120419,0.0,0.0,0,0,0,0,0,0,0,0,0,0,0,0,0,0,0,0,"Авто-Кэшбэк + Детектор скидок — ""Мой Сайдекс""",,,
0,0,0,0,0,0,0,0,0,0,0,0,0.0,0.0,0.0,0.0,0.0,0,0,0,0,0,0,0.0,0.0,0.0,0.0,0.0,0.0,0.0,0,0,0,0,0,0,0,0,0,0,0,0,0,0,0,0,__MSG_appName__,,,
0,0,0,0,0,0,0,0,0,0,0,0,0.11081887972704009,25.90057361376673,0.02964174011941996,4.948704663212435,4.1269228656003385,1,0,0,0,0,0,0.0031088082901554403,0.0019120458891013384,0.0,0.0,0.0,0.0,0.0,0,0,0,0,1,0,1,0,0,0,0,0,0,0,0,1,Free Games,,,
0,0,1,0,0,1,0,0,0,0,0,12,0.31560485055821286,53.504646135706466,0.07991002872251139,6.159715660105343,3.217809738764051,15,0,17,0,0,0,0.050918537762107995,0.00021054995648634234,0.0,0.0,0.00023862328401785463,0.0,0.0,0,0,0,0,0,0,1,0,0,0,0,0,0,0,0,1,Ping Network VPN,,,
0,0,1,0,0,1,0,0,0,0,0,19,0.537501804752388,33.00009688670714,0.12127461112335387,3.53138692259659,2.8661336244782083,39,5,15,0,0,0,0.04497489151138934,0.0006297635964345691,8.073892261981656e-05,0.0,0.00024221676785944968,0.0,0.0,0,0,0,0,0,0,6,0,0,0,0,0,0,0,0,6,__MSG_manifest_name__,,,
0,0,0,0,0,0,0,0,0,0,0,1,0.25105782792665726,21.903225806451612,0.08086506817113305,5.9118942731277535,3.9954014837671994,5,3,0,0,0,0,0.03524229074889868,0.053763440860215055,0.03225806451612903,0.0,0.0,0.0,0.0,0,0,0,0,0,0,0,0,0,0,0,0,0,0,0,0,rustLink,,,
0,0,0,0,1,1,0,1,0,0,0,219,0.5094128890067382,53.56572106410539,0.06587110120782408,4.710179165530662,2.4238128045940672,9671,161,342,0,0,12,0.054570861873991065,0.019183810300264025,0.00031936650380958614,2.3803714569658594e-05,0.0006784058652352699,0.0,0.0,0,0,1,1,0,1,10,0,0,0,0,0,0,0,0,10,__MSG_extName__,,,
0,0,1,0,1,1,0,1,0,0,0,12,0.34158262218774244,57.17057761732852,0.08979829325058185,4.787047619047619,3.541039123374827,67,27,25,0,0,0,0.015085714285714286,0.03023465703971119,0.012184115523465704,0.0,0.01128158844765343,0.0,0.0,14,0,0,14,0,0,3,0,0,0,0,0,4,0,0,3,DNS Checker - SEO and Domain Analysis,,,
1,1,0,0,0,1,0,0,0,0,0,3,0.3116913667372383,22.429752066115704,0.07774641260879793,8.119047619047619,3.5551258966256554,30,0,7,0,0,0,0.07482993197278912,0.08264462809917356,0.0,0.0,0.01928374655647383,0.0,0.0,2,0,0,1,0,0,1,0,0,0,0,0,0,0,0,1,__MSG_appName__,,,
0,0,0,0,0,0,0,0,0,0,0,0,0.0,0.0,0.0,0.0,0.0,0,0,0,0,0,0,0.0,0.0,0.0,0.0,0.0,0.0,0.0,0,0,0,0,0,0,0,0,0,0,0,0,0,0,0,0,__MSG_extName__,,,
0,0,0,0,0,1,0,0,0,0,0,84,0.37173151514481784,30.82713748109591,0.08107256914899495,3.947521540706591,3.1289107816826216,336,156,191,0,0,3,0.03975387360926506,0.011817254598529878,0.005486582492174586,0.0001055112017725882,0.006717546512854782,0.0,0.0,0,0,0,5,0,0,2,0,0,0,0,0,0,0,0,2,__MSG_extName__,,,
0,0,0,0,0,0,0,0,0,0,0,0,0.0,0.0,0.0,0.0,0.0,0,0,0,0,0,0,0.0,0.0,0.0,0.0,0.0,0.0,0.0,0,0,0,0,0,0,0,0,0,0,0,0,0,0,0,0,Manyland,,,
0,0,0,0,0,1,0,0,0,0,0,17,0.42058287485734724,23.59600614439324,0.12157136611649548,3.4157187176835575,3.2283419083306977,68,10,7,0,0,1,0.057369380016742993,0.009495880463622399,0.0013964530093562352,0.00013964530093562352,0.0009775171065493646,0.0,0.0,0,0,0,0,0,0,3,0,0,0,0,0,0,0,0,3,2048 Game,,,
0,0,0,0,0,0,0,0,0,0,0,0,0.0,0.0,0.0,0.0,0.0,0,0,0,0,0,0,0.0,0.0,0.0,0.0,0.0,0.0,0.0,0,0,0,0,0,0,0,0,0,0,0,0,0,0,0,0,Dracula Chrome Theme,,,
0,0,0,0,1,1,0,0,0,0,0,143,0.4578522083203903,59.89558372490066,0.08263970282477241,3.983609908245768,2.855026037418049,435,72,143,0,0,1,0.06426581473518457,0.006572287609349268,0.0010878269146509132,1.5108707147929351e-05,0.0021605451221538975,0.0,0.0,7,0,0,6,1,0,13,0,1,0,0,0,0,0,0,13,Surfingkeys,,,
0,1,0,0,1,1,0,0,0,0,1,230,0.5654873978133558,52.01201068308812,0.07802303748146737,3.857579713147609,2.552323568279427,5519,50,249,0,0,17,0.05638067571594131,0.017199522564439778,0.00015582100529479775,5.297914180023124e-05,0.0007759886063680928,0.0,0.0,0,0,0,10,0,0,4,0,0,0,3,0,0,0,0,4,Toby Mini,,,
1,1,0,0,1,1,1,0,1,0,0,181,0.37263437278928424,39.426258659079664,0.08452237447533302,4.346430473215237,3.085681128371757,457,66,54,0,0,1,0.06943803471901736,0.003533213755566551,0.000510267194458189,7.73132112815438e-06,0.0004174913409203365,0.0,0.0,92,0,0,4,0,1,8,0,0,0,0,0,0,0,0,8,Trackerbot,,,
0,0,1,1,1,1,0,1,0,0,1,152,0.4519501038010049,49.37150546304883,0.05884508865607133,6.260791869565049,2.492630254840311,691,66,312,0,3,4,0.06319803822929275,0.0013929766560496714,0.00013304842156190784,8.063540700721686e-06,0.0006289561746562916,6.047655525541265e-06,0.0,38,0,4,0,0,0,62,0,0,0,0,0,2,0,0,61,__MSG_name__,,,
0,0,1,1,0,0,1,0,0,0,0,144,0.46069754031834276,46.531096191376285,0.10560174027428842,3.4094409247945476,2.8780654854491408,447,48,100,0,1,2,0.054088337459639084,0.005486480183619113,0.0005891522344825893,2.454800977010789e-05,0.0012274004885053944,1.2274004885053945e-05,0.0,0,0,0,0,1,0,3,0,0,0,0,0,0,0,0,3,京价保 - 京东价保助手,,,
0,1,0,0,1,1,0,0,0,0,1,68,0.5867609640316132,54.45236928993868,0.08251553788184257,3.276878473061126,2.6681053004645445,1168,11,136,0,0,0,0.05094044930781333,0.010594680889662929,9.97786727622365e-05,0.0,0.0012336272268785604,0.0,0.0,5,5,0,2,0,0,4,0,1,0,0,0,0,0,0,4,XTranslate,,,
0,0,0,0,0,0,0,0,0,0,0,0,0.0,0.0,0.0,0.0,0.0,0,0,0,0,0,0,0.0,0.0,0.0,0.0,0.0,0.0,0.0,0,0,0,0,0,0,0,0,0,0,0,0,0,0,0,0,BMW M Power,,,
0,0,0,0,0,1,0,0,0,0,0,0,0.28358790523690774,22.992523364485983,0.09725685785536159,6.417985012489592,3.329594686417593,18,0,6,0,0,0,0.027477102414654453,0.03364485981308411,0.0,0.0,0.011214953271028037,0.0,0.0,0,0,0,2,0,2,2,0,0,0,0,0,0,0,0,2,EZProxy Redirect,,,
0,0,0,0,0,0,0,0,0,0,0,0,0.0,0.0,0.0,0.0,0.0,0,0,0,0,0,0,0.0,0.0,0.0,0.0,0.0,0.0,0.0,0,0,0,0,0,0,0,0,0,0,0,0,0,0,0,0,Deadpool Funny,,,
0,0,0,0,0,1,1,0,0,0,1,44,0.4370694936472844,32.115469146238375,0.10695691163021957,3.424231251670344,3.027798644207629,655,6,67,0,0,1,0.039019232607453096,0.0048145834099011355,4.4103054136498955e-05,7.350509022749826e-06,0.0004924841045242383,0.0,0.0,1,0,0,0,0,0,1,0,0,0,0,0,0,0,0,1,Joom Pulse – Extensão para Google Chrome,,,
0,0,0,0,0,1,0,0,0,0,1,0,0.27177195293510165,72.98193040765109,0.10703417354044392,2.497816879763613,2.9281308686607574,0,0,0,0,0,0,0.01223102127862606,0.0,0.0,0.0,0.0,0.0,0.0,5,2,0,0,0,0,0,0,0,0,0,0,0,0,0,0,__MSG_extName__,,,
0,0,0,0,0,0,0,0,0,0,0,0,0.0,0.0,0.0,0.0,0.0,0,0,0,0,0,0,0.0,0.0,0.0,0.0,0.0,0.0,0.0,0,0,0,0,0,0,0,0,0,0,0,0,0,0,0,0,Noteflight,,,
0,0,0,0,0,1,0,0,0,0,0,231,0.5361233087185778,55.05986429703107,0.08098134134689111,3.763559023351903,2.649912408365476,660,50,252,0,0,2,0.06384265083033476,0.0022731969415168423,0.0001722118895088517,6.8884755803540675e-06,0.0008679479231246125,0.0,0.0,0,0,0,0,0,0,1,0,0,0,0,0,0,0,0,1,__MSG_pluName__,,,
0,0,0,0,0,0,0,1,0,0,0,22,0.5654591507430571,45.20706741729865,0.08580221864877302,3.421243076078817,2.71505231420369,213,14,81,0,0,0,0.04199226007076833,0.0024775508305029544,0.00016284371655887964,0.0,0.0009421672172335179,0.0,0.0,0,0,0,0,0,0,2,0,0,0,0,0,0,0,0,2,Nifty – Passwordless Authenticator,,,
0,0,1,0,1,0,0,0,0,0,0,18,0.3889781348885915,28.11889332003988,0.09497327851124357,5.463048460490915,3.217087540341232,80,18,9,0,0,0,0.06789118809579167,0.006646726487205052,0.0014955134596211367,0.0,0.0007477567298105683,0.0,0.0,0,0,0,0,0,0,0,0,0,0,0,0,0,0,0,0,EZLynx Carrier Integration,,,
0,0,0,0,0,0,0,0,0,0,0,2,0.351748522181095,22.886543535620053,0.10430362963372189,5.357913669064748,3.2056624090181356,5,3,5,0,0,0,0.045563549160671464,0.006596306068601583,0.00395778364116095,0.0,0.006596306068601583,0.0,0.0,6,0,0,1,0,0,2,0,0,0,0,0,0,0,0,2,Search Commands,,,
0,0,0,0,0,1,0,0,0,0,1,19,0.4056920716892323,56.23898342059337,0.09263765685592598,5.142182011708355,2.6282246634069466,42,3,13,0,0,1,0.05602980308674827,0.004581151832460733,0.0003272251308900524,0.00010907504363001745,0.0014179755671902268,0.0,0.0,10,0,0,0,0,0,0,0,0,0,0,0,0,0,0,0,Social Share Preview,,,
0,0,0,0,0,0,0,0,0,0,0,6,0.4427717131949415,28.30216298885733,0.11039280601288476,4.011694806904073,3.195633905165609,69,10,8,0,0,0,0.10262099048621817,0.007537688442211055,0.0010924186148131964,0.0,0.0008739348918505571,0.0,0.0,3,0,0,2,0,0,2,0,0,0,0,0,0,0,0,2,Mindomo - AI Mind Map Maker,,,
0,0,0,0,0,1,0,0,0,0,0,3,0.293021212501569,15.565488565488565,0.08365758754863813,6.647639182522903,3.7348345697953627,16,1,9,0,0,0,0.018322762508809022,0.016632016632016633,0.0010395010395010396,0.0,0.009355509355509356,0.0,0.0,23,0,0,0,0,0,1,0,0,0,0,0,0,0,0,1,Why Salesforce,,,
0,1,0,0,0,0,0,0,0,0,0,0,0.4687903083750504,61.15345223379834,0.06496218470682494,4.243866893368958,2.516439522349524,57,7,1,0,0,0,0.05878066553315521,0.005032668197068692,0.0006180469715698393,0.0,8.829242450997704e-05,0.0,0.0,0,0,0,0,0,0,0,0,0,0,0,0,0,0,0,0,__MSG_name__,,,
0,0,1,0,0,1,0,0,0,0,1,26,0.48334658118919666,58.32096867192005,0.0921964369027665,3.5098814229249014,2.7834581821403384,170,16,35,0,10,0,0.031107232688260357,0.010891152540201166,0.0010250496508424627,0.0,0.0022422961112178873,0.0006406560317765392,0.0,0,0,0,0,0,0,2,0,0,0,0,0,0,0,0,2,__MSG_appName__,,,
0,0,0,0,0,0,0,0,0,0,0,0,0.0,0.0,0.0,0.0,0.0,0,0,0,0,0,0,0.0,0.0,0.0,0.0,0.0,0.0,0.0,0,0,0,0,0,0,0,0,0,0,0,0,0,0,0,0,Altered Landscape,,,
0,0,0,0,0,0,0,0,0,0,0,30,0.4412901369479661,40.578253031792855,0.11758526976719437,3.190337120380843,3.0873395357088196,110,11,9,0,0,1,0.05732903421847831,0.00901343821697804,0.000901343821697804,8.194034742707309e-05,0.0007374631268436578,0.0,0.0,38,0,0,2,0,2,2,0,1,0,0,0,0,0,0,2,Pastebin.com,,,
0,0,0,0,1,1,0,1,0,0,1,65,0.5642316832371752,46.137452965780085,0.08744949493651782,3.1290182258686197,2.609754077500829,196,30,77,0,0,1,0.043670502725620834,0.001582610661628151,0.00024223632575941088,8.074544191980362e-06,0.0006217399027824879,0.0,0.0,9,0,0,0,0,0,2,0,0,0,0,0,0,0,0,2,__MSG_title__,,,
0,0,0,0,0,1,0,0,0,0,0,52,0.5565091581888542,58.1502242865778,0.0785380244343867,4.12782556922003,2.7374008138052695,247,45,125,0,0,6,0.06960669582058705,0.007857983647758724,0.0014316164540451118,0.00019088219387268157,0.0039767123723475324,0.0,0.0,0,0,0,3,0,0,1,0,0,0,0,0,8,0,0,1,Netflix 同時字幕で英語学習,,,
0,0,0,0,1,1,0,0,0,0,0,0,0.3428848171765276,23.110894941634243,0.09411574784082653,6.857608695652174,3.503259206036195,7,3,4,0,0,0,0.04673913043478261,0.013618677042801557,0.005836575875486381,0.0,0.007782101167315175,0.0,0.0,0,0,0,1,0,0,1,0,0,0,0,0,0,0,0,1,AD Skipper for Youtube,,,
1,1,1,0,0,1,1,1,0,0,0,101,0.3409092151586297,52.80990700322642,0.09610527075040645,5.146163996785822,3.038039071274281,1509,95,105,0,1,0,0.039229924289895246,0.014319605238185614,0.0009014993357373315,0.0,0.0009963940026570506,9.489466691971911e-06,0.0,46,2,0,0,0,0,1,0,0,0,0,0,0,0,0,1,Tealium Tools,,,
0,0,0,0,0,0,0,0,0,0,0,0,0.0,0.0,0.0,0.0,0.0,0,0,0,0,0,0,0.0,0.0,0.0,0.0,0.0,0.0,0.0,0,0,0,0,0,0,0,0,0,0,0,0,0,0,0,0,__MSG_appName__,,,
0,1,0,0,0,0,0,0,0,0,0,6,0.39986832703069425,28.21060037523452,0.13189777681431702,2.8187147948040003,3.379968786050247,8,1,3,0,0,0,0.03419933325669617,0.001876172607879925,0.00023452157598499062,0.0,0.0007035647279549719,0.0,0.0,2,0,0,0,0,0,1,0,0,0,0,0,0,0,0,1,Etymonline,,,
0,0,0,0,1,1,0,1,0,0,0,62,0.317128330522526,67.87996966212414,0.08625366032470863,6.233115796652102,2.753193068089968,526,26,72,0,0,2,0.03186132631295149,0.012869131211313091,0.0006361167518900007,4.8932057837692364e-05,0.0017615540821569252,0.0,0.0,0,0,0,5,0,1,3,0,0,0,0,0,0,0,0,3,写作猫浏览器插件,,1.0,
0,0,1,1,0,1,0,0,0,0,1,37,0.44404322899440546,43.5559597964096,0.08685182695535484,4.348424159601767,3.268715279505011,151,37,65,0,0,5,0.08034494133169973,0.0027745622255296474,0.0006798596181761387,9.187292137515388e-05,0.0011943479778770006,0.0,0.0,18,0,0,2,0,1,12,0,0,0,1,0,0,0,0,12,M3U8 finder and HLS player,,,
0,0,1,1,1,1,1,0,0,0,0,96,0.3771868888657491,33.26565656565656,0.09788037899179282,4.323974237391738,2.801214349056173,518,62,109,0,1,4,0.0852026805337696,0.00843923101987618,0.00101010101010101,6.516780710329097e-05,0.001775822743564679,1.6291951775822744e-05,0.0,107,0,0,27,0,2,69,0,0,0,20,1,0,0,0,69,__MSG_name__,,,
0,0,0,0,1,1,1,0,0,0,1,244,0.41835174910961365,60.5425548005445,0.08298099729281762,4.5344541289475835,2.8904134014856764,294,14,118,0,0,7,0.05479719432519098,0.001646957330360594,7.842653954098067e-05,3.9213269770490335e-05,0.000661023690416837,0.0,0.0,66,4,2,0,0,0,3,0,0,0,0,0,0,0,0,3,Text Request,,,
0,0,0,0,0,0,0,0,0,0,0,0,0.0,0.0,0.0,0.0,0.0,0,0,0,0,0,0,0.0,0.0,0.0,0.0,0.0,0.0,0.0,0,0,0,0,0,0,0,0,0,0,0,0,0,0,0,0,gruvbox slate,,,
0,0,0,0,0,0,0,0,0,0,0,0,0.0,0.0,0.0,0.0,0.0,0,0,0,0,0,0,0.0,0.0,0.0,0.0,0.0,0.0,0.0,0,0,0,0,0,0,0,0,0,0,0,0,0,0,0,0,Aston Martin DBC Concept - Full HD - Axlg,,,
0,1,0,0,0,1,0,0,0,0,0,56,0.4793277093474459,34.24659479568774,0.09476147618847654,3.692940358198574,2.5963710829271562,109,16,63,0,0,1,0.024662377557526226,0.002180130807848471,0.0003200192011520691,2.000120007200432e-05,0.0012600756045362722,0.0,0.0,3,0,0,0,0,0,1,0,0,0,0,0,0,0,0,1,__MSG_appName__,,,
0,0,0,0,1,1,0,0,0,0,1,17,0.46574778180869003,36.40495804729214,0.1010589811512367,3.509659437996335,2.7548264738873605,53,3,17,0,0,0,0.03613698839340256,0.0040427154843630814,0.0002288329519450801,0.0,0.0012967200610221204,0.0,0.0,2,0,0,0,0,0,1,0,0,0,0,0,0,0,0,1,__MSG_extensionName__,,,
0,0,0,0,1,1,0,0,0,0,0,9,0.5962372421199806,44.12072687437575,0.08896258164579063,2.862884394514463,2.267433078901043,8,1,7,0,0,0,0.04969841716550166,0.0002577568708315881,3.221960885394851e-05,0.0,0.00022553726197763958,0.0,0.0,0,0,0,0,0,0,0,0,0,0,0,0,0,0,0,0,__MSG_name__,,,
0,0,0,0,0,1,0,0,0,0,0,0,0.4134137831958297,36.49890061565523,0.12135498208641911,3.3787101211576105,2.7825645248535804,84,12,7,0,0,0,0.05116131421617904,0.018469656992084433,0.002638522427440633,0.0,0.0015391380826737027,0.0,0.0,6,0,0,0,0,8,3,0,0,0,0,0,0,0,0,3,お天気予報,,,
0,1,0,0,1,1,0,0,0,0,0,155,0.5011785810503541,24.652655409078147,0.07988388130036737,4.618077189462193,3.1443241129154753,1021,83,183,0,0,0,0.08558618900900952,0.006098690065884967,0.0004957798976184645,0.0,0.0010931050754720362,0.0,0.0,48,0,0,1,0,0,7,0,0,0,0,0,0,0,0,7,Hope Chest,,,
0,0,0,0,0,1,0,0,0,0,1,3,0.42351894193513057,24.18808193668529,0.10168540095017731,3.7870087451269625,2.5753267396415964,85,10,10,0,0,0,0.08189337266884417,0.005862473274018898,0.0006897027381198703,0.0,0.0006897027381198703,0.0,0.0,12,0,0,1,0,0,4,0,0,0,0,0,0,0,0,4,Did you mean?,,,
0,0,0,0,0,1,0,0,0,0,0,8,0.32600512251238767,36.90691114245416,0.10181768569107405,4.94496398331859,3.013976303287543,58,10,24,0,0,1,0.039491975230633136,0.013634226610249177,0.0023507287259050304,0.00023507287259050304,0.005641748942172073,0.0,0.0,0,0,0,9,0,6,3,0,0,0,1,0,0,0,0,3,TeX for Gmail,,,
1,1,0,0,1,1,0,0,0,0,1,84,0.3998310553279795,54.01404482014705,0.07730119089587494,3.6362247939247934,3.0039431136845467,391,120,141,0,0,2,0.036968322440240835,0.00860740545062299,0.002641658961828028,4.402764936380047e-05,0.003103949280147933,0.0,0.0,70,0,0,7,0,0,28,0,2,0,0,0,0,0,0,26,__MSG_n__,,,
0,0,0,0,1,1,1,0,1,0,1,312,0.5300732440099984,61.74593842205613,0.07207111913822475,3.9473112721498675,2.5474716187866178,9289,98,217,0,0,11,0.03654183347691684,0.033670680518200075,0.0003552294854972125,3.987269735172794e-05,0.000786579575029542,0.0,0.0,0,0,0,0,0,0,0,0,0,0,0,0,0,0,0,0,WA WorkFlow,,,
0,0,0,0,0,0,0,0,0,0,0,0,0.34551495016611294,27.41509433962264,0.09213732004429678,6.629526462395543,3.7413202896216378,1,0,0,0,0,0,0.04735376044568245,0.006289308176100629,0.0,0.0,0.0,0.0,0.0,0,0,0,0,0,0,0,0,0,0,0,0,0,0,0,0,Search Anime by Screenshot,,,
0,0,0,0,0,1,0,0,0,0,0,50,0.34669899707331003,20.737029254889283,0.08149894710543222,5.33686895810956,3.483482573985902,389,23,192,0,0,1,0.06371583721207781,0.0062873767577177955,0.0003717472118959108,1.6162922256343948e-05,0.003103281073218038,0.0,0.0,0,0,1,8,0,0,1,0,0,0,0,0,0,0,0,1,"Torii Image Translator — AI Manga Translator, Manhwa Translator ...",,,
0,0,0,0,0,1,0,0,0,0,0,56,0.5257733075770521,45.055675357772984,0.09270016840645393,3.6148248293358702,2.7050204411139904,968,13,70,0,0,0,0.047055730809674026,0.017251519309939227,0.0002316836270962913,0.0,0.0012475272228261837,0.0,0.0,0,0,1,2,0,0,4,0,0,0,0,0,0,0,0,3,1of10.com - Optimization Tool For Youtube,,,
0,0,0,0,0,1,0,0,0,0,1,18,0.49294157643376096,39.01399452388196,0.09403012796074176,3.812343572879606,2.8625995712214967,157,16,24,0,0,5,0.0427389757460802,0.006823416923812421,0.0006953800686687818,0.00021730627145899432,0.0010430701030031727,0.0,0.0,0,0,2,0,0,0,2,0,0,0,0,0,0,0,0,2,Cheese-PIP,,,
0,0,0,0,0,1,0,0,0,0,0,1,0.19479790419161677,32.82911392405063,0.07934131736526946,5.835714285714285,3.7313694495436707,7,1,3,0,0,0,0.04285714285714286,0.04430379746835443,0.006329113924050633,0.0,0.0189873417721519,0.0,0.0,0,0,0,0,0,0,1,0,0,0,0,0,0,0,0,1,MS Office 365 Apps by OUBRECHT.com,,,
0,0,0,0,0,1,0,0,0,0,0,1,0.342305441778818,14.132743362831858,0.10678759508484494,6.323636363636363,3.4680549475549114,1,0,1,0,0,0,0.03272727272727273,0.004424778761061947,0.0,0.0,0.004424778761061947,0.0,0.0,0,0,0,5,0,0,1,0,0,0,0,0,0,0,0,1,Share on Twitter,,,
0,1,1,0,1,1,1,1,0,0,1,144,0.32460903303164185,61.89822086344571,0.08006205371542756,4.902707112842377,3.332497026739485,355,45,185,0,1,1,0.043843818053553356,0.002925398224983725,0.000370825127110613,8.240558380235845e-06,0.0015245033003436312,8.240558380235845e-06,0.0,94,1,0,0,0,0,2,0,0,0,0,0,0,0,0,2,__MSG_extName__,,,
0,0,0,0,0,1,0,0,0,0,0,12,0.308892846478693,35.150732459521976,0.0957002090176172,6.972086811352254,3.414589287755118,272,0,106,0,0,0,0.07626043405676126,0.052428681572860444,0.0,0.0,0.020431765612952967,0.0,0.0,0,0,0,6,2,12,6,0,0,0,1,0,0,0,0,6,__MSG_namefull__,,,
0,0,1,0,0,1,0,0,0,0,0,0,0.2867375886524823,25.358878504672898,0.09801418439716313,6.263237518910741,3.7548998223272227,12,0,2,0,1,1,0.07866868381240545,0.022429906542056073,0.0,0.001869158878504673,0.003738317757009346,0.001869158878504673,0.0,3,0,0,1,0,0,1,0,0,0,1,0,0,0,0,1,Ninja Download Manager,,,
0,0,0,0,1,1,0,1,0,0,1,61,0.5594421668353432,46.05747276654956,0.08869018008767911,3.1400331431186426,2.6434819440094013,185,39,77,0,0,1,0.04551631847902207,0.0014222126553863422,0.000299817803027391,7.68763597506131e-06,0.0005919479700797208,0.0,0.0,9,0,0,0,0,0,2,0,0,0,0,0,0,0,0,2,Etsy™ Tags Tool for EHunt,,,
0,1,0,0,0,1,0,1,0,0,0,14,0.3581017042034623,46.48880119453925,0.08338873267273364,5.820322715789207,3.3044418388172585,51,16,28,0,0,3,0.0498800289453973,0.0027197098976109216,0.0008532423208191126,0.0001599829351535836,0.0014931740614334472,0.0,0.0,0,0,0,0,0,0,1,0,0,0,0,0,0,0,0,1,Твич 1080 и 1440 | Вернуть 1080/1440 на Твич от STREAM KEY (не ВПН),,,
1,1,0,0,1,1,0,0,0,0,0,16,0.40424269032383076,39.69061876247505,0.10194425981020963,3.862846033183837,3.1682631490841104,75,13,11,0,0,0,0.08567704305945253,0.0074850299401197605,0.0012974051896207585,0.0,0.0010978043912175648,0.0,0.0,13,1,0,0,0,0,2,0,0,0,0,0,0,0,0,2,__MSG_manifest_name__,,,
0,1,0,0,0,0,0,1,0,0,0,0,0.7509316698964557,44.9246972090574,0.03500785469389627,4.357353335119207,2.9325499770610413,1,0,1,0,0,0,0.02276989016876507,0.000526592943654555,0.0,0.0,0.000526592943654555,0.0,0.0,0,0,0,0,0,0,0,0,0,0,0,0,0,0,0,0,fleetyards-sync,,,
0,0,0,0,0,0,0,0,0,0,0,0,0.0,0.0,0.0,0.0,0.0,0,0,0,0,0,0,0.0,0.0,0.0,0.0,0.0,0.0,0.0,0,0,0,0,0,0,0,0,0,0,0,0,0,0,0,0,Clearline – Search Safety Signals,,,
0,0,0,0,0,1,0,0,0,0,0,37,0.5808599312625788,56.16684150513113,0.05739064050447258,6.05900530948296,2.544645322073819,104,12,49,0,0,2,0.06927504746048344,0.0006776347939403812,7.818863007004398e-05,1.303143834500733e-05,0.0003192702394526796,0.0,0.0,5,0,0,0,0,0,0,0,0,0,0,0,0,0,0,0,__MSG_appName__,,,
1,1,0,0,0,1,1,1,0,0,0,4,0.2888758594957625,39.30197594501718,0.07450562336762433,7.3034839051530005,3.70787131789961,18,1,23,0,0,7,0.04384686713471983,0.007731958762886598,0.000429553264604811,0.003006872852233677,0.009879725085910653,0.0,0.0,1,0,0,9,0,1,6,0,1,0,0,0,0,0,0,6,Zoho Sheet - Extension & Web Clipper,,,
0,0,0,0,0,1,0,0,0,0,0,43,0.3249487050002957,57.12268640930724,0.09961011250779092,4.8218869921926695,3.5698587432146427,116,6,35,0,0,0,0.02818578801111552,0.030671602326811213,0.0015864621893178213,0.0,0.009254362771020624,0.0,0.0,14,0,0,19,2,0,12,0,0,0,0,0,0,2,0,12,__MSG_extension_name__,,,
0,0,0,0,1,1,0,0,0,0,0,42,0.2726900813009478,94.64445281373268,0.058432893092227635,8.240522901803972,3.0618267072719645,1913,8,33,0,0,2,0.026235970373063116,0.03791948304228032,0.00015857598763107297,3.964399690776824e-05,0.000654125948978176,0.0,0.0,0,0,0,0,0,0,8,0,0,0,0,0,0,0,0,8,ProfilePro - AI SEO Tool for Google Business Profile SEO,,,
0,0,0,0,0,1,0,0,0,0,1,126,0.3603941043272966,39.29954109303296,0.09480904031500142,4.853789226787447,2.9369794373379348,677,42,29,0,1,2,0.0683031381429958,0.007633415643428159,0.00047356492913439095,2.2550710911161474e-05,0.00032698530821184137,1.1275355455580737e-05,0.0,32,0,0,0,0,1,9,0,0,0,0,0,0,0,0,9,MakkhiChoose,,,
0,0,0,0,0,1,0,0,0,0,1,34,0.457623687385322,43.55141983776369,0.08826400283955359,4.911801846384874,3.060932938767747,102,187,65,0,0,5,0.0821089514968459,0.0011017379375897862,0.002019852885581275,5.400676164655815e-05,0.0007020879014052559,0.0,0.0,74,0,0,4,0,4,12,0,2,0,0,0,0,0,0,12,__MSG_manifest_chrome_extension_name__,,,
0,0,0,0,0,1,0,0,0,0,0,0,0.2856506734943783,27.90032154340836,0.10553267282644996,5.536772777167947,3.3953262875204038,0,0,0,0,0,0,0.019758507135016465,0.0,0.0,0.0,0.0,0.0,0.0,0,0,0,0,0,0,0,0,0,0,0,0,0,0,0,0,__MSG_appName__,,,
0,0,0,0,0,0,0,0,0,0,0,0,0.20170454545454544,14.347826086956522,0.09943181818181818,7.225806451612903,3.4213186268636337,0,0,0,0,0,0,0.03225806451612903,0.0,0.0,0.0,0.0,0.0,0.0,0,0,0,0,0,0,0,0,0,0,0,0,0,0,0,0,Downloads Folder Launcher,,,
0,0,0,0,0,0,0,0,0,0,1,12,0.49017128711553565,46.8817906643301,0.08021347671586569,5.13904532046125,3.073642225874776,38,17,44,0,0,2,0.12103334227228033,0.0060538473793213315,0.002708300143380596,0.0003186235462800701,0.0070097180181615424,0.0,0.0,23,0,0,0,1,0,9,0,0,0,0,0,0,0,0,9,Калькулятор,,,
0,0,0,0,0,0,0,0,0,0,0,0,0.0,0.0,0.0,0.0,0.0,0,0,0,0,0,0,0.0,0.0,0.0,0.0,0.0,0.0,0.0,0,0,0,0,0,0,0,0,0,0,0,0,0,0,0,0,Twitter用 センシティブ画像大好き君,,,
0,0,0,0,0,0,0,0,0,0,0,0,0.0,0.0,0.0,0.0,0.0,0,0,0,0,0,0,0.0,0.0,0.0,0.0,0.0,0.0,0.0,0,0,0,0,0,0,0,0,0,0,0,0,0,0,0,0,__MSG_extName__,,,
0,0,0,0,0,1,0,0,0,0,0,102,0.40331629912977507,49.80327989735573,0.08668574265224581,4.904707759165461,2.676490686431293,807,44,60,0,0,6,0.06568185620644787,0.0039671420354830626,0.00021630018532993152,2.9495479817717935e-05,0.00029495479817717935,0.0,0.0,26,0,3,6,1,0,12,0,0,0,2,0,0,0,0,11,__MSG_appName__,,,
0,0,0,0,1,1,0,0,0,0,0,4,0.44331454730671177,37.4874347706674,0.09084372987370723,4.634936591401176,3.2188562676827543,141,21,19,0,0,0,0.06027683266316115,0.009681406207085965,0.0014419115627574842,0.0,0.0013045866520186762,0.0,0.0,0,0,0,3,0,0,5,0,0,0,0,0,0,0,0,5,__MSG_app_name__,,,
0,1,0,0,1,1,0,1,0,0,0,34,0.46758254416704054,34.53913497085573,0.09936188095464499,3.8039063740591357,2.8283842842495277,146,3,39,0,0,3,0.05679804363705656,0.0033113333786940645,6.804109682248077e-05,6.804109682248077e-05,0.0008845342586922501,0.0,0.0,9,0,1,0,0,0,2,0,0,0,0,0,0,0,0,2,CRM de vendas para Whatsapp Web - via Agendor,,,
0,0,0,0,0,0,0,0,0,0,0,0,0.26431551004929843,36.69285714285714,0.06105422828972317,5.18348623853211,3.736303082215991,0,0,3,0,0,0,0.024464831804281346,0.0,0.0,0.0,0.02142857142857143,0.0,0.0,0,0,0,0,0,0,1,0,0,0,0,0,0,0,0,1,Workiva,,,
0,0,0,0,0,0,0,0,0,0,1,0,0.3711029325731548,39.841876629018245,0.1094263559294991,3.4328556043409826,3.5132091016162392,83,11,10,0,0,0,0.04386546267914837,0.018027801911381407,0.0023892267593397048,0.0,0.002172024326672459,0.0,0.0,6,0,0,9,2,0,40,0,0,0,0,2,0,2,0,38,Meme Soundboard,,,
0,1,0,0,0,1,0,0,0,0,0,25,0.45224314032398905,33.30357642233477,0.09284068305090273,4.011719752226662,3.1719494627478952,34,9,34,0,0,2,0.05307334237437232,0.0010564583786471118,0.0002796507472889414,6.214461050865363e-05,0.0010564583786471118,0.0,0.0,13,1,0,0,0,0,1,0,0,0,0,0,0,0,0,1,Word Replacer Max,,,
0,0,0,0,1,1,1,0,0,0,0,52,0.4220060986732195,37.88475483121546,0.09269222883105444,5.050782929393909,3.069766304038837,62,10,22,0,0,2,0.05817452876611571,0.001091203491851174,0.00017600056320180225,3.520011264036045e-05,0.00038720123904396496,0.0,0.0,1,0,0,4,0,0,1,0,0,0,0,0,0,0,0,1,__MSG_appName__,,,
0,0,0,0,0,1,0,0,0,0,1,3,0.3226515945883737,19.15721649484536,0.07705685276591391,6.558269570335492,3.578321659112744,49,1,16,0,0,0,0.034137728075338436,0.025257731958762887,0.0005154639175257732,0.0,0.008247422680412371,0.0,0.0,0,0,0,7,0,0,1,0,0,0,0,0,0,0,0,1,SheetsGPT - AI Google Sheets Formula Maker,,,
0,1,0,0,0,1,0,0,0,0,1,316,0.4276796918891826,44.49380168619928,0.08069500689468469,3.922019608881592,2.8836981288330956,439,43,107,0,0,0,0.04068412620652217,0.003538439217835668,0.00034658971837570323,0.0,0.0008624441829348895,0.0,0.0,32,0,5,45,0,0,38,0,0,0,0,0,0,0,0,38,RevSeller,,,
0,0,0,0,0,0,1,1,0,0,1,62,0.4237469255920013,22.607730647950362,0.09413764040586495,4.8301630301904135,3.1941701064123253,250,38,27,3,0,0,0.09161768589060254,0.005085952598921778,0.0007730647950361103,0.0,0.000549282880683552,0.0,6.1031431187061336e-05,4,0,0,11,10,0,104,17,0,0,7,0,0,9,1,72,__MSG_appName__,,,
0,1,0,0,0,1,0,0,0,0,0,7,0.4147407114440593,22.409323603093345,0.12028476374380569,3.4285599839775687,3.274280422735948,110,13,12,0,0,3,0.05675946324854797,0.011981265657335802,0.0014159677595033222,0.0003267617906546128,0.0013070471626184512,0.0,0.0,0,0,0,19,0,2,8,0,0,0,2,0,0,0,0,8,Url Shortener,,,
0,1,0,0,0,0,0,0,0,0,0,34,0.40042608413435843,34.37834537498728,0.11843202189098324,3.8232365816682847,3.00949937950771,221,20,29,0,0,0,0.040446624763656805,0.0037481767918320272,0.0003392015196228079,0.0,0.0004918422034530715,0.0,0.0,0,0,0,0,0,0,0,0,0,0,0,0,0,0,0,0,Black Friday de Verdade,,,
0,0,0,0,0,1,0,0,0,0,0,43,0.5812683748978207,61.966680367536895,0.07767899219331371,3.888180681028492,2.4337190214164943,181,23,67,0,0,0,0.06311327310632384,0.0023998621073706263,0.0003049548534227868,0.0,0.0008883467469272484,0.0,0.0,1,0,0,0,0,0,0,0,0,0,0,0,0,0,0,0,Resize Gmail Sidebar by cloudHQ,,,
0,0,0,0,0,0,0,0,0,0,0,0,0.2984845157039315,18.1964586846543,0.07630133977597188,5.775713337757133,3.4304097611792934,3,0,1,0,0,0,0.09555408095554081,0.002529510961214165,0.0,0.0,0.0008431703204047217,0.0,0.0,0,0,0,0,0,0,0,0,0,0,0,0,0,0,0,0,Net iD Client,,,
0,0,0,0,0,1,0,0,0,0,1,81,0.5254072148807948,43.67806257299158,0.08767660102764697,3.4901309765045756,2.5366491104794076,361,26,77,0,0,3,0.04941010356419148,0.004437888007867724,0.00031962628311512693,3.687995574405311e-05,0.0009465855307640297,0.0,0.0,0,0,0,0,0,0,4,0,0,0,0,0,0,0,0,4,Ad Library downloader,,,
0,0,0,0,0,1,0,0,0,0,1,9,0.4016874853701615,41.5101763907734,0.1303066414146788,3.2020714346603016,3.1951296956336273,67,8,9,0,0,1,0.05638905464154804,0.015151515151515152,0.0018091361374943465,0.0002261420171867933,0.0020352781546811396,0.0,0.0,0,0,0,3,0,0,10,0,0,0,3,0,0,0,0,10,Holmes,,,
1,1,0,0,1,1,0,0,0,0,0,0,0.3516570037935724,27.289473684210527,0.10278433898790351,6.933074684772066,2.8463475584830182,14,2,8,0,0,0,0.08729388942774007,0.02834008097165992,0.004048582995951417,0.0,0.016194331983805668,0.0,0.0,4,0,0,2,1,0,1,0,0,0,0,0,0,1,0,1,Bionify | Read faster!,,,
0,1,1,0,0,1,0,0,1,0,1,139,0.466947340233173,47.6744780960212,0.08980646913153867,4.099627280499302,2.6669966168550183,418,63,157,0,0,0,0.039914440092858855,0.006364868362949767,0.0009592983417842949,0.0,0.002390632375557687,0.0,0.0,0,0,0,0,0,0,1,0,0,0,0,0,0,0,0,1,Ries - Learn language naturally in a native environment,,,
0,0,0,0,0,0,0,0,0,0,0,0,0.3424657534246575,23.934959349593495,0.09752120026092628,6.969565217391304,3.606475518414489,6,0,2,0,0,0,0.017391304347826087,0.04878048780487805,0.0,0.0,0.016260162601626018,0.0,0.0,0,0,0,1,0,1,1,0,0,0,0,0,0,0,0,1,TheGoodocs - Free Google Doc Templates,,,
0,0,0,0,0,1,0,0,0,0,0,1,0.28552865363706276,25.937142857142856,0.10244238775889045,6.512544802867383,3.829857842999829,11,1,18,0,0,0,0.0979689366786141,0.007857142857142858,0.0007142857142857143,0.0,0.012857142857142857,0.0,0.0,0,0,0,7,0,1,2,0,0,0,1,0,0,0,0,2,Bee Hive,,1.0,
1,1,0,0,1,1,0,0,0,0,1,32,0.5380731507242096,50.47927418012319,0.0936756562728724,3.332836047040175,2.6000356747529523,150,17,21,0,0,2,0.05755311833471253,0.0083236224404861,0.0009433438765884246,0.00011098163253981466,0.001165307141668054,0.0,0.0,0,0,0,10,0,0,7,0,0,0,8,0,0,0,0,7,Smooth Key Scroll,,,
0,0,0,0,0,0,0,0,0,0,0,0,0.0,0.0,0.0,0.0,0.0,0,0,0,0,0,0,0.0,0.0,0.0,0.0,0.0,0.0,0.0,0,0,0,0,0,0,0,0,0,0,0,0,0,0,0,0,Nissan GT-R R35 - Full HD - Axlg,,,
0,0,1,0,1,1,0,1,0,0,0,20,0.5628462922813133,27.91790738970086,0.08215127511135674,3.6343056524773205,2.827436649624851,19,11,21,0,5,4,0.053956734124214936,0.0012976369348449664,0.0007512634885944543,0.0002731867231252561,0.0014342302964075945,0.00034148340390657015,0.0,8,0,0,0,0,0,0,0,0,0,0,0,0,0,0,0,__MSG_APPNAME__,,,
0,0,0,0,0,1,0,0,0,0,0,7,0.3979204424723455,18.764705882352942,0.06183207299543778,6.1624541164132145,2.7381778429350843,64,21,39,0,0,0,0.028841111693759833,0.009881117801451289,0.003242241778601204,0.0,0.006021306160259379,0.0,0.0,2,0,0,2,0,0,7,0,0,0,0,0,0,0,0,7,JSON Formatter,,,
0,1,0,0,1,1,0,1,0,0,1,348,0.30716808834178494,46.36841186885934,0.07784274117639135,5.757229016430227,3.1879184015097297,1363,191,310,0,0,15,0.036788659429540335,0.0014590929430429206,0.00020446570221657948,1.6057515880883207e-05,0.0003318553282049196,0.0,0.0,0,2,0,6,0,0,15,0,0,0,0,0,0,0,0,15,NUFI,,,
0,0,0,0,0,0,0,0,0,0,1,28,0.4845823704192803,21.039438164332715,0.10006746379203928,3.8574463543307886,3.1416400982854986,190,29,28,0,0,2,0.08903503867773972,0.004007086215623418,0.0006116078960688375,4.2179854901299136e-05,0.000590517968618188,0.0,0.0,33,1,0,7,0,4,8,0,1,0,0,0,0,0,0,8,Agenty - Advanced Web Scraper,,,
0,0,0,0,0,1,0,0,0,0,1,104,0.4745077572444591,46.46801724877379,0.07285725034013203,5.474200069649627,2.9515566616867215,180,10,118,0,0,0,0.07828136259201746,0.0014036072706856621,7.7978181704759e-05,0.0,0.0009201425441161563,0.0,0.0,6,0,0,0,0,0,1,0,0,0,0,0,0,0,0,1,Panda New Tab,,,
0,0,0,0,0,1,0,0,0,0,1,15,0.5183658619167942,51.964631470246545,0.07310553605358926,3.5254574222822654,2.2581602596640793,282,16,76,0,0,3,0.045230106168959894,0.002600084825462391,0.0001475225432886463,2.7660476866621182e-05,0.00070073208062107,0.0,0.0,12,0,0,4,0,5,1,0,3,0,0,0,0,0,0,1,__MSG_appName__,,,
0,0,0,0,0,1,0,0,0,0,0,2,0.4165091796838694,21.870341504888763,0.1225300361238994,3.3650137741046833,3.2981906654200506,100,9,9,0,0,0,0.056632761178215724,0.014170327334561429,0.0012753294601105286,0.0,0.0012753294601105286,0.0,0.0,11,0,0,0,0,0,2,0,0,0,0,0,0,0,0,2,__MSG_name__,,,
0,0,0,0,0,0,0,0,0,0,0,0,0.08695652173913043,35.285714285714285,0.09486166007905138,6.3,3.616405679214772,0,0,0,0,0,0,0.03333333333333333,0.0,0.0,0.0,0.0,0.0,0.0,0,0,0,1,0,0,0,0,0,0,1,0,0,0,0,0,INFOhio,,,
0,0,0,0,0,1,0,1,0,0,0,0,0.32647981820149335,34.278625954198475,0.11448977383400065,4.416,3.549839642246214,4,0,4,0,0,0,0.011,0.015267175572519083,0.0,0.0,0.015267175572519083,0.0,0.0,2,0,1,3,0,0,1,0,0,0,0,0,0,0,0,1,Secure Input Guard,,,
0,1,0,0,0,1,1,0,0,0,0,25,0.4472254568689495,52.573603741202035,0.07055053524014533,5.82220744783654,3.1203949702915232,158,14,6,0,0,6,0.08662729121087258,0.0024878363696483963,0.0002204411973106174,9.447479884740746e-05,9.447479884740746e-05,0.0,0.0,0,0,0,0,0,0,0,0,0,0,0,0,0,0,0,0,国自然结题报告下载,,,
0,0,0,0,0,1,0,0,0,0,0,306,0.16716626713112173,206.18105262122336,0.09608938277569182,5.425795992989832,3.17166095814165,30243,150,451,0,0,11,0.03476328458983439,0.037190616203613185,0.0001844589634144092,1.3526990650390007e-05,0.0005546066166659903,0.0,0.0,9,2,2,0,0,0,3,0,0,0,0,0,0,0,0,3,__MSG_appName__,,,
0,0,0,0,0,1,0,0,0,0,0,16,0.40432373221906664,34.61961643835616,0.08040074216069687,6.3933543791484535,3.2275637338461185,48,5,42,0,0,2,0.07592682531973449,0.00526027397260274,0.000547945205479452,0.00021917808219178083,0.004602739726027397,0.0,0.0,9,0,0,8,0,1,27,0,0,0,3,0,0,0,0,27,List Highlighter for Trello,,,
0,0,0,0,0,1,0,0,0,0,0,15,0.4011686648671408,45.45363472900077,0.09047001751338388,4.612010372374694,3.1098779606749605,234,70,78,0,0,2,0.083011209895632,0.008586840849877068,0.0025687130747495505,7.339180213570144e-05,0.002862280283292356,0.0,0.0,19,0,0,1,0,0,12,0,1,0,0,0,0,0,0,12,Grammar.com,,,
0,0,0,0,0,1,0,0,0,0,1,8,0.5044193802022612,56.13968499870901,0.10590244828240652,3.2370751341681574,2.9581337458086288,74,14,13,0,0,0,0.047003577817531304,0.019106635682933127,0.0036147689129873485,0.0,0.003356571133488252,0.0,0.0,5,0,0,4,0,0,5,0,0,0,0,0,0,0,0,5,Tailored Notion,,,
0,0,0,0,0,0,0,0,0,0,0,0,0.22065727699530516,25.666666666666668,0.1056338028169014,6.410852713178294,2.87340119320735,0,0,0,0,0,0,0.03875968992248062,0.0,0.0,0.0,0.0,0.0,0.0,0,0,0,0,0,0,1,0,0,0,0,8,0,0,0,0,WEBZEN Starter,,,
1,1,1,0,0,1,0,0,1,0,0,5,0.44257434846990706,39.82339489126683,0.09564441682283095,3.718924403855911,2.8771352549135716,16,1,2,0,0,0,0.0273077267436655,0.0006903693476009665,4.3148084225060405e-05,0.0,8.629616845012081e-05,0.0,0.0,0,0,0,0,0,0,3,0,0,0,0,0,0,0,0,3,__MSG_appName__,,,
0,0,0,0,0,0,1,0,0,0,0,0,0.0,0.0,0.0,0.0,0.0,0,0,0,0,0,0,0.0,0.0,0.0,0.0,0.0,0.0,0.0,0,0,0,0,0,0,0,0,0,0,0,0,0,0,0,0,TU-95 - Pilot the Plane!,,,
0,1,0,0,0,1,0,0,0,0,0,80,0.40523691007665774,38.31751925095638,0.10207644558774687,4.7079856503344475,2.9848805028755625,800,36,129,0,0,4,0.04260345029565458,0.002818072297644796,0.00012681325339401582,1.409036148822398e-05,0.0004544141579952234,0.0,0.0,359,0,3,0,0,0,30,0,0,0,0,0,0,0,0,30,GetEmail.io gets the email of anyone on Earth,,,
0,1,0,0,1,1,0,0,0,0,0,40,0.5308407219029049,67.46082964208348,0.07227246587714276,4.542369015690664,2.7596047721042876,295,33,80,0,0,0,0.0535953371486495,0.0031793246898811256,0.00035565327039348185,0.0,0.0008621897464084409,0.0,0.0,3,0,0,22,0,1,1,0,0,0,0,0,1,0,0,1,__MSG_appName__,,,
1,1,0,0,0,1,0,0,0,0,0,113,0.5894283141688931,47.06589105889533,0.07256076569513613,3.8422292338840536,2.487235275831283,88,55,67,0,0,3,0.0713730876413528,0.0006713457430576747,0.0004195910894110467,2.2886786695148e-05,0.0005111382361916387,0.0,0.0,7,0,0,0,0,0,2,0,0,0,0,0,0,0,0,2,__MSG_name__,,,
0,0,0,0,1,1,1,0,0,0,0,95,0.492052344755728,49.1056602223561,0.07552629356905179,4.388909148926471,2.7243920431700386,323,41,82,0,0,1,0.0666974908667027,0.004422476586888657,0.0005613669970973219,1.369187797798346e-05,0.0011227339941946438,0.0,0.0,21,1,0,0,0,0,10,0,0,0,0,0,0,0,0,10,WA-Sender,,,
1,1,1,0,0,1,0,1,0,0,0,30,0.37746885570814864,40.139445446776186,0.11442610753960575,4.048139327394915,2.985069232475118,503,25,38,0,0,0,0.033446777280511146,0.007960624188902605,0.0003956572658500301,0.0,0.0006013990440920457,0.0,0.0,0,0,0,0,0,0,1,0,0,0,0,0,0,0,0,1,__MSG_appName__,,,
0,0,0,0,0,0,1,0,0,0,0,0,0.36154247421853053,25.942702702702704,0.1151438545804743,4.98314606741573,3.1056306226986483,9,1,0,0,0,0,0.03457216940363008,0.004864864864864865,0.0005405405405405405,0.0,0.0,0.0,0.0,0,0,0,0,0,0,0,0,0,0,0,0,0,0,0,0,"Google Rank Checker,Keyword SERP Ranking Tool",,,
0,1,0,0,1,1,0,0,1,0,0,266,0.5761580895745673,50.27033087339373,0.05359344436600729,3.2157129795527366,1.9364448999049397,3249,41,379,0,0,12,0.022537761578034998,0.0059085833584904286,7.45619937513412e-05,2.182302256136816e-05,0.0006892437958965443,0.0,0.0,338,0,0,0,0,0,2,0,0,0,0,0,0,0,0,2,Cooby: Best WhatsApp Extension for Work,,,
0,0,0,0,1,1,0,0,0,0,0,33,0.3708168329973141,26.154775986988025,0.08258993902646543,5.042823773682844,2.886469775757504,196,32,135,0,0,0,0.0383106958502754,0.00724530533786781,0.0011829069939376016,0.0,0.004990388880674257,0.0,0.0,0,0,0,5,2,1,3,0,0,0,0,0,0,1,0,3,Sidebar for ChatGPT - Free Access,,,
0,0,0,0,1,1,1,0,0,0,0,70,0.388307451937083,60.368735457524096,0.08487992501798837,4.609182145496613,2.743152073097675,309,16,108,0,0,0,0.05791373284250477,0.0014673061398926825,7.59770169523719e-05,0.0,0.0005128448644285104,0.0,0.0,7,0,0,0,0,0,1,0,0,0,0,0,0,0,0,1,__MSG_ext_name__,,,
0,1,0,0,1,1,1,0,0,0,0,13,0.35682668404411944,34.960249956604756,0.09298385345014844,5.897105394744153,2.791869696492166,41,0,4,0,0,2,0.0612256236457581,0.007116819996528381,0.0,0.0003471619510501649,0.0006943239021003298,0.0,0.0,66,0,0,0,0,0,0,0,0,0,0,0,0,0,0,0,RiteTag,,,
0,0,0,0,1,1,0,0,0,0,0,56,0.4758679022051605,64.92290725237581,0.058125502225844304,3.711281377263992,2.505441267920231,1985,20,81,0,0,0,0.029330585177883322,0.014215430007805953,0.0001432285139325537,0.0,0.0005800754814268425,0.0,0.0,39,0,0,4,0,1,6,0,0,0,0,0,0,0,0,6,"Taskade - AI Agents, Chat Bots, & Task Automation",,,
0,0,0,0,0,0,0,0,0,0,0,0,0.0,0.0,0.0,0.0,0.0,0,0,0,0,0,0,0.0,0.0,0.0,0.0,0.0,0.0,0.0,0,0,0,0,0,0,0,0,0,0,0,0,0,0,0,0,TeamGantt Project Management,,,
0,0,0,0,1,1,0,1,0,0,1,26,0.39195699373372583,49.94440070852195,0.10230020939091197,3.9893000445831475,3.201010929257479,87,19,8,0,0,0,0.08504681230494873,0.008561306829364299,0.0018697106868726628,0.0,0.000787246604999016,0.0,0.0,288,0,0,19,0,1,10,0,0,0,8,0,0,0,0,10,Awesome Cookie Manager,,1.0,
0,0,0,0,0,0,0,0,0,0,0,0,0.0,0.0,0.0,0.0,0.0,0,0,0,0,0,0,0.0,0.0,0.0,0.0,0.0,0.0,0.0,0,0,0,0,0,0,0,0,0,0,0,0,0,0,0,0,AirMech,,,
0,1,0,0,0,1,0,0,0,0,1,258,0.33935945112283433,45.77024549141427,0.10151875234224106,4.048471301738152,3.1556620965741122,2331,429,450,0,0,7,0.052529464174065274,0.025142376391405645,0.004627232720683406,7.550263180602296e-05,0.004853740616101476,0.0,0.0,2,2,0,14,0,2,7,42,1,0,0,0,0,0,0,7,Kortex-NotebookLM,,,
0,0,1,0,1,1,0,0,0,0,1,88,0.18551894126392737,129.3101864232865,0.04610949972597283,18.66861373641926,2.501276935208842,265,84,164,0,0,5,0.04740259162271043,0.000502616450541593,0.00015931993149242947,9.483329255501753e-06,0.0003110531995804575,0.0,0.0,0,0,0,0,0,0,2,0,0,0,0,0,0,0,0,2,Decodo(Smartproxy) Extension,,,
1,1,1,0,0,1,0,0,1,0,0,5,0.44257715516011303,39.82313600276148,0.09564502337458633,3.718864714835706,2.877153858004926,16,1,2,0,0,0,0.0273077267436655,0.0006903693476009665,4.3148084225060405e-05,0.0,8.629616845012081e-05,0.0,0.0,0,0,0,0,0,0,3,0,0,0,0,0,0,0,0,3,__MSG_appName__,,,
1,1,0,0,1,1,0,0,0,0,0,29,0.3703063017760905,36.88094849799406,0.09925854873248945,4.48017828609873,3.2296816781266684,217,16,91,0,0,0,0.06602472458161635,0.007077856420626896,0.0005218695978342412,0.0,0.0029681333376822467,0.0,0.0,0,0,0,0,0,0,12,0,0,0,0,0,0,0,0,12,__MSG_extensionName__,,,
0,0,0,0,1,1,0,0,0,0,0,56,0.47586438696065403,64.92339422932318,0.058125072851743974,3.711349085441746,2.50543647717124,1985,20,81,0,0,0,0.029330585177883322,0.014215430007805953,0.0001432285139325537,0.0,0.0005800754814268425,0.0,0.0,39,0,0,4,0,1,6,0,0,0,0,0,0,0,0,6,"New Tab Todo List: Checklist, Notes, Outliner",,,
0,0,0,0,0,1,0,0,0,0,0,0,0.43537414965986393,30.931428571428572,0.09881847475832438,5.716981132075472,3.0824034635165134,2,0,4,0,0,0,0.04245283018867924,0.011428571428571429,0.0,0.0,0.022857142857142857,0.0,0.0,0,0,0,0,0,0,1,0,0,0,0,0,0,0,0,1,Dino - The Dinosaur Game For PC,,,
0,1,0,0,1,1,0,0,0,0,0,10,0.5398186512774961,48.753980236069175,0.08055866661517326,3.972630097071486,2.667327517624814,317,3,25,0,0,0,0.04683330877899458,0.021754048860828986,0.00020587427944002197,0.0,0.0017156189953335163,0.0,0.0,0,0,0,0,0,0,1,0,0,0,0,0,0,0,0,1,AliScraper - Aliexpress Dropshipping Importer,,,
0,0,0,0,1,1,0,1,0,0,1,66,0.5327723472249929,43.49292502799722,0.08411407273091527,3.489438033299027,2.6591653006263045,133,20,70,0,0,3,0.04462923628294684,0.0010063863918399467,0.000151336299524804,2.2700444928720602e-05,0.000529677048336814,0.0,0.0,0,0,0,0,0,0,1,0,0,0,0,0,0,0,0,1,__MSG_appName__,,,
0,0,0,0,0,0,0,0,0,0,0,0,0.2062015503875969,17.457142857142856,0.09612403100775194,5.611111111111111,3.3137393944078744,0,0,0,0,0,0,0.027777777777777776,0.0,0.0,0.0,0.0,0.0,0.0,0,0,0,0,0,0,1,0,0,0,0,0,0,0,0,1,Treasure Arena,,,
0,0,0,0,0,1,0,0,0,0,0,1,0.3518941233608548,40.68941081190524,0.11946576007770762,4.476413780295292,3.3007634521997753,44,2,10,0,0,0,0.05877983099637849,0.008908685968819599,0.00040494027130998176,0.0,0.002024701356549909,0.0,0.0,0,0,0,3,0,0,2,0,0,0,0,0,0,0,0,2,Scroll To Top,,,
0,1,0,0,0,1,0,0,0,0,1,104,0.4036779841863415,32.65932576655938,0.11392364448962952,3.086055640056916,3.1486616592012826,59,192,50,0,0,1,0.0256856876502625,0.0012493647297984077,0.004065729290191428,2.1175673386413687e-05,0.0010587836693206844,0.0,0.0,13,1,0,0,0,0,2,0,0,0,0,0,0,0,0,1,Nature Wallpapers HD video New Tab background,,,
0,0,0,0,0,1,0,0,0,0,0,15,0.49374596197566506,46.00160093514942,0.10021437009523655,3.607328904412444,2.741861720173738,177,7,30,0,0,0,0.040137321897084625,0.0044978654198007725,0.0001778816832689571,0.0,0.0007623500711526733,0.0,0.0,5,0,1,0,0,0,1,0,0,0,0,0,0,0,0,1,Weatherly (Weather Forecast),,,
0,0,0,0,0,1,0,0,0,0,0,144,0.22114113387761838,91.4070023576962,0.10954924881606484,4.158661184967853,2.79898039321464,304,33,119,0,0,0,0.009038855078356741,0.0010239137756820479,0.0001111485348602223,0.0,0.0004008083529808016,0.0,0.0,6,1,1,0,0,0,2,0,0,0,0,0,0,0,0,2,__MSG_appName__,,,
0,0,0,0,0,1,0,0,0,0,0,30,0.5856858724752699,60.23429569172047,0.07763666521663784,3.8523354206434193,2.5150857016131765,93,12,43,0,0,0,0.06142918664742306,0.0012587810127096277,0.00016242335647866164,0.0,0.0005820170273818709,0.0,0.0,1,0,0,0,0,0,0,0,0,0,0,0,0,0,0,0,Video Email for Gmail™ by cloudHQ,,,
0,0,0,0,1,1,1,0,0,0,1,166,0.44095722422768124,28.505970611147276,0.10414101071519118,3.8194769537014794,2.9782961593556383,794,95,175,0,0,7,0.061629543192504375,0.008473038875668292,0.0010137766916731583,7.469933517591694e-05,0.0018674833793979233,0.0,0.0,49,0,0,20,3,1,39,0,0,0,0,7,0,0,1,38,Fluvid - Screen Video Recorder,,,
1,1,0,0,1,1,0,0,0,0,0,19,0.3500110523443634,65.2544241037376,0.08500979744276382,5.152796372013364,2.9238837122130503,92,4,14,0,0,0,0.028102423080170302,0.0035087719298245615,0.00015255530129672007,0.0,0.0005339435545385202,0.0,0.0,1,0,0,0,0,0,1,0,0,0,0,0,0,0,0,1,__MSG_extName__,,,
0,0,0,0,0,1,0,0,0,0,0,1,0.5344407075556469,59.48757763975155,0.08549202844599625,3.925424795468848,3.1248577346531348,29,2,17,0,0,0,0.021082441787287604,0.04503105590062112,0.003105590062111801,0.0,0.026397515527950312,0.0,0.0,0,0,0,0,0,0,1,0,0,0,0,0,0,0,0,1,GFormTasker,,,
0,0,0,0,0,0,0,0,0,0,0,0,0.0,0.0,0.0,0.0,0.0,0,0,0,0,0,0,0.0,0.0,0.0,0.0,0.0,0.0,0.0,0,0,0,0,0,0,0,0,0,0,0,0,0,0,0,0,Le Petit Érudit,,,
0,0,0,0,0,1,0,0,0,0,0,9,0.3710760164267871,25.76003725165563,0.11395890209665818,3.8482073463319026,3.34353331950336,90,12,8,0,0,0,0.04707194268914946,0.009312913907284769,0.0012417218543046358,0.0,0.0008278145695364238,0.0,0.0,14,0,0,2,0,1,4,0,0,0,0,0,0,0,0,4,Newz Finder,,,
0,0,0,0,0,1,0,0,0,0,1,6,0.4467834241191478,35.498196460028524,0.07884805442552116,5.34255512428772,3.2196584583408114,96,15,11,0,0,0,0.06491039722520439,0.008053015686603472,0.0012582837010317927,0.0,0.0009227413807566479,0.0,0.0,7,0,0,0,0,0,0,0,0,0,0,0,0,0,0,0,__MSG_name__,,,
0,0,0,0,1,1,1,0,0,0,1,122,0.4378633397470573,46.30464556727744,0.12268472552228483,2.5669556627003436,3.1348782764201464,58,12,22,0,0,0,0.026791111897494876,0.0026836942439385524,0.000555247084952804,0.0,0.0010179529890801406,0.0,0.0,3,1,0,9,0,0,19,0,0,0,0,0,0,0,0,18,__MSG_name__,,,
0,0,0,0,1,1,1,1,0,0,0,16,0.4886283578265882,49.52898183064793,0.08603993026532611,3.8938584268196124,2.7846092391518398,76,8,33,0,0,0,0.05245779282513501,0.0005210833047651697,5.485087418580734e-05,0.0,0.00022625985601645526,0.0,0.0,0,0,0,0,0,0,1,0,0,0,0,0,0,0,0,1,Browserflow - Web Scraping & Web Automation,,,
0,0,0,0,0,0,0,0,0,0,0,0,0.0,0.0,0.0,0.0,0.0,0,0,0,0,0,0,0.0,0.0,0.0,0.0,0.0,0.0,0.0,0,0,0,0,0,0,0,0,0,0,0,0,0,0,0,0,Stars In Outer Space,,,
0,1,1,0,0,1,0,1,0,0,1,165,0.42981293948335847,56.5769392033543,0.08725814967924471,4.419041797802116,2.9116398705586968,393,37,130,0,3,6,0.04424958198279738,0.002139998366413461,0.00020147567317378639,3.2671730784938334e-05,0.0007078875003403305,1.6335865392469167e-05,0.0,137,11,14,5,0,0,26,0,0,0,0,0,0,0,0,26,SourceWhale,,,
0,0,1,0,1,1,0,0,0,0,0,46,0.4944988473368287,54.02229285744829,0.05689951611202658,5.650074304620906,2.7402480858265035,128,19,57,0,0,3,0.06102091745177209,0.0018244793819576094,0.00027082115825933264,4.276123551463147e-05,0.0008124634747779979,0.0,0.0,0,1,0,2,0,0,4,0,0,0,0,0,0,0,0,4,Moonsift: Wishlist & Gift List Maker,,,
0,0,0,0,0,1,0,0,0,0,1,112,0.46298374125611846,47.661961909397135,0.09258637811364039,3.9013905502392343,2.911286848872081,150,62,22,0,0,4,0.06788277511961723,0.0019211803732213071,0.0007940878875981403,5.123147661923486e-05,0.0002817731214057917,0.0,0.0,13,0,0,0,0,0,0,0,0,0,0,0,0,0,0,0,Egypt ETA PDF Tool,,,
0,1,1,0,1,1,0,1,0,0,1,37,0.5833495578465453,36.964710543051055,0.06802185517445722,3.2885506184007363,2.5757447726251286,1693,9,46,0,0,1,0.04646817536690737,0.01764994109736137,9.382721197652235e-05,1.042524577516915e-05,0.00047956130565778086,0.0,0.0,1,0,0,0,0,0,2,0,0,0,0,0,0,0,0,2,Checkmate - Save While You Shop.,,,
0,1,0,0,1,1,0,0,0,0,0,0,0.4075745760695735,43.32513181019332,0.12852063810946193,3.2752892154175117,3.249794120887157,67,9,6,0,0,0,0.05312791271451286,0.01962507322788518,0.0026362038664323375,0.0,0.0017574692442882249,0.0,0.0,0,0,0,4,0,0,3,0,0,0,0,0,0,0,0,3,Website Informer Addon,,,
0,0,1,0,1,1,0,0,0,0,0,31,0.41666864598807385,36.875571891225,0.0956704436643279,4.615689796611129,3.254467590073513,106,16,12,0,2,0,0.06745212299510622,0.002724515498894772,0.0004112476224746826,0.0,0.0003084357168560119,5.140595280933532e-05,0.0,52,0,0,5,0,2,10,0,0,0,0,0,0,0,0,10,SEO-анализ сайта от Be1.ru,,,
0,1,0,0,0,1,1,1,0,0,1,111,0.530207377776441,48.90925375524132,0.08627737592172077,3.5458577070090596,2.8270457084442833,680,30,97,0,0,4,0.05184043249635715,0.006804967626367248,0.00030021915998679037,4.002922133157205e-05,0.0009707086172906222,0.0,0.0,6,0,6,2,0,0,3,0,0,0,0,0,0,0,0,3,Powtoon Capture - Screen and Webcam Recorder,,,
0,0,0,0,1,1,0,0,0,0,0,11,0.053872168082161914,287.9830298333979,0.05125707937561791,19.653813097527046,2.82366945950718,105,6,33,0,0,0,0.0379818242498885,0.004068190623789229,0.0002324680356450988,0.0,0.0012785741960480435,0.0,0.0,0,0,0,0,0,0,1,0,0,0,0,0,0,0,0,1,__MSG_extension_name__,,,
0,0,0,0,0,1,0,1,0,0,0,32,0.3351183314445815,59.843111550828596,0.09719359433295847,5.969480397326894,2.825804272508195,159,42,58,0,0,0,0.025859862397345397,0.001310907741775909,0.00034627751669552315,0.0,0.0004781927611509605,0.0,0.0,0,0,1,0,0,0,1,0,0,0,0,0,0,0,0,1,Indy AI,,,
0,0,1,0,0,1,0,0,0,0,1,135,0.44038644882484884,61.04269440316989,0.08800975222864889,4.335545696163662,2.845210418553032,255,23,119,0,0,2,0.057205180063321294,0.0031575037147102527,0.00028479445269935614,2.4764735017335315e-05,0.0014735017335314512,0.0,0.0,0,0,0,0,0,0,3,0,0,0,0,0,0,0,0,3,__MSG_appName__,,,
0,0,0,0,0,1,0,0,0,0,0,45,0.3971671444997314,18.293906810035843,0.0742306552923987,5.766693823360792,3.156637269037538,162,28,82,0,0,0,0.0322561177997043,0.007846556233653008,0.0013561949045820013,0.0,0.003971713649133004,0.0,0.0,0,0,0,5,0,0,2,0,0,0,0,0,0,0,0,2,Firewall Bypass vu,,,
0,0,0,0,0,1,0,0,0,0,0,17,0.523765492801693,42.98446001487454,0.09454402416374245,3.460124452638857,2.621825278514693,72,10,32,0,0,0,0.043539986171929015,0.0028183348338356755,0.00039143539358828824,0.0,0.0012525932594825225,0.0,0.0,1,0,0,0,0,0,1,0,0,0,0,0,0,0,0,1,__MSG_name__,,,
0,0,0,0,1,1,1,0,0,0,0,14,0.43762125406988867,31.910248411322936,0.09981189162317378,3.491788740302164,2.8621865836954594,23,5,20,0,0,0,0.03766205594120049,0.0005314846909300982,0.00011554015020219527,0.0,0.00046216060080878107,0.0,0.0,0,0,0,0,0,0,5,0,0,0,0,0,0,0,0,5,__MSG_extName__,,,
0,0,0,0,0,0,1,0,0,0,0,0,0.0,0.0,0.0,0.0,0.0,0,0,0,0,0,0,0.0,0.0,0.0,0.0,0.0,0.0,0.0,0,0,0,0,0,0,0,0,0,0,0,0,0,0,0,0,"Inoreader - RSS, News and Social Reader",,,
0,0,0,0,0,1,0,0,0,0,0,21,0.4327659368519266,55.78388263250336,0.09002932626019405,3.7899510254567335,2.916207138537438,158,63,49,0,0,4,0.08264161666137362,0.003264800082653167,0.0013017873747287942,8.265316664944726e-05,0.001012501291455729,0.0,0.0,0,0,0,4,0,0,5,0,0,0,0,0,0,0,0,5,The Watermelon Game,,,
0,0,0,0,0,0,1,0,0,0,0,0,0.0,0.0,0.0,0.0,0.0,0,0,0,0,0,0,0.0,0.0,0.0,0.0,0.0,0.0,0.0,0,0,0,0,0,0,0,0,0,0,0,0,0,0,0,0,KanbanFlow,,,
0,0,0,0,1,1,0,0,0,0,0,25,0.43880384709806924,39.40594396413393,0.06455273633996178,6.101207854096097,2.6370086956767893,449,16,19,0,0,0,0.07096823814819206,0.004366557421688856,0.0001556011553385784,0.0,0.00018477637196456185,0.0,0.0,0,0,0,0,0,0,1,0,0,0,0,0,0,0,0,1,Papier,,,
0,0,0,0,0,1,0,0,1,0,0,156,0.4442208400268705,51.29655854334331,0.05991765088822859,7.43695874771477,2.905707849056922,1399,48,122,0,0,4,0.06817032372534958,0.0009435947520214106,3.2374945030041254e-05,2.697912085836771e-06,8.228631861802151e-05,0.0,0.0,116,3,3,3,0,0,3,0,0,0,0,0,0,0,0,3,__MSG_appName__,,,
1,1,0,0,1,1,0,0,0,0,1,32,0.3741642950514869,35.54308212937654,0.1178143621928328,3.833745135585892,3.3043106721804585,276,42,49,0,0,0,0.07069615170794984,0.017961733697774308,0.002733307301835221,0.0,0.0031888585188077573,0.0,0.0,50,0,0,5,0,0,21,0,0,0,0,5,0,0,0,21,Go Fucking Work,,,
0,1,0,0,1,1,0,0,0,0,0,100,0.4663339017043223,34.1559898349503,0.08131815133978809,3.993679235452903,2.631916193000952,1726,40,171,0,0,2,0.04566482057089381,0.011422445170939606,0.0002647148359429804,1.3235741797149022e-05,0.0011316559236562414,0.0,0.0,0,0,1,0,0,0,2,0,0,0,0,0,0,0,0,2,__MSG_appName__,,,
1,1,1,0,0,1,1,0,0,0,1,16,0.4151726920408642,40.56291751874574,0.1010936041867918,3.862719265783436,3.305141753890415,21,0,8,0,4,0,0.07821774850122122,0.0007157464212678937,0.0,0.0,0.00027266530334015,0.000136332651670075,0.0,0,0,0,2,0,0,1,0,0,0,0,0,0,0,0,1,__MSG_extensionName__,,,
1,1,0,0,1,1,0,0,0,0,0,50,0.5134664398426648,38.119041528097554,0.0821436263298371,3.6831342667908804,2.4508913814003095,489,4,76,0,0,0,0.028189120167595953,0.008339728830903044,6.821864074358318e-05,0.0,0.0012961541741280805,0.0,0.0,7,0,0,0,0,0,2,0,0,0,0,0,0,0,0,2,__MSG_appName__,,,
0,1,0,0,0,1,0,0,0,0,0,120,0.49017631402099154,45.19318236830518,0.0801290128884133,3.8723176419422356,2.7110667151108148,5910,28,154,0,0,2,0.03506167837651716,0.013624198051117253,6.454780802559781e-05,4.61055771611413e-06,0.000355012944140788,0.0,0.0,0,0,0,0,0,0,1,0,0,0,0,0,0,0,0,1,__MSG_extName__,,,
0,0,0,0,1,1,0,0,0,0,1,5,0.47535586848977923,60.72378116393032,0.061218022107964794,2.82477831707855,2.0651848240136284,3,1,7,0,0,1,0.019208310955999005,1.3413456379439855e-05,4.4711521264799516e-06,4.4711521264799516e-06,3.129806488535966e-05,0.0,0.0,0,0,0,0,0,0,7,0,0,0,0,0,0,0,0,7,__MSG_extensionName__,,,
0,0,0,0,1,1,0,0,0,0,1,50,0.34451266268844977,31.21391063003053,0.07547572316986802,7.0573175049183705,3.1115114036459333,265,30,97,0,0,3,0.07113823870791376,0.002941992783791285,0.00033305578684429644,3.330557868442964e-05,0.001076880377463225,0.0,0.0,95,0,0,0,0,8,29,0,7,0,0,0,0,0,0,29,Black Ice IceViewer for Chrome,,,
0,0,0,0,0,0,0,0,0,0,1,9,0.351756143266826,38.65802086270087,0.09859511382265249,6.707078177423428,3.3085554402115664,48,7,22,0,0,7,0.08901836285580288,0.0027065125458133636,0.0003946997462644488,0.0003946997462644488,0.001240484916831125,0.0,0.0,2,0,0,0,0,0,1,0,0,0,0,0,0,0,0,1,__MSG_appName__,,,
0,0,0,0,0,0,0,0,0,0,0,1,0.30920926210607225,17.04724750758561,0.09903439661798616,6.040348101265823,3.5899219216284552,33,2,7,0,0,0,0.12552742616033755,0.014304291287386216,0.0008669267446900737,0.0,0.003034243606415258,0.0,0.0,1,0,1,5,0,0,2,0,0,0,0,0,0,0,0,2,2048 Cupcakes Offline Game,,,
0,0,0,0,1,1,0,0,0,0,1,25,0.17268073333236356,83.53174579371982,0.15004660229034203,4.441123146297243,3.005677804931356,12,11,8,0,0,0,0.03129212960810748,0.0003598956302672225,0.00032990432774495396,0.0,0.00023993042017814834,0.0,0.0,0,0,1,0,0,0,4,0,0,0,0,0,0,0,0,4,__MSG_appName__,,,
0,0,0,0,1,1,0,0,0,0,0,317,0.41778634754882504,70.67710733093577,0.091110161119375,4.336265146072822,2.772784963180776,4265,201,331,0,0,8,0.026190157707621873,0.013188695757043506,0.0006215540087141253,2.47384680085224e-05,0.0010235541138526145,0.0,0.0,0,0,0,2,0,0,3,0,0,0,0,0,0,0,0,3,MailMaestro - Gmail AI assistant,,,
0,1,0,0,0,1,0,0,0,0,1,298,0.5585726822478211,50.52638327597108,0.04676410608313883,2.7794788316848895,1.7911228760015314,5743,230,478,0,0,20,0.01148894284514246,0.0027590573757103024,0.00011049681288757958,9.608418511963442e-06,0.00022964120243592625,0.0,0.0,10,0,0,4,0,0,3,0,0,0,0,0,0,0,0,3,__MSG_appName__,,,
0,0,0,0,1,1,0,0,0,0,0,1,0.3617724572296422,46.944325481798714,0.10541832313396167,4.782963298595378,3.6934557909887475,70,4,5,0,0,0,0.0348889895786135,0.14989293361884368,0.008565310492505354,0.0,0.010706638115631691,0.0,0.0,0,0,0,0,0,0,2,0,0,0,0,0,0,0,0,2,__MSG_extensionName__,,,
0,0,0,0,1,0,0,0,0,0,0,14,0.393580495161493,45.60918462980319,0.12591680281513132,3.4658540728786207,3.2377042373298512,62,9,5,0,0,1,0.06689034230867238,0.014526710402999063,0.0021087160262417996,0.00023430178069353328,0.0011715089034676663,0.0,0.0,160,0,0,4,0,1,3,0,0,0,0,0,0,0,0,3,grt memo,,,
0,0,0,0,1,1,0,0,0,0,0,6,0.5414706939817736,24.097046704877656,0.07751254714350704,3.6281756371630975,2.141894457058473,48,6,18,0,0,0,0.03456558912140705,0.0011048960707133485,0.00013811200883916857,0.0,0.0004143360265175057,0.0,0.0,2,0,0,0,0,0,1,0,0,0,0,0,0,0,0,1,__MSG_extName__,,,
0,0,0,0,0,0,0,0,0,0,0,0,0.0,0.0,0.0,0.0,0.0,0,0,0,0,0,0,0.0,0.0,0.0,0.0,0.0,0.0,0.0,0,0,0,0,0,0,0,0,0,0,0,0,0,0,0,0,PosterMyWall,,,
0,0,0,0,0,0,0,0,0,0,0,0,0.0,0.0,0.0,0.0,0.0,0,0,0,0,0,0,0.0,0.0,0.0,0.0,0.0,0.0,0.0,0,0,0,0,0,0,0,0,0,0,0,0,0,0,0,0,__MSG_appName__,,,
0,0,0,0,1,0,0,0,0,0,0,0,0.3639131317231581,16.038029386343993,0.11076720113659427,4.4426390940423435,3.4446634504175537,20,3,7,0,0,0,0.04874446085672083,0.01728608470181504,0.0025929127052722557,0.0,0.006050129645635264,0.0,0.0,0,0,0,0,0,0,4,0,0,0,0,0,0,0,0,4,Colorblind - Dalton for Chromium,,,
0,0,0,0,1,1,0,0,0,0,0,2,0.2709623513221272,35.33482142857143,0.0650987909171336,6.823254535459044,3.9122765709476033,131,9,4,0,0,0,0.027212754260582738,0.11696428571428572,0.008035714285714285,0.0,0.0035714285714285713,0.0,0.0,0,0,0,1,0,0,2,0,0,0,0,0,0,0,0,2,Close & Clean,,,
0,0,0,0,0,0,0,1,0,0,0,60,0.40085434562199695,41.648372700096836,0.09480202328735163,4.44259645982498,3.0688134134479452,43,36,47,0,0,0,0.0701985547600106,0.0003017416810520259,0.00025262094227611467,0.0,0.0003298106746382608,0.0,0.0,124,18,0,1,0,0,3,0,0,0,0,0,0,0,0,3,Benable,,,
0,0,0,0,0,1,0,0,0,0,0,41,0.5872495144934725,49.90919138220481,0.08206825918120529,3.4850878747254437,2.493865068488024,1070,22,62,0,0,0,0.05169848789277846,0.014969222160044768,0.0003077783995523223,0.0,0.0008673754896474539,0.0,0.0,13,0,0,0,0,0,2,0,0,0,0,0,0,0,0,2,WordStater для Wordstat - сбор ключевых слов,,,
0,0,0,0,0,0,0,0,0,0,0,0,0.0,0.0,0.0,0.0,0.0,0,0,0,0,0,0,0.0,0.0,0.0,0.0,0.0,0.0,0.0,0,0,0,0,0,0,0,0,0,0,0,0,0,0,0,0,Editey,,,
0,1,0,0,0,1,0,0,0,0,0,50,0.44798909003961024,37.09951979096783,0.08108166344458922,4.21524607350078,2.6337277637218204,431,65,107,0,0,1,0.0443908189244943,0.0038045972952932454,0.0005737791744641785,8.827371914833515e-06,0.0009445287948871862,0.0,0.0,1,0,0,3,0,0,3,0,0,0,0,0,0,0,0,3,NotebookLM - WebSync Full Site Importer,,,
0,1,0,0,1,1,0,1,0,0,0,18,0.3995597344442872,61.40729530417746,0.06984878526967682,3.7896949243062314,2.7227559328938495,55,6,119,0,0,0,0.024410209941627504,5.200665306929083e-05,5.673453062104454e-06,0.0,0.00011252348573173834,0.0,0.0,18,2,0,0,0,0,3,0,0,0,0,0,0,0,0,3,VetRec,,,
0,0,0,0,0,1,0,0,0,0,0,0,0.4074187954296678,41.425776154448215,0.12977357423100103,3.3757143606144813,3.192343323520999,84,13,10,0,0,0,0.05321658889529702,0.021914949126010958,0.0033915992695016956,0.0,0.0026089225150013043,0.0,0.0,0,0,1,1,0,0,3,0,0,0,0,0,0,0,0,3,BTS BT21 Cursor,,,
0,0,0,0,0,1,0,0,0,0,1,48,0.37792627254359457,52.412482289940684,0.07858977828891228,4.043314738236788,3.0173530719990063,80,5,69,0,0,0,0.0398400898062979,0.0019210911797901207,0.00012006819873688254,0.0,0.001656941142568979,0.0,0.0,0,0,0,0,0,0,2,0,0,0,0,0,0,0,0,2,Vue.js devtools (v5),,,
1,1,0,0,0,0,0,0,0,0,0,69,0.5610612130835476,33.549222081819615,0.08011188409954816,3.3663955139546453,2.579367218831612,157,4,80,0,0,0,0.04271231784501135,0.0015499131258884852,3.9488232506713e-05,0.0,0.00078976465013426,0.0,0.0,7,0,0,0,0,0,1,0,0,0,0,0,0,0,0,1,Elasticvue,,,
0,0,0,0,0,0,0,0,0,0,0,0,0.0,0.0,0.0,0.0,0.0,0,0,0,0,0,0,0.0,0.0,0.0,0.0,0.0,0.0,0.0,0,0,0,0,0,0,0,0,0,0,0,0,0,0,0,0,Pathuku,,,
0,0,0,0,1,0,0,0,0,0,1,8,0.4084692362477517,23.237273259215915,0.12549341509638948,3.2753615935138383,3.3331255414520626,86,16,12,0,0,1,0.05134878134227516,0.012580456407255705,0.0023405500292568754,0.0001462843768285547,0.0017554125219426564,0.0,0.0,0,0,0,0,0,0,4,0,0,0,0,0,0,0,0,4,CMS Detect - What CMS is that site using?,,,
0,1,0,0,1,1,0,0,0,0,0,146,0.36457294887194447,35.033998346082285,0.08750531086756266,5.181575441729736,3.3269147838951922,367,67,25,0,0,0,0.07079679700194698,0.0037936737647302045,0.000692578044242299,0.0,0.00025842464337399215,0.0,0.0,9,0,0,2,0,0,96,0,0,0,0,0,0,0,0,95,AppSheet Toolbox,,,
0,0,0,0,0,0,0,0,0,0,0,0,0.0,0.0,0.0,0.0,0.0,0,0,0,0,0,0,0.0,0.0,0.0,0.0,0.0,0.0,0.0,0,0,0,0,0,0,0,0,0,0,0,0,0,0,0,0,__MSG_extName__,,,
1,1,1,0,1,1,0,0,0,0,1,36,0.46353144317599343,33.5114534931116,0.10083831147204093,3.380067276177333,2.88679522076911,63,5,12,0,0,0,0.021918664826634467,0.0025678650036683784,0.00020379880981495068,0.0,0.0004891171435558817,0.0,0.0,1,0,0,1,0,0,1,0,0,0,0,0,0,0,0,1,Kabeen,,,
0,0,0,0,0,0,0,0,0,0,0,0,0.0,0.0,0.0,0.0,0.0,0,0,0,0,0,0,0.0,0.0,0.0,0.0,0.0,0.0,0.0,0,0,0,0,0,0,0,0,0,0,0,0,0,0,0,0,Minimalist Hibiscus Tea,,,
0,0,0,0,0,0,1,0,0,0,0,0,0.0,0.0,0.0,0.0,0.0,0,0,0,0,0,0,0.0,0.0,0.0,0.0,0.0,0.0,0.0,0,0,0,0,0,0,0,0,0,0,0,0,0,0,0,0,Bookopolis,,,
1,1,0,0,0,1,0,0,0,0,0,69,0.42912223367247593,47.153768825851735,0.09389258649844283,3.900344133822673,3.0137522142641493,97,40,71,0,0,0,0.08382856918233375,0.001772920017546425,0.0007311010381634742,0.0,0.0012977043427401668,0.0,0.0,4,0,0,0,0,0,2,0,0,0,0,0,0,0,0,2,CardPointers X: Credit Card Rewards Made Easy,,,
0,0,0,0,0,1,0,0,0,0,0,279,0.496691929135489,52.16126948709668,0.0788140980149918,3.828104253382864,2.729986541774968,3966,45,189,0,0,5,0.03262468483790598,0.02910953876867972,0.00033028977422858987,3.669886380317665e-05,0.0013872170517600776,0.0,0.0,3,0,0,0,0,0,1,0,0,0,0,0,0,0,0,1,__MSG_appName__,,,
1,1,0,0,1,1,1,1,0,0,0,16,0.692453757287178,35.93365203870878,0.047953055430934706,4.160435775113796,1.0339643346607914,74,7,10,0,0,0,0.05206610440559345,0.0017172959550718248,0.0001624469146689564,0.0,0.00023206702095565198,0.0,0.0,35,0,1,9,0,0,11,0,0,0,0,0,0,0,0,11,__MSG_appName__,,,
0,0,1,0,0,1,1,0,1,0,0,3,0.08513944167533626,298.10601861942274,0.062228214534879,15.72911334895004,2.8609149329980217,265,38,41,0,2,0,0.0321844494277116,0.008251081981505122,0.0011831740199894137,0.0,0.0012765824952517357,6.227231684154809e-05,0.0,2,6,7,1,0,0,2,0,0,0,0,0,0,0,0,2,WebDefender: Antivirus & Privacy Protection,,,
0,0,0,0,0,0,0,0,0,0,0,0,0.0,0.0,0.0,0.0,0.0,0,0,0,0,0,0,0.0,0.0,0.0,0.0,0.0,0.0,0.0,0,0,0,0,0,0,0,0,0,0,0,0,0,0,0,0,__MSG_appName__,,,
0,0,0,0,0,0,0,0,0,0,0,0,0.0,0.0,0.0,0.0,0.0,0,0,0,0,0,0,0.0,0.0,0.0,0.0,0.0,0.0,0.0,0,0,0,0,0,0,0,0,0,0,0,0,0,0,0,0,BuiltWith,,,
1,1,0,0,1,1,0,0,0,0,1,13,0.371892294986996,41.549495214370005,0.10838602719126329,4.035843933114192,2.922112850230985,141,19,25,0,0,0,0.06437044447620409,0.018486954241510423,0.002491149862331192,0.0,0.0032778287662252525,0.0,0.0,11,0,0,7,0,0,9,0,0,0,0,0,0,0,0,9,音読さん,,,
0,0,0,0,0,1,0,0,0,0,1,73,0.48968065714029774,49.818006865221456,0.08407429606416425,4.510869658986016,2.89227022400869,493,16,78,0,0,4,0.06567732640895797,0.004561393769487699,0.0001480371203079172,3.70092800769793e-05,0.0007216809615010964,0.0,0.0,0,0,0,0,0,0,28,0,0,0,0,0,0,0,0,25,Unsplash For Chrome,,,
0,0,0,0,0,0,0,0,0,0,0,31,0.38335012532400764,40.20141040709478,0.0874324592421431,5.011979423578325,3.0911762441856996,81,9,10,0,0,0,0.10732154182228172,0.00432738540442355,0.0004808206004915055,0.0,0.0005342451116572283,0.0,0.0,22,0,0,6,0,2,4,0,0,0,0,1,0,0,0,4,Qwik Biz Tools,,2.0,
0,0,0,0,1,1,0,0,0,0,1,61,0.470942618177938,46.49160041630113,0.07803406893299517,6.208066848081897,2.7989660585904756,670,33,116,0,0,10,0.08261872265907715,0.0036508083543572672,0.00017981593387132809,5.448967693070548e-05,0.0006320802523961835,0.0,0.0,82,1,0,2,3,18,93,3,7,0,0,0,0,0,0,93,Verified First - Background Screening,,,
1,1,0,0,1,0,0,1,0,0,1,47,0.3904971705040575,43.572344675333774,0.09141811286221715,4.610872069784392,3.066399343251987,109,16,18,0,0,0,0.06592838165103101,0.003819602621158496,0.0005606756141150086,0.0,0.0006307600658793847,0.0,0.0,0,0,0,0,0,0,0,0,0,0,0,0,0,0,0,0,Homer (formerly KoalaData) – Property Search Extension,,,
0,1,1,0,1,1,0,0,0,0,1,23,0.5601952591887583,50.17393773067096,0.09198497892438545,3.4089772985478506,2.7862756488679445,204,10,32,0,0,1,0.05377565704764069,0.006435128229393395,0.0003154474622251664,3.154474622251664e-05,0.0010094318791205325,0.0,0.0,1,0,0,0,1,0,7,0,0,0,0,0,0,0,0,7,DealCloud,,,
0,0,0,0,0,0,0,0,0,0,0,0,0.0,0.0,0.0,0.0,0.0,0,0,0,0,0,0,0.0,0.0,0.0,0.0,0.0,0.0,0.0,0,0,0,0,0,0,0,0,0,0,0,0,0,0,0,0,Star Wars,,,
0,0,0,0,0,0,0,0,0,0,0,0,0.0,0.0,0.0,0.0,0.0,0,0,0,0,0,0,0.0,0.0,0.0,0.0,0.0,0.0,0.0,0,0,0,0,0,0,0,0,0,0,0,0,0,0,0,0,__MSG_appName__,,,
0,0,0,0,0,1,1,0,0,0,1,12,0.34082389159982407,37.79285134037368,0.09914343755890176,4.089760267608251,2.984785174781921,37,0,3,0,0,0,0.03326519234343059,0.030056864337936636,0.0,0.0,0.002437043054427295,0.0,0.0,334,0,0,0,0,0,3,0,0,0,0,0,0,0,0,3,Ink for Google™,,,
0,1,0,0,1,1,0,0,0,0,0,43,0.37666056899456696,51.53308393996585,0.0517391623875683,2.953381787746581,2.3497783138569233,3304,9,145,0,0,0,0.005690908303790892,0.012372307600131811,3.3701806416823944e-05,0.0,0.000542973547826608,0.0,0.0,3,0,0,0,0,0,2,0,0,0,0,0,0,0,0,2,QuickForm - Autofill Forms Quickly,,,
0,0,0,0,0,0,0,0,0,0,0,0,0.0,0.0,0.0,0.0,0.0,0,0,0,0,0,0,0.0,0.0,0.0,0.0,0.0,0.0,0.0,0,0,0,0,0,0,0,0,0,0,0,0,0,0,0,0,Ferrari,,,
0,1,0,0,0,1,0,0,0,0,1,50,0.4314879507371662,46.030551356512056,0.12183923602006377,3.3123381840907062,3.1709899460925572,223,53,35,0,0,2,0.05291194238609648,0.01774206380778105,0.004216723685257379,0.00015912164850027846,0.002784628848754873,0.0,0.0,2,0,0,6,0,2,2,0,0,0,0,0,0,0,0,2,WAIX Extension,,1.0,
0,0,1,0,0,1,0,0,0,0,0,29,0.569771184682415,48.49157086014999,0.0929339933015205,3.0085817912142665,2.9257070273758723,174,7,38,0,0,0,0.10031247948025662,0.0006380989053303263,2.567064561673726e-05,0.0,0.00013935493334800227,0.0,0.0,70,0,0,0,0,0,6,0,0,0,0,0,0,0,0,6,__MSG_extName__,,,
0,0,0,0,0,1,0,0,0,0,0,148,0.44336423640170197,43.835836225827016,0.08723402190389264,4.290046656298601,2.689600811966873,864,18,247,0,0,1,0.044315018297299065,0.004371628937754885,9.107560286989344e-05,5.05975571499408e-06,0.0012497596616035378,0.0,0.0,0,0,0,4,0,0,2,0,0,0,0,0,0,0,0,2,Wallchain X Score,,,
0,1,0,0,0,1,0,0,0,0,0,187,0.5260952033438959,58.9682409607044,0.06599578923802507,4.178014996446584,2.4795764244752485,1066,114,149,0,0,1,0.04565882397371502,0.004646601137676264,0.0004969160691323584,4.358912887125951e-06,0.0006494780201817666,0.0,0.0,9,0,1,0,0,0,2,0,0,0,0,0,0,0,0,2,__MSG_appName__,,,
1,1,0,0,0,0,0,0,0,0,1,4,0.4586682056543548,35.851041484333976,0.076531387748898,5.378486055776892,3.2118832374349564,84,9,8,0,0,0,0.06016808677697967,0.00735165412217749,0.0007876772273761596,0.0,0.0007001575354454753,0.0,0.0,0,0,0,0,0,0,0,0,0,0,0,0,0,0,0,0,qTest Integration,,,
0,1,0,0,0,0,0,0,0,0,0,0,0.11861693134741207,122.49631083202512,0.15934170701602068,7.144155595732471,3.7566338465678917,5,0,0,0,0,0,0.005596658048512597,0.0003924646781789639,0.0,0.0,0.0,0.0,0.0,0,0,0,0,0,0,0,0,0,0,0,0,0,0,0,0,NotionCn,,,
0,1,0,0,0,1,0,0,0,0,1,38,0.5085704132696458,44.861623375412556,0.08966590065980676,3.3844720346571795,2.855395655208674,148,11,30,0,0,1,0.05073936929741765,0.0027597009080907718,0.00020511290533107088,1.864662775737008e-05,0.0005593988327211024,0.0,0.0,4,0,0,0,0,0,2,0,0,0,0,0,0,0,0,2,__MSG_appName__,,,
0,0,0,0,1,1,1,1,0,0,1,16,0.5134980740353855,37.94374702049897,0.10812332702226285,3.254798464491363,3.026452372232747,28,4,4,0,0,0,0.04374600127959053,0.0011123470522803114,0.0001589067217543302,0.0,0.0001589067217543302,0.0,0.0,5,0,0,0,0,0,3,0,0,0,0,0,0,0,0,3,__MSG_name__,,,
1,1,0,0,1,1,0,1,0,0,0,130,0.48122662194805177,36.547586891296724,0.0662730454222773,3.432468069351548,2.1270804529980856,208,15,107,0,0,2,0.03202749777954121,0.00013047730228140817,9.409420837601552e-06,1.2545894450135402e-06,6.71205353082244e-05,0.0,0.0,17,1,0,0,0,0,3,0,0,0,0,0,0,0,0,3,Writer,,,
0,0,0,0,1,1,1,0,0,0,0,18,0.59041033686228,43.1328418230563,0.0760814264821348,3.5292130650101625,2.5184803065021097,269,3,31,0,0,0,0.03324459202854989,0.009014745308310992,0.00010053619302949061,0.0,0.0010388739946380697,0.0,0.0,0,0,0,0,0,0,6,0,0,0,0,0,0,0,0,6,__MSG_appName__,,,
0,1,0,0,1,1,0,0,0,0,1,26,0.5712022458417719,49.03226132175494,0.08156211938198987,3.5917740982020767,2.6807129812494055,102,14,55,0,0,2,0.046563285583772714,0.002574847276215479,0.00035341041046094813,5.0487201494421164e-05,0.001388398041096582,0.0,0.0,0,0,0,0,0,0,2,0,0,0,0,0,0,0,0,2,__MSG_extension_name__,,,
0,0,0,0,1,1,0,0,0,0,0,2,0.341286060548453,42.297325102880656,0.07202604438952522,7.813616447590158,3.622049082769584,53,13,20,0,0,0,0.11931243680485339,0.05452674897119342,0.013374485596707819,0.0,0.0205761316872428,0.0,0.0,7,2,0,14,0,4,1,0,0,0,0,0,0,0,0,1,Fontonic - Change Fonts,,,
0,0,1,1,0,1,0,0,0,0,0,4,0.40623425630488685,20.672661100406764,0.12112890320158845,3.616692358511341,3.2036584047126535,74,9,8,0,1,1,0.06333406738603832,0.007921216013701562,0.0009633911368015414,0.00010704345964461572,0.0008563476771569257,0.00010704345964461572,0.0,0,0,0,0,0,0,3,0,0,0,0,0,0,0,0,3,Referer Control,,,
0,0,0,0,1,1,0,0,0,0,1,24,0.3319331450125667,52.9421309969154,0.07926231874227603,6.354390127303954,2.953560945585699,250,15,61,0,0,0,0.046725331539156145,0.004101857320994946,0.0002461114392596968,0.0,0.001000853186322767,0.0,0.0,0,0,0,0,0,0,1,0,0,0,0,0,0,0,0,1,__MSG_extensionName__,,,
0,0,0,0,0,1,0,0,0,0,0,16,0.45748619885619507,30.914316778627732,0.07803857555356664,4.734306496056404,2.64396373135035,92,3,26,0,0,0,0.021937995738462054,0.0007144798664233293,2.3298256513804216e-05,0.0,0.00020191822311963655,0.0,0.0,0,0,0,0,0,0,3,0,0,0,0,0,0,0,0,3,Windsurf Plugin: AI Code Autocompletion on all IDEs,,,
0,0,0,0,0,1,0,0,0,0,1,19,0.2666397212759258,57.20406749125178,0.05180181923055631,4.313684000796972,3.225236193205881,94,16,36,0,0,1,0.029938234708109183,0.0032567647160724805,0.0005543429303953158,3.464643314970724e-05,0.0012472715933894605,0.0,0.0,2,0,0,7,0,0,2,0,0,0,1,0,0,0,0,2,World Clocks,,,
0,0,1,1,0,0,0,0,0,0,0,1,0.309566662051779,28.369918699186993,0.10632701093728368,6.720689655172414,3.199893550304304,0,0,0,0,2,0,0.0706896551724138,0.0,0.0,0.0,0.0,0.008130081300813009,0.0,0,0,0,0,0,0,0,0,0,0,0,0,0,0,0,0,FlareGet Integration,,,
0,0,0,0,1,0,0,1,0,0,0,29,0.4447393048735691,33.03980912826404,0.0998583891145231,3.6987070002034765,2.948081951004721,665,5,35,0,0,0,0.037858935387005875,0.014690938010869086,0.00011045818053285026,0.0,0.0007732072637299519,0.0,0.0,2,0,0,0,0,0,1,0,0,0,0,0,0,0,0,1,__MSG_extensionName__,,,
1,1,0,0,0,1,0,0,0,0,1,4,0.4004479796821813,50.082882882882885,0.11009012504629712,4.0705821741370425,3.561494906121614,64,0,11,0,0,0,0.057530482569122444,0.05765765765765766,0.0,0.0,0.00990990990990991,0.0,0.0,0,0,0,1,1,0,1,0,0,0,0,0,0,1,0,1,TextRecruit Extension,,,
1,1,1,0,1,1,1,1,0,0,1,175,0.5450862226877481,57.380972659502184,0.07233067418064781,4.341946030402929,2.719396017768759,732,166,349,0,3,16,0.07969773004310363,0.0035024928945328574,0.0007942811755361397,7.65572217384231e-05,0.001669904399169354,1.4354479075954334e-05,0.0,13,4,0,14,0,3,11,0,2,0,0,0,0,0,0,11,__MSG_extensionName__,,,
0,0,0,0,1,0,0,0,0,0,0,0,0.31525855926800916,30.789034564958282,0.09266134173322833,6.141732283464567,3.4319904160557164,35,6,4,0,0,0,0.0841276419394944,0.041716328963051254,0.007151370679380214,0.0,0.004767580452920143,0.0,0.0,0,0,0,0,0,0,1,0,0,0,0,0,0,0,0,1,__MSG_name__,,,
0,1,0,0,0,1,0,0,0,0,1,34,0.42115543584230514,45.77808963655541,0.08957576234711688,3.8747050512970347,2.7866583687350674,170,8,43,0,0,0,0.0393326577559489,0.0030391333106888105,0.0001430180381500617,0.0,0.0007687219550565816,0.0,0.0,0,0,0,0,0,0,1,0,0,0,0,0,0,0,0,1,__MSG_app_name__,,,
0,0,0,0,0,1,0,0,0,0,0,14,0.3964790048516472,28.650633921446936,0.10571059064506724,4.632666966041593,3.253810132807966,233,33,65,0,0,1,0.06762260177457068,0.010328929869669297,0.0014628956467771966,4.43301711144605e-05,0.0028814611224399324,0.0,0.0,0,0,0,3,1,0,4,0,1,0,0,0,0,1,0,4,__MSG_appName__,,,
0,0,0,0,1,1,0,0,0,0,0,237,0.44505380363047087,61.01015903064565,0.07403891843855774,4.5203465793765325,2.819146419243772,320,164,112,0,0,0,0.03956918095104009,0.0020745946436559544,0.0010632297548736765,0.0,0.0007261081252795841,0.0,0.0,21,1,0,0,0,0,1,0,0,0,0,0,0,0,0,1,__MSG_extension_full_name__,,,
1,1,1,0,1,1,0,0,0,0,1,189,0.30701462021788717,63.29777939852891,0.08263934048586519,5.409578806506626,2.9597345080641775,3643,108,136,0,0,3,0.04587792485673631,0.014132863660345737,0.000418981409639676,1.1638372489991e-05,0.0005276062195462587,0.0,0.0,20,0,0,0,0,0,2,0,0,0,0,0,0,0,0,2,GateKeeper Password Manager,,,
0,1,0,0,1,1,1,0,0,0,1,8,0.4716350666427751,60.85526375002813,0.07524611223322299,4.516083886617191,2.9090427295846566,13,3,5,0,0,0,0.05014456242537446,2.4376157867498708e-05,5.6252672001920094e-06,0.0,9.375445333653349e-06,0.0,0.0,0,0,0,13,0,0,4,0,0,0,0,0,0,0,0,4,__MSG_appName__,,,
0,0,0,0,1,1,1,0,0,0,0,232,0.5273725593887678,48.59191058452739,0.08480588290139897,3.5470902942869387,2.677690993878949,3047,118,305,0,0,3,0.05003047663764197,0.009879929832070375,0.00038261625211168505,9.727531833347925e-06,0.0009889657363903724,0.0,0.0,24,5,0,22,0,0,218,0,0,0,0,0,0,0,0,205,__MSG_extensionName__,,,
0,1,0,0,0,1,0,0,0,0,0,23,0.42180979343609104,46.21894597865552,0.08104342152785059,5.173161234103968,3.1589790633339567,56,76,73,0,0,7,0.07627372491354192,0.006161293871713059,0.008361755968753439,0.0007701617339641324,0.008031686654197382,0.0,0.0,0,0,0,0,0,0,5,0,0,0,0,0,0,0,0,5,AI Email Response Generator - superReply,,,
0,1,1,0,1,1,1,0,0,0,0,134,0.3153495934368808,54.40378093306288,0.07542149902939282,5.5206792328536,3.065327845132457,637,177,210,0,0,11,0.0465379005723859,0.002067342799188641,0.0005744421906693712,3.5699797160243406e-05,0.0006815415821501014,0.0,0.0,26,4,1,1,0,1,12,0,0,0,0,0,0,0,0,12,Copper CRM for Gmail and LinkedIn,,,2.0
0,1,0,0,0,1,0,0,0,0,0,33,0.429845437143241,35.293342345386954,0.11194267113456506,3.4456225558937876,2.9887330124052522,69,7,14,0,0,0,0.04965169705054098,0.0033312412494568627,0.0003379520108144643,0.0,0.0006759040216289286,0.0,0.0,0,0,5,2,1,0,3,0,0,0,0,0,0,0,0,3,Humanlinker,,,
0,0,0,0,0,0,0,0,0,0,1,41,0.08226357874165534,325.00103156591706,0.05145918200413743,19.15643335783958,2.5053553889764473,815,40,23,0,0,2,0.027314318359548773,0.02802420741352039,0.001375421222749467,6.877106113747335e-05,0.0007908672030809436,0.0,0.0,1023,0,0,0,0,0,1,0,0,0,0,0,0,0,0,1,NTL MOD for Slither.io,,,
0,0,0,0,0,0,0,0,0,0,0,27,0.340618911050642,71.4403552035072,0.09706334372754724,3.988488576816238,3.331606610356612,198,10,154,0,0,2,0.1194108663721647,0.0024659991032730533,0.00012454540925621482,2.490908185124296e-05,0.0019179993025457082,0.0,0.0,0,0,0,0,0,0,3,0,0,0,0,0,0,0,0,3,__MSG_appName__,,,
0,0,0,0,0,0,0,0,0,0,0,4,0.5524683210137276,34.40965732087228,0.05636219640971489,5.010355987055016,3.0757637228433423,2,1,3,0,0,0,0.030744336569579287,0.001557632398753894,0.000778816199376947,0.0,0.002336448598130841,0.0,0.0,0,0,0,0,0,0,7,0,0,0,0,0,0,0,0,7,__MSG_extName__,,,
0,0,0,0,0,1,0,0,0,0,0,389,0.2908919412068009,63.29592743255248,0.07022399798699254,5.00476461935829,3.1717101223319077,1501,137,231,0,0,2,0.009592579298890132,0.0701828213400664,0.006405760508720251,9.351475195212044e-05,0.010800953850469912,0.0,0.0,10,0,0,29,0,3,11,1,0,0,0,0,0,0,0,11,__MSG_appName__,,3.0,
0,0,0,0,0,1,0,1,0,0,0,64,0.5583608995929632,50.469966294462125,0.08435348615321353,3.251958152702281,2.614062356809529,128,20,66,0,0,4,0.0427175878086014,0.0012051142034006817,0.00018829909428135652,3.76598188562713e-05,0.0006213870111284764,0.0,0.0,9,0,0,0,0,0,0,0,0,0,0,0,0,0,0,0,__MSG_title__,,,
0,0,0,0,1,1,0,0,0,0,0,48,0.5062182776961118,54.17291144386476,0.08468450545442488,3.7920524952887105,2.8363658137643526,159,76,58,0,0,2,0.043899727490882466,0.010773087607561488,0.005149400365878447,0.00013551053594416967,0.00392980554238092,0.0,0.0,0,0,0,5,0,0,2,0,0,0,0,0,0,0,0,2,__MSG_appName__,,,
0,0,0,0,0,0,0,0,0,0,1,0,0.4222728848044474,37.13513149022252,0.08370131814398914,4.964048934490924,3.1764790504666127,66,8,7,0,0,0,0.10076295711654827,0.0029669588671611597,0.0003596313778377163,0.0,0.0003146774556080018,0.0,0.0,17,0,1,7,0,1,2,0,0,0,0,0,0,0,0,2,News-Wave,,1.0,
0,0,0,0,1,1,0,0,0,0,0,25,0.48469994891252705,49.78182045772224,0.0793992178912562,4.799034295584796,2.6839656954795794,265,34,12,0,0,4,0.06448647262801604,0.001382137567020633,0.00017733085765547744,2.0862453841820876e-05,6.258736152546263e-05,0.0,0.0,6,0,7,5,0,1,10,0,0,0,2,0,0,0,0,10,Asciidoctor.js Live Preview,,,
0,0,0,0,1,1,1,0,0,0,0,7,0.42086741153800045,21.716696004516923,0.10498767482594164,3.764432851792402,3.176050643681781,135,15,13,0,0,0,0.0592027822364901,0.004483709189943207,0.0004981899099936896,0.0,0.00043176458866119765,0.0,0.0,45,0,0,13,0,0,12,0,1,0,0,0,1,0,0,12,Habitica Pomodoro SiteKeeper,,,
0,0,1,0,1,1,1,0,0,0,0,9,0.46013461306152403,37.3316005591473,0.09503486127287522,3.5755676775548197,2.7833553574691683,131,9,20,0,0,0,0.05044699872286079,0.005722523152192906,0.00039315044557050496,0.0,0.0008736676568233444,0.0,0.0,1,0,0,0,0,0,2,0,0,0,0,0,0,0,0,2,艦これウィジェット,,,
0,1,0,0,1,1,0,0,0,0,0,112,0.5647503234172095,62.34086987564705,0.07483834775606885,4.081719358264964,2.575095736145848,800,111,152,0,0,2,0.0691091825402778,0.009519842922591778,0.001320878205509609,2.3799607306479442e-05,0.0018087701552924377,0.0,0.0,0,0,0,0,0,0,1,0,0,0,0,0,0,0,0,1,ChatGPT for Gmail,,,
0,0,0,0,0,1,0,0,0,0,0,58,0.47561001956147725,45.78192825203667,0.07897630014865326,4.027960634698455,2.6636184900942332,3005,10,93,0,0,1,0.029637591090771513,0.01533883251322049,5.104436776446087e-05,5.104436776446087e-06,0.0004747126202094861,0.0,0.0,0,0,0,0,0,0,1,0,0,0,0,0,0,0,0,1,__MSG_extName__,,,
0,0,0,0,0,0,1,0,0,0,0,0,0.0,0.0,0.0,0.0,0.0,0,0,0,0,0,0,0.0,0.0,0.0,0.0,0.0,0.0,0.0,0,0,0,0,0,0,0,0,0,0,0,0,0,0,0,0,Learn Portuguese - Tudo Bem,,,
0,1,0,0,1,1,0,0,0,0,0,400,0.49487540520004436,54.97333378350725,0.06899694792278076,4.1198836550345135,2.6314175523579366,10224,18,350,0,0,0,0.014287521090068582,0.004209675088350062,7.4113998034332075e-06,0.0,0.0001441105517334235,0.0,0.0,9,0,0,2,0,0,2,0,0,0,0,0,0,0,0,2,Getscreen.me - Remote Desktop Access,,,
0,0,0,0,0,0,0,0,0,0,1,9,0.35408115192430095,38.26948435347373,0.0984465761526009,6.530238660502311,3.277588120953894,85,10,26,0,0,6,0.0944801949269024,0.004182247589057272,0.000492029128124385,0.000295217476874631,0.0012792757331234008,0.0,0.0,2,0,0,0,0,0,2,0,0,0,0,0,0,0,0,2,__MSG_AppName__,,,
0,1,0,0,0,1,0,0,0,0,0,33,0.44018790942362396,58.93200705112062,0.07542848979145919,4.350357911378508,3.1208717433715956,266,56,55,0,0,0,0.022748232400860744,0.06698564593301436,0.014102241249055654,0.0,0.013850415512465374,0.0,0.0,3,1,0,0,0,0,0,0,0,0,0,0,0,0,0,0,"Convert ChatGPT to Google Doc, Microsoft Word, PDF",,,
0,0,1,0,0,0,0,0,0,0,0,1,0.2764210745089889,26.418803418803417,0.09404551595136652,5.7775401069518715,3.472969511313771,0,0,0,0,0,0,0.09518716577540107,0.0,0.0,0.0,0.0,0.0,0.0,0,0,0,0,0,0,0,0,0,0,0,0,0,0,0,0,Dezoomify,,,
0,0,0,0,0,0,0,0,0,0,1,96,0.5940851541861766,52.63261596626436,0.09094232467258992,3.121127336173156,2.5117611801306596,300,34,57,0,0,6,0.051551685293177614,0.007270612185546023,0.0008240027143618826,0.00014541224371092046,0.0013814163152537444,0.0,0.0,0,0,0,0,0,0,2,0,0,0,0,0,0,0,0,2,SmartVision,,,
0,0,0,0,1,1,1,0,0,0,0,48,0.4939402896084591,46.48909495369587,0.06415821005790998,5.379339763657388,2.8440658716854825,366,43,94,0,0,2,0.06608356600953268,0.004424885750900694,0.0005198636264719395,2.4179703556834394e-05,0.0011364460671712164,0.0,0.0,2,0,0,2,0,0,7,0,0,0,0,0,0,0,0,7,__MSG_EXTENSION_NAME__,,,
0,0,0,0,0,0,0,0,0,0,0,0,0.0,0.0,0.0,0.0,0.0,0,0,0,0,0,0,0.0,0.0,0.0,0.0,0.0,0.0,0.0,0,0,0,0,0,0,0,0,0,0,0,0,0,0,0,0,Aurora - Multi Color Tabs,,,
0,0,0,0,0,1,0,0,0,0,1,171,0.42926046173111304,44.85105161975266,0.08980623839523688,4.151222245029301,3.031120988270283,611,75,241,0,0,10,0.05343801267696278,0.004382944535307452,0.0005380046483601618,7.173395311468825e-05,0.0017287882700639868,0.0,0.0,2,1,0,2,0,0,11,0,0,0,0,2,24,0,0,11,__MSG_extName__,,,
0,0,0,0,0,0,0,0,0,0,0,0,0.23452768729641693,31.36842105263158,0.10993485342019543,6.3076923076923075,3.514429655612367,1,0,0,0,0,0,0.10256410256410256,0.02631578947368421,0.0,0.0,0.0,0.0,0.0,0,0,0,0,1,0,1,0,0,0,0,0,0,0,0,1,My New Tab,,,
0,1,0,0,1,1,0,0,0,0,1,92,0.43405290253509865,43.754452259526325,0.08846162852788285,4.1266328745332235,2.7002641088615214,183,31,130,0,0,6,0.04645688132759945,0.0013506232794314097,0.00022879410744466503,4.428273047316098e-05,0.0009594591602518211,0.0,0.0,0,0,0,0,0,0,3,0,0,0,0,0,0,0,0,3,__MSG_extensionName__,,,
0,0,0,0,0,0,0,0,0,0,0,0,0.0,0.0,0.0,0.0,0.0,0,0,0,0,0,0,0.0,0.0,0.0,0.0,0.0,0.0,0.0,0,0,0,0,0,0,0,0,0,0,0,0,0,0,0,0,Swisscows,,,
0,1,0,0,0,1,0,0,0,0,0,45,0.6391619727779355,18.269319587210834,0.05162847969771686,2.5429427613312563,1.8646348816112595,237,21,100,0,0,1,0.011044290556020846,0.00024025302597165623,2.128824280761511e-05,1.0137258479816718e-06,0.00010137258479816718,0.0,0.0,5,0,0,0,0,0,2,0,0,0,0,0,0,0,0,2,__MSG_extension_name__,,,
0,0,1,0,1,1,0,0,0,0,0,77,0.5099172868385985,36.14627135642394,0.08514402966797097,3.739497552528964,2.7659964547518645,166,18,81,0,0,5,0.027346374022818084,0.001486442924173502,0.00016118055804290984,4.477237723414163e-05,0.0007253125111930943,0.0,0.0,0,0,0,0,0,0,5,0,0,0,0,0,0,0,0,5,__MSG_name__,,,
0,0,0,0,1,1,0,0,0,0,1,184,0.5255638724635195,51.32828558733766,0.0840118520172378,3.857420520553,2.7453851435879844,6055,79,175,0,0,2,0.05050611086722781,0.022052021647764933,0.0002877142378486259,7.283904755661415e-06,0.0006373416661203738,0.0,0.0,0,0,0,3,0,0,0,0,0,0,0,0,0,0,0,0,WAPremium MultiWeb,,,
0,0,0,0,0,1,0,0,0,0,1,135,0.5213256349265403,46.06412413308965,0.08265909124419096,3.9748502726335397,2.701685867614563,525,116,182,0,0,17,0.06298412982234847,0.0021181055663814286,0.000468000468000468,6.858627548282721e-05,0.0007342765963455619,0.0,0.0,6,0,0,0,0,0,2,1,0,0,0,0,0,0,0,2,__MSG_extName__,,,
0,0,0,0,0,1,0,0,0,0,0,37,0.5800766158574471,55.832558942141155,0.05757254918939343,6.036626022011482,2.5618791524054734,109,12,51,0,0,2,0.07034667187428387,0.0006966325167607227,7.669348808374929e-05,1.2782248013958214e-05,0.00032594732435593446,0.0,0.0,5,0,0,0,1,0,1,0,0,0,0,0,0,0,0,1,__MSG_appName__,,,
0,0,0,0,1,1,0,0,0,0,1,431,0.46820960900305386,59.443300524192026,0.08325395709606924,4.2522325619316685,2.922080817409624,1003,291,158,0,0,14,0.05941879712801917,0.0021013773135053824,0.000609671782881422,2.933128852350484e-05,0.00033102454190812603,0.0,0.0,0,0,0,0,0,0,1,0,0,0,0,0,0,0,0,1,PIP,,,
0,0,0,0,0,1,0,0,0,0,0,11,0.4473536371898514,44.63307928338117,0.1003212379264645,3.505281827395338,2.908867577315091,44,4,24,0,0,2,0.030151243470803772,0.004355142037018707,0.00039592200336533703,0.00019796100168266851,0.002375532020192022,0.0,0.0,0,0,0,0,0,0,1,0,0,0,0,0,0,0,0,1,Pomodoro Chrome Extension,,,
0,0,0,0,0,1,0,0,0,0,0,0,0.3203698268271206,38.46718146718147,0.07631347226298797,6.993255671367259,3.2187134495154672,47,7,1,0,0,0,0.03188228080931944,0.09073359073359073,0.013513513513513514,0.0,0.0019305019305019305,0.0,0.0,9,0,0,1,0,0,1,0,0,0,0,0,0,0,0,1,__MSG_name__,,,
1,1,0,0,1,1,0,0,0,0,1,106,0.33171629581151835,64.19733333333333,0.09095631544502618,4.628200972447326,3.1348154661167347,158,33,9,0,0,0,0.016450567260940033,0.042133333333333335,0.0088,0.0,0.0024,0.0,0.0,5,0,0,6,0,1,1,0,0,0,0,0,0,0,0,1,Findymail - Email & Phone Finder,,,
0,0,0,0,0,1,0,1,0,0,1,0,0.39047228767544306,40.505102040816325,0.08837209302325581,6.142523364485982,3.2814340225365077,8,0,4,0,0,1,0.05737279335410177,0.006802721088435374,0.0,0.0008503401360544217,0.003401360544217687,0.0,0.0,1,0,0,2,0,0,2,0,0,0,0,0,0,0,0,2,Fabasphere,,,
0,1,0,0,0,1,0,0,0,0,0,9,0.5877640523610214,53.63568844551634,0.08530160357634443,3.168288777997238,2.635798190265622,75,5,16,0,0,0,0.09680125880974257,0.0010277351458013594,6.851567638675729e-05,0.0,0.00021925016443762334,0.0,0.0,0,0,0,0,0,0,3,0,0,0,0,0,0,0,0,3,__MSG_appName__,,,
0,0,0,0,0,0,0,0,0,0,1,4,0.5011475632892707,43.83976056175895,0.08487989094297868,5.306604866743917,2.9516271328471735,76,23,8,0,0,5,0.05959532935199215,0.004374352480718315,0.0013238171981121215,0.0002877863474156786,0.0004604581558650858,0.0,0.0,13,1,0,7,0,0,3,0,0,0,0,0,0,0,0,3,__MSG_appName__,,,
0,0,0,0,1,1,0,0,0,0,0,61,0.530669695160767,34.418335343787696,0.08463115616973108,3.313060440200303,2.6107488525150675,108,6,75,0,0,2,0.021327458820180376,0.0011843403882004606,6.579668823335893e-05,2.193222941111964e-05,0.0008224586029169865,0.0,0.0,9,0,0,0,0,0,1,0,0,0,0,0,0,0,0,1,__MSG_extName__,,,
0,0,0,0,0,0,0,0,0,0,0,0,0.17984189723320157,32.8,0.11067193675889328,6.096153846153846,4.751348298677572,0,0,0,0,0,0,0.057692307692307696,0.0,0.0,0.0,0.0,0.0,0.0,0,0,0,0,0,0,0,0,0,0,0,0,0,0,0,0,__MSG_name__,,,
0,1,0,0,0,1,0,0,0,0,0,144,0.3885557654736125,36.6353468299908,0.09204295337093149,3.775243595752325,2.9627255277149374,1028,32,196,0,0,1,0.04360104094669981,0.004241256534134276,0.00013202354970067785,4.125735928146183e-06,0.0008086442419166519,0.0,0.0,4,0,0,0,0,0,0,0,0,0,0,0,0,0,0,0,AI Copilot for Sheets - by Arcwise,,,
0,0,0,0,0,0,0,0,0,0,0,0,0.0,0.0,0.0,0.0,0.0,0,0,0,0,0,0,0.0,0.0,0.0,0.0,0.0,0.0,0.0,0,0,0,0,0,0,0,0,0,0,0,0,0,0,0,0,__MSG_ext_name__,,,
0,0,0,0,0,0,0,0,0,0,0,0,0.0,0.0,0.0,0.0,0.0,0,0,0,0,0,0,0.0,0.0,0.0,0.0,0.0,0.0,0.0,0,0,0,0,0,0,0,0,0,0,0,0,0,0,0,0,__MSG_appName__,,,
0,0,0,0,0,0,0,0,0,0,0,8,0.35732600885806187,37.96251917177914,0.09453208304199288,6.18394513916902,3.417499375716224,25,1,69,0,0,3,0.13446666282487177,0.00047929447852760736,1.9171779141104296e-05,5.7515337423312883e-05,0.0013228527607361963,0.0,0.0,0,0,0,4,0,0,4,0,0,0,0,0,0,0,0,4,__MSG_AppName__,,,
0,0,0,0,0,1,0,0,0,0,0,55,0.5037205851254698,52.187791823892326,0.08639601492718141,3.893701564041144,2.8094239587485736,215,38,59,0,0,1,0.05617514442722277,0.0012036860786706826,0.00021274451623016718,5.598539900793873e-06,0.0003303138541468385,0.0,0.0,25,1,0,0,0,0,3,0,0,0,0,0,0,0,0,3,Cognism - Premium Sales Intelligence,,,
0,0,0,0,0,1,0,0,0,0,1,112,0.342627805495464,40.39897592197501,0.09644625952588916,4.4390322962383655,3.461047951705366,380,16,125,0,0,7,0.07025731000169791,0.004632733922584578,0.0001950624809509296,8.53398354160317e-05,0.0015239256324291375,0.0,0.0,2,0,0,0,0,0,0,0,0,0,0,0,0,0,0,0,__MSG_extName__,,,
0,0,0,0,1,0,0,0,0,0,0,44,0.43790168777067334,20.057715430861723,0.07611146569959179,5.482097735399285,3.2906815602996398,115,34,278,0,0,0,0.13632101708382996,0.003072812291249165,0.0009084836339345357,0.0,0.007428189712758851,0.0,0.0,0,0,0,2,0,1,2,0,0,0,0,0,0,0,0,2,Shopify Scraper,,,
0,0,0,0,0,1,0,0,0,0,0,0,0.330045754956787,14.640699523052465,0.10228774783934927,7.263440860215054,3.773484015757922,3,0,4,0,0,0,0.024193548387096774,0.0047694753577106515,0.0,0.0,0.006359300476947536,0.0,0.0,1,0,0,0,0,0,1,0,0,0,0,0,0,0,0,1,Sound Booster,,,
0,1,1,0,0,1,0,1,0,0,0,101,0.6089960614441982,80.46685054970669,0.06211934101137047,3.2261032614013025,2.5871351681065096,309,5,80,0,1,5,0.03405118207004842,0.0012004195641194982,1.942426479157764e-05,1.942426479157764e-05,0.00031078823666524225,3.884852958315528e-06,0.0,0,0,0,0,0,0,1,0,0,0,0,0,0,0,0,1,Iago - Learn Japanese through TV,,,
0,0,0,0,0,0,0,0,0,0,0,0,0.0,0.0,0.0,0.0,0.0,0,0,0,0,0,0,0.0,0.0,0.0,0.0,0.0,0.0,0.0,0,0,0,0,0,0,0,0,0,0,0,0,0,0,0,0,SAS Writing Navigator,,,
1,1,0,0,1,1,0,0,0,0,0,34,0.5116809228570756,46.650451157316596,0.08767314951226103,3.8917321093738138,2.8360919820863986,131,14,50,0,0,2,0.05630916531404013,0.0005038500296156124,5.384656805052347e-05,7.692366864360495e-06,0.00019230917160901236,0.0,0.0,0,0,0,1,0,0,7,0,0,0,0,0,0,0,0,7,ParagraphAI,,,
0,0,1,0,0,1,0,0,0,0,1,325,0.45455576832357386,37.72643840926957,0.06759696945302862,5.809011981993606,2.599188051748713,1078,322,235,0,7,5,0.041027781057047394,0.0029021246352153173,0.000866868397531848,1.3460689402668446e-05,0.000632652401925417,1.8844965163735827e-05,0.0,54,0,0,50,1,27,18,0,7,0,0,0,0,0,0,18,__MSG_appName__,,,
0,1,0,0,0,1,0,1,0,0,0,17,0.3338143523816683,95.14334347183079,0.05446640988453511,4.997743817968258,3.1251044238423296,720,17,29,0,0,2,0.027752898481106025,0.02009096743589028,0.0004743700644585205,5.5808242877473e-05,0.0008092195217233585,0.0,0.0,100,0,0,2,0,0,2,0,0,0,0,0,0,0,0,2,Zoho Assist - FREE Remote Support Tool,,,
0,0,0,0,0,1,0,0,0,0,0,30,0.57697177179706,63.47438266771078,0.07100904772932277,3.9570918946927875,2.334253720408147,94,12,43,0,0,0,0.06479285551370371,0.0009814669799008092,0.00012529365700861394,0.0,0.00044896893761419993,0.0,0.0,3,0,0,0,0,0,0,0,0,0,0,0,0,0,0,0,Gmail Message Preview by cloudHQ,,,
1,1,0,0,0,0,0,0,0,0,0,29,0.30859224813634073,54.04512349588347,0.08877873391020878,4.1574713884690135,3.266285898992769,115,29,10,0,0,2,0.06799673011074436,0.006069242136373232,0.0015305045387375977,0.00010555203715431708,0.0005277601857715853,0.0,0.0,47,0,0,11,2,0,90,0,0,0,11,0,0,0,0,90,__MSG_appName__,,,
0,0,0,0,0,0,0,0,0,0,0,0,0.0,0.0,0.0,0.0,0.0,0,0,0,0,0,0,0.0,0.0,0.0,0.0,0.0,0.0,0.0,0,0,0,0,0,0,0,0,0,0,0,0,0,0,0,0,NOVA RNA Lab,,,
0,0,0,0,1,1,1,0,0,0,1,146,0.3597924006056782,39.057876602452325,0.09204622544656227,5.005751191648331,3.071030457904429,499,106,53,0,0,2,0.0703579032676579,0.006960815768549389,0.001478650243419309,2.7899061196590735e-05,0.0007393251217096545,0.0,0.0,338,0,0,108,6,6,172,0,0,0,66,5,0,5,26,151,SMS from Gmail ™ & Facebook™ (MightyText),,,
0,0,0,0,0,0,0,0,0,0,0,0,0.0,0.0,0.0,0.0,0.0,0,0,0,0,0,0,0.0,0.0,0.0,0.0,0.0,0.0,0.0,0,0,0,0,0,0,0,0,0,0,0,0,0,0,0,0,Ultimate Self,,,
0,0,0,0,0,1,0,0,0,0,1,212,0.6693300857608538,48.16845657351339,0.07607130858087764,3.20908970602999,3.0204412542611814,1146,35,99,0,0,13,0.05046044045304785,0.001814715346221085,5.542324355823558e-05,2.0585776178773215e-05,0.00015676860320758062,0.0,0.0,97,1,0,0,0,0,5,0,0,0,0,0,0,0,0,5,__MSG_Extension_Name__,,,
0,0,0,0,0,0,0,0,0,0,0,0,0.0,0.0,0.0,0.0,0.0,0,0,0,0,0,0,0.0,0.0,0.0,0.0,0.0,0.0,0.0,0,0,0,0,0,0,0,0,0,0,0,0,0,0,0,0,Lighting the Forest,,,
0,1,0,0,0,0,0,0,0,0,1,0,0.4602575706107784,38.401751628115875,0.07559895768026866,4.7529871850398715,2.9237829220634692,9,3,4,0,0,0,0.051514611092711014,0.00040422187289467773,0.0001347406242982259,0.0,0.0001796541657309679,0.0,0.0,1,0,0,0,0,0,3,0,0,0,0,0,0,0,0,3,M3U8 Downloader,,,
0,0,0,0,0,1,0,0,0,0,0,45,0.39859039931404167,20.553600329576554,0.08561371698211101,4.996436479887375,3.1639446547597476,72,11,17,0,0,3,0.0715930254725697,0.0021187064120295443,0.0003236912573934026,8.827943383456434e-05,0.0005002501250625312,0.0,0.0,2,0,0,0,0,0,0,0,0,1,0,0,0,0,0,0,Social Fixer for Facebook,,,
1,1,0,0,1,1,0,0,0,0,0,12,0.3114172179011897,26.945159106296547,0.08163116958639238,6.5734368135891055,3.0484567473490847,19,1,25,0,0,0,0.03807292429345439,0.006431956668923494,0.00033852403520649965,0.0,0.008463100880162491,0.0,0.0,0,0,0,16,0,0,2,0,0,0,0,0,0,0,0,2,PopUpOFF - Popup and overlay blocker,,,
0,0,0,0,0,1,0,0,0,0,0,41,0.41841707167275277,19.486392440584915,0.09130133100350023,4.646778576141565,3.198283911126486,290,41,46,0,0,1,0.0976428352478478,0.002959274263497862,0.00041838015449452534,1.0204394012061594e-05,0.0004694021245548333,0.0,0.0,119,0,3,0,0,0,21,0,0,0,0,0,0,0,0,21,__MSG_app_name__,,,
1,1,0,0,0,1,0,0,0,0,1,6,0.4286470662147564,41.294629791940174,0.08469788439396096,4.004770553521291,3.3558830925726673,239,3,67,0,0,5,0.07539868330403592,0.00022476179011950931,2.821277700244887e-06,4.702129500408145e-06,6.300853530546914e-05,0.0,0.0,0,0,0,0,0,0,3,0,0,0,0,0,0,0,0,3,Pieces for Developers: Copilot & Code Capture,,,
0,0,0,0,0,0,0,0,0,0,0,0,0.0,0.0,0.0,0.0,0.0,0,0,0,0,0,0,0.0,0.0,0.0,0.0,0.0,0.0,0.0,0,0,0,0,0,0,0,0,0,0,0,0,0,0,0,0,Spring Forest,,,
0,0,1,0,1,1,0,1,0,0,1,52,0.34316152900069197,35.72414783951726,0.08371799605352921,5.868184522373901,3.16498765844977,106,4,52,0,1,0,0.06504483355575923,0.0019036672533314176,7.183650012571388e-05,0.0,0.0009338745016342803,1.795912503142847e-05,0.0,10,2,4,0,0,0,1,0,0,0,0,0,0,0,0,1,iGive Button,,,
0,0,0,0,1,1,0,0,0,0,0,51,0.2263314185971466,88.74972768862102,0.05903722711570662,17.360902799229702,3.0521802003710126,579,45,68,0,0,0,0.0782522395809371,0.007007479485876117,0.0005446227579696464,0.0,0.00082298550093191,0.0,0.0,56,8,0,1,0,0,6,0,0,0,0,0,0,0,0,6,Tabli,,,
0,0,0,0,0,1,0,1,0,0,0,20,0.4871764999955364,54.09265953522685,0.06753439210119892,4.0891445003594535,2.1351021832270045,1145,5,31,0,0,3,0.032541557241156704,0.028156891675888356,0.00012295585884667404,7.377351530800442e-05,0.0007623263248493791,0.0,0.0,0,0,0,0,0,0,3,0,0,0,0,0,0,0,0,3,OpenTabs: Save trees by surfing the web,,,
0,0,1,1,0,1,0,0,0,0,1,49,0.37273531952534317,23.93883629714825,0.09869663909917144,4.739892063529677,3.3393863762430906,287,37,36,0,1,11,0.0523687375224374,0.004231914830870861,0.0005455778701819576,0.00016219882627031173,0.000530832522339202,1.474534784275561e-05,0.0,170,0,0,41,8,12,139,0,0,0,0,0,0,8,0,139,__MSG_pluginName__,,,
0,1,0,0,1,1,1,1,1,0,0,31,0.4892380344505488,40.47493713559369,0.07858073706105664,4.866350081997655,2.486265435465014,488,6,84,0,0,0,0.04518425478111008,0.006742380281300948,8.289811821271657e-05,0.0,0.001160573654978032,0.0,0.0,0,0,0,0,0,0,3,0,0,0,0,0,0,0,0,3,1Password SaaS Manager,,,
1,1,0,0,0,1,0,0,0,0,0,20,0.18382828169911714,67.9222236981934,0.09170935789058454,4.885502350722318,3.3931700474799893,202,19,144,0,0,0,0.08537198910513936,0.004472192702798442,0.00042065178887708114,0.0,0.003188097768331562,0.0,0.0,0,0,0,0,0,0,3,0,0,0,0,0,0,0,0,3,__MSG_title__,,,
0,0,0,0,1,1,0,0,0,0,1,125,0.5257700865948879,51.90975326641845,0.08263757012036076,3.602602601775658,2.740981754991123,2016,85,152,0,0,5,0.05479144241008326,0.008097263558699136,0.00034140248139356475,2.008249890550381e-05,0.0006105079667273159,0.0,0.0,0,0,0,0,0,0,4,0,0,0,0,0,0,0,0,4,Tab Nodes Tree - Vertical Tree Style Tabs in Side Panel,,,
0,0,0,0,0,1,0,0,0,0,0,33,0.5858927661030887,63.25495196933368,0.07601183168958096,3.9455367757439768,2.4996440297000184,100,12,43,0,0,1,0.0632567656723601,0.0015272071962003084,0.00018326486354403702,1.5272071962003084e-05,0.0006566990943661327,0.0,0.0,3,0,0,0,0,0,0,0,0,0,0,0,0,0,0,0,__MSG_appName__,,,
0,1,1,0,0,1,0,0,0,0,0,22,0.44733315685368574,42.58273020422788,0.08540080336604784,4.266295842688984,3.108621097482155,158,39,85,0,0,1,0.06698645982173233,0.011322106771766392,0.0027946972411322106,7.165890361877464e-05,0.006091006807595844,0.0,0.0,0,0,0,8,0,1,2,0,0,0,0,0,0,0,0,2,Google Calendar Event Checker,,,
0,1,0,0,0,1,0,0,0,0,0,47,0.433363954690641,81.54092639593908,0.08298900321716436,3.863737348802765,3.0460558888937634,302,65,44,0,0,1,0.03173819515463554,0.09581218274111675,0.020621827411167512,0.00031725888324873094,0.013959390862944163,0.0,0.0,0,0,0,0,0,0,0,0,0,0,0,0,0,0,0,0,__MSG_appName__,,,
0,0,0,0,0,1,0,0,0,0,1,38,0.45597896223744994,41.25236567102773,0.09769823196587012,3.598904396460358,2.99879258363928,124,11,43,0,0,0,0.058061879892227344,0.003401080665953537,0.0003017087687539428,0.0,0.001179407005129049,0.0,0.0,0,0,2,0,0,0,4,0,0,0,0,0,0,0,0,4,__MSG_n__,,,
0,0,0,0,0,0,0,0,0,0,0,0,0.2347949080622348,14.54945054945055,0.08557284299858557,6.046666666666667,3.4117420266304634,0,0,0,0,0,0,0.02666666666666667,0.0,0.0,0.0,0.0,0.0,0.0,0,0,0,0,0,0,0,0,0,0,0,0,0,0,0,0,__MSG_appName__,,,
0,1,0,0,1,1,0,0,0,0,0,88,0.4217317571410225,29.072722111625854,0.019369998117313283,5.153160370959956,2.309260695917404,2004,35,110,0,0,2,0.007184157400647125,0.0012393389944656463,2.164514211891099e-05,1.2368652639377708e-06,6.802758951657739e-05,0.0,0.0,0,0,0,0,0,0,2,0,0,0,0,0,0,0,0,2,LoadFetcher - Relay Amazon Efficiency Booster,,,
0,0,0,0,1,1,0,0,0,0,1,120,0.3840892201473824,32.322737715249964,0.11075123764339519,3.7086341868335357,3.18808668773071,605,27,100,0,0,1,0.04481450737500798,0.006149998983471242,0.00027446276455160915,1.0165287575985525e-05,0.0010165287575985525,0.0,0.0,4,0,0,0,0,0,4,0,0,0,0,0,0,0,0,4,Reforge – AI prototyping for product builders,,,
0,0,0,0,0,1,0,0,0,0,0,0,0.40754410570606037,41.41273154187321,0.12981348884131788,3.3728635839362484,3.1898491285341426,84,13,10,0,0,0,0.053213798888539374,0.021914949126010958,0.0033915992695016956,0.0,0.0026089225150013043,0.0,0.0,0,0,1,1,0,0,3,0,0,0,0,0,0,0,0,3,Demon Slayer Cursor,,,
0,0,0,0,0,0,0,0,0,0,0,0,0.19723832253665188,26.805687203791468,0.07023525400613706,2.8984689766317486,3.4881399047222588,6,2,0,0,0,0,0.0064464141821112,0.02843601895734597,0.009478672985781991,0.0,0.0,0.0,0.0,0,0,0,0,0,0,0,0,0,0,0,0,0,0,0,0,ARSENAL,,,
0,0,0,0,0,0,0,0,0,0,0,0,0.20510894064613072,28.6,0.09917355371900827,5.79020979020979,3.518932197765593,0,0,0,0,0,0,0.06993006993006994,0.0,0.0,0.0,0.0,0.0,0.0,0,0,0,0,0,0,0,0,0,0,0,0,0,0,0,0,Gmail Conversation Reversal,,,
1,1,1,0,0,1,0,0,1,0,0,5,0.44256733190013253,39.8240421125302,0.09564607127531619,3.718932792169034,2.8772866765849483,16,1,2,0,0,0,0.027306911782260954,0.0006903693476009665,4.3148084225060405e-05,0.0,8.629616845012081e-05,0.0,0.0,0,0,0,0,0,0,3,0,0,0,0,0,0,0,0,3,__MSG_appName__,,,
0,0,0,0,0,0,0,0,0,0,0,33,0.3486055119826935,42.92875318066158,0.10086556647983388,4.5707292010715985,3.388029855906797,132,10,88,0,0,3,0.11088113325259642,0.004664970313825276,0.0003534068419564603,0.00010602205258693808,0.0031099802092168505,0.0,0.0,1,0,0,4,0,0,6,2,0,0,0,0,0,0,0,6,__MSG_AppName__,,,
0,0,0,0,0,1,0,0,0,0,0,2,0.31606977020549903,52.840995260663504,0.10809716420997963,5.326178150660478,3.28642719997753,88,16,12,0,0,0,0.05216886826133524,0.02085308056872038,0.0037914691943127963,0.0,0.002843601895734597,0.0,0.0,0,0,0,1,0,0,4,0,0,0,0,0,0,0,0,4,Table Tennis,,,
0,0,1,0,1,1,0,1,0,0,0,12,0.5480707688736342,39.99877634262406,0.10113913346266726,3.066988228151246,2.564801667665295,8,0,0,0,0,0,0.05444058420750835,0.00027192386131883074,0.0,0.0,0.0,0.0,0.0,0,0,0,0,0,0,2,0,0,0,0,0,0,0,0,2,VratnePenize.cz Připomínáček,,,
0,0,0,0,0,0,0,0,0,0,0,0,0.0,0.0,0.0,0.0,0.0,0,0,0,0,0,0,0.0,0.0,0.0,0.0,0.0,0.0,0.0,0,0,0,0,0,0,0,0,0,0,0,0,0,0,0,0,__MSG_appName__,,,
0,0,0,0,0,1,0,0,0,0,0,191,0.5118635111944972,46.893353567889,0.06880438789863011,3.9596634993627755,2.5927411526435367,2199,76,313,0,0,9,0.027287198986789815,0.0034052898909811696,0.00011769078295341923,1.3937066402378593e-05,0.0004847001982160555,0.0,0.0,0,0,0,0,0,0,2,0,0,0,0,0,0,0,0,2,__MSG_appName__,,,
0,1,0,0,0,1,0,0,0,0,1,159,0.4055031642541942,35.57246814748697,0.08251331246004906,4.820969854808764,2.6803220316202307,1089,8,166,0,0,0,0.030244757633911924,0.003375080193021115,2.479397754285484e-05,0.0,0.000514475034014238,0.0,0.0,8,0,0,0,0,0,8,0,0,0,0,0,0,0,0,8,__MSG_appName__,,,
0,0,0,0,1,1,0,1,0,0,0,109,0.38777381172776343,53.58578935860608,0.05578269015074525,2.7452733039383856,2.4386374374478668,374,25,314,0,0,0,0.01176939548484395,0.0009399370191933129,6.283001465195942e-05,0.0,0.0007891449840286103,0.0,0.0,9,0,0,0,0,0,3,0,0,0,0,0,0,0,0,3,__MSG_extensionName__,,,
0,1,0,0,1,1,1,1,0,0,0,13,0.4624067849699423,36.94253624134779,0.09835142991382827,3.663372512968678,2.8284036580841003,103,7,27,0,0,0,0.04701556241381575,0.0067258717513386445,0.0004570980801880632,0.0,0.001763092595011101,0.0,0.0,0,0,1,0,0,0,1,0,0,0,0,0,0,0,0,1,Anara Web Clipper,,,
0,0,0,0,0,0,0,0,0,0,0,0,0.0,0.0,0.0,0.0,0.0,0,0,0,0,0,0,0.0,0.0,0.0,0.0,0.0,0.0,0.0,0,0,0,0,0,0,0,0,0,0,0,0,0,0,0,0,StackEdit,,,
0,1,0,0,0,1,0,0,0,0,1,17,0.4159161183205244,39.62576958399946,0.08602343201191612,4.964448045899929,3.124464223583663,177,16,23,0,0,0,0.09030028687455759,0.006020612946018572,0.0005442361985101534,0.0,0.0007823395353583455,0.0,0.0,56,1,0,0,0,1,18,0,0,0,0,0,0,0,0,18,__MSG_extension_name__,,,
0,1,0,0,1,1,0,1,0,0,0,48,0.46868789337442235,49.862364516404334,0.06670906287207044,5.7624613808995475,3.074907401997515,403,11,72,0,0,4,0.04874626610907229,0.004913375842771973,0.00013411199570841613,4.876799843942405e-05,0.0008778239719096329,0.0,0.0,0,0,0,0,0,0,1,0,0,0,0,0,0,0,0,1,Exeos Extension,,,
0,0,0,0,0,0,0,0,0,0,0,0,0.0,0.0,0.0,0.0,0.0,0,0,0,0,0,0,0.0,0.0,0.0,0.0,0.0,0.0,0.0,0,0,0,0,0,0,0,0,0,0,0,0,0,0,0,0,Sobremesa,,,
0,0,0,0,0,1,1,0,0,0,0,147,0.48830217003535126,42.97369434107532,0.0848949873004269,3.753967213663391,2.775261745503787,483,56,29,0,0,6,0.0689374839638112,0.002694726036186321,0.0003124320041955155,3.347485759237666e-05,0.00016179514502982052,0.0,0.0,28,0,0,33,0,2,11,0,0,0,0,0,0,0,0,11,وسهام | VaSaham,,,
0,0,1,0,0,1,0,0,0,0,0,7,0.3438089266969701,35.127922440049765,0.08146549062635071,5.00908970035416,3.3283104343057373,17,6,18,0,1,0,0.033820454243270355,0.0007292694436103127,0.0002573892153918751,0.0,0.0007721676461756252,4.2898202565312514e-05,0.0,16,2,1,2,0,0,3,0,0,0,0,0,0,0,0,3,Tipli: Cashback și cupoane de reducere,,,
0,1,0,0,0,1,0,0,0,0,0,21,0.5239737259177148,42.96363123766563,0.09682292477807194,3.4313053628413552,2.6779935419647463,60,9,60,0,0,0,0.04733081680488746,0.0024165290587619317,0.0003624793588142897,0.0,0.0024165290587619317,0.0,0.0,0,0,0,0,0,0,2,0,0,0,0,0,0,0,0,2,__MSG_appName__,,,
0,0,0,0,0,0,0,0,0,0,0,0,0.0,0.0,0.0,0.0,0.0,0,0,0,0,0,0,0.0,0.0,0.0,0.0,0.0,0.0,0.0,0,0,0,0,0,0,0,0,0,0,0,0,0,0,0,0,__MSG_themeName__,,,
0,0,0,0,0,0,1,0,0,0,0,22,0.44514366175287967,39.79390243902439,0.12094134247730201,3.4611141602634468,3.1834436400261046,186,26,19,0,0,0,0.07329857299670692,0.022682926829268292,0.0031707317073170734,0.0,0.002317073170731707,0.0,0.0,0,0,0,4,0,1,10,0,0,0,0,0,0,0,0,10,ESPNCricinfo,,,
0,0,0,0,0,1,0,0,0,0,0,5,0.2644406901919098,56.267391304347825,0.04800592243882994,4.949317738791423,2.6452498901092323,12,2,10,0,0,0,0.018961545277334752,0.013043478260869565,0.002173913043478261,0.0,0.010869565217391304,0.0,0.0,41,0,12,7,0,1,8,0,0,0,0,0,0,0,0,8,__MSG_extensionName__,,,
0,0,0,0,0,0,0,0,0,0,0,0,0.0,0.0,0.0,0.0,0.0,0,0,0,0,0,0,0.0,0.0,0.0,0.0,0.0,0.0,0.0,0,0,0,0,0,0,0,0,0,0,0,0,0,0,0,0,Spring Flowers,,,
0,0,1,0,1,1,0,1,0,0,1,54,0.44382488299161216,43.18237819675191,0.09019918096769185,4.150570851470604,3.0226543201170775,200,70,105,0,1,3,0.05462243872932891,0.009333582228859437,0.003266753780100803,0.00014000373343289155,0.004900130670151204,4.666791114429718e-05,0.0,80,0,0,0,0,0,16,0,0,0,0,0,0,0,0,16,__MSG_appName__,,,
0,0,0,0,0,0,0,0,0,0,0,0,0.0,0.0,0.0,0.0,0.0,0,0,0,0,0,0,0.0,0.0,0.0,0.0,0.0,0.0,0.0,0,0,0,0,0,0,0,0,0,0,0,0,0,0,0,0,Paloma Mensajera,,,
0,1,0,0,1,1,0,0,0,0,0,30,0.272827646561988,153.39434406912804,0.0648729507779666,3.958561486558095,3.210341684764702,86,42,52,0,0,0,0.008725756879923694,0.06755695208169678,0.032992930086410056,0.0,0.0408483896307934,0.0,0.0,0,0,0,2,0,0,3,0,0,0,0,0,0,0,0,3,Promptimize AI: Your Personal AI Prompt Engineer — Across All AI Platforms,,,
1,1,0,0,0,1,1,0,0,0,0,5,0.484279636249949,39.114609958082,0.0837280981962021,3.8226752012784546,2.5211483461160458,1818,5,7,0,0,0,0.04754253554399465,0.061956855127287595,0.00017039839143918482,0.0,0.00023855774801485874,0.0,0.0,7,0,0,0,0,0,5,0,0,0,0,0,0,0,0,5,dataslayer,,,
0,0,0,0,0,1,0,0,0,0,0,4,0.4111788296965295,46.92403147699758,0.13036915400890517,3.3042571398010483,3.233675952571786,71,8,10,0,0,0,0.05679751845117125,0.02148910411622276,0.002421307506053269,0.0,0.003026634382566586,0.0,0.0,0,0,0,0,0,0,0,0,0,0,0,0,0,0,0,0,__MSG_name__,,,
0,1,0,0,1,1,0,0,0,0,0,7,0.4118237712013217,39.95887358184765,0.13133566471615332,3.2443368351936965,3.1853968952177913,72,8,7,0,0,0,0.053020354563361786,0.014586709886547812,0.0016207455429497568,0.0,0.0014181523500810373,0.0,0.0,0,0,0,0,0,0,2,0,0,0,0,0,0,0,0,2,ブラウザ切替機能２ for Google Workspace™ ＜サテライトオフィス＞,,,
0,0,0,0,0,0,0,0,0,0,0,0,0.0,0.0,0.0,0.0,0.0,0,0,0,0,0,0,0.0,0.0,0.0,0.0,0.0,0.0,0.0,0,0,0,0,0,0,0,0,0,0,0,0,0,0,0,0,Podio,,,
0,0,0,0,1,1,1,1,0,0,0,10,0.40671765714767244,38.78524945770065,0.12027045113191928,3.885273258239466,3.224549868392182,66,8,11,0,0,3,0.060863115931951976,0.013015184381778741,0.0015775981068822718,0.0005915992900808519,0.0021691973969631237,0.0,0.0,3,0,0,4,0,0,11,0,0,0,0,0,0,0,0,7,Writer - Extension & Clipper,,,
0,0,0,0,0,0,0,0,0,0,0,5,0.4661743687470224,45.40623766285037,0.07305349486149867,4.478791833690687,3.0447611268718258,76,5,49,0,0,0,0.11466393213386782,0.030003947887879984,0.0019739439399921043,0.0,0.01934465061192262,0.0,0.0,0,0,0,0,0,0,2,0,0,0,0,0,0,0,0,2,Screshot - One click screen capture and editor,,,
0,1,0,0,1,1,0,0,0,0,1,48,0.4357627844640765,36.65762240702672,0.09556808140221935,3.8257095921471995,2.925862545050495,270,20,140,0,0,1,0.04937789577802072,0.0031536161465146703,0.00023360119603812372,1.1680059801906186e-05,0.001635208372266866,0.0,0.0,0,0,0,0,0,0,2,0,0,0,0,0,0,0,0,2,__MSG_extensionName__,,,
0,0,0,0,0,1,0,0,0,0,0,0,0.2629405692375756,39.61077844311377,0.11384751511576463,4.6073697585768745,3.566065219149212,10,1,3,0,0,0,0.017789072426937738,0.059880239520958084,0.005988023952095809,0.0,0.017964071856287425,0.0,0.0,0,0,0,3,0,0,1,0,0,0,0,0,0,0,0,1,The Washington Post,,,
0,0,0,0,1,0,0,0,0,0,0,0,0.40296364661846895,18.273715415019762,0.07706506691278264,5.871446229913474,2.850436406338531,4,0,1,0,0,0,0.08034610630407911,0.003952569169960474,0.0,0.0,0.0009881422924901185,0.0,0.0,0,0,0,0,0,0,0,0,0,0,0,0,0,0,0,0,WordWeb Dictionary Lookup,,,
0,1,0,0,0,1,0,0,0,0,0,0,0.30274933483834554,18.26552795031056,0.07965814722244619,6.7125,3.2758210175590134,27,14,2,0,0,0,0.028846153846153848,0.04192546583850932,0.021739130434782608,0.0,0.003105590062111801,0.0,0.0,0,0,0,1,0,0,1,0,0,0,0,0,0,0,0,1,__MSG_appName__,,,
0,0,0,0,0,1,0,0,0,0,1,2,0.44959516717707765,35.46836411321167,0.09144547192539809,4.269045172939821,3.0212900031473477,50,36,31,0,0,0,0.06643628778680614,0.005463883728554256,0.003933996284559064,0.0,0.0033876079117036387,0.0,0.0,2,1,0,0,0,0,1,0,0,0,0,0,0,0,0,1,LeetCode Video Solutions,,,
1,1,0,0,0,1,0,0,0,0,1,0,0.19056787587201202,146.3323511863525,0.06514462329311349,13.69097062697173,2.6424820961278943,0,0,6,0,0,0,0.04284080070830903,0.0,0.0,0.0,1.6966070686305835e-05,0.0,0.0,75,0,0,0,0,0,1,0,0,0,0,0,0,0,0,1,Oyl Wallet - Bitcoin & Ordinals Wallet,,,
0,1,0,0,0,1,0,0,0,0,0,16,0.3964220195979636,40.89405052974735,0.09702489917962466,4.594348865462241,2.835344516650125,156,39,31,0,0,0,0.06840537680761845,0.012713936430317848,0.003178484107579462,0.0,0.002526487367563162,0.0,0.0,0,0,0,25,1,1,5,0,0,0,0,0,0,1,0,5,__MSG_appName__,,,
0,1,1,0,1,1,0,0,0,0,1,96,0.3884945838855467,32.85270398481973,0.0968577661123513,3.8042840530924664,2.9494959629682853,772,15,128,0,0,3,0.03683650390015316,0.005548847104824334,0.00010781438675176815,2.156287735035363e-05,0.000920016100281755,0.0,0.0,6,0,0,0,0,0,3,0,0,0,0,0,0,0,0,3,Cristiano Ronaldo (CR7) MeaVana,,,
0,0,0,0,0,1,0,0,0,0,0,42,0.42167237107529654,42.35447057656049,0.08239821252053113,4.369131623226767,2.7344463681946447,243,58,22,0,0,2,0.04803439721736354,0.0034449028197167525,0.0008222401791916529,2.8353109627298373e-05,0.00031188420590028213,0.0,0.0,165,0,0,3,0,1,7,1,1,0,0,0,0,0,0,7,__MSG_extName__,,,
0,0,0,0,0,1,0,0,0,0,0,25,0.3694161540788545,56.464318389752975,0.10661914946689098,3.851362841891445,3.0998124631961774,108,8,9,0,0,0,0.03372856535500024,0.01646843549862763,0.001219884111009454,0.0,0.0013723696248856359,0.0,0.0,1,0,0,20,0,1,2,0,0,0,0,0,0,0,0,2,__MSG_appName__,,,
0,0,1,0,1,1,0,0,0,0,0,62,0.5773811866378062,47.812366271533215,0.07041692463488498,3.9522109661196514,2.4509963208536036,397,5,279,0,3,0,0.057881233699097576,0.0031001577410235985,3.90448078214559e-05,0.0,0.0021787002764372394,2.342688469287354e-05,0.0,7,0,0,0,0,0,6,0,0,0,0,0,1,0,0,6,__MSG_app_name__,,,
0,0,0,0,1,1,1,1,0,0,0,225,0.36019144453563545,44.801796639996724,0.08645056928360052,5.201550981575309,3.0048631045388148,369,39,119,0,0,13,0.03518122986645212,0.00251693302502609,0.00026601731158812337,8.867243719604112e-05,0.0008116938481791456,0.0,0.0,9,3,0,0,0,0,1,0,0,0,0,0,0,0,0,1,__MSG_ext_name__,,,
0,0,0,0,0,1,0,0,0,0,0,1,0.5790023644779059,43.51252236135957,0.043237124312593356,5.9934179595674655,1.1607645201937051,4,0,3,0,1,0,0.039492242595204514,0.0011926058437686344,0.0,0.0,0.0008944543828264759,0.0002981514609421586,0.0,0,0,0,0,1,0,1,0,0,0,0,0,0,0,0,1,Designer Daily Report,,,
0,0,0,0,0,1,0,0,0,0,0,27,0.3886448336683989,38.881844970768526,0.07427391925552226,5.499642786437935,3.2649345266035237,145,11,58,0,0,3,0.08535252244420152,0.0022849398824437827,0.0001733402669440111,4.7274618257457574e-05,0.000913975952977513,0.0,0.0,1,0,0,3,0,0,6,0,0,0,0,0,0,0,0,6,Onion's Revenge,,,
0,0,0,0,0,1,0,0,0,0,0,3,0.3873232495545699,31.08562393578205,0.12149057962773419,3.0275194222562645,3.097752488153481,26,4,1,0,0,0,0.02390852390852391,0.006324495256628557,0.0009729992702505473,0.0,0.00024324981756263683,0.0,0.0,2,0,0,0,0,0,3,0,0,0,0,0,0,0,0,3,__MSG_APP_NAME__,,,
0,1,0,0,0,1,0,0,0,0,0,49,0.4668100264088983,40.40761381086838,0.08884276387214864,3.604247278980834,2.64814394888554,127,13,74,0,0,0,0.07450274930418845,0.00314558874523208,0.00032198939911824443,0.0,0.0018328627334423145,0.0,0.0,0,0,0,7,0,0,3,0,0,0,0,0,0,0,0,3,__MSG_extName__,,,
0,0,0,0,1,1,0,0,0,0,0,5,0.24791105666439378,28.698009608785174,0.09437516613311452,6.266444114737883,3.7296928489222396,41,20,21,0,0,0,0.049950544015825916,0.014070006863417982,0.0068634179821551134,0.0,0.007206588881262869,0.0,0.0,13,0,0,1,0,0,2,0,0,0,0,0,0,0,0,2,__MSG_app_name__,,,
0,0,0,0,0,1,0,0,0,0,0,60,0.5133364709542805,53.88603847424462,0.08565936687501056,3.8770952290886043,2.7332057160227547,379,87,37,0,0,4,0.0733911656604796,0.004815633656069731,0.001105435694137379,5.082462961551168e-05,0.00047012782394348303,0.0,0.0,53,0,2,1,0,0,15,0,0,0,1,0,0,0,0,15,__MSG_name__,,,
0,0,0,0,0,0,0,0,0,0,0,4,0.45583724453970953,49.24976787372331,0.09133744779925349,3.8650028360748725,3.0779093993786013,15,7,3,0,0,0,0.0548307808659482,0.013927576601671309,0.0064995357474466105,0.0,0.002785515320334262,0.0,0.0,1,0,0,1,0,0,1,0,0,0,0,0,0,0,0,1,Minimal New Tab Clock,,,
0,0,1,0,1,1,0,0,0,0,1,134,0.564869011087803,48.62137778595148,0.07786258922766072,3.38617017742171,2.5465946215750175,2583,74,136,0,2,6,0.03869775879826403,0.008962930319549459,0.0002567777172460937,2.0819814911845433e-05,0.0004719158046684965,6.939938303948478e-06,0.0,0,0,2,0,0,0,3,0,0,0,0,0,0,0,0,3,AutoDS - Dropshipping Helper,,,
0,0,0,0,1,1,0,1,0,0,0,182,0.5817462747388765,51.15095187852654,0.08201770021315857,3.443937791434044,2.468155442153355,1215,89,192,0,0,13,0.04534006431695573,0.0037157667782925824,0.0002721837393152591,3.9757175405599644e-05,0.0005871828982980871,0.0,0.0,10,0,0,0,0,0,3,0,0,0,0,0,0,0,0,3,__MSG_name__,,,
0,0,0,0,0,1,0,0,0,0,0,0,0.3145574250182882,26.07920792079208,0.08083394294074615,6.209677419354839,3.2205486592151327,0,0,0,0,0,0,0.036290322580645164,0.0,0.0,0.0,0.0,0.0,0.0,0,0,0,0,0,0,0,0,0,0,0,0,0,0,0,0,__MSG_extensionName__,,,
0,1,0,0,0,1,0,1,0,0,1,61,0.4509404190488504,62.69216064309522,0.07653668646293721,6.22429167995824,3.027672324326639,1465,27,47,0,0,0,0.049053156627903605,0.023936344029801975,0.00044114763740931963,0.0,0.0007679236651199268,0.0,0.0,14,0,1,0,0,0,0,0,0,0,0,0,0,0,0,0,__MSG_ext_name__,,,
0,1,0,0,0,1,0,0,0,0,0,3,0.43303558688393595,49.934593023255815,0.10289375303216232,3.6815721649484536,3.1824713250877075,17,3,5,0,0,0,0.06378865979381443,0.012354651162790697,0.002180232558139535,0.0,0.003633720930232558,0.0,0.0,0,0,0,3,0,0,2,0,0,0,0,0,0,0,0,2,Hide Google AI-Overviews,,,
0,0,0,0,0,0,0,0,0,0,0,15,0.4289328905934104,44.05354678443279,0.08539387107446118,4.383954619124798,2.960184897799802,157,20,29,0,0,0,0.05685575364667747,0.02166712669058791,0.002760143527463428,0.0,0.004002208114821971,0.0,0.0,0,0,0,1,0,0,1,0,0,0,0,0,0,0,0,1,ChatGPT Degrade Checker 降级检查,,,
0,0,0,0,1,1,0,0,0,0,0,5,0.26375329304199596,38.36585365853659,0.0968541763520843,5.774647887323944,3.2834288729675056,2,0,4,0,0,0,0.02190923317683881,0.012195121951219513,0.0,0.0,0.024390243902439025,0.0,0.0,0,0,0,0,0,0,0,0,0,0,0,0,0,0,0,0,Zoom Contact Center CTI Extension,,,
0,1,0,0,1,1,0,0,0,0,1,54,0.47567001048061086,36.19574073119167,0.08829290811997804,4.1353758513566365,3.138489418108022,74,20,156,0,0,2,0.09607508910189715,0.001907904914144279,0.000515649976795751,5.1564997679575106e-05,0.0040220698190068585,0.0,0.0,0,0,0,4,0,1,8,0,0,0,3,0,0,0,0,8,Looker Studio Auto Refresh,,,
0,0,0,0,0,1,1,0,0,0,1,73,0.541553912349519,57.933335832505485,0.0827081620364616,3.601746048659208,2.7897023187821306,412,221,53,0,0,2,0.0586091280412005,0.0015444883882214018,0.0008284755674682761,7.497516447676707e-06,0.00019868418586343274,0.0,0.0,0,0,0,0,0,0,3,0,0,0,0,0,0,0,0,3,__MSG_appName__,,,
0,0,0,0,0,0,1,0,0,0,0,0,0.0,0.0,0.0,0.0,0.0,0,0,0,0,0,0,0.0,0.0,0.0,0.0,0.0,0.0,0.0,0,0,0,0,0,0,0,0,0,0,0,0,0,0,0,0,Mahjong Solitaire Classic ,,,
0,0,0,0,0,0,0,0,0,0,0,1,0.25825825825825827,29.363636363636363,0.11411411411411411,6.6,3.4279617202680455,0,0,0,0,0,0,0.03333333333333333,0.0,0.0,0.0,0.0,0.0,0.0,0,0,0,2,0,0,1,0,0,0,0,0,0,0,0,1,Presearch.com Search With Us,,,
0,0,0,0,0,1,0,0,0,0,0,21,0.5363058586229027,54.78930354366151,0.09218300174200054,3.54739181703272,2.3013506353046145,252,28,34,0,0,0,0.05864488161589426,0.010311809477043948,0.0011457566085604387,0.0,0.00139127588182339,0.0,0.0,4,0,0,1,0,0,1,0,0,0,0,0,0,0,0,1,Backup and Sync Google Drive to other clouds,,,
0,1,0,0,0,1,0,0,0,0,0,80,0.38091436361522507,52.35487743871936,0.09413101609291964,3.779556310461968,2.711610696824205,292,40,39,0,0,5,0.059565277370626474,0.0073036518259129565,0.0010005002501250625,0.0001250625312656328,0.000975487743871936,0.0,0.0,45,0,0,35,0,2,8,0,0,0,0,0,0,0,0,8,"SEO Extension [Metrics, Backlinks, On-Page]",,1.0,
0,0,0,0,1,1,0,0,0,0,1,11,0.3967558107643348,41.69702602230483,0.11226670962068411,4.115451103062233,3.313315494122301,135,8,41,0,0,0,0.04836187026671057,0.02509293680297398,0.001486988847583643,0.0,0.007620817843866171,0.0,0.0,0,0,0,8,0,0,7,0,0,0,0,0,0,0,0,7,Umbrella - Copy All URLs,,,
1,1,0,0,0,0,0,0,0,0,0,6,0.40026032716396953,28.004029692470837,0.0763211969199494,5.344270205066345,3.2304938170077127,55,6,7,0,0,1,0.1428226779252111,0.01166489925768823,0.0012725344644750796,0.00021208907741251324,0.0014846235418875928,0.0,0.0,0,0,0,0,0,0,0,0,0,0,0,0,0,0,0,0,Kick Ass!,,,
0,0,0,0,0,0,0,0,0,0,0,9,0.44544210122067013,36.192516649141254,0.10355551681160308,3.3733298242772696,2.869848516377331,79,6,19,0,0,1,0.04093448862256053,0.0069225376796354715,0.0005257623554153522,8.762705923589205e-05,0.0016649141254819488,0.0,0.0,6,0,0,0,0,0,1,0,0,0,0,0,0,0,0,1,__MSG_application_title__,,,
0,0,0,0,0,1,0,0,0,0,0,30,0.5869238436219739,63.097254793764655,0.07602676765116348,3.9409422758062234,2.4939387116861793,98,12,45,0,0,0,0.06371704733872316,0.0015021228981775263,0.0001839334161033706,0.0,0.0006897503103876397,0.0,0.0,5,0,0,0,1,0,1,0,0,0,0,0,0,0,0,1,__MSG_appName__,,,
0,0,0,0,1,1,0,0,0,0,0,15,0.4586788332670474,34.624465355004276,0.09785458611296628,3.699692050883555,2.6770278762154804,161,4,56,0,0,0,0.035097565187359694,0.008607784431137725,0.000213857998289136,0.0,0.0029940119760479044,0.0,0.0,60,0,0,0,0,0,1,0,0,0,0,0,0,0,0,1,__MSG_appName__,,,
0,0,0,0,1,1,1,0,0,0,1,157,0.46939664425394345,59.867569268310106,0.0774804388099248,3.92120827248757,3.1012239657653082,1270,130,203,0,0,7,0.04529363506979094,0.003489864280002528,0.00035723020189002254,1.9235472409462753e-05,0.0005578286998744198,0.0,0.0,36,0,0,0,0,0,4,0,0,0,0,0,0,0,0,4,Alby - Bitcoin Wallet for Lightning & Nostr,,,
0,0,0,0,1,1,0,1,0,0,0,111,0.35222530555593223,48.702685737806135,0.09150482615280732,4.990558438385821,2.959518671942938,344,31,93,0,0,10,0.04690349632088147,0.0008849557522123894,7.974891953076765e-05,2.5725457913150854e-05,0.00023924675859230294,0.0,0.0,9,0,0,0,0,0,3,0,0,0,0,0,0,0,0,3,"EaseMate: chat with all AI models (GPT, DeepSeek, Gemini, Claude,etc.)",,,
0,1,0,0,1,1,0,1,0,0,0,24,0.4151519057487719,50.38835645870792,0.0422392973738496,3.030182194624814,2.056073474713547,699,23,98,0,0,1,0.003654869216167573,0.0019761169725548734,6.502244687948797e-05,2.8270629078038243e-06,0.0002770521649647748,0.0,0.0,11,0,0,0,0,0,1,0,0,0,0,0,0,0,0,1,Wakelet,,,
0,0,0,0,0,0,0,0,0,0,0,0,0.0,0.0,0.0,0.0,0.0,0,0,0,0,0,0,0.0,0.0,0.0,0.0,0.0,0.0,0.0,0,0,0,0,0,0,0,0,0,0,0,0,0,0,0,0,Night Light,,,
0,0,0,0,0,0,0,0,0,0,0,0,0.0,0.0,0.0,0.0,0.0,0,0,0,0,0,0,0.0,0.0,0.0,0.0,0.0,0.0,0.0,0,0,0,0,0,0,0,0,0,0,0,0,0,0,0,0,Forest waterfall,,,
0,0,0,0,1,1,1,0,0,0,1,245,0.4149098317211949,36.66227559870088,0.10184370654781258,3.887571361395414,2.8562305253235665,874,154,373,0,0,5,0.05089390020793076,0.0015596559477497412,0.00027481351939755166,8.922516863556873e-06,0.0006656197580213426,0.0,0.0,16,2,0,0,0,0,4,0,0,0,0,0,0,0,0,4,__MSG_extName__,,,
0,0,0,0,0,0,0,0,0,0,0,0,0.0,0.0,0.0,0.0,0.0,0,0,0,0,0,0,0.0,0.0,0.0,0.0,0.0,0.0,0.0,0,0,0,0,0,0,0,0,0,0,0,0,0,0,0,0,__MSG_themeName__,,,
0,0,0,0,0,0,0,0,0,0,1,67,0.48276577736413195,59.100954979536155,0.08171379094526363,4.503886059956353,3.1971833943486074,78,26,24,0,0,1,0.08235384203070562,0.015201715065289417,0.005067238355096472,0.00019489378288832586,0.004677450789319821,0.0,0.0,13,0,0,1,0,0,2,0,0,0,0,0,0,0,0,2,BotRix,,,
0,0,0,0,0,1,0,0,0,0,1,3,0.3297816364114707,16.499424626006906,0.08254406735069718,6.608287724784988,3.5871347020562903,20,5,14,0,0,0,0.026583268178264268,0.023014959723820484,0.005753739930955121,0.0,0.01611047180667434,0.0,0.0,0,0,0,0,0,0,2,0,0,0,0,0,0,0,0,2,LKTips,,,
0,0,0,0,1,0,1,0,0,0,1,17,0.38447961199029973,48.13980343980344,0.12567314182854572,3.4364816805888676,3.1714976075450196,92,16,10,0,0,6,0.05057480770821272,0.022604422604422605,0.003931203931203931,0.0014742014742014742,0.002457002457002457,0.0,0.0,6,0,0,3,0,1,3,0,0,0,0,0,0,0,0,3,Vagalume,,1.0,
0,1,0,0,0,1,0,0,0,0,1,11,0.642762593955368,49.09303344530451,0.06875579476473984,3.5605033471739684,3.0852701290110183,50,3,9,0,0,2,0.03982713329378866,0.007302468234263181,0.00043814809405579085,0.0002920987293705272,0.0013144442821673725,0.0,0.0,144,0,1,0,0,0,1,0,0,0,0,0,0,0,0,1,서핏 - 매일 성장하는 사람들의 커리어 플랫폼,,,
0,0,0,0,0,1,1,0,0,0,0,2,0.3974370879375987,20.306346066047787,0.10367722165474974,4.1768340029033455,3.284070112293596,225,10,25,0,0,0,0.06708078727929509,0.017120681783594584,0.0007609191903819814,0.0,0.0019022979759549536,0.0,0.0,5,0,0,0,1,0,11,0,0,0,0,0,0,0,0,11,__MSG_app_name__,,,
0,0,1,0,0,1,0,0,0,0,0,46,0.41468863199003847,42.41907614330146,0.10003696654969436,3.737890580569683,2.7025953036092467,168,23,18,0,0,0,0.05739889183172741,0.006450869715470568,0.0008831547824751372,0.0,0.0006911646123718466,0.0,0.0,16,4,0,7,0,0,13,0,1,0,1,0,0,0,0,13,__MSG_manifest_name__,,,
0,0,1,0,0,1,0,0,0,0,0,47,0.39102973848555417,47.68118870210259,0.0906809377851914,4.669666911119302,2.645967349284254,2088,21,76,0,0,1,0.027404027008849693,0.008662606415639158,8.712391509981911e-05,4.1487578618961485e-06,0.00031530559750410727,0.0,0.0,28,1,1,0,0,0,2,0,0,0,0,0,0,0,0,2,__MSG_name__,,,
0,0,0,0,0,0,0,0,0,0,0,0,0.0,0.0,0.0,0.0,0.0,0,0,0,0,0,0,0.0,0.0,0.0,0.0,0.0,0.0,0.0,0,0,0,0,0,0,0,0,0,0,0,0,0,0,0,0,Honeysuckle,,,
0,1,0,0,0,1,0,0,0,0,0,4,0.3443293957513004,13.900478053020425,0.10241602255602547,5.680818131564401,3.1536093680381274,20,0,2,0,0,0,0.046987285793255944,0.0028972910328842532,0.0,0.0,0.0002897291032884253,0.0,0.0,0,0,0,2,0,0,1,0,0,0,0,0,0,0,0,1,__MSG_desc__,,,
0,0,0,0,1,1,0,0,0,0,0,44,0.4039992446494444,32.975784833123704,0.09702552673548334,3.684247973250582,2.875827454765928,613,14,51,0,0,1,0.03551446198863618,0.007787983890434628,0.00017786586372933898,1.2704704552095641e-05,0.0006479399321568777,0.0,0.0,1,0,0,0,0,0,2,0,0,0,0,0,0,0,0,2,PopAi - Your Personal AI Assistant,,,
0,0,0,0,0,0,0,0,0,0,0,0,0.0,0.0,0.0,0.0,0.0,0,0,0,0,0,0,0.0,0.0,0.0,0.0,0.0,0.0,0.0,0,0,0,0,0,0,0,0,0,0,0,0,0,0,0,0,Britannica ImageQuest,,,
0,0,0,0,1,1,0,1,0,0,0,19,0.4765040546747496,74.65660370983545,0.05512959842229755,6.1731314820224075,2.8305357259467043,27,65,21,0,0,3,0.053877378350338935,0.00045612731020035815,0.0010980842652971584,5.068081224448424e-05,0.0003547656857113897,0.0,0.0,5,1,0,0,0,0,1,0,0,0,0,0,0,0,0,1,"FrogHire.ai - AI Resume & Job Search, Autofill, H1B Checker",,,
0,0,0,0,0,0,0,0,0,0,0,0,0.0,0.0,0.0,0.0,0.0,0,0,0,0,0,0,0.0,0.0,0.0,0.0,0.0,0.0,0.0,0,0,0,0,0,0,0,0,0,0,0,0,0,0,0,0,River Mountain,,,
0,0,0,0,0,0,0,0,0,0,0,0,0.0,0.0,0.0,0.0,0.0,0,0,0,0,0,0,0.0,0.0,0.0,0.0,0.0,0.0,0.0,0,0,0,0,0,0,0,0,0,0,0,0,0,0,0,0,Dreamy Night,,,
0,0,0,0,0,1,0,0,0,0,0,1,0.45756703141997823,33.99373040752351,0.10279644205541691,4.280141342756184,3.2074492177798968,64,1,22,0,0,0,0.03010600706713781,0.028660994178235557,0.0004478280340349306,0.0,0.009852216748768473,0.0,0.0,0,0,0,5,0,0,4,0,0,0,0,0,0,0,0,4,Cite Creator,,,
0,0,0,0,0,1,0,0,0,0,0,9,0.4014590277643976,31.174583494769468,0.10757018169206758,4.811257336401479,3.340394014077166,124,29,45,0,0,1,0.0796080357835406,0.009608678806664083,0.0022471910112359553,7.748934521503293e-05,0.003487020534676482,0.0,0.0,0,0,0,7,1,0,6,0,0,0,0,0,0,0,0,6,__MSG_appName__,,,
0,0,0,0,0,1,0,0,0,0,0,1,0.26322961617079266,47.795013850415515,0.09022257551669316,6.218390804597701,3.742775477184007,51,1,17,0,0,0,0.02117362371445856,0.14127423822714683,0.002770083102493075,0.0,0.04709141274238227,0.0,0.0,0,0,0,1,0,0,1,0,0,0,0,0,0,0,0,1,__MSG_appName__,,,
0,0,0,0,0,1,0,1,0,0,0,8,0.4067147372580008,36.6112638383238,0.10417621493480837,3.8767115979656435,3.0667735146886463,134,6,25,0,0,0,0.04600419674929758,0.0099561631621963,0.00044579835054610296,0.0,0.0018574931272754291,0.0,0.0,4,0,0,0,0,0,2,0,0,0,0,0,0,0,0,2,Copy To Notion: Clip anything to Notion,,,
1,1,0,0,1,1,0,1,0,0,1,167,0.5130845186869059,46.180937710882255,0.06662568572342714,4.299036893764945,2.644286537266975,5824,38,218,0,0,4,0.042988179724793095,0.017087697679194908,0.00011149253293430743,1.173605609834815e-05,0.0006396150573599741,0.0,0.0,18,4,1,0,0,0,34,1,0,0,0,0,3,0,0,34,__MSG_ext_name__,,,
0,1,0,0,1,1,0,0,0,0,1,118,0.4636324203111813,41.48693512969108,0.06185510762108815,5.159327348274207,2.786242130809521,492,61,90,0,0,2,0.05918505874768176,0.0016246470850463123,0.00020142982151996963,6.604256443277692e-06,0.00029719153994749615,0.0,0.0,53,0,0,3,0,6,13,0,0,0,0,0,0,0,0,10,__MSG_appName__,,,
0,0,0,0,1,1,0,0,0,0,0,153,0.4375679402416738,36.514971241161206,0.0947164409510048,3.734497348008707,3.0833263508281745,217,6,164,0,0,0,0.03998834963362664,0.0013377637768092177,3.69888601882733e-05,0.0,0.0010110288451461369,0.0,0.0,2,0,0,0,0,0,5,0,0,0,0,0,0,0,0,5,Supademo: AI interactive demos in seconds,,,
0,1,0,0,1,1,0,0,0,0,0,22,0.42592072108581197,32.222116663499904,0.10293137200432703,3.5274236373602124,2.819959346027917,81,7,31,0,0,1,0.04694585032851418,0.0021986373876930593,0.00019000570017100514,2.714367145300073e-05,0.0008414538150430227,0.0,0.0,3,1,0,3,0,0,1,0,0,0,0,0,0,0,0,1,NodeGo.Ai DePIN Connect,,,
0,0,0,0,0,1,0,0,0,0,0,12,0.39769160213356,47.54740141028989,0.12766392395359533,3.5091367505551445,3.277017718714663,150,19,14,0,0,0,0.04991672834937084,0.019587359623922697,0.0024810655523635414,0.0,0.0018281535648994515,0.0,0.0,4,0,0,1,0,0,1,0,0,0,0,0,0,0,0,1,__MSG_manifest_name_prod__,,,
0,0,0,0,0,0,0,0,0,0,0,0,0.0,0.0,0.0,0.0,0.0,0,0,0,0,0,0,0.0,0.0,0.0,0.0,0.0,0.0,0.0,0,0,0,0,0,0,0,0,0,0,0,0,0,0,0,0,__MSG_appName__,,,
1,1,0,0,0,1,0,0,0,0,1,5,0.28442034378876485,124.17834960070985,0.04471380471380471,27.294050343249427,2.8773848455980295,57,0,12,0,0,0,0.08478260869565217,0.010115350488021296,0.0,0.0,0.002129547471162378,0.0,0.0,9,0,0,0,0,0,2,0,0,0,0,0,0,0,0,2,Headline Studio by CoSchedule,,,
0,0,0,0,0,1,0,0,0,0,0,1,0.3379181608291988,33.805128205128206,0.09146730854251608,5.517486061834769,3.6226111071558886,21,7,5,0,0,0,0.055245818550430814,0.035897435897435895,0.011965811965811967,0.0,0.008547008547008548,0.0,0.0,0,0,0,0,0,0,2,0,0,0,0,0,0,0,0,2,Level Maze,,,
0,0,0,0,1,1,1,0,0,0,0,146,0.5054677116405653,53.014488487015036,0.092739313928974,3.387621960172757,2.647578518660116,3633,27,114,0,0,0,0.045504372085487306,0.02546525076227526,0.00018925454736620754,0.0,0.0007990747555462097,0.0,0.0,0,0,0,3,0,0,9,0,0,0,0,0,0,0,0,9,Otto: Pomodoro timer and Website Blocker,,,
1,1,0,0,1,1,0,0,0,0,0,181,0.5138852848768999,62.31334175376259,0.07681586484656652,4.4260404996626646,3.04752937297294,639,69,154,0,0,4,0.05859108002932118,0.0029564034588532486,0.0003192360542423696,1.850643792709389e-05,0.0007124978601931146,0.0,0.0,3,0,0,0,0,0,7,0,0,0,0,0,0,0,0,7,__MSG_extName__,,,
1,1,1,0,1,1,1,1,0,0,0,268,0.5191680899057022,54.263263137478795,0.07317868284757346,4.110477205827963,2.3959336410440546,1642,83,436,0,0,15,0.050928334000636385,0.004485468665914536,0.00022673197275938274,4.097565772759929e-05,0.0011910257846155527,0.0,0.0,0,0,0,0,0,0,5,0,0,0,0,0,0,0,0,5,__MSG_Meta_appName__,,,
0,0,0,0,0,1,0,0,1,0,0,156,0.4442206223172556,51.29658417350812,0.05991763442018466,7.436966624243957,2.9057592595152104,1399,48,122,0,0,4,0.06817032372534958,0.0009435947520214106,3.2374945030041254e-05,2.697912085836771e-06,8.228631861802151e-05,0.0,0.0,116,3,3,3,0,0,3,0,0,0,0,0,0,0,0,3,__MSG_appName__,,,
0,1,0,0,1,1,0,0,0,0,0,98,0.35259630147635396,18.158489650711513,0.08177976151789881,6.1129352007629745,3.512371120033768,124,24,44,0,0,0,0.09666841693545794,0.0020051746442432085,0.00038809831824062095,0.0,0.0007115135834411384,0.0,0.0,84,8,0,5,0,0,2,0,0,0,0,0,0,0,0,2,나랏말서미누기 POE,,,
0,0,0,0,0,0,0,0,0,0,0,0,0.0,0.0,0.0,0.0,0.0,0,0,0,0,0,0,0.0,0.0,0.0,0.0,0.0,0.0,0.0,0,0,0,0,0,0,0,0,0,0,0,0,0,0,0,0,__MSG_ext_name__,,,
0,0,0,0,0,1,0,0,0,0,0,2,0.3716475095785441,34.21395348837209,0.10635486854274012,5.3,3.234346999343099,6,0,2,0,0,0,0.04492753623188406,0.027906976744186046,0.0,0.0,0.009302325581395349,0.0,0.0,0,0,0,6,0,0,1,0,0,0,0,0,0,0,0,1,Close All Tabs,,,
0,0,1,0,1,1,0,0,0,0,0,1,0.4055083504248462,21.030491876251947,0.12135142507855361,3.736986929603302,3.304065486829659,137,13,39,0,0,1,0.06640678743407476,0.015245938125973737,0.0014466948586690407,0.00011128421989761852,0.004340084576007122,0.0,0.0,36,0,1,2,0,0,13,0,0,0,0,0,0,0,0,13,__MSG_app_name__,,,
0,0,0,0,0,1,0,1,0,0,0,43,0.4322528283481647,50.672029688435835,0.07250203299243305,3.6854526775651064,2.494800742636736,2077,24,56,0,0,0,0.03459041083593493,0.024391962513652218,0.0002818522389637233,0.0,0.0006576552242486876,0.0,0.0,6,0,0,0,0,0,1,0,0,0,0,0,0,0,0,1,Kleo,,,
0,0,0,0,0,1,0,0,0,0,0,153,0.2967748457864605,161.1522665178178,0.12778104802700702,3.9129873181773855,3.013590124605828,319,117,128,0,0,0,0.025558676409699763,0.009371603161079939,0.003437233761273833,0.0,0.0037603924909662446,0.0,0.0,22,0,0,6,0,3,3,0,0,0,0,0,0,0,0,3,Nolim App,,,
1,1,0,0,1,1,0,1,0,0,0,85,0.46716583146474827,54.78769258370523,0.08912487508150355,4.152115615110675,2.972874818420663,282,24,48,0,0,1,0.05431530296367195,0.00632414612814245,0.0005382252023951021,2.2426050099795923e-05,0.0010764504047902042,0.0,0.0,13,1,0,0,0,0,4,0,0,0,0,0,0,0,0,4,__MSG_appName__,,,
0,0,0,0,0,1,0,0,0,0,0,11,0.5249668462437049,47.87355225507562,0.08524813507216693,3.7663843743624885,2.54719039417928,96,11,17,0,0,0,0.05127816166508869,0.002180133533178907,0.00024980696734341646,0.0,0.00038606531316709815,0.0,0.0,0,0,0,0,0,0,2,0,0,0,0,0,0,0,0,2,__MSG_extensionName__,,,
0,1,0,0,1,1,0,0,0,0,0,62,0.3760867892968378,39.35089584667913,0.06615040663047446,3.024801411500027,2.8684583604182574,140,30,70,0,0,0,0.018042193108260864,0.0009245745306133231,0.00019812311370285497,0.0,0.00046228726530666154,0.0,0.0,0,0,0,0,0,0,1,0,0,0,0,0,0,0,0,1,Fakey - Manga Translator,,,
0,0,0,0,1,1,0,1,0,0,0,85,0.6916473689604439,27.252675443924133,0.04407098303533323,3.4807687314834315,2.1444641093088896,65,9,38,0,0,1,0.012886233625367447,0.0001611339866283581,2.2310859687003427e-05,2.4789844096670477e-06,9.42014075673478e-05,0.0,0.0,4,0,0,0,0,0,2,0,0,0,0,0,0,0,0,2,Capacities Web Extension,,,
1,1,0,0,0,1,0,1,0,0,0,77,0.4092265328623677,32.034354858324214,0.09668538626113067,4.0668892311933975,2.7879716760619586,1271,3,35,0,0,0,0.027990386171430626,0.025761076654911022,6.080505898090721e-05,0.0,0.0007093923547772508,0.0,0.0,0,0,2,0,0,0,1,0,0,0,0,0,0,0,0,1,SEOSpace - The SEO Plugin for Squarespace,,,
0,0,0,0,1,1,0,1,0,0,1,262,0.4929998497832623,55.1893543144506,0.07204123445861435,4.151728853093678,2.6441577414537605,4958,111,289,0,0,1,0.0389061134503079,0.019994434788219495,0.00044763659973625736,4.032762159786103e-06,0.0011654682641781835,0.0,0.0,240,10,8,0,0,0,12,0,0,0,0,0,0,0,0,12,"hireEZ for Chrome - Find and Engage Anyone, Anywhere.",,,
0,0,0,0,0,1,0,1,0,0,1,89,0.16948675407862507,76.03980077885258,0.12776668605671374,5.496495005207287,3.3108219477825465,635,66,69,0,0,1,0.01501415074513247,0.0034488939098508012,0.0003584677134648077,5.431328991891026e-06,0.0003747617004404808,0.0,0.0,37,1,0,0,0,0,1,0,0,0,0,0,0,0,0,1,Zia Search from Zoho,,,
0,0,0,0,0,0,0,0,0,0,0,0,0.29545454545454547,32.28888888888889,0.08489304812834225,6.548872180451128,3.495621105085752,0,0,1,0,0,0,0.10526315789473684,0.0,0.0,0.0,0.022222222222222223,0.0,0.0,0,0,0,0,0,0,0,0,0,0,0,0,0,0,0,0,AnyList Recipe Import,,,
0,0,0,0,0,0,0,0,0,0,0,2,0.3013225477387834,27.280870445344128,0.0696171949102493,6.809201067981105,3.858907202006891,74,9,17,0,0,0,0.038817005545286505,0.03744939271255061,0.004554655870445344,0.0,0.00860323886639676,0.0,0.0,0,0,0,0,0,0,2,0,0,0,0,0,0,0,0,2,Three.js DevTools,,,
0,0,0,0,0,1,0,0,0,0,0,3,0.3135503357861251,34.37159090909091,0.09315253365894412,6.283729433272395,3.4002057780076425,59,0,13,0,0,0,0.025959780621572212,0.06704545454545455,0.0,0.0,0.014772727272727272,0.0,0.0,13,0,0,0,0,0,4,0,0,0,0,0,0,0,0,4,alike03's Subscription Info on Steam,,,
0,0,0,0,0,1,0,0,0,0,0,6,0.39100969057452056,31.63220124268565,0.09406808173949695,3.9974385072094996,2.80444849425855,22,4,8,0,0,0,0.030585241730279898,0.0013271400132714001,0.00024129818423116367,0.0,0.00048259636846232734,0.0,0.0,0,0,0,0,0,0,2,0,0,0,0,0,0,0,0,2,__MSG_name__,,,
0,0,0,0,0,0,0,0,0,0,0,0,0.0,0.0,0.0,0.0,0.0,0,0,0,0,0,0,0.0,0.0,0.0,0.0,0.0,0.0,0.0,0,0,0,0,0,0,0,0,0,0,0,0,0,0,0,0,Lose It!,,,
0,0,0,0,0,1,0,0,0,0,0,4,0.5074976401459353,44.33209949659461,0.08799887641550416,4.247234950229104,3.0352436781398224,79,0,29,0,0,0,0.04396429135724443,0.011696772283091501,0.0,0.0,0.004293751850755108,0.0,0.0,2,0,0,16,1,0,12,0,0,0,0,0,0,0,0,12,__MSG_app_name__,,,
0,1,0,0,0,1,0,0,0,0,1,50,0.5336301959944632,43.80169261739452,0.08366089248616825,3.921140147672343,2.883691553360468,169,23,82,0,0,2,0.051007177461793445,0.0034715089766238034,0.00047245388439258863,4.108294646892075e-05,0.0016844008052257508,0.0,0.0,2,0,0,0,0,0,2,0,0,0,0,0,0,0,0,2,__MSG_extName__,,,
0,1,0,0,0,0,0,0,0,0,0,0,0.3783132530120482,23.470588235294116,0.12289156626506025,8.0,3.2019815986771443,0,0,0,0,0,0,0.0,0.0,0.0,0.0,0.0,0.0,0.0,0,0,0,0,0,0,0,0,0,0,0,0,0,0,0,0,InsensitiveX,,,
0,1,0,0,0,0,0,0,0,0,0,8,0.38087515834534574,40.778512773722625,0.12452496396278338,3.692162238820081,3.278890810999809,135,17,55,0,0,0,0.04878509974472913,0.030793795620437957,0.0038777372262773723,0.0,0.012545620437956205,0.0,0.0,0,0,0,5,0,0,11,0,0,0,0,0,0,0,0,11,__MSG_appName__,,,
0,0,0,0,0,0,0,0,0,0,0,0,0.0,0.0,0.0,0.0,0.0,0,0,0,0,0,0,0.0,0.0,0.0,0.0,0.0,0.0,0.0,0,0,0,0,0,0,0,0,0,0,0,0,0,0,0,0,"GData Centers 1 Council Bluffs, Iowa",,,
0,1,0,0,1,1,1,0,0,0,0,213,0.4884377137996709,51.33515855857557,0.06866267897160583,4.205237899151816,2.9132268921713855,1633,16,208,0,0,1,0.03463101009500683,0.0077084297083730635,7.552656174768465e-05,4.72041010923029e-06,0.0009818453027199002,0.0,0.0,146,0,0,2,0,0,23,0,0,0,0,0,0,0,0,22,__MSG_extName__,,,
0,0,0,0,0,0,0,0,0,0,0,7,0.3984024091465904,47.237382027082475,0.11741612222675922,3.6528894846589215,3.093170909499146,74,9,6,0,0,0,0.07387548406315163,0.015182601559294214,0.0018465326220763233,0.0,0.0012310217480508822,0.0,0.0,17,0,0,2,0,0,1,0,0,0,0,0,0,0,0,1,Extract People also search phrases in Google,,,
0,0,0,0,0,1,0,0,0,0,0,24,0.4938802711646914,50.38013793103448,0.08285408824194623,4.080939117798432,3.0131268531678583,1381,80,55,0,0,0,0.055720383881808,0.04762068965517242,0.002758620689655172,0.0,0.001896551724137931,0.0,0.0,9,3,0,7,0,2,4,0,0,0,0,0,0,0,0,4,__MSG_EXT_NAME__,,,
0,0,0,0,1,1,0,0,0,0,0,62,0.3593504792052962,67.62340404704302,0.10011132650946458,4.969914244435396,3.172150209347531,394,31,92,0,0,0,0.038179724978659284,0.005509795969738075,0.00043351186563929015,0.0,0.0012865513431875707,0.0,0.0,15,1,0,0,0,0,2,0,0,0,0,0,0,0,0,2,Friday Email AI,,,
0,0,0,0,1,0,0,0,0,0,0,6,0.36638068813849717,34.326558265582655,0.08810781092173735,6.208637564082647,3.5718834006695968,1,0,2,0,0,0,0.03790585676557402,0.00045167118337850043,0.0,0.0,0.0009033423667570009,0.0,0.0,0,0,0,2,0,0,3,0,0,0,0,0,0,0,0,3,Playwriter,,,
0,0,0,0,1,1,1,0,0,0,1,407,0.3518584458584945,76.4919304895575,0.09166415222887182,6.342231756676923,2.7420244143497463,2073,263,535,0,0,17,0.05473323360797616,0.00407555004197443,0.0005170620651419562,3.342226276582987e-05,0.001051818269395234,0.0,0.0,0,0,0,1,0,0,2,0,0,0,0,0,0,0,0,2,CloudCall Unified Communications for CRM,,,
0,0,0,0,0,1,0,0,0,0,0,139,0.5251709063306798,46.892075979777445,0.08430464833798537,4.038292982120598,2.7644497117598013,907,40,77,0,0,3,0.05904950965197491,0.005986245495465766,0.00026400200641524876,1.9800150481143656e-05,0.0005082038623493539,0.0,0.0,0,0,0,0,0,0,3,0,0,0,0,0,0,0,0,3,__MSG_ext_fulltitle__,,,
0,0,0,0,1,1,0,0,0,0,1,254,0.526301854329291,52.331713043390266,0.07778858592962479,3.7464270925152374,2.5258489475368426,3053,47,249,0,0,9,0.044208093405223574,0.010298567375838678,0.00015854329075152892,3.0359353548165115e-05,0.0008399421148325681,0.0,0.0,0,0,0,0,0,0,6,0,0,0,0,0,0,0,0,6,__MSG_appName__,,,
0,0,0,0,0,1,0,0,0,0,0,44,0.5800857063433886,60.31942303581273,0.07497754589215973,3.8629441500818995,2.2693610152824353,181,23,67,0,0,0,0.05841277876890201,0.0020364765580170793,0.00025877878914029183,0.0,0.000753833864017372,0.0,0.0,1,0,0,0,0,0,0,0,0,0,0,0,0,0,0,0,Sort Gmail Inbox by cloudHQ,,,
0,0,0,0,0,1,0,0,0,0,0,51,0.4596572071841042,39.06993729251199,0.08576474781069462,4.641286750953841,3.045393810528356,261,42,37,0,0,0,0.0685419316226528,0.002750698213627022,0.00044264109184802655,0.0,0.0003899457237708805,0.0,0.0,34,0,0,28,0,0,12,0,0,0,0,0,0,0,0,12,Simple Gmail Notes,,,
0,0,0,0,1,1,0,0,0,0,0,43,0.37870564088818737,46.9369497977635,0.08756790831230006,5.034087903950917,3.343159296860949,329,19,116,0,0,0,0.06098270481832126,0.039138710444920295,0.002260290268855579,0.0,0.013799666904591957,0.0,0.0,3,0,0,81,0,1,46,0,0,0,0,1,0,0,0,46,__MSG_appName__,,,
0,0,0,0,0,1,0,0,0,0,0,15,0.36811301408107533,29.4315946655682,0.09014629293103624,4.808096268538555,3.086245439097638,85,18,19,0,0,0,0.07373198923312398,0.004376705627928531,0.0009268317800319242,0.0,0.0009783224344781423,0.0,0.0,62,3,0,3,0,1,4,0,0,0,0,1,0,0,0,4,The Global Time Tab,,1.0,
0,0,0,0,0,0,0,0,0,0,0,14,0.40924995453657614,77.74363564041369,0.04923394130840366,2.7449414847115436,2.8193774822350894,158,10,22,0,0,0,0.010551504282669386,0.005237337576239724,0.00033147706178732433,0.0,0.0007292495359321135,0.0,0.0,1,0,3,0,0,0,1,0,0,0,0,0,0,0,0,1,Art New tabs,,,
0,0,1,0,1,1,0,1,1,0,1,62,0.3457609504021651,56.14774828239483,0.07628236312846039,7.397458664039068,3.0639274703609316,55,3,17,0,0,0,0.03783309692159432,0.0012553924813403026,6.847595352765287e-05,0.0,0.0003880304033233663,0.0,0.0,2,0,0,0,0,0,0,0,0,0,0,0,0,0,0,0,__MSG_extName__,,,
0,0,0,0,0,0,0,0,0,0,0,0,0.0,0.0,0.0,0.0,0.0,0,0,0,0,0,0,0.0,0.0,0.0,0.0,0.0,0.0,0.0,0,0,0,0,0,0,0,0,0,0,0,0,0,0,0,0,__MSG_appName__,,,
0,0,0,0,0,0,0,0,0,0,0,0,0.32725847540662356,30.506172839506174,0.09210268469527728,6.150776053215077,3.7708484213769986,0,0,5,0,0,0,0.04878048780487805,0.0,0.0,0.0,0.030864197530864196,0.0,0.0,0,0,0,0,0,0,0,0,0,0,0,0,0,0,0,0,Zoom in-out Magnifier for Google Meet,,,
0,0,0,0,0,0,0,0,0,0,1,25,0.4862891913997839,35.627779687458684,0.09747036754424024,3.521316069253462,2.8655863297643975,144,11,42,0,0,0,0.04047060811524407,0.0038076099315159048,0.00029085909199079825,0.0,0.0011105528966921388,0.0,0.0,0,0,0,0,0,0,1,0,0,0,0,0,0,0,0,1,__MSG_appName__,,,
0,1,1,0,1,1,0,1,0,0,1,86,0.450859271765597,69.83612476951444,0.0729888413072283,4.151151631477927,2.581549726362631,197,10,28,0,0,1,0.03479985641236026,0.002522536365498873,0.00012804753124359762,1.2804753124359762e-05,0.00035853308748207336,0.0,0.0,0,0,0,4,0,0,4,0,0,0,0,0,0,0,0,4,"MeetGeek: AI Meeting Notes, Transcripts & Screen Recording",,,
0,0,0,0,0,0,1,0,0,0,0,0,0.0,0.0,0.0,0.0,0.0,0,0,0,0,0,0,0.0,0.0,0.0,0.0,0.0,0.0,0.0,0,0,0,0,0,0,0,0,0,0,0,0,0,0,0,0,__MSG_appName__,,,
0,0,0,0,0,1,0,0,0,0,0,7,0.25954465023431383,102.12233445566778,0.04272339175081014,4.318720869864492,3.301425413398886,49,2,41,0,0,0,0.012529968675078312,0.004582865693976805,0.00018705574261129816,0.0,0.0038346427235316123,0.0,0.0,6,0,0,0,0,0,1,0,0,0,0,0,0,0,0,1,__MSG_extName__,,,
0,0,0,0,0,1,0,0,0,0,0,140,0.4389580830021259,43.25040899795501,0.07806001016729827,5.889357719335932,3.029296206823927,990,146,267,0,0,0,0.059494583729708166,0.02530674846625767,0.0037321063394683027,0.0,0.0068251533742331285,0.0,0.0,54,0,0,129,0,0,1,0,0,0,0,0,0,0,0,0,Old Twitter Layout (2026),,,
0,0,0,0,0,0,0,0,0,0,0,7,0.31790867684770546,48.720266412940056,0.07448233628047614,6.304741833508957,3.459698474148762,80,16,3,0,0,0,0.05858798735511064,0.07611798287345385,0.015223596574690771,0.0,0.0028544243577545195,0.0,0.0,0,0,0,0,0,0,0,0,0,0,0,0,0,0,0,0,Topaz Adobe Sign Extension,,,
0,1,0,0,0,1,0,0,0,0,0,15,0.42571704655260617,38.106428380901576,0.10205877337577446,3.487804393201471,2.98588235079331,37,6,18,0,0,1,0.024590000993936986,0.0032897661598648527,0.0005334755934915977,8.891259891526629e-05,0.0016004267804747934,0.0,0.0,1,0,0,0,0,0,0,0,0,0,0,0,0,0,0,0,__MSG_appName__,,,
0,0,1,0,0,0,0,0,0,0,0,6,0.1670790319369792,55.551446945337624,0.07615959957910304,8.856394129979035,3.3353997456639486,15,6,4,0,1,0,0.019566736547868623,0.024115755627009645,0.00964630225080386,0.0,0.006430868167202572,0.001607717041800643,0.0,0,0,1,4,0,0,1,0,0,0,0,0,0,0,0,1,Ecole Directe Plus Unblock,,,
0,0,0,0,0,1,0,0,0,0,1,22,0.5201755790501975,43.39444548156871,0.07645581330655009,4.330545974007874,2.6334423579821444,233,14,35,0,0,2,0.06693533713498175,0.0033459224262963653,0.0002010425492195241,2.872036417421773e-05,0.0005026063730488102,0.0,0.0,14,0,2,7,0,0,5,0,0,0,0,0,0,0,0,5,__MSG_name__,,,
0,0,0,0,0,0,0,0,0,0,0,0,0.2338147006328087,33.63483146067416,0.08404997566120397,6.259083728278041,3.7494733487878986,5,0,0,0,0,0,0.04265402843601896,0.028089887640449437,0.0,0.0,0.0,0.0,0.0,0,0,0,0,0,0,0,0,0,0,0,0,0,0,0,0,Country Flag Fixer,,,
0,0,0,0,0,0,0,0,0,0,0,0,0.22999080036798528,39.28395061728395,0.08494326893590923,7.204301075268817,3.7139351371824594,2,0,2,0,0,0,0.021505376344086023,0.024691358024691357,0.0,0.0,0.024691358024691357,0.0,0.0,0,0,0,0,0,1,1,0,0,0,0,0,0,0,0,1,__MSG_extName__,,,
0,0,0,0,0,0,0,0,0,0,0,3,0.2807186444694591,35.52082206598161,0.09581432549321642,6.237161833792322,3.418793843543591,68,0,20,0,0,0,0.029807225012149684,0.03677663601946998,0.0,0.0,0.01081665765278529,0.0,0.0,32,0,0,4,0,0,3,0,0,0,0,0,0,0,0,3,Privatkopiera,,,
0,0,0,0,1,1,0,0,0,0,1,5,0.3479991269851459,34.55317206754906,0.07651718427032649,6.949394391903103,3.1921241375170424,18,1,8,0,0,0,0.04529616724738676,0.008215426745778184,0.00045641259698767686,0.0,0.003651300775901415,0.0,0.0,0,0,0,0,0,0,2,0,0,0,0,0,0,0,0,2,__MSG_appName__,,,
0,0,0,0,0,1,0,0,0,0,0,4,0.2936395931675507,30.329268292682926,0.09309455447953671,6.157643312101911,3.357722328740585,31,0,5,0,0,0,0.02813163481953291,0.04725609756097561,0.0,0.0,0.007621951219512195,0.0,0.0,0,0,0,0,0,0,1,0,0,0,0,0,0,0,0,1,AitM Block,,,
0,0,0,0,1,1,1,0,0,0,0,2,0.5253262815417871,19.657818014423814,0.08578029014358617,4.861807216387647,2.7236764162041833,25,0,22,0,0,0,0.10751793698658625,0.003836120914531226,0.0,0.0,0.0033757864047874787,0.0,0.0,39,0,0,0,0,0,3,0,0,0,0,0,0,0,0,3,OkTools,,,
0,0,0,0,0,0,0,0,0,0,0,0,0.4285017618927762,31.734294541709577,0.07134092625220237,3.0002335630036203,2.8976708830269784,2,2,3,0,0,0,0.11900035034450543,0.0010298661174047373,0.0010298661174047373,0.0,0.001544799176107106,0.0,0.0,0,0,0,4,0,0,1,0,0,0,0,0,0,0,0,1,Classic Dungeon Game,,,
0,0,0,0,0,0,0,0,0,0,1,2,0.329608938547486,28.850877192982455,0.11173184357541899,6.59622641509434,3.4314162291479597,1,0,0,0,0,0,0.07924528301886792,0.008771929824561403,0.0,0.0,0.0,0.0,0.0,0,0,0,0,0,0,1,0,0,0,0,0,0,0,0,1,Euro Hoje,,,
0,0,0,0,0,0,0,0,0,0,0,0,0.0,0.0,0.0,0.0,0.0,0,0,0,0,0,0,0.0,0.0,0.0,0.0,0.0,0.0,0.0,0,0,0,0,0,0,0,0,0,0,0,0,0,0,0,0,Word Search,,,
0,0,0,0,0,0,1,0,0,0,0,0,0.0,0.0,0.0,0.0,0.0,0,0,0,0,0,0,0.0,0.0,0.0,0.0,0.0,0.0,0.0,0,0,0,0,0,0,0,0,0,0,0,0,0,0,0,0,WriterDuet,,,
0,0,0,0,0,1,0,0,0,0,0,36,0.5470486047898993,48.14228201775514,0.07447282260119929,3.762753469381142,2.6279634727573233,107,8,53,0,0,0,0.04525385419282711,0.0018408918863120226,0.00013763677654669328,0.0,0.000911843644621843,0.0,0.0,0,0,0,0,0,0,0,0,0,0,0,0,0,0,0,0,__MSG_general_extensionName__,,,
0,0,0,0,1,1,0,0,0,0,0,404,0.5278421272660386,53.48223891689161,0.06844881197184367,3.8135114997009176,2.789205086940327,416,59,294,0,0,9,0.023896249929122645,0.0016018667909140267,0.0002271878381344413,3.4655771918813076e-05,0.0011320885493478938,0.0,0.0,30,3,3,1,0,0,2,0,0,0,0,0,0,0,0,2,Leadzy,,,
0,0,0,0,0,1,0,0,0,0,0,15,0.2900728490231073,17.308189655172413,0.07057926039640794,7.333792233121092,3.4896744639918045,509,19,74,0,0,0,0.026616187690013192,0.04387931034482759,0.0016379310344827587,0.0,0.006379310344827587,0.0,0.0,1,0,0,0,0,0,0,0,0,0,0,0,0,0,0,0,Artist Tools for Gartic Phone,,,
0,0,0,0,0,0,0,0,0,0,0,0,0.5123025265591457,17.065296652303612,0.06959505330177428,6.116811594202899,3.2979392420898415,4,1,12,0,0,0,0.09652173913043478,0.001325820351342393,0.00033145508783559825,0.0,0.003977461054027179,0.0,0.0,6,0,0,0,0,0,2,0,0,0,0,0,0,0,0,2,Google Analytics Debugger,,,
0,0,0,0,0,1,0,0,0,0,0,8,0.5080988621433352,40.07494145199063,0.09979672277448623,3.364527522164292,2.707686602458901,49,3,24,0,0,0,0.04346363614521516,0.004989308624376337,0.0003054678749618165,0.0,0.002443742999694532,0.0,0.0,0,0,0,10,0,0,3,0,0,0,0,0,0,0,0,3,FACEIT to Leetify Demo Uploader by CSNADES.gg,,,
0,0,0,0,0,1,0,0,0,0,0,10,0.38812802332516066,40.001593914145985,0.08958805469043359,5.970645980494676,3.363411022147324,124,76,38,0,0,3,0.10326724855417316,0.00449193986596631,0.0027531244339793516,0.00010867596449918493,0.0013765622169896758,0.0,0.0,12,0,0,1,0,0,4,0,0,0,0,0,0,0,0,3,MEMO Cashback Bestshopping,,,
0,0,0,0,1,1,1,0,0,0,0,1,0.35538142814181173,35.81426814268143,0.11798710194807364,3.4984721161191747,3.4877217352365895,16,0,14,0,0,0,0.06442577030812324,0.00984009840098401,0.0,0.0,0.008610086100861008,0.0,0.0,0,0,0,1,1,0,2,0,0,0,0,0,0,1,0,2,Pulse SMS Extension,,,
0,1,1,0,0,1,0,0,0,0,0,162,0.20151346728715114,95.05489108794077,0.06931457549987026,10.068976897689769,2.797643833399057,571,190,253,0,1,1,0.0410013576608497,0.0042104797439792355,0.0014010352913416018,7.373869954429484e-06,0.0018655890984706593,7.373869954429484e-06,0.0,327,9,0,0,0,0,3,0,0,0,0,0,0,0,0,2,Cluing - Shareable Notes on Web Pages,,,
0,0,0,0,0,0,0,0,0,0,0,0,0.0,0.0,0.0,0.0,0.0,0,0,0,0,0,0,0.0,0.0,0.0,0.0,0.0,0.0,0.0,0,0,0,0,0,0,0,0,0,0,0,0,0,0,0,0,Fauna Color,,,
0,0,0,0,1,0,0,0,0,0,0,1,0.22875236084879458,31.040332147093714,0.08791615746398548,7.256900212314225,3.6964243763201075,28,0,14,0,0,0,0.06921443736730361,0.033214709371293,0.0,0.0,0.0166073546856465,0.0,0.0,0,0,0,0,0,0,2,0,0,0,0,0,0,0,0,2,__MSG_appName__,,,
0,1,0,0,0,1,0,0,0,0,1,83,0.44847122221924823,36.43367176541313,0.10149799702006548,3.7028682818156504,3.0101420241278207,155,29,124,0,0,0,0.053762352007966044,0.005176674904815977,0.0009685391757397636,0.0,0.004141339923852782,0.0,0.0,2,0,0,5,0,0,1,0,0,0,0,0,0,0,0,1,Promptly AI,,,
0,0,0,0,0,0,0,0,0,0,0,0,0.0,0.0,0.0,0.0,0.0,0,0,0,0,0,0,0.0,0.0,0.0,0.0,0.0,0.0,0.0,0,0,0,0,0,0,0,0,0,0,0,0,0,0,0,0,Marsala,,,
0,0,0,0,0,0,0,0,0,0,0,0,0.0,0.0,0.0,0.0,0.0,0,0,0,0,0,0,0.0,0.0,0.0,0.0,0.0,0.0,0.0,0,0,0,0,0,0,0,0,0,0,0,0,0,0,0,0,Kanbanchi Task & Project Management,,,
0,0,0,0,0,1,0,0,0,0,0,14,0.42316047692043546,36.74390906269398,0.08427945308572292,5.026603571470613,2.638123216513505,949,41,193,0,0,1,0.04796882908971054,0.03681719428926133,0.001590626939788951,3.8795779019242706e-05,0.007487585350713842,0.0,0.0,51,0,16,10,0,0,24,0,0,0,0,0,3,0,0,24,__MSG_extName__,,,
0,0,0,0,0,0,0,1,0,0,0,0,0.29620622568093385,13.7,0.0967898832684825,6.059459459459459,3.5902005770935417,0,0,1,0,0,0,0.03783783783783784,0.0,0.0,0.0,0.007142857142857143,0.0,0.0,0,0,0,0,0,0,0,0,0,0,0,0,0,0,0,0,Seelie Companion,,,
0,1,0,0,1,1,0,1,0,0,0,202,0.4938620879267102,46.87735031047737,0.08417518212880111,4.157794191871225,2.9839264674282346,1226,197,333,0,0,4,0.055925725103350074,0.0025991481747662144,0.0004176445272666756,8.480091924196459e-06,0.0007059676526893552,0.0,0.0,10,0,1,0,0,0,2,0,0,0,0,0,0,0,0,2,__MSG_extensionName__,,,
0,0,0,0,0,1,0,0,0,0,0,7,0.6323306397219609,47.943439865433135,0.08675189991966423,2.843652458680858,2.3157727375503203,7,1,10,0,0,1,0.045054495215678246,0.0007359125315391085,0.00010513036164844407,0.00010513036164844407,0.0010513036164844407,0.0,0.0,0,0,0,0,0,0,0,0,0,0,0,0,0,0,0,0,__MSG_application_t__,,,
0,1,0,0,0,1,0,0,0,0,0,41,0.4829777859047534,36.32927485887972,0.09155224148656653,3.623407135845317,2.8879045182199246,952,15,40,0,0,0,0.03677253969657072,0.016534954407294834,0.00026052974381241857,0.0,0.0006947459834997829,0.0,0.0,0,0,0,0,0,0,2,0,0,0,0,0,0,0,0,2,__MSG_name__,,,
0,0,1,0,1,1,0,0,0,0,0,73,0.45672601581406935,35.144670658682635,0.09255931159583558,3.8753600626234106,2.9232591847176312,196,15,115,0,1,0,0.05194576742263326,0.0031297405189620758,0.00023952095808383233,0.0,0.0018363273453093811,1.596806387225549e-05,0.0,6,0,0,4,0,0,6,0,0,0,0,0,0,0,0,5,Flowith Web Clipper,,,
0,0,0,0,1,1,0,0,0,0,0,14,0.384163975283932,37.798567435359885,0.09853669079811646,3.9882774676033703,3.1583620310146263,28,3,48,0,0,0,0.04732277137971528,0.001222921034241789,0.0001310272536687631,0.0,0.0020964360587002098,0.0,0.0,3,0,0,0,0,0,2,0,0,0,0,0,0,0,0,1,Site Inspector,,,
0,0,0,0,0,1,0,0,0,0,0,1,0.311120797689751,32.19529837251356,0.09551571950089903,5.496774193548387,3.625796980360354,17,5,3,0,0,0,0.057526881720430106,0.03074141048824593,0.009041591320072333,0.0,0.0054249547920434,0.0,0.0,0,0,0,1,0,0,2,0,0,0,0,0,0,0,0,2,Maze,,,
1,1,1,0,1,1,0,1,0,0,0,161,0.5509834650505991,48.82977921784342,0.08403925004174043,3.5931675085353163,2.6143879955261005,902,15,109,0,0,11,0.06831785063229552,0.0017427628007086978,2.8981643027306504e-05,2.1253204886691436e-05,0.0002105999393317606,0.0,0.0,0,0,0,0,0,0,5,0,0,0,0,0,0,0,0,5,__MSG_Meta_appName__,,,
0,1,1,0,0,1,0,0,0,0,0,3988,0.5140847339798625,58.94997487637424,0.07646775049738722,3.9280843367610077,2.919588555421906,16323,5858,5308,0,1,176,0.03707461207628594,0.009225937981665688,0.0033110056176314157,9.947712337028495e-05,0.0030001396070992756,5.652109282402553e-07,0.0,1,0,0,0,0,0,0,0,0,0,0,0,0,0,0,0,ChatGPT Toolbox,,,
0,0,0,0,1,1,0,0,0,0,1,56,0.4733316740587696,68.0586659475009,0.0892274896668503,3.9643209747485306,3.0759148363882045,114,23,39,0,0,0,0.031163611866099845,0.0020496224379719526,0.0004135203164329378,0.0,0.0007011866235167206,0.0,0.0,0,0,0,0,0,0,1,0,0,0,0,0,0,0,0,1,__MSG_extensionName__,,,
0,0,0,0,0,1,0,1,0,0,0,476,0.48670242587918944,54.67755488203549,0.11019226126866877,3.19667936786659,2.653544608808537,4946,254,561,0,0,0,0.03486510685635214,0.0068512505679362585,0.0003518434379813606,0.0,0.0007771030264076508,0.0,0.0,0,0,0,0,0,0,2,0,0,0,0,0,0,0,0,2,퍼센티,,,
0,0,0,0,1,1,1,1,0,0,0,162,0.2460965654576908,83.51002155400123,0.06265205131991079,8.017441172256108,2.9993506722168495,2362,65,149,0,0,4,0.044549906236955726,0.012478076199733745,0.0003433848234473723,2.1131373750607528e-05,0.0007871436722101304,0.0,0.0,0,0,0,0,0,0,1,0,0,0,0,0,0,0,0,1,__MSG_appTitle__,,,
0,0,0,0,1,1,1,0,0,0,1,88,0.3839940158104356,33.55848614749544,0.08560348714002257,5.5131125836348,3.238397370534384,706,45,246,0,0,8,0.07934232524877025,0.0070056362626022065,0.0004465348892593475,7.938398031277289e-05,0.002441057394617766,0.0,0.0,176,1,0,26,0,1,8,18,1,0,0,0,0,0,0,8,Vine Helper,,,
0,1,0,0,0,0,0,0,0,0,0,0,0.5558965366067514,32.55882352941177,0.07540552389302937,5.23404255319149,2.3340871697564958,0,0,0,0,0,0,0.03546099290780142,0.0,0.0,0.0,0.0,0.0,0.0,0,0,0,1,1,0,1,0,0,0,0,0,0,1,0,1,Sidebar for Google Tasks,,,
0,0,0,0,1,1,0,1,0,0,0,84,0.4742471817440623,54.33415762371629,0.06887650510357958,3.9354358066661046,2.5178973061939307,453,121,131,0,0,14,0.05154618417479093,0.001198086235761155,0.0003200186192651209,3.70269476835677e-05,0.0003464664390390978,0.0,0.0,6,0,0,4,0,0,10,0,0,0,0,0,0,0,0,10,SuperDev Pro,,,
0,0,0,0,0,0,0,0,0,0,0,0,0.0,0.0,0.0,0.0,0.0,0,0,0,0,0,0,0.0,0.0,0.0,0.0,0.0,0.0,0.0,0,0,0,0,0,0,0,0,0,0,0,0,0,0,0,0,ᎤᎧᏖᎾ (Uktena),,,
0,0,0,0,1,1,0,1,0,0,0,245,0.5314739035138206,52.911280257229954,0.0764663546722671,3.7967725437402344,2.513690269069287,373,40,108,0,0,5,0.04039173226465564,0.0008653208182733485,9.279579820625722e-05,1.1599474775782152e-05,0.0002505486551568945,0.0,0.0,14,0,0,0,0,0,2,0,0,0,0,0,0,0,0,2,LinkFox,,,
0,0,0,0,1,1,1,0,0,0,0,207,0.5663454708145091,51.347486943282775,0.07973421498824393,3.4796964050257717,2.269236342569003,768,122,134,0,0,3,0.04425120141227239,0.0037002062094085453,0.0005877931738904199,1.445393050550213e-05,0.0006456088959124284,0.0,0.0,1,0,0,0,0,0,1,0,0,0,0,0,0,0,0,1,AliDropship 2.0,,,
0,1,0,0,0,0,0,0,0,0,0,34,0.4004769603415243,34.37385095485228,0.11840008284956476,3.823135046724991,3.003168412636372,221,20,29,0,0,0,0.040974878395761104,0.0037481767918320272,0.0003392015196228079,0.0,0.0004918422034530715,0.0,0.0,0,0,0,0,0,0,0,0,0,0,0,0,0,0,0,0,Mais Barato PROTESTE,,,
0,0,1,0,1,1,0,1,0,0,0,122,0.4647593890744016,46.09576155424783,0.06559691820949555,4.204376343656462,3.005243112478617,527,21,152,0,0,6,0.036161281683659806,0.0034117319556928017,0.00013595136825341335,3.884324807240381e-05,0.0009840289511675634,0.0,0.0,13,1,0,4,0,0,1,0,0,0,0,0,0,0,0,1,Minty: Get Paid to Shop,,,
0,0,0,0,1,1,1,0,0,0,1,7,0.3809842904056093,29.840153277678937,0.12213543977988817,3.9644713334416113,3.2772713644679734,75,7,16,0,0,0,0.05713009582588923,0.010264130286027098,0.0009579854933625291,0.0,0.002189681127685781,0.0,0.0,16,0,0,1,1,0,9,0,0,0,0,0,0,1,0,9,Подборка-Туров.ру,,,
0,0,1,0,1,1,0,0,0,0,0,38,0.4665048452881403,36.48564312744067,0.08489010616867138,3.681002103248696,2.6822727926901626,252,18,36,0,2,1,0.04370532149880547,0.003046679482064488,0.0002176199630046063,1.208999794470035e-05,0.0004352399260092126,2.41799958894007e-05,0.0,4,0,0,0,0,0,2,0,0,0,0,0,0,0,0,2,ConcealBrowse,,,
0,1,0,0,0,1,0,1,0,0,0,8,0.238695927653937,30.632058287795992,0.09889983295893094,6.38480697384807,3.4602925337715185,44,1,17,0,0,0,0.013075965130759652,0.08014571948998178,0.0018214936247723133,0.0,0.030965391621129327,0.0,0.0,1,0,0,5,0,1,2,0,0,0,0,0,0,0,0,2,YouTube Dark Mode,,,
0,0,0,0,0,1,0,0,0,0,1,20,0.4473273784205303,40.99906959434313,0.1110431731178222,3.63883701188455,3.1435442323493654,120,17,20,0,0,0,0.06073853989813243,0.02232973576479345,0.0031633792333457386,0.0,0.003721622627465575,0.0,0.0,0,0,0,2,4,0,4,0,0,0,0,0,0,2,0,4,Popper Stopper Pro,,,
0,0,0,0,1,1,0,1,0,0,0,359,0.38205045082572997,62.92442512592297,0.07073045502012734,5.648645337595418,2.57356674423081,357,110,193,0,0,5,0.03714287838718712,0.0006844994430053553,0.00021091019252265846,9.586826932848112e-06,0.0003700515196079371,0.0,0.0,514,0,0,0,0,0,2,0,0,0,0,0,0,0,0,2,__MSG_extName__,,,
0,0,1,0,0,1,0,0,0,0,0,25,0.3994041199255997,32.483796682575175,0.1062805640227188,3.8568899460715778,2.896759971247845,121,22,37,0,0,1,0.04307010694895865,0.004038313920501952,0.0007342388946367187,3.3374495210759934e-05,0.0012348563227981178,0.0,0.0,24,1,0,3,1,8,44,0,0,0,0,0,0,0,0,44,__MSG_extension_name__,,,
0,0,0,0,0,1,0,0,0,0,0,23,0.32729316415676796,43.98994462255902,0.08160383011943209,6.788904190438718,3.2625047703651706,46,1,14,0,0,0,0.03867794609482589,0.006703584960652871,0.0001457301078402798,0.0,0.0020402215097639173,0.0,0.0,0,0,0,0,0,0,0,0,0,0,0,0,0,0,0,0,Savvy by Wethrift,,,
0,0,0,0,0,0,0,0,0,0,0,0,0.0,0.0,0.0,0.0,0.0,0,0,0,0,0,0,0.0,0.0,0.0,0.0,0.0,0.0,0.0,0,0,0,0,0,0,0,0,0,0,0,0,0,0,0,0,__MSG_appName__,,,
0,0,0,0,1,1,0,1,0,0,0,128,0.4208115263386046,40.04429605696165,0.07224743800247636,5.742377054392504,2.939235153214971,2231,11,178,0,0,20,0.05540777766584287,0.005339556034224855,2.6326811464129718e-05,4.7866929934781305e-05,0.00042601567641955364,0.0,0.0,4,0,0,0,0,0,1,0,0,0,0,0,0,0,0,1,__MSG_appName__,,,
0,1,0,0,0,0,0,0,0,0,0,8,0.38074210733155756,40.793111313868614,0.12459608750709576,3.694300028358068,3.2790427312212413,135,17,55,0,0,0,0.04877587673693166,0.030793795620437957,0.0038777372262773723,0.0,0.012545620437956205,0.0,0.0,0,0,0,5,0,0,11,0,0,0,0,0,0,0,0,11,__MSG_appName__,,,
0,0,0,0,0,1,0,0,0,0,0,22,0.6138932912520321,67.10766237376077,0.06995245447805355,4.04589797521851,2.706297123430191,7,1,32,0,0,0,0.06670700938456207,0.00016214212915778746,2.316316130825535e-05,0.0,0.0007412211618641712,0.0,0.0,0,0,0,3,0,0,1,0,0,0,0,0,0,0,0,1,Gmail Sender Icons,,,
0,0,0,0,0,1,0,0,0,0,0,8,0.27618258963449116,51.70306154326773,0.09374470219049233,4.6731608512477045,3.0032761110039803,119,3,82,0,0,0,0.027751971481041374,0.003717588253670728,9.372071227741331e-05,0.0,0.002561699468915964,0.0,0.0,0,0,0,0,0,0,3,0,0,0,0,0,0,0,0,3,__MSG_manifest_name__,,,
1,1,0,0,1,1,1,0,0,0,1,8,0.39297836325880525,50.78611423348846,0.08848729683972752,4.502927513624811,3.0027674023160746,450,10,4,0,0,0,0.058405016496643175,0.0009454675336954124,2.101038963767583e-05,0.0,8.404155855070333e-06,0.0,0.0,0,0,0,0,0,0,22,0,0,0,0,0,0,0,0,22,Bitfinity Wallet,,,
0,0,1,0,0,1,1,0,0,0,1,1248,0.45646577326660853,82.69317968873519,0.0647020094396999,4.895526600246274,3.1846143781468452,1879,432,603,0,0,32,0.030840743557290787,0.0005095633294472011,0.00011715346371537566,8.678034349287085e-06,0.00016352670976937852,0.0,0.0,0,0,0,0,0,9,115,0,0,0,0,0,8,0,0,98,OneKey: Secure Crypto Wallet,,,
0,0,1,0,0,1,0,0,0,0,0,54,0.5750112779561571,46.49207979515963,0.08850020088621433,3.382233952042783,2.7040262859673394,762,20,62,0,0,0,0.042272498393902035,0.011023189202482388,0.00028932255124625687,0.0,0.0008968999088633964,0.0,0.0,0,0,0,0,0,0,0,0,0,0,0,0,0,0,0,0,__MSG_name__,,,
0,0,0,0,0,1,0,0,0,0,0,3,0.2833142800337989,35.35411020776874,0.13012575177692728,5.36670716889429,3.362817702849062,34,2,8,0,0,0,0.05224787363304982,0.03071364046973803,0.0018066847335140017,0.0,0.007226738934056007,0.0,0.0,1,0,0,1,0,0,4,0,0,0,1,0,0,0,0,4,MUA Web Unicode Converter,,,
0,0,0,0,0,0,0,0,0,0,0,12,0.4272189458237226,23.33010704442023,0.11128879919592483,3.0922985621622745,3.2696479969144563,133,8,81,0,0,3,0.1152248378398076,0.00426254727261073,0.0002563938209089161,9.614768284084353e-05,0.0025959874367027756,0.0,0.0,1,0,0,14,4,0,14,0,0,0,5,0,0,1,0,13,__MSG_appName__,,,
0,0,0,0,0,0,0,0,0,0,0,0,0.0,0.0,0.0,0.0,0.0,0,0,0,0,0,0,0.0,0.0,0.0,0.0,0.0,0.0,0.0,0,0,0,0,0,0,0,0,0,0,0,0,0,0,0,0,Green Peaceful Ambience Theme,,,
0,0,0,0,0,0,0,0,0,0,1,9,0.3564186085577948,38.740064670908524,0.09804690986020484,6.5989508348640555,3.2967935707704803,48,8,22,0,0,7,0.0913799665723411,0.002503390007301554,0.00041723166788359235,0.0003650777093981433,0.001147387086679879,0.0,0.0,2,0,0,0,0,0,1,0,0,0,0,0,0,0,0,1,__MSG_appName__,,,
0,0,0,0,0,1,1,0,0,0,0,22,0.5966686366190278,49.96209029066172,0.07930251551185794,3.5374467251999215,2.507833555913268,111,3,61,0,0,0,0.04713784430957365,0.006864564007421151,0.00018552875695732838,0.0,0.003772418058132344,0.0,0.0,7,0,1,0,0,0,1,0,0,0,0,0,0,0,0,1,Etherscan,,,
0,0,0,0,0,1,1,0,0,0,1,63,0.46741243454169124,45.94879029038354,0.08570283387635076,4.179633086809794,3.038977721599497,260,10,72,0,0,1,0.06698020631387473,0.006920231029251284,0.00026616273189428017,2.6616273189428016e-05,0.001916371669638817,0.0,0.0,0,0,0,4,0,0,1,0,0,0,0,0,0,0,0,1,Marker.io: Visual bug reporting for websites,,,
0,0,0,0,0,0,0,0,0,0,0,3,0.2872726896366139,40.60266896254843,0.08328589614879062,6.490794081102451,3.5155374248396045,109,51,21,0,0,2,0.07782672540381791,0.046922083512699095,0.021954369349978475,0.0008609556607834697,0.009040034438226431,0.0,0.0,0,0,0,3,0,0,1,0,0,0,0,0,1,0,0,1,Le Git Graph - Commits Graph for GitHub,,,
0,0,1,0,1,1,0,1,0,0,1,295,0.3657137919883621,40.727011487028385,0.08983365559364917,4.7956514363914815,2.9955649043353136,1176,136,121,0,4,19,0.06626011818559932,0.0029566087496511653,0.00034192073975557695,4.776833864232325e-05,0.000304208893459006,1.0056492345752263e-05,0.0,243,10,0,4,0,0,8,0,0,0,0,0,0,0,0,8,Forensic OSINT Full Page Screen Capture,,,
0,0,0,0,1,1,0,0,0,0,1,15,0.4994169732958508,51.53754769497336,0.07291175657955327,5.104073262145534,2.382696858640537,9,3,3,0,0,0,0.04304740353110341,8.294777976442831e-05,2.7649259921476102e-05,0.0,2.7649259921476102e-05,0.0,0.0,0,0,0,0,0,0,2,0,0,0,0,0,0,0,0,2,Polymesh Wallet,,,
0,0,1,1,0,1,1,0,0,0,0,0,0.3604796990123844,29.673076923076923,0.08880702304436432,6.660714285714286,2.8159979320115482,3,0,0,0,2,0,0.08088235294117647,0.007211538461538462,0.0,0.0,0.0,0.004807692307692308,0.0,0,0,0,1,0,0,1,0,0,0,0,0,0,0,0,1,Naver Cafe Free Pass,,,
0,1,0,0,0,1,0,0,0,0,0,3,0.3565227846579295,38.58924321751547,0.09501022003126128,5.931285934651521,3.4300217854330928,33,0,17,0,0,0,0.0964801570607208,0.015706806282722512,0.0,0.0,0.00809138505473584,0.0,0.0,10,0,0,2,0,0,2,0,0,0,0,0,0,0,0,2,Google Sheets Dark Mode,,,
1,1,1,0,0,1,0,0,1,0,0,5,0.44257996188591775,39.82287711425613,0.09564562993403494,3.7188050258155014,2.8770246363733647,16,1,2,0,0,0,0.0273077267436655,0.0006903693476009665,4.3148084225060405e-05,0.0,8.629616845012081e-05,0.0,0.0,0,0,0,0,0,0,3,0,0,0,0,0,0,0,0,3,__MSG_appName__,,,
1,1,1,0,0,1,0,0,0,0,0,85,0.3786549968824884,41.76137926452513,0.0985570263802233,4.395975930746272,3.116508209920216,104,10,161,0,0,0,0.06588310010356596,0.0006909610337840083,6.643856094077002e-05,0.0,0.0010696608311463974,0.0,0.0,0,0,0,0,0,0,0,0,0,0,0,0,0,0,0,0,Needle Inspector — DevTools for three.js,,,
0,1,0,0,1,1,0,0,0,0,0,2,0.3434643143544507,25.9978354978355,0.07538091419406576,5.895738893925658,3.115278192685344,37,3,2,0,0,0,0.04079782411604715,0.08008658008658008,0.006493506493506494,0.0,0.004329004329004329,0.0,0.0,0,0,0,4,0,0,1,0,0,0,0,0,0,0,0,1,"Sheetgo | Connect, Filter, Merge, Excel, CSV",,,
1,1,1,0,0,1,0,0,1,0,0,5,0.4425785585185655,39.8230065585088,0.09564532665334897,3.718834870325604,2.8769183152604265,16,1,2,0,0,0,0.0273077267436655,0.0006903693476009665,4.3148084225060405e-05,0.0,8.629616845012081e-05,0.0,0.0,0,0,0,0,0,0,3,0,0,0,0,0,0,0,0,3,__MSG_appName__,,,
1,1,0,0,0,0,0,0,0,0,1,168,0.5137036324229597,52.54754712036985,0.06144038426167466,5.276944636310504,2.495135798739887,2064,121,220,0,0,1,0.06047955551170046,0.007726430456510753,0.00045295449866172534,3.7434256087745898e-06,0.0008235536339304097,0.0,0.0,3,0,0,1,1,0,1,0,0,0,0,0,0,1,0,1,Staffbase Email,,,
1,1,0,0,1,1,0,0,0,0,0,2,0.419265057621222,19.713642319030463,0.11626638201980667,3.563301420523278,3.316909850389468,91,9,16,0,0,0,0.06477033145543151,0.007451686865378317,0.0007369800196528005,0.0,0.0013101867016049786,0.0,0.0,0,0,0,0,0,0,5,0,0,0,0,0,0,0,0,5,Imprivata PAM Browser Extension,,,
1,1,1,0,1,1,0,0,0,0,1,156,0.5607940508563555,67.69115666690062,0.07461739488904263,3.6571768310053963,2.7631040199266663,1073,81,302,0,0,15,0.04380843066903933,0.001751462136261469,0.0001322166197923383,2.4484559220803387e-05,0.0004929557923121749,0.0,0.0,135,1,0,1,0,0,12,0,0,0,0,0,0,0,0,12,__MSG_extName__,,,
0,0,0,0,0,1,0,0,0,0,0,71,0.2266248732279759,85.94701423913952,0.04843849075070992,19.20353938502655,2.9093803315765294,1230,142,19,0,0,0,0.09270134406131351,0.005712374954718979,0.0006594774337968252,0.0,8.823993832492731e-05,0.0,0.0,37,0,0,0,0,0,3,0,0,0,0,0,0,0,0,3,MQTTBox,,,
0,0,0,0,0,1,0,0,0,0,0,6,0.33903197244682637,45.32797253342971,0.10009868279915905,4.28287521408102,3.3442416484330217,95,1,18,0,0,0,0.10772726501958524,0.008583303216479942,9.035056017347308e-05,0.0,0.0016263100831225153,0.0,0.0,0,0,0,0,0,0,1,0,0,0,0,0,0,0,0,1,__MSG_extName__,,,
0,1,0,0,0,0,0,0,0,0,1,50,0.37372319130848425,91.10687169949185,0.09502342817201988,4.207664049084743,3.0269807217713494,217,30,79,0,0,4,0.05150868837443508,0.0014414294729150753,0.00019927596399747584,2.6570128532996778e-05,0.0005247600385266864,0.0,0.0,76,1,9,0,0,0,0,0,0,0,0,0,0,0,0,0,__MSG_appName__,,,
0,0,0,0,0,1,0,0,0,0,0,0,0.0,0.0,0.0,0.0,0.0,0,0,0,0,0,0,0.0,0.0,0.0,0.0,0.0,0.0,0.0,0,0,0,0,0,0,0,0,0,0,0,0,0,0,0,0,Pink Workspace,,,
0,0,1,0,0,1,0,1,0,0,0,39,0.5354458007858958,60.248881118881116,0.08107361350294473,4.308442792784231,2.71291866252417,190,8,31,0,0,4,0.07362613340429981,0.004428904428904429,0.00018648018648018648,9.324009324009324e-05,0.0007226107226107226,0.0,0.0,4,0,0,0,0,0,0,0,0,0,0,0,0,0,0,0,__MSG_appName__,,,
0,0,0,0,1,1,0,1,0,0,0,71,0.4952669054041253,49.590675735917976,0.08323124586459588,3.975912761405204,2.800082898059723,463,99,97,0,0,9,0.05023939572442286,0.0016645335710896044,0.00035591538561095213,3.2355944146450194e-05,0.00034872517580062984,0.0,0.0,0,1,0,0,0,0,4,0,0,0,0,0,0,0,0,4,__MSG_extensionName__,,,
1,1,0,0,0,1,0,0,0,0,1,299,0.5129756085088159,26.85089905643582,0.08412771214109127,5.151991026360068,2.949401836495246,1324,28,11,0,0,0,0.06043746494671901,0.058928253516111806,0.001246216841730461,0.0,0.0004895851878226812,0.0,0.0,0,0,0,0,0,0,0,0,0,0,0,0,0,0,0,0,myGSTcafe,,,
0,0,0,0,0,0,0,0,0,0,0,240,0.4845366246655939,56.52651834965665,0.07027552754315311,4.944062951441172,2.55918063288282,6670,117,323,0,0,8,0.05327407112993098,0.02346476415625352,0.00041160081053698077,2.814364516492176e-05,0.0011362996735337161,0.0,0.0,9,0,3,15,0,0,36,0,0,0,0,0,0,0,0,33,Inspect - Crypto | NFTs | DeFi | Web3,,,
0,0,0,0,0,1,0,0,0,0,1,1,0.26979727995894276,33.86046511627907,0.08822170900692841,6.162061636556855,3.7028421306254367,16,2,3,0,0,0,0.026036131774707757,0.028622540250447227,0.0035778175313059034,0.0,0.005366726296958855,0.0,0.0,0,0,0,0,0,0,0,0,0,0,0,0,0,0,0,0,FoundersCard Extension,,,
0,0,0,0,1,0,0,0,0,0,0,9,0.4421498688627917,36.79055118110236,0.0808727200748016,5.318958878792546,3.282855352381649,69,15,11,0,0,0,0.06385338056368396,0.006791338582677165,0.0014763779527559055,0.0,0.0010826771653543307,0.0,0.0,0,0,0,2,0,0,2,0,0,0,0,0,0,0,0,2,Fontpair,,,
0,0,0,0,1,1,0,0,0,0,0,228,0.260726823190374,42.989948791234966,0.07714150650683986,5.951575330808833,3.5668204404353356,3392,436,133,0,0,69,0.03888865251244522,0.08079075860426342,0.01038466118851971,0.0016434440871739907,0.0031677980231034895,0.0,0.0,0,22,0,26,0,8,6,0,3,0,0,0,0,0,0,6,Minoan | Shop & save for your vacation rental,,,
1,1,1,0,1,1,0,0,0,0,1,315,0.20874268610941188,142.12399505161096,0.06228085532736896,10.533643517203837,3.035381509227691,7729,56,622,0,0,9,0.030229831881037714,0.007961302856036283,5.768313623211694e-05,9.270504037304508e-06,0.000640694834578156,0.0,0.0,490,1,0,5,0,1,19,0,0,0,0,0,0,0,0,19,__MSG_artwork_appname__,,,
0,0,0,0,0,0,0,0,0,0,0,0,0.0,0.0,0.0,0.0,0.0,0,0,0,0,0,0,0.0,0.0,0.0,0.0,0.0,0.0,0.0,0,0,0,0,0,0,0,0,0,0,0,0,0,0,0,0,Lavender Blossom,,,
0,0,0,0,0,0,0,0,0,0,0,0,0.0,0.0,0.0,0.0,0.0,0,0,0,0,0,0,0.0,0.0,0.0,0.0,0.0,0.0,0.0,0,0,0,0,0,0,0,0,0,0,0,0,0,0,0,0,SmallringFX DarkBlue Theme,,,
0,0,1,0,0,0,0,1,0,0,0,32,0.6425165337691826,44.82753183643225,0.028685051777335366,5.7946136255588705,1.8824495101820127,139,21,27,0,0,1,0.005758260903208107,0.0001710908209159144,2.584825351967052e-05,1.2308692152224058e-06,3.3233468811004955e-05,0.0,0.0,0,0,0,0,0,0,0,0,0,0,0,0,0,0,0,0,Crosslister by Flyp,,,
0,0,0,0,0,1,0,1,0,0,0,131,0.496533518212362,54.905715051422064,0.08964915129620053,3.784353335040449,2.739802385393413,571,76,93,0,0,1,0.06105784277463226,0.009564168704566011,0.0012729891795919734,1.6749857626210177e-05,0.0015577367592375464,0.0,0.0,11,0,0,6,0,2,2,0,0,0,0,0,0,0,0,2,Autofill Smartly - JobFill,,,
0,0,0,0,0,1,0,0,0,0,0,6,0.5902329068471259,49.16857407980204,0.08495896262244626,3.440670729911963,2.44549795547174,39,8,16,0,0,0,0.046933427553514116,0.0024126198577172904,0.0004948963810702135,0.0,0.000989792762140427,0.0,0.0,2,0,0,0,0,0,2,0,0,0,0,0,0,0,0,2,__MSG_appName__,,,
0,0,0,0,1,1,0,0,0,0,0,121,0.3754988510149368,36.24957379575008,0.09497414783607813,3.7366248230985373,3.0073643005254436,1575,31,185,0,0,1,0.0363707822967,0.011234672696535442,0.00022112689116990391,7.133125521609804e-06,0.0013196282214978138,0.0,0.0,0,0,0,0,0,0,1,0,0,0,0,0,0,0,0,1,__MSG_appName__,,,
0,1,0,0,1,1,0,1,0,0,0,371,0.3644202558536447,62.101726073305244,0.08115386796879431,5.936145662086293,3.2017783117982592,1033,60,122,0,0,6,0.055327398492509075,0.016805218890823016,0.000976101774878394,9.76101774878394e-05,0.001984740275586068,0.0,0.0,17,1,0,7,0,1,2,0,0,0,0,0,0,0,0,2,JobWizard: AI Autofill Job Applications & LinkedIn Referrals,,,
0,0,0,0,0,0,0,0,0,0,0,0,0.0,0.0,0.0,0.0,0.0,0,0,0,0,0,0,0.0,0.0,0.0,0.0,0.0,0.0,0.0,0,0,0,0,0,0,0,0,0,0,0,0,0,0,0,0,Lando Norris's MCL36 - McLaren Blue,,,
0,0,0,0,0,0,0,0,0,0,0,0,0.0,0.0,0.0,0.0,0.0,0,0,0,0,0,0,0.0,0.0,0.0,0.0,0.0,0.0,0.0,0,0,0,0,0,0,0,0,0,0,0,0,0,0,0,0,Black Hole,,,
0,0,0,0,0,0,0,0,0,0,0,0,0.3639164669633687,18.486666666666668,0.08661417322834646,6.440677966101695,3.544158528455907,1,0,1,0,0,0,0.06779661016949153,0.006666666666666667,0.0,0.0,0.006666666666666667,0.0,0.0,0,0,0,0,0,0,0,0,0,0,0,0,0,0,0,0,XolidoSign Chrome Communication Component,,,
0,0,0,0,0,1,0,0,0,0,0,0,0.3264620210620659,30.99820788530466,0.07326910150123235,6.845417236662107,3.5310454211019606,4,0,10,0,0,0,0.033515731874145006,0.007168458781362007,0.0,0.0,0.017921146953405017,0.0,0.0,3,0,0,1,0,1,1,0,0,0,0,0,0,0,0,1,Google Keep - Full Screen Edit,,,
0,0,0,0,1,1,0,0,0,0,0,9,0.406680396929414,31.216824835129483,0.11420832553204768,3.4947550264330016,2.9947497973946886,30,3,14,0,0,0,0.037776297714690085,0.002412739263310278,0.00024127392633102783,0.0,0.0011259449895447966,0.0,0.0,1,0,0,0,0,0,2,0,0,0,0,0,0,0,0,2,__MSG_appName__,,,
0,1,0,0,0,1,0,0,0,0,0,13,0.4241565621140737,60.53019354074425,0.08421930546234864,3.904731926471009,2.8559252156577424,892,26,52,0,0,2,0.040835620750302115,0.006604374287364321,0.00019250418326398247,1.480801409722942e-05,0.00038500836652796493,0.0,0.0,0,0,0,1,0,0,3,0,0,0,0,0,0,0,0,3,"Writesonic: AI Writing, SEO, and Keywords",,,
0,0,0,0,1,1,1,0,0,0,1,21,0.41027860406185807,32.179520498992915,0.11488035906966179,3.6690195403288284,3.12148933212858,109,9,32,0,0,0,0.049444779202892315,0.007082060944707946,0.0005847573257098304,0.0,0.0020791371580793972,0.0,0.0,1,0,0,0,0,0,1,0,0,0,0,0,1,0,0,1,DF Tube New (Distraction Free for YouTube™),,,
0,0,0,0,1,0,0,0,0,0,0,1,0.252495221915481,39.60775862068966,0.0834572095986409,5.77487922705314,3.834938810009203,14,2,2,0,0,0,0.033816425120772944,0.0603448275862069,0.008620689655172414,0.0,0.008620689655172414,0.0,0.0,0,0,0,0,0,0,1,0,0,0,0,0,0,0,0,1,YouLearn,,,
0,0,0,0,0,1,1,1,0,0,0,131,0.4654519140555025,70.51037371844339,0.08573437517824939,4.3945877287622555,3.2259002775044068,140,6,144,0,0,10,0.09334557090098812,0.0015433800022048286,6.61448572373498e-05,0.00011024142872891633,0.001587476573696395,0.0,0.0,0,0,0,1,0,0,4,0,0,0,0,0,0,0,0,4,__MSG_appName__,,,
1,1,0,0,0,1,0,0,0,0,0,11,0.37097315050118845,45.07042786823173,0.10377017328726366,4.1311907349241554,3.166939869314099,108,10,10,0,0,0,0.09245723982910818,0.008178720181749338,0.0007572889057175312,0.0,0.0007572889057175312,0.0,0.0,4,0,0,0,0,0,0,0,0,0,0,0,0,0,0,0,Vento,,,
0,0,0,0,1,1,0,0,0,0,0,90,0.3975668173628982,53.529028689162644,0.0630743367650734,2.781532118158326,2.474087768731841,364,34,267,0,0,0,0.016861776605434347,0.0012057331950935935,0.00011262343031094005,0.0,0.0008844251733241468,0.0,0.0,9,0,0,0,0,0,2,0,0,0,0,0,0,0,0,2,__MSG_extensionName__,,,
0,0,0,0,0,0,0,0,0,0,0,13,0.3951860751569978,29.495320197044336,0.12540839609878238,3.179066123472266,3.297261253494466,16,2,16,0,0,0,0.040833594484487624,0.0019704433497536944,0.0002463054187192118,0.0,0.0019704433497536944,0.0,0.0,1,0,1,3,0,0,1,0,0,0,0,0,0,0,0,1,Лучшие онлайн радио - The Radio,,,
0,0,0,0,1,1,1,0,0,0,0,64,0.3893939174055853,56.86787223917364,0.09999951625621006,4.028670453020885,3.1199125795898524,270,21,58,0,0,2,0.07333303519520594,0.007558155809982365,0.0005878565629986283,5.59863393332027e-05,0.0016236038406628782,0.0,0.0,14,0,0,0,0,0,6,0,0,0,0,0,0,0,0,2,__MSG_appName__,,,
0,0,0,0,0,0,0,0,0,0,0,0,0.2721747938069744,23.3689776733255,0.1028312352288622,5.319097888675624,3.323202521820592,4,0,0,0,0,0,0.02399232245681382,0.004700352526439483,0.0,0.0,0.0,0.0,0.0,1,0,0,0,0,0,0,0,0,0,0,0,0,0,0,0,Steam Artwork Hub Essentials,,,
0,1,0,0,0,1,0,0,0,0,1,39,0.5506127496411946,51.39707242623254,0.09029495306842636,3.3638986440580654,2.8479103189344106,486,19,28,0,0,0,0.07129938853430046,0.011238553325316807,0.0004393673110720562,0.0,0.0006474886689482935,0.0,0.0,386,0,0,0,0,0,4,0,0,0,0,0,0,0,0,4,yStock,,,
0,0,0,0,0,0,0,0,0,0,0,5,0.434901625320787,35.61635730858469,0.12938884136488926,2.8528813721503243,3.0010806131482766,31,4,1,0,0,2,0.03978183383967658,0.0035962877030162412,0.0004640371229698376,0.0002320185614849188,0.0001160092807424594,0.0,0.0,0,0,0,1,0,0,0,0,0,0,1,0,0,0,0,0,VeloViewer Strava Plugin,,,
0,0,0,0,0,1,0,0,0,0,0,0,0.23760735271960223,30.76555023923445,0.10607202049118578,7.599264705882353,3.4588661517278525,3,0,1,0,0,0,0.03308823529411765,0.014354066985645933,0.0,0.0,0.004784688995215311,0.0,0.0,0,0,1,0,0,0,2,0,0,0,0,0,0,0,0,2,Panda Helper,,,
0,0,0,0,1,1,0,0,0,0,1,47,0.4966446421754324,40.97559352118926,0.08753648724047808,3.991436441138314,2.953819071120245,65,14,46,0,0,1,0.05352863360110432,0.001602445578482854,0.00034514212459630696,2.4653008899736213e-05,0.0011340384093878658,0.0,0.0,1,0,0,0,0,0,1,0,0,0,0,0,0,0,0,1,__MSG_extName__,,,
0,0,0,0,0,1,0,0,0,0,0,42,0.5948550286089845,48.497306965097856,0.08168349797101378,3.3675218570322247,2.4696050729140935,378,14,92,0,0,3,0.04658766344528085,0.003863253104399816,0.0001430834483111043,3.066073892380806e-05,0.0009402626603301139,0.0,0.0,0,0,0,0,0,0,3,0,0,0,0,0,0,0,0,3,__MSG_ext_fulltitle__,,,
0,0,0,0,1,1,0,0,0,0,0,16,0.434963247043784,42.79770236366037,0.11990991153964435,3.356649878753964,3.22141680019036,153,24,14,0,0,4,0.06264822661017401,0.020203354020863595,0.003169153571900172,0.0005281922619833619,0.0018486729169417669,0.0,0.0,0,0,0,0,0,1,2,0,0,0,0,0,0,0,0,2,New Tab Helper 72,,,
0,0,0,0,0,0,0,0,0,0,0,0,0.0,0.0,0.0,0.0,0.0,0,0,0,0,0,0,0.0,0.0,0.0,0.0,0.0,0.0,0.0,0,0,0,0,0,0,0,0,0,0,0,0,0,0,0,0,Constellation Mix,,,
0,0,0,0,1,1,0,0,0,0,1,273,0.5338069629361389,56.70051890950888,0.06677027048301176,3.8086163792378835,1.972464173899681,887,141,192,0,0,18,0.039299411853705515,0.001979667674727433,0.0003146935086094341,4.017363939694903e-05,0.00042851882023412305,0.0,0.0,22,0,0,25,0,0,3,0,0,0,0,0,0,0,0,3,The Guestbook Extension: Cash Back on Hotels,,,
0,0,0,0,0,1,0,0,0,0,1,22,0.5486815836382912,53.161796756676885,0.04897212793552044,5.994846151417139,2.9642279314950177,962,21,48,0,0,2,0.06875256564672341,0.007107236526171918,0.0001551475748956448,1.4775959513870932e-05,0.00035462302833290236,0.0,0.0,3,0,0,0,0,0,0,0,0,0,0,0,0,0,0,0,Eztrackr - Supercharge your job hunt,,,
0,0,0,0,0,0,0,0,0,0,0,0,0.18584392014519055,21.241935483870968,0.11578947368421053,7.003937007874016,3.4728547531455076,2,2,1,0,0,0,0.05511811023622047,0.016129032258064516,0.016129032258064516,0.0,0.008064516129032258,0.0,0.0,6,5,0,1,0,0,2,0,0,0,0,0,0,0,0,2,__MSG_appName__,,,
1,1,0,0,1,1,0,1,0,0,0,63,0.3092500291925046,59.43729107341835,0.07636964061466099,5.18453654922621,3.2359931255261203,333,28,50,0,0,0,0.016401876852156733,0.041228178779249725,0.0034666336511080848,0.0,0.00619041723412158,0.0,0.0,21,0,0,2,0,0,1,0,0,0,0,0,0,0,0,1,ClearTax Assistant,,,
0,0,0,0,1,1,0,0,0,0,0,104,0.44538887412797146,58.06579649898936,0.07804617179103664,5.966402960122266,2.551699173082349,471,22,120,0,0,1,0.05066078816298934,0.004490675412837039,0.0002097555394531101,9.534342702414095e-06,0.0011441211242896915,0.0,0.0,0,0,0,0,0,0,5,0,0,0,0,0,0,0,0,5,__MSG__extensionName__,,,
0,0,0,0,0,0,0,0,0,0,0,0,0.0,0.0,0.0,0.0,0.0,0,0,0,0,0,0,0.0,0.0,0.0,0.0,0.0,0.0,0.0,0,0,0,0,0,0,0,0,0,0,0,0,0,0,0,0,Pink Kitten,,,
0,1,0,0,1,1,0,0,0,0,0,39,0.4497478659680822,63.33904525665688,0.07580307974107578,4.032477126558476,2.212751572916645,917,12,54,0,0,0,0.03113395382646208,0.02321048901488306,0.0003037359522122102,0.0,0.0013668117849549458,0.0,0.0,16,1,0,0,0,0,1,0,0,0,0,0,0,0,0,1,Email Finder-Kendo Sourcing Ninja,,,
0,0,0,0,0,1,0,0,0,0,1,34,0.5387822976613411,52.50111152278622,0.07968026094363534,3.9686303431971792,2.626612554345134,290,11,22,0,0,5,0.04058354633717582,0.013430900333456836,0.0005094479436828455,0.00023156724712856613,0.001018895887365691,0.0,0.0,0,0,0,0,0,0,1,0,0,0,0,0,0,0,0,1,__MSG_appName__,,,
0,1,0,0,0,1,0,0,0,0,1,1,0.48233397432162073,71.51361502347417,0.07340287085057204,5.750206025089278,3.049287023302549,80,49,14,0,0,0,0.06089185971980588,0.03755868544600939,0.023004694835680753,0.0,0.006572769953051643,0.0,0.0,0,0,0,14,0,0,3,0,0,0,0,0,0,0,0,3,__MSG_dev_efaz_verified_badge_add_on_exName__,,,
0,1,0,0,1,1,0,0,0,0,0,21,0.44646451015056027,36.10416156670747,0.059138653099598294,4.458394576304762,2.0915638269153907,142,80,32,0,0,0,0.021088807172635313,0.0007900300433960164,0.00044508734839212194,0.0,0.00017803493935684877,0.0,0.0,1,0,0,0,0,0,5,0,0,0,0,0,0,0,0,5,RSSHub Radar,,,
0,0,0,0,0,1,0,0,0,0,1,241,0.5301965927284943,52.97695508489316,0.08002434926833214,3.857482825928852,2.915527423185387,933,48,571,0,0,9,0.06053583214129308,0.002496621666822761,0.00012844355842174976,2.4083167204078084e-05,0.0015279431637253984,0.0,0.0,3,0,0,0,0,0,2,0,0,0,0,0,0,0,0,2,Python Code Runner,,,
0,0,0,0,0,0,0,0,0,0,0,0,0.0,0.0,0.0,0.0,0.0,0,0,0,0,0,0,0.0,0.0,0.0,0.0,0.0,0.0,0.0,0,0,0,0,0,0,0,0,0,0,0,0,0,0,0,0,__MSG_extName__,,,
0,1,0,0,1,1,0,1,0,0,1,52,0.40731032718021337,31.150407029331955,0.08658690408327176,4.5914172650920815,2.966569801731071,444,71,177,0,0,0,0.07759467574336197,0.009561958909419821,0.0015290519877675841,0.0,0.003811861997674118,0.0,0.0,2,1,0,5,0,0,19,0,0,0,0,0,0,0,0,19,Bulk Image Downloader From Url List,,,
0,0,0,0,0,0,0,0,0,0,0,0,0.0,0.0,0.0,0.0,0.0,0,0,0,0,0,0,0.0,0.0,0.0,0.0,0.0,0.0,0.0,0,0,0,0,0,0,0,0,0,0,0,0,0,0,0,0,Star Se7en,,,
0,0,0,0,0,1,0,0,0,0,0,16,0.4482646970779955,48.07555089192025,0.0997990090965184,4.413301425864992,3.1526823577827705,28,7,17,0,0,0,0.08934091135706451,0.004197271773347324,0.001049317943336831,0.0,0.002548343576675161,0.0,0.0,1,0,0,0,0,0,2,0,0,0,0,0,0,0,0,2,InCognito,,,
0,0,1,0,0,1,0,0,1,0,0,9,0.35440033153750516,23.10380373981141,0.11053460422710319,4.0810608244450854,3.555922489891106,95,15,13,0,0,0,0.055664456615739405,0.007591497522774493,0.0011986575035959725,0.0,0.0010388365031165094,0.0,0.0,2,0,0,2,0,0,6,0,3,0,2,0,0,0,0,6,__MSG_app_name__,,,
0,0,0,0,1,1,0,0,0,0,1,244,0.5126695773244921,52.422535124346915,0.08306843630090942,3.7441197508757846,2.6990050595098842,1012,287,409,0,0,33,0.05155807421981522,0.0012490850945392025,0.00035423658313512955,4.073103569149573e-05,0.0005048179878127804,0.0,0.0,11,0,0,3,0,0,4,0,0,0,0,0,0,0,0,4,Typhon Wallet,,,
0,0,0,0,0,0,0,0,0,0,0,26,0.4489011372087258,50.451855050320525,0.08579547802016195,4.056478835824571,2.8154422969865043,726,18,78,0,0,4,0.090319487368878,0.02411399342345634,0.0005978676055402398,0.00013285946789783106,0.002590759624007706,0.0,0.0,12,0,0,10,0,0,18,0,0,0,5,0,0,0,5,13,Free Rider HD Offline Editor,,,
0,0,0,0,0,0,0,0,0,0,0,1,0.3910933485583785,13.247967479674797,0.08364259206394518,6.792307692307692,3.4002190500521445,0,0,1,0,0,0,0.046153846153846156,0.0,0.0,0.0,0.0040650406504065045,0.0,0.0,0,0,0,0,0,0,0,0,0,0,0,0,0,0,0,0,LockedIn AI,,,
0,0,0,0,0,1,0,0,0,0,1,86,0.5200329615997363,40.941436696861174,0.09430376468556988,3.4318766404199477,2.741321915415129,217,83,58,0,0,0,0.05770669291338583,0.0028570676216557824,0.0010927954497577418,0.0,0.0007636401938066147,0.0,0.0,26,0,2,0,0,0,8,0,0,0,0,0,0,0,0,8,Inoreader: Read-later and RSS extension,,,
0,0,0,0,1,1,0,0,0,0,0,104,0.41908843068549995,48.91325973409307,0.09193201960766127,3.9512747722537274,2.8728186954156665,221,28,30,0,0,1,0.0402537182262201,0.002623456790123457,0.00033238366571699906,1.1870845204178537e-05,0.00035612535612535614,0.0,0.0,14,0,0,0,0,0,1,0,0,0,0,0,0,0,0,1,__MSG_extName__,,,
0,0,0,0,0,0,1,0,0,0,0,0,0.0,0.0,0.0,0.0,0.0,0,0,0,0,0,0,0.0,0.0,0.0,0.0,0.0,0.0,0.0,0,0,0,0,0,0,0,0,0,0,0,0,0,0,0,0,__MSG_appName__,,,
0,0,0,0,0,1,0,0,0,0,0,0,0.27056925558884537,12.777777777777779,0.11200737497119152,6.392307692307693,3.9625623211205916,20,0,8,0,0,0,0.17435897435897435,0.06349206349206349,0.0,0.0,0.025396825396825397,0.0,0.0,0,0,0,0,1,0,1,0,0,0,0,0,0,0,0,1,aB Spider,,,
0,1,0,0,1,1,0,1,0,0,0,19,0.5676800023916327,46.460449639376385,0.07317648683391961,3.3863339346390666,2.0995730685126985,48,7,15,0,0,0,0.03319464737917825,0.000810769724507204,0.00011823725149063391,0.0,0.00025336553890850124,0.0,0.0,0,0,0,0,0,0,5,0,0,0,0,0,0,0,0,5,TimeYourWeb Time Tracker,,,
0,0,0,0,1,1,0,0,0,0,0,70,0.5002908100234262,49.91847480532542,0.05141730122600758,5.538447030421908,2.2327492246198215,662,29,100,0,0,5,0.026508039430050163,0.001600429359900783,7.010944325849351e-05,1.2087835044567849e-05,0.00024175670089135695,0.0,0.0,1,0,0,0,0,0,2,0,0,0,0,0,0,0,0,2,Quizard AI - Homework Tutor,,,
0,1,0,0,0,1,0,1,0,0,0,28,0.39636905121426547,37.70477800356058,0.09190598096016875,4.0070519582156585,2.9950828217074483,584,9,83,0,0,1,0.059529075504440435,0.01050189717491773,0.0001618443057778417,1.798270064198241e-05,0.0014925641532845403,0.0,0.0,2,0,0,2,0,0,1,0,0,0,0,0,0,0,0,1,NoLang,,,
0,0,0,0,1,1,0,0,0,0,1,16,0.4369607356262916,32.44581368766967,0.10719873550881352,3.58970999301188,2.9732484370424133,130,3,57,0,0,0,0.04094844320211197,0.00464352050292899,0.00010715816545220746,0.0,0.0020360051435919417,0.0,0.0,1,0,0,0,0,0,1,0,0,0,0,0,0,0,0,1,Karakeep,,,
0,0,1,0,0,1,0,0,0,0,0,0,0.3066278417439158,15.638666666666667,0.0956108246734165,6.159845788849347,3.676350462603438,29,0,10,0,1,2,0.08066429418742586,0.012888888888888889,0.0,0.0008888888888888889,0.0044444444444444444,0.00044444444444444447,0.0,0,0,0,2,0,0,1,0,0,0,0,0,0,0,0,1,Principa Chrome Extension,,,
0,0,0,0,0,0,0,0,0,0,0,0,0.2413793103448276,31.010309278350515,0.08217853689977442,6.033333333333333,3.9866254088365,0,0,1,0,0,0,0.02727272727272727,0.0,0.0,0.0,0.010309278350515464,0.0,0.0,0,0,0,0,0,0,0,0,0,0,0,0,0,0,0,0,Picture-in-Picture Viewer,,,
0,0,1,0,1,1,0,0,0,0,0,97,0.362735603700292,42.42427559782423,0.07563199075734506,6.445919911168341,3.091716703675575,498,18,125,0,0,2,0.05389727977664057,0.002129588450617495,7.69730765283432e-05,8.552564058704799e-06,0.00053453525366905,0.0,0.0,4,28,0,0,0,0,5,0,0,0,0,0,0,0,0,5,__MSG_extensionName__,,,
0,0,0,0,0,1,0,0,0,0,0,0,0.26609105180533754,29.357142857142858,0.10243328100470958,6.186991869918699,3.5873015041692344,3,1,0,0,0,0,0.07723577235772358,0.03571428571428571,0.011904761904761904,0.0,0.0,0.0,0.0,0,0,0,0,0,0,0,0,0,0,0,0,0,0,0,0,Open Dyslexic,,,
1,1,1,0,1,1,0,0,0,0,1,199,0.5408812163691874,47.58202635041611,0.060499144942228994,5.189011539888311,2.514481109418678,444,78,155,0,0,3,0.056513369627334796,0.0015174558690339889,0.00026658008510056563,1.02530801961756e-05,0.0005297424768024061,0.0,0.0,20,1,0,12,0,0,18,1,0,0,4,0,0,0,0,18,Kerberus Sentinel3,,,
0,1,0,0,1,1,0,0,0,0,0,3,0.5583264404143159,42.57396449704142,0.09420871347267318,3.498903027643703,3.139038163415258,7,0,3,0,0,2,0.0451952610794208,0.0037654653039268424,0.0,0.0010758472296933835,0.0016137708445400753,0.0,0.0,0,0,0,0,0,0,0,0,0,0,0,0,0,0,0,0,__MSG_extName__,,,
0,0,0,0,1,1,1,0,0,0,0,87,0.6318260251238916,72.39455027284828,0.057672815858523095,4.205013165845547,2.4566770603199135,559,136,88,0,0,2,0.05192856481256864,0.0022479320231790344,0.000546902960916545,8.042690601713897e-06,0.0003538783864754115,0.0,0.0,0,0,0,0,0,0,2,0,0,0,0,0,0,0,0,2,__MSG_extensionName__,,,
0,0,0,0,1,1,0,0,0,0,0,12,0.35370312168416757,43.27783063748811,0.1117799858703565,4.595888119805471,3.340916333306529,353,12,70,0,0,0,0.0665929032756092,0.04198382492863939,0.0014272121788772598,0.0,0.008325404376784015,0.0,0.0,11,0,1,1,0,0,104,0,0,0,0,0,0,0,0,76,Bulk URL Opener,,,
0,0,1,0,1,1,0,1,0,0,0,239,0.5135163479036291,53.117287930068535,0.08338592318374274,3.575266309287752,2.6006254973514724,933,173,217,0,1,3,0.05196743392139864,0.0035802270163239934,0.000663857742576689,1.1511983975318306e-05,0.0008327001742146909,3.8373279917727686e-06,0.0,0,0,0,0,0,0,6,0,0,0,0,0,0,0,0,6,__MSG_extName__,,,
0,0,0,0,1,1,0,1,0,0,1,117,0.5227327244020806,45.33343057994513,0.08121062472142382,3.531355535384028,2.605541607447859,335,34,89,0,0,8,0.04408714099985089,0.0018794777856946494,0.0001907529692943823,4.4883051598678194e-05,0.0004993239490352949,0.0,0.0,20,0,0,0,0,0,1,0,0,0,0,0,0,0,0,1,__MSG_appName__,,,
0,1,0,0,0,1,0,0,0,0,0,31,0.41333033754564175,33.78189287700006,0.1011096107503782,3.85006191708459,2.990734080655989,761,15,42,0,0,2,0.0444774486047057,0.01175325878791623,0.0002316673874096497,3.0888984987953295e-05,0.0006486686847470192,0.0,0.0,1,0,0,0,0,0,2,0,0,0,0,0,0,0,0,2,Amazon Index Checker,,,
0,0,1,0,0,0,0,1,0,0,0,1,0.6644977199391984,38.20543648719289,0.05374809994933198,4.148793565683646,3.0814702741218185,9,0,6,0,1,0,0.025915996425379804,0.004704652378463147,0.0,0.0,0.0031364349189754314,0.0005227391531625719,0.0,0,0,0,0,0,0,0,0,0,0,0,0,0,0,0,0,"PageProof. Online proofing, review & approval",,,
0,0,0,0,0,1,0,0,0,0,0,13,0.34568179259092446,40.27137546468401,0.08933678639792816,5.192695652173913,3.1501682562854807,54,18,52,0,0,0,0.035014492753623186,0.02509293680297398,0.008364312267657992,0.0,0.024163568773234202,0.0,0.0,5,0,0,2,0,0,2,0,0,0,0,0,0,0,0,2,__MSG_name__,,,
0,0,0,0,0,1,0,0,0,0,0,232,0.5327732715655696,52.52713393872625,0.08736717127732382,3.406364123345486,2.2800068462469847,358,121,155,0,0,2,0.05030654500132583,0.0012763878935677893,0.00043140484670866627,7.13065862328374e-06,0.0005526260433044898,0.0,0.0,533,1,0,15,0,0,12,8,0,0,0,11,1,0,0,7,__MSG_name__,,,
0,0,0,0,0,0,0,0,0,0,0,0,0.0,0.0,0.0,0.0,0.0,0,0,0,0,0,0,0.0,0.0,0.0,0.0,0.0,0.0,0.0,0,0,0,0,0,0,0,0,0,0,0,0,0,0,0,0,On The Go Map,,,
0,0,1,0,1,1,0,1,0,0,1,289,0.36602855751944285,47.83958551640266,0.08650031591978073,4.372762637118362,2.841982074593107,6452,91,812,0,2,24,0.036180597810627366,0.012337369302667106,0.00017400815352490803,4.589226027030541e-05,0.001552688139145333,3.824355022525451e-06,0.0,29,4,0,0,0,0,18,0,0,0,0,0,0,0,0,18,Testing Toolkit: 15+ Essential Manual Testing Tools,,,
0,0,0,0,1,1,0,1,0,0,0,43,0.49082420266592225,39.59122971020651,0.0774310838160374,5.1481293457469475,2.8686271904174663,296,34,82,0,0,2,0.04941573217053912,0.008385031585507493,0.0009631455199569418,5.6655618820996573e-05,0.0023228803716608595,0.0,0.0,1,0,0,9,1,0,2,0,0,0,0,0,0,1,0,2,lemlist,,,
0,0,0,0,0,0,0,0,0,0,0,0,0.0,0.0,0.0,0.0,0.0,0,0,0,0,0,0,0.0,0.0,0.0,0.0,0.0,0.0,0.0,0,0,0,0,0,0,0,0,0,0,0,0,0,0,0,0,"Juega, chamaco. Juega",,,
0,0,0,0,0,1,0,0,0,0,0,14,0.39378323997014897,26.109346991037132,0.06221483293815358,6.547716278193127,3.2528685149416834,203,21,12,0,0,0,0.05742288119620532,0.025992317541613318,0.0026888604353393084,0.0,0.0015364916773367477,0.0,0.0,0,0,0,0,0,0,0,0,0,0,0,0,0,0,0,0,__MSG_name__,,,
0,0,0,0,0,1,0,0,0,0,0,23,0.32068754269488925,39.69883749690823,0.058356772473009536,4.797070253414935,2.6170574905285653,40,0,16,0,0,2,0.043294626858725246,0.001978728666831561,0.0,9.893643334157804e-05,0.0007914914667326243,0.0,0.0,0,0,0,0,0,0,27,0,0,0,0,0,0,0,0,27,Hex FRVR,,,
0,0,0,0,0,1,0,0,0,0,0,1,0.2916928073218438,38.16184971098266,0.07259106174115215,5.652219873150106,3.3740817406540664,24,1,10,0,0,0,0.018675123326286118,0.03468208092485549,0.001445086705202312,0.0,0.014450867052023121,0.0,0.0,0,0,0,0,0,0,1,0,0,0,0,0,0,0,0,1,ClickFix Block,,,
1,1,0,0,1,1,0,0,0,0,0,47,0.41847479507877994,21.21691430545957,0.09544196102219527,5.049859969698361,3.084800843201108,108,23,121,0,0,8,0.07942702355263762,0.009329647546648237,0.001986869384934347,0.000691085003455425,0.010452660677263304,0.0,0.0,25,0,0,11,0,0,12,0,0,0,0,0,0,0,0,12,__MSG_extName__,,,
0,1,0,0,1,1,1,0,0,0,0,203,0.3729610692319719,49.42230039519277,0.07195576335483811,2.91641280296269,2.876394741483257,3800,48,63,0,0,3,0.024843995608900365,0.01541819834294942,0.00019475618959515056,1.217226184969691e-05,0.0002556174988436351,0.0,0.0,11,0,0,0,0,0,2,0,0,0,0,0,0,0,0,2,__MSG_appName__,,,
0,0,1,0,1,1,0,0,0,0,1,6,0.22903486573878815,85.84509729111026,0.052579783495009136,4.429756498730647,3.0230801492721646,1,0,3,0,0,0,0.018664855007687633,0.00038153376573826786,0.0,0.0,0.0011446012972148034,0.0,0.0,0,0,0,0,0,0,1,0,0,0,0,0,0,0,0,1,Auvik SaaS Management,,,
0,0,1,0,0,1,0,0,0,0,0,85,0.4188875751719859,58.25018681513876,0.09902552724897506,4.273086056265186,2.853104553680787,439,43,182,0,0,0,0.040850661081481804,0.0003361141226119819,3.2922340028052895e-05,0.0,0.0001393457182582704,0.0,0.0,24,3,1,0,0,0,3,0,0,0,0,0,0,0,0,3,Frontrun,,,
1,1,0,0,0,1,0,0,0,0,0,667,0.30914175402177596,37.782556040490825,0.09287393006783366,5.064299036437176,2.628592522147997,1638,351,557,0,0,2,0.03602004001013357,0.007485775655233873,0.0016040947832644014,9.140141215181774e-06,0.002545529328428124,0.0,0.0,0,0,1,0,0,0,1,0,0,0,0,0,0,0,0,1,MinutaIA Conecta,,,
0,0,0,0,0,0,0,0,0,0,0,0,0.0,0.0,0.0,0.0,0.0,0,0,0,0,0,0,0.0,0.0,0.0,0.0,0.0,0.0,0.0,0,0,0,0,0,0,0,0,0,0,0,0,0,0,0,0,__MSG_appName__,,,
0,0,1,0,1,1,0,1,0,0,0,132,0.5402558883816131,43.45276605858934,0.08919867855789891,3.629308367438098,2.790456432160358,376,52,115,0,0,6,0.060184346818297055,0.004468477033691841,0.0006179808663616377,7.130548458018896e-05,0.0013666884544536217,0.0,0.0,12,0,0,4,0,0,12,0,0,0,0,0,0,0,0,12,iorad — the tutorial builder,,,
0,0,0,0,1,0,0,0,0,0,0,1,0.4794004128893277,17.856175972927243,0.07871824791311373,6.362517099863201,3.1326910517512547,3,0,2,0,0,0,0.03419972640218878,0.005076142131979695,0.0,0.0,0.00338409475465313,0.0,0.0,0,0,0,0,0,0,0,0,0,0,0,0,0,0,0,0,NFC Reader - Browser Extension,,,
0,0,1,0,1,1,1,0,0,0,0,54,0.35125482712370937,37.15644856603126,0.10314066846099144,4.122832742187964,3.340721098207665,150,37,114,0,2,0,0.0324172231359106,0.01287995878413189,0.0031770565000858665,0.0,0.009788768675940238,0.0001717327837884252,0.0,0,2,0,7,0,0,2,0,0,0,0,0,0,0,0,2,__MSG_extName__,,,
0,0,0,0,0,1,0,0,0,0,0,123,0.5770854965564105,52.6700308129318,0.06468655598440012,3.2883881907736066,2.3358162477588573,3204,48,207,0,0,1,0.02473681855025187,0.019282154979417925,0.0002888712356467105,6.018150742639802e-06,0.001245757203726439,0.0,0.0,0,0,0,0,0,0,4,0,0,0,0,0,0,0,0,4,__MSG_ext_name__,,,
0,0,0,0,0,1,0,1,0,0,0,60,0.5550378124193531,56.805202588336286,0.09135168926482591,3.2025529861515936,2.7489529210453156,566,59,84,0,0,1,0.05029244848995275,0.004583849623816581,0.00047782178057451997,8.098674247025761e-06,0.000680288636750164,0.0,0.0,0,0,0,0,0,0,1,0,0,0,0,0,0,0,0,1,Shopee选品助手 - 免费虾皮选品与数据分析,,,
0,1,0,0,1,1,0,0,0,0,0,28,0.3945879646312055,58.75503105590062,0.07174792804279735,6.072966485909858,3.277895451122891,219,68,230,0,0,0,0.032714019023913236,0.018136645962732918,0.005631469979296066,0.0,0.01904761904761905,0.0,0.0,0,0,0,33,2,10,0,0,1,0,0,0,0,1,0,0,__MSG_extensionName__,,,
0,1,0,0,1,1,0,0,0,0,0,5,0.4496171152287527,37.43340494092374,0.1147256924065845,3.474458706080643,3.04948037874719,1,0,1,0,0,0,0.06774277194347206,0.0002685284640171858,0.0,0.0,0.0002685284640171858,0.0,0.0,0,0,0,0,1,0,1,0,0,0,0,0,0,0,0,1,Tab Suspender by Workona,,,
0,0,1,0,1,1,0,0,0,0,1,7,0.44363283831505523,42.98757843513894,0.09196801062042743,4.205477057538237,3.238823924425082,36,0,18,0,0,1,0.08235979606700655,0.004610065309258548,0.0,0.00012805736970162632,0.002305032654629274,0.0,0.0,9,0,1,13,1,0,8,0,0,0,0,0,0,0,0,8,__MSG_extension_name__,,,
0,0,0,0,1,0,0,0,0,0,0,2,0.3447030911529072,14.990104452996151,0.0980297768455799,7.297602256699577,3.46500158912235,10,1,6,0,0,1,0.0691114245416079,0.005497526113249038,0.0005497526113249038,0.0005497526113249038,0.003298515667949423,0.0,0.0,0,0,0,8,0,0,1,0,0,0,0,0,0,0,0,1,__MSG_extensionName__,,,
0,0,0,0,0,1,1,0,0,0,1,48,0.5093644776333258,48.153143028395895,0.09396182872159295,3.685048454083987,2.948792521924851,88,20,59,0,0,4,0.06424286373524953,0.0065932419270247995,0.001498464074323818,0.0002996928148647636,0.004420469019255263,0.0,0.0,0,0,0,3,0,0,1,0,1,0,0,0,0,0,0,1,网课小工具,,,
0,0,0,0,0,0,0,0,0,0,1,1,0.3105120248254461,14.040816326530612,0.11966640806826997,5.353174603174603,3.5481924135760607,9,1,3,0,0,1,0.06547619047619048,0.026239067055393587,0.0029154518950437317,0.0029154518950437317,0.008746355685131196,0.0,0.0,0,0,0,1,0,0,3,0,0,0,0,0,0,0,0,3,Phys.org Spotlight Science News,,,
0,0,1,0,1,1,0,0,0,0,1,72,0.4933704837240809,38.31430077301476,0.0654723501253025,4.56494026336239,1.9834618298042679,552,15,123,0,4,15,0.0627674884318223,0.004040758959943781,0.00010980323260716795,0.00010980323260716795,0.0009003865073787772,2.928086202857812e-05,0.0,48,0,0,5,0,2,34,0,3,0,4,0,0,0,0,33,__MSG_extension_name__,,,
0,0,0,0,1,1,0,0,0,0,1,268,0.3167930624836884,47.87654245624439,0.08878886298361571,5.187655398170153,3.1288563881098597,341,85,181,0,0,16,0.04747856731004324,0.0007434312075415754,0.00018531276434320795,3.4882402699897966e-05,0.0003946071805425958,0.0,0.0,0,1,3,0,0,0,4,0,0,0,0,0,0,0,0,4,"Enkrypt: ETH, BTC and Solana Wallet",,,
0,1,0,0,0,0,0,1,0,0,0,110,0.4910028734853382,53.25861498200167,0.07924941803926082,4.236118527961046,2.942067999376944,1602,366,436,0,0,2,0.0761736806141726,0.005582445612971346,0.001275390196221918,6.969345334546e-06,0.0015193172829310278,0.0,0.0,4,0,0,0,0,0,2,0,0,0,0,0,0,0,0,2,Market Papa,,,
0,1,0,0,1,1,0,0,0,0,0,109,0.5169231099862358,50.04835285393578,0.08970644216210344,3.7967078117159305,2.999389730653247,800,21,104,0,0,8,0.06770197632096206,0.008126530073240353,0.00021332141442255924,8.126530073240353e-05,0.0010564489095212458,0.0,0.0,1,0,0,0,0,0,1,0,0,0,0,0,0,0,0,1,SurfEarner - заработок без вложений,,,
0,0,0,0,0,1,0,0,0,0,0,0,0.4127127385250129,33.48,0.07465188241361527,5.592867756315007,3.696844781073616,3,0,3,0,0,0,0.03268945022288262,0.013333333333333334,0.0,0.0,0.013333333333333334,0.0,0.0,0,0,0,0,0,0,1,0,0,0,0,0,0,0,0,1,Duplicate Tab Shortcut,,,
0,0,0,0,0,0,0,1,0,0,1,68,0.5042916761186246,51.41426491994178,0.0811135848606528,3.5171345857999268,2.6432154405315478,1704,8,81,0,0,2,0.046030889301310676,0.026108940473454377,0.00012257718532138206,3.0644296330345516e-05,0.0012410940013789934,0.0,0.0,0,0,0,0,0,0,9,0,0,0,0,0,0,0,0,7,Noisli,,,
0,0,0,0,0,0,0,0,0,0,0,0,0.0,0.0,0.0,0.0,0.0,0,0,0,0,0,0,0.0,0.0,0.0,0.0,0.0,0.0,0.0,0,0,0,0,0,0,0,0,0,0,0,0,0,0,0,0,MeisterTask,,,
0,0,0,0,1,1,0,0,0,0,0,2,0.34810415714938325,25.19377990430622,0.09502055733211512,5.834628190899001,3.4731250568214502,3,0,1,0,0,0,0.02885682574916759,0.007177033492822967,0.0,0.0,0.0023923444976076554,0.0,0.0,0,0,0,4,0,0,1,0,0,0,0,0,0,0,0,1,Y!News Excluder,,,
0,1,0,0,1,1,0,0,0,0,0,80,0.47245631149880024,34.94532288294428,0.08942004954507835,3.767477727846105,2.7737440251492336,244,21,131,0,0,1,0.021848391674550615,0.00415743738285909,0.0003578122337706594,1.703867779860283e-05,0.0022320667916169703,0.0,0.0,14,0,0,0,0,0,6,0,0,0,0,0,0,0,0,6,__MSG_name__,,,
0,1,0,0,0,0,0,0,0,0,1,2,0.46137447187875497,49.099029126213594,0.08988720493042365,4.3501945525291825,3.179709285186323,20,1,7,0,0,0,0.04496325118893212,0.038834951456310676,0.001941747572815534,0.0,0.013592233009708738,0.0,0.0,0,0,0,0,0,0,0,0,0,0,0,0,0,0,0,0,Wooclap for Google Slides,,,
0,0,0,0,0,0,0,0,0,0,0,0,0.0,0.0,0.0,0.0,0.0,0,0,0,0,0,0,0.0,0.0,0.0,0.0,0.0,0.0,0.0,0,0,0,0,0,0,0,0,0,0,0,0,0,0,0,0,__MSG_appName__,,,
0,0,0,0,0,0,0,0,0,0,0,0,0.0,0.0,0.0,0.0,0.0,0,0,0,0,0,0,0.0,0.0,0.0,0.0,0.0,0.0,0.0,0,0,0,0,0,0,0,0,0,0,0,0,0,0,0,0,Ale's Fall Browser Theme by Denise Figueroa,,,
0,0,0,0,1,1,0,0,0,0,0,8,0.5632899435963405,43.051416683178125,0.08032798683015031,4.04956504147279,2.8157149234383407,124,5,12,0,0,0,0.054680500563567526,0.012284525460669705,0.0004953437685753913,0.0,0.0011888250445809391,0.0,0.0,1,0,0,0,0,0,1,0,0,0,0,0,0,0,0,1,twitter画像原寸ボタン,,,
0,0,0,0,0,0,0,0,0,0,0,0,0.0,0.0,0.0,0.0,0.0,0,0,0,0,0,0,0.0,0.0,0.0,0.0,0.0,0.0,0.0,0,0,0,0,0,0,0,0,0,0,0,0,0,0,0,0,Psychedelic Power,,,
0,0,1,1,1,0,0,0,0,0,0,7,0.4213393308885171,45.17718281036835,0.10724322966869416,3.7203239858426356,2.913865245142964,67,9,9,0,1,1,0.06911924857065069,0.011425648021828104,0.0015347885402455662,0.00017053206002728513,0.0015347885402455662,0.00017053206002728513,0.0,18,0,0,0,0,0,6,0,0,0,0,0,0,0,0,6,IP Whois & Flags Chrome & Websites Rating,,,
0,1,0,0,1,0,0,0,0,0,0,0,0.35075095094310027,35.17801418439716,0.06699737265205286,6.646589446589447,3.458390465844872,4,0,2,0,0,0,0.06486486486486487,0.0028368794326241137,0.0,0.0,0.0014184397163120568,0.0,0.0,0,0,0,2,0,0,0,0,0,0,0,0,0,0,0,0,Unify Phone,,,
0,1,0,0,1,1,0,0,0,0,0,27,0.3587194502855878,32.41887763305998,0.07888190090319849,6.586384734399175,3.386161499585246,119,19,42,0,0,0,0.07716606498194946,0.01913490914938093,0.003055153561665863,0.0,0.006753497346840328,0.0,0.0,0,0,0,3,0,0,8,0,0,0,0,0,0,0,0,8,__MSG_extName__,,,
0,0,0,0,0,1,0,0,0,0,0,8,0.36729105943550927,71.80554830287207,0.08296925613492119,3.9143495420358927,2.3934384205179353,51,3,10,0,0,0,0.03548291011988979,0.003328981723237598,0.000195822454308094,0.0,0.0006527415143603133,0.0,0.0,0,0,0,0,0,0,2,0,0,0,0,0,0,0,0,2,Volume Controller,,,
0,1,0,0,0,0,0,0,0,0,1,8,0.4162673456541587,42.791656319841074,0.1229833107445234,3.443028006103263,3.2049670924033404,69,8,7,0,0,0,0.05650440517792981,0.0171343431835113,0.0019865905140302956,0.0,0.0017382666997765085,0.0,0.0,1,0,0,0,0,0,0,0,0,0,0,0,0,0,0,0,Wonde,,,
1,1,0,0,1,1,0,1,0,0,0,87,0.4161606723301474,46.932766134052706,0.06843708314205031,4.927002760763355,2.729602289621478,240,50,57,0,0,0,0.03255769029547412,0.002075119319360863,0.0004323165248668465,0.0,0.000492840838348205,0.0,0.0,5,0,0,0,0,0,4,0,0,0,0,0,0,0,0,4,Pinbox - 跨平台收藏,,,
0,0,0,0,1,0,0,0,1,0,0,0,0.3489413680781759,26.920454545454547,0.08061889250814332,4.984674329501916,3.8161185993922477,0,0,0,0,0,0,0.05747126436781609,0.0,0.0,0.0,0.0,0.0,0.0,0,0,0,0,0,0,0,0,0,0,0,0,0,0,0,0,TweetDeck Launcher,,,
0,1,0,0,0,0,0,0,0,0,0,101,0.398825759201459,70.70645041475795,0.06657007533433279,2.771152008025161,3.0547751232965057,400,27,66,0,0,6,0.02466695898776983,0.007074762553281806,0.0004775464723465219,0.00010612143829922708,0.001167335821291498,0.0,0.0,23,1,0,3,0,0,3,0,0,0,0,0,0,0,0,3,__MSG_appName__,,,
0,0,1,0,0,1,0,1,0,0,1,384,0.5872657707252764,23.169867358342884,0.07388925291483597,4.2503384050273025,2.522524343848415,6332,138,159,0,3,5,0.061204855789656905,0.0034877578707271247,7.601241095393923e-05,2.7540728606499723e-06,8.757951696866912e-05,1.6524437163899833e-06,0.0,0,0,0,0,0,0,6,0,0,0,0,0,0,0,0,6,__MSG_askmeoffers_Title__,,,
0,0,0,0,0,1,0,0,0,0,0,37,0.5804592521066555,56.2210695842679,0.05749727349186868,6.053382571719276,2.5507559881313417,105,12,49,0,0,2,0.06922830585631418,0.0006846278232747379,7.824317980282718e-05,1.3040529967137865e-05,0.00031949298419487766,0.0,0.0,5,0,0,0,0,0,0,0,0,0,0,0,0,0,0,0,Save Emails to Dropbox by cloudHQ,,,
0,0,1,0,1,1,1,1,0,0,1,341,0.4454865378556091,32.20381236639623,0.07640667729127597,5.062446593926483,2.5162821013493373,5749,330,888,0,21,252,0.055829512604439836,0.0029513471778159724,0.0001694111269228163,0.00012936849692287789,0.0004558699415377602,1.078070807690649e-05,0.0,60,5,0,2,0,0,61,0,1,0,0,0,0,0,0,61,__MSG_extension_name__,,,
0,0,0,0,0,0,0,0,0,0,0,24,0.41248784160425006,38.668651611622614,0.09007047346823459,4.184691454834564,2.900689366192918,113,20,14,0,0,3,0.05753991592062559,0.0017253752309407111,0.00030537614706915243,4.5806422060372865e-05,0.0002137633029484067,0.0,0.0,19,0,2,0,0,0,0,0,0,0,0,0,0,0,0,0,TrelloExport,,,
0,0,0,0,0,0,0,0,0,0,0,0,0.41430357260346073,55.3,0.09441410619119679,4.359946773120426,3.6087281243104177,12,0,3,0,0,0,0.09846972721224219,0.044444444444444446,0.0,0.0,0.011111111111111112,0.0,0.0,0,0,0,0,0,0,0,0,0,0,0,0,0,0,0,0,What the font,,,
0,0,1,0,1,1,0,1,0,0,0,44,0.4656816019567321,41.29736766535848,0.0855726310967965,3.8390906206083684,3.049862243832351,188,13,50,0,0,0,0.05366517067863457,0.0035991193644108357,0.0002488752751986216,0.0,0.0009572125969177754,0.0,0.0,0,0,0,0,0,0,1,0,0,0,0,0,0,0,0,1,Price.com: Save with Cash Back & Coupons,,,
0,0,0,0,1,1,0,0,0,0,0,6,0.3899968561547915,29.746748681898065,0.09182886049901398,4.970301363011129,3.239542713334806,28,6,17,0,0,0,0.08259347255220707,0.00492091388400703,0.001054481546572935,0.0,0.0029876977152899823,0.0,0.0,13,1,0,2,0,3,3,0,0,0,0,0,0,0,0,3,__MSG_name__,,,
0,1,0,0,0,1,0,1,0,0,0,323,0.4886253502304715,49.55677229425199,0.08166737616935538,3.7991367736010635,2.613754508122301,509,112,216,0,0,24,0.057282028413532624,0.0014734020534998365,0.0003242063457602784,6.94727883772025e-05,0.0006252550953948226,0.0,0.0,22,2,0,0,0,0,5,0,0,0,0,0,0,0,0,5,__MSG_name__,,,
0,0,0,0,0,1,1,0,0,0,0,0,0.24811476917417694,22.64782608695652,0.09803200294279933,6.564315352697095,3.4962511339308,2,0,6,0,0,0,0.07468879668049792,0.008695652173913044,0.0,0.0,0.02608695652173913,0.0,0.0,0,0,0,1,0,0,1,0,0,0,0,0,0,0,0,1,__MSG_appTitle__,,,
0,0,0,0,0,0,0,0,0,0,0,0,0.31439265056141547,15.243093922651934,0.06873086083701939,6.062611806797853,3.5325413248772604,0,0,1,0,0,0,0.06797853309481217,0.0,0.0,0.0,0.0027624309392265192,0.0,0.0,0,0,0,0,0,0,0,0,0,0,0,0,0,0,0,0,Robot Mesh Connect Extension,,,
0,1,0,0,1,1,0,1,0,0,0,11,0.49541026936451926,22.351740558417994,0.040837275451703,4.685397799754967,2.276570599196342,10,1,1,0,0,0,0.008694041318799759,7.655854048798414e-05,7.655854048798413e-06,0.0,7.655854048798413e-06,0.0,0.0,0,0,0,0,0,0,0,0,0,0,0,0,0,0,0,0,Crosslist,,,
0,0,0,0,0,1,0,0,0,0,0,245,0.44523752976543896,44.19937003870166,0.08466447084705721,4.344437673725955,2.961634581997996,596,47,82,0,0,0,0.047872600422970764,0.00841831690160739,0.0006638605610327975,0.0,0.0011582248086104128,0.0,0.0,2,0,0,0,0,0,0,0,0,0,0,0,0,0,0,0,MCP SuperAssistant,,,
0,1,0,0,0,1,1,0,0,0,0,67,0.44834308768634085,36.07539368228866,0.08534464435144928,4.1111884711447075,2.9581181340298066,163,8,53,0,0,6,0.04925623853413788,0.0021882425593040583,0.00010739840781860409,8.054880586395307e-05,0.0007115144517982521,0.0,0.0,0,0,0,0,0,0,3,0,0,0,0,0,0,0,0,1,__MSG_APP_NAME__,,,
0,0,0,0,0,0,0,0,1,0,0,5,0.31186521983656995,24.601736184628415,0.10225129850795646,6.385228582404918,3.7466254979319253,349,57,91,0,0,0,0.081732616212063,0.07389371162396782,0.012068600465805632,0.0,0.019267414778742324,0.0,0.0,12,0,0,9,0,0,18,0,0,0,6,0,0,0,0,18,SimpleExtManager,,,
1,1,0,0,1,1,0,1,0,0,0,85,0.514753380023683,44.922618456342505,0.09604483460194953,4.061370566404166,2.416833128402905,322,35,70,0,0,1,0.037454988174625656,0.004569385119698024,0.0004966722956193504,1.4190637017695725e-05,0.0009933445912387007,0.0,0.0,5,0,0,0,0,0,34,0,0,0,0,0,0,0,0,31,Matter,,,
0,0,0,0,0,1,1,0,0,0,0,13,0.3932895567124152,39.13969133359715,0.08497002681811011,4.455155155155155,3.4146573122763266,30,2,26,0,0,0,0.06606606606606606,0.01187178472497032,0.0007914523149980214,0.0,0.010288880094974277,0.0,0.0,1,0,0,0,0,0,2,0,0,0,0,0,0,0,0,2,LikeMe – накрутка лайков и просмотров ВК,,,
0,0,0,0,0,1,0,0,0,0,0,2,0.2464171974522293,31.20940170940171,0.09255573248407643,6.928461538461539,3.5724121169681333,6,0,5,0,0,0,0.09538461538461539,0.01282051282051282,0.0,0.0,0.010683760683760684,0.0,0.0,0,0,0,0,0,1,1,0,0,0,0,0,0,0,0,1,Tab auto reloader,,,
0,1,0,0,1,1,1,0,0,0,1,136,0.43335368204562347,40.58823088530684,0.09367860704754281,3.877744113475177,2.846265160197973,374,17,148,0,0,3,0.05782354609929078,0.0018687479388809498,8.494308813095226e-05,1.4989956728991576e-05,0.0007395045319635844,0.0,0.0,9,2,0,0,0,0,2,0,0,0,0,0,0,0,0,2,Jenni Web Importer,,,
0,0,0,0,1,0,0,0,0,0,0,0,0.21111290583104506,34.394285714285715,0.0883540623485705,6.366269165247019,3.9578386543193624,8,0,3,0,0,0,0.018739352640545145,0.045714285714285714,0.0,0.0,0.017142857142857144,0.0,0.0,0,0,0,4,0,0,1,0,0,0,0,0,0,0,0,1,__MSG_extName__,,,
0,0,0,0,0,1,0,0,0,0,0,103,0.49528904183968425,55.13030962816344,0.0785553646021567,4.705942770537286,2.6022577571457455,998,18,158,0,0,11,0.06467968911462803,0.0056439983034073235,0.00010179556058249681,6.220839813374805e-05,0.0008935388095574721,0.0,0.0,0,0,1,0,0,0,1,0,0,0,0,0,0,0,0,1,GigaBrain - AI Companion for Reddit,,,
0,1,0,0,1,1,1,0,0,0,0,98,0.42690525395847545,61.56803879301428,0.07428921225670596,4.710511644673966,2.8401983203972927,590,97,128,0,0,5,0.03933954829731225,0.0024411133131700133,0.0004013355786059174,2.068740095906791e-05,0.0005295974645521384,0.0,0.0,0,0,0,1,1,2,4,0,0,0,0,0,0,0,0,4,Cirrus Insight,,,
0,1,0,0,0,1,0,0,0,0,0,18,0.42647405705241853,34.732599238716695,0.10483134611141125,3.4736406561845885,2.906448849345414,40,7,22,0,0,0,0.03551899268201658,0.0027188689505165853,0.0004758020663404024,0.0,0.001495377922784122,0.0,0.0,1,0,0,0,0,0,2,0,0,0,0,0,0,0,0,2,Easy Grouping for Google Calendar,,,
0,0,0,0,0,0,0,0,0,0,0,0,0.0,0.0,0.0,0.0,0.0,0,0,0,0,0,0,0.0,0.0,0.0,0.0,0.0,0.0,0.0,0,0,0,0,0,0,0,0,0,0,0,0,0,0,0,0,__MSG_appName__,,,
0,1,0,0,1,1,0,1,0,0,0,233,0.4698449715966035,53.64519185220275,0.07001480345901424,4.359810030608958,2.6525510060257833,3152,52,228,0,0,9,0.02897898226514633,0.016590346860361073,0.00027369861571661664,4.737091425864519e-05,0.0012000631612190116,0.0,0.0,18,2,0,0,0,0,1,0,0,0,0,0,0,0,0,1,Surfe,,,
0,0,0,0,1,1,1,0,0,0,0,1,0.5444578380381402,46.01178696158323,0.08095528259352644,3.812525951193361,2.7565145837990337,0,0,1,0,0,0,0.03361172284388288,0.0,0.0,0.0,2.0788292033926492e-05,0.0,0.0,2,0,0,0,1,0,3,0,0,0,0,0,0,0,0,3,__MSG_name__,,,
0,0,0,0,0,0,0,0,0,0,0,0,0.0,0.0,0.0,0.0,0.0,0,0,0,0,0,0,0.0,0.0,0.0,0.0,0.0,0.0,0.0,0,0,0,0,0,0,0,0,0,0,0,0,0,0,0,0,__MSG_appName__,,,
1,1,0,0,1,0,0,0,0,0,1,50,0.3652646065668001,35.25769383994821,0.09248816908778877,4.401134518950227,3.3568128852741586,235,35,50,0,0,3,0.04924925793494413,0.0029256511129923807,0.0004357352721478014,3.7348737612668694e-05,0.0006224789602111448,0.0,0.0,0,1,0,0,0,0,1,0,0,0,0,0,0,0,0,1,__MSG_title__,,,
0,0,0,0,0,0,0,0,0,0,1,2,0.32784352971891045,30.97287899860918,0.09727177791314942,6.759103641456583,3.5650114992015736,7,6,28,0,0,0,0.03165266106442577,0.004867872044506259,0.004172461752433936,0.0,0.019471488178025034,0.0,0.0,0,0,0,0,0,0,3,0,0,0,0,0,0,0,0,3,Replace Google CDN,,,
0,1,0,0,0,1,1,0,0,0,1,160,0.4302063721632183,38.07489133426795,0.09728315752293115,3.657840429101305,2.7322035099051214,336,17,107,0,0,2,0.049338683311041756,0.0021509093353306065,0.00010882576994232234,1.2803031757920276e-05,0.0006849621990487347,0.0,0.0,10,0,0,1,0,0,2,0,0,0,0,0,0,0,0,2,__MSG_appName__,,,
0,0,0,0,0,1,1,0,0,0,0,5,0.41120406848719987,39.718359255870695,0.12694174393696542,3.5434739617666446,3.246249853236721,60,10,6,0,0,1,0.08230059327620304,0.009149130832570906,0.0015248551387618177,0.00015248551387618176,0.0009149130832570906,0.0,0.0,0,0,0,0,0,1,2,0,0,0,0,0,0,0,0,2,Utime,,,
0,0,1,0,1,1,1,0,0,0,1,132,0.334356996364948,41.860607473005516,0.09503137056233195,5.359367261020307,3.153504992154822,206,15,19,0,0,9,0.0442553553739475,0.0016002485823040473,0.00011652295502213937,6.991377301328361e-05,0.00014759574302804319,0.0,0.0,463,0,0,24,0,2,539,0,3,0,0,0,0,0,0,539,sideSonar,,,
1,1,0,0,0,1,0,0,0,0,0,46,0.5250067958472568,57.83799153445992,0.09174311422789565,3.5764906344120857,2.7803131995972916,503,52,76,0,0,11,0.04833987304558599,0.016252544508707875,0.0016801835277391838,0.00035542343856021197,0.0024556528482341917,0.0,0.0,31,0,0,17,0,1,5,0,1,0,0,0,0,0,0,5,__MSG_extension_img2go_name__,,,
0,0,0,0,0,0,1,0,0,0,0,0,0.0,0.0,0.0,0.0,0.0,0,0,0,0,0,0,0.0,0.0,0.0,0.0,0.0,0.0,0.0,0,0,0,0,0,0,0,0,0,0,0,0,0,0,0,0,__MSG_appName__,,,
0,0,0,0,0,0,0,0,0,0,0,3,0.26292178661985566,17.449640287769785,0.10317924712307393,5.573099415204679,3.695817011720441,8,1,0,0,0,0,0.017543859649122806,0.02877697841726619,0.0035971223021582736,0.0,0.0,0.0,0.0,0,0,0,0,0,0,0,0,0,0,0,0,0,0,0,0,YouTubeScreenShot,,,
0,1,0,0,0,1,0,0,0,0,0,326,0.407065056008175,49.00641854691786,0.08531644615857838,4.049678994128688,2.619804333670601,1497,249,992,0,0,10,0.03747374086552526,0.002997056998138101,0.0004985084786482211,2.002042082924583e-05,0.0019860257462611863,0.0,0.0,4,0,1,0,0,0,1,0,0,0,0,0,0,0,0,1,LoadConnect,,,
0,0,0,0,0,0,0,0,0,0,0,0,0.0,0.0,0.0,0.0,0.0,0,0,0,0,0,0,0.0,0.0,0.0,0.0,0.0,0.0,0.0,0,0,0,0,0,0,0,0,0,0,0,0,0,0,0,0,Nights Like This,,,
0,1,0,0,0,1,0,0,0,0,0,13,0.485749677868016,41.66750376695128,0.08267133663720468,3.837412335824547,2.539737820726593,421,3,59,0,0,0,0.02795659723887828,0.016265502453347756,0.00011590619325425956,0.0,0.002279488467333771,0.0,0.0,68,0,0,0,0,0,1,0,0,0,0,0,0,0,0,1,DarkBili - Dark Mode for bilibili.com,,,
0,0,0,0,0,0,0,0,0,0,0,0,0.19443282789600552,17.005245346869714,0.02057617036072907,10.617265508294677,3.3599361667766154,1,0,0,0,0,0,0.011636134916267003,8.460236886632826e-05,0.0,0.0,0.0,0.0,0.0,0,0,0,0,0,0,0,0,0,0,0,0,0,0,0,0,Khan Academy Helper,,,
0,0,0,0,0,1,0,0,0,0,0,13,0.42450058977968874,25.363175845119873,0.10378220006849054,3.96076123931231,3.158333881388783,141,18,37,0,0,0,0.0714903006343661,0.007071922961179657,0.0009027986758952753,0.0,0.0018557528337847327,0.0,0.0,21,1,0,2,0,0,7,0,0,0,0,0,0,0,0,7,Color Picker,,,
0,0,0,0,0,0,0,0,0,0,0,0,0.3108371187540558,28.11320754716981,0.136275146009085,4.725609756097561,3.6186296004726444,0,0,1,0,0,0,0.03048780487804878,0.0,0.0,0.0,0.018867924528301886,0.0,0.0,0,0,0,0,0,0,0,0,0,0,0,0,0,0,0,0,__MSG_name__,,,
0,0,0,0,0,1,0,0,0,0,0,0,0.27050691244239633,12.780952380952382,0.11244239631336406,6.394871794871795,3.9634131620461956,20,0,8,0,0,0,0.17435897435897435,0.06349206349206349,0.0,0.0,0.025396825396825397,0.0,0.0,0,0,0,0,1,0,1,0,0,0,0,0,0,0,0,1,aB Penguins,,,
0,0,0,0,0,0,0,0,0,0,0,0,0.0,0.0,0.0,0.0,0.0,0,0,0,0,0,0,0.0,0.0,0.0,0.0,0.0,0.0,0.0,0,0,0,0,0,0,0,0,0,0,0,0,0,0,0,0,__MSG_appName__,,,
0,0,0,0,0,1,1,0,0,0,0,20,0.4460081090891938,39.35560582652836,0.09550841774319577,3.533985374771481,2.969548432921382,301,14,81,0,0,7,0.06442413162705667,0.008303906422423306,0.00038622820569410727,0.00019311410284705364,0.002234606047230192,0.0,0.0,0,0,0,0,0,0,2,0,0,0,0,0,0,0,0,2,__MSG_appName__,,,
0,1,0,0,1,1,0,1,0,0,0,0,0.2959521468371026,41.61382681564246,0.08020321206161914,6.329846843481509,3.2089607855525366,127,4,8,0,0,0,0.036421367202091895,0.08868715083798882,0.002793296089385475,0.0,0.00558659217877095,0.0,0.0,0,0,0,1,0,0,2,0,0,0,0,0,0,0,0,2,__MSG_appName__,,,
0,0,0,0,0,1,0,0,0,0,0,36,0.5830036946881764,56.02524962926347,0.05737775496521039,6.017905579787485,2.5125684852635657,107,12,51,0,0,2,0.06956174823607315,0.000705223265776899,7.909045971329708e-05,1.3181743285549513e-05,0.0003361344537815126,0.0,0.0,2,0,0,0,1,0,1,0,0,0,0,0,0,0,0,1,Mobile Text Alerts for Gmail™ by cloudHQ,,,
0,0,1,1,1,1,1,0,0,0,0,21,0.3659449204704267,19.7895451640392,0.08464196000015371,4.652041778307036,2.4421942823903295,203,16,74,0,1,5,0.07455095762627766,0.005405837239028547,0.00042607584149978694,0.00013314870046868342,0.0019706007669365146,2.6629740093736684e-05,0.0,30,0,0,9,0,1,46,0,0,0,2,0,0,0,0,46,__MSG_name__,,,
0,0,0,0,0,0,0,0,0,0,0,13,0.4292031499090756,20.64823368065955,0.07974691195737588,5.357309580661605,2.8030415673769324,78,5,21,0,0,0,0.07936039492393958,0.0012295663414095875,7.88183552185633e-05,0.0,0.00033103709191796587,0.0,0.0,22,0,1,10,0,0,3,0,0,0,0,0,0,0,0,3,"LiChess Tools, by Siderite",,,
0,0,0,0,1,1,0,1,0,0,0,23,0.38278479541833604,40.875495118984496,0.08717168354103215,5.70540305355589,2.973758357819968,789,25,65,0,0,0,0.07501164640631455,0.024607803387081684,0.0007797149362193183,0.0,0.0020272588341702273,0.0,0.0,44,0,4,1,0,1,6,0,0,0,0,0,0,0,0,6,__MSG_newtab_chrome_extension_name__,,,
0,0,0,0,0,1,0,0,0,0,0,18,0.34630062208009593,32.900486978615284,0.11196817148424813,4.447982520029133,3.506773398805484,299,25,47,0,0,1,0.049643117261471234,0.03165360999364811,0.002646622909167902,0.00010586491636671607,0.004975651069235656,0.0,0.0,17,0,0,24,2,0,8,0,0,1,0,0,0,0,0,8,Daily Deals,,,
0,0,0,0,0,0,0,0,0,0,0,0,0.0,0.0,0.0,0.0,0.0,0,0,0,0,0,0,0.0,0.0,0.0,0.0,0.0,0.0,0.0,0,0,0,0,0,0,0,0,0,0,0,0,0,0,0,0,Bông (Flower),,,
0,0,0,0,0,0,0,0,0,0,0,0,0.0,0.0,0.0,0.0,0.0,0,0,0,0,0,0,0.0,0.0,0.0,0.0,0.0,0.0,0.0,0,0,0,0,0,0,0,0,0,0,0,0,0,0,0,0,__MSG_extName__,,,
0,0,0,0,0,0,0,0,0,0,1,0,0.42496541299446605,22.506775067750677,0.1288365956138553,3.2075871051774665,3.2180618696239667,77,9,7,0,0,0,0.05286008900466732,0.011592893706714845,0.0013550135501355014,0.0,0.0010538994278831678,0.0,0.0,0,0,2,0,0,0,2,0,0,0,0,0,0,0,0,2,Online Safety,,,
0,0,1,0,1,1,0,0,0,0,1,246,0.4817138138951751,36.844086327349366,0.08967380314375302,3.9471029675988443,2.6634337059299584,863,44,399,0,0,6,0.050097985676497224,0.002337784062434817,0.00011919177143352485,1.6253423377298845e-05,0.001080852654590373,0.0,0.0,21,0,0,0,0,0,2,0,0,0,0,0,0,0,0,2,Navattic,,,
1,1,0,0,0,1,0,1,0,0,1,23,0.5172593002713611,43.69148084137757,0.10116099531131068,3.2772162756871666,2.4642907005284904,44,26,35,0,0,2,0.06372841532092642,0.0018547401256164904,0.0010959828015006533,8.430636934620411e-05,0.0014753614635585719,0.0,0.0,0,0,0,0,0,0,4,0,0,0,0,0,0,0,0,4,Programa Web Clipper,,,
0,1,0,0,0,1,0,0,0,0,0,40,0.5606769093743041,43.92610519522427,0.07531909697531264,4.1686463046757165,3.20239681634045,74,9,24,0,0,0,0.02865761689291101,0.023878670538883512,0.002904162633107454,0.0,0.007744433688286544,0.0,0.0,0,0,0,1,0,0,2,0,0,0,0,0,0,0,0,2,__MSG_name__,,,
0,0,0,0,0,1,0,0,0,0,0,85,0.45189441548036285,60.5962460530932,0.08070061856139858,4.215413393923962,3.103201941947063,222,48,234,0,0,0,0.05234756037843026,0.012980937901999766,0.0028066892761080577,0.0,0.01368261022102678,0.0,0.0,0,0,0,1,0,0,4,0,0,0,0,0,1,0,0,4,Record Voice Comments in Google Docs - Beep,,,
0,1,0,0,1,1,0,0,0,0,1,10,0.3999596594931915,35.25730383194657,0.0894921212520376,6.029087366027931,3.628773635930184,55,4,3,0,0,0,0.09283533614810004,0.0020521622327525093,0.00014924816238200066,0.0,0.0001119361217865005,0.0,0.0,0,0,0,0,0,0,0,0,0,0,0,0,0,0,0,0,Adapt - Find Emails On Websites,,,
0,0,0,0,0,0,0,0,0,0,0,0,0.0,0.0,0.0,0.0,0.0,0,0,0,0,0,0,0.0,0.0,0.0,0.0,0.0,0.0,0.0,0,0,0,0,0,0,0,0,0,0,0,0,0,0,0,0,Trà (Tea),,,
0,0,0,0,0,1,0,0,0,0,0,30,0.58650068881875,59.96110620534639,0.07735466385271898,3.845225828113603,2.4580656878706004,94,12,43,0,0,0,0.06126477637169883,0.0012576596826416205,0.00016055229991169623,0.0,0.0005753124080169115,0.0,0.0,0,0,0,0,0,0,0,0,0,0,0,0,0,0,0,0,Formatted Email Subject Lines by cloudHQ,,,
0,0,0,0,0,0,1,0,0,0,0,0,0.0,0.0,0.0,0.0,0.0,0,0,0,0,0,0,0.0,0.0,0.0,0.0,0.0,0.0,0.0,0,0,0,0,0,0,0,0,0,0,0,0,0,0,0,0,PrepFactory SAT + ACT Prep,,,
1,1,0,0,1,1,0,0,0,0,0,11,0.4426985467772242,35.076492537313435,0.10289782619938286,3.6540518638573745,3.11668391046512,22,2,11,0,0,0,0.0366288492706645,0.006840796019900498,0.0006218905472636816,0.0,0.003420398009950249,0.0,0.0,0,0,0,0,0,0,1,0,0,0,0,0,0,0,0,1,Sirenia Web Automation Driver,,,
1,1,0,0,0,0,0,0,0,0,0,4,0.5535286163642641,58.732493197766004,0.09620382446584065,3.418958835803908,2.871962917017991,134,12,18,0,0,0,0.056881927319042846,0.019189460117428038,0.0017184591149935558,0.0,0.0025776886724903337,0.0,0.0,0,0,0,0,0,0,0,0,0,0,0,0,0,0,0,0,Slack Channels Grouping,,,
0,1,0,0,0,0,0,0,0,0,0,8,0.38074210733155756,40.793111313868614,0.12459608750709576,3.694300028358068,3.2790427312212413,135,17,55,0,0,0,0.04877587673693166,0.030793795620437957,0.0038777372262773723,0.0,0.012545620437956205,0.0,0.0,0,0,0,5,0,0,11,0,0,0,0,0,0,0,0,11,__MSG_appName__,,,
0,0,0,0,0,0,1,0,0,0,0,0,0.0,0.0,0.0,0.0,0.0,0,0,0,0,0,0,0.0,0.0,0.0,0.0,0.0,0.0,0.0,0,0,0,0,0,0,0,0,0,0,0,0,0,0,0,0,ShiftEdit,,,
0,0,0,0,0,1,0,0,0,0,0,22,0.12542503256682755,321.0682742452514,0.06079854202817987,4.046627099467176,2.5641973989695646,300,36,93,0,0,0,0.0071099970036306165,0.014353380221042055,0.0017224056265250467,0.0,0.004449547868523037,0.0,0.0,0,0,0,5,0,0,2,0,0,0,0,0,0,0,0,2,GPT-Prompter,,,
0,0,0,0,0,0,0,0,0,0,0,0,0.0,0.0,0.0,0.0,0.0,0,0,0,0,0,0,0.0,0.0,0.0,0.0,0.0,0.0,0.0,0,0,0,0,0,0,0,0,0,0,0,0,0,0,0,0,Abstraction - Veda ,,,
0,1,0,0,1,1,0,1,0,0,0,45,0.40106136178106583,41.1079347510273,0.08794445584261569,4.479179648963188,2.9072177808673687,174,85,12,0,0,4,0.03414944030880257,0.0004814809690496285,0.00023520622051274956,1.1068528024129391e-05,3.3205584072388177e-05,0.0,0.0,2,1,0,0,0,0,1,0,0,0,0,0,0,0,0,1,__MSG_app_name__,,,
0,0,1,1,1,1,1,1,0,0,1,68,0.5998049738817328,57.7325174686516,0.07200193594684356,3.9166590699794424,2.5035880785274816,633,40,96,0,6,5,0.05101252988288699,0.005020502367488083,0.00031725133443842547,3.9656416804803184e-05,0.0007614032026522212,4.7587700165763824e-05,0.0,31,0,0,0,0,0,8,0,0,0,0,0,0,0,0,8,__MSG_extName__,,,
0,0,0,0,0,1,0,0,0,0,0,0,0.38301816833518726,30.764705882352942,0.13718946978123842,4.003508771929824,2.8246167453560593,2,0,2,0,0,0,0.007017543859649123,0.023529411764705882,0.0,0.0,0.023529411764705882,0.0,0.0,0,0,0,3,0,0,1,0,0,0,0,0,0,0,0,1,"Block YouTube Feed - Homepage, Sidebar Videos",,,
0,0,0,0,0,0,0,0,0,0,0,1,0.36462964358375405,46.40714285714286,0.11287770326275337,4.481294964028777,3.440900720186258,35,1,3,0,0,0,0.03741007194244604,0.125,0.0035714285714285713,0.0,0.010714285714285714,0.0,0.0,0,0,0,0,0,0,1,0,0,0,0,0,0,0,0,1,BookWidgets Google Classroom Integration,,,
0,0,0,0,0,0,0,0,0,0,0,0,0.14567206192821958,42.07575757575758,0.03096410978184377,5.640750670241287,3.4714391081595544,0,0,0,0,0,0,0.013404825737265416,0.0,0.0,0.0,0.0,0.0,0.0,0,0,0,0,0,0,0,0,0,0,0,0,0,0,0,0,Downloads Overwrite Already Existing Files,,,
0,0,0,0,0,0,0,0,0,0,0,10,0.41093601435780874,36.28306240167803,0.09974513764255133,4.130991114149009,2.8229217966187434,115,18,18,0,0,0,0.06920027341079972,0.012060828526481384,0.0018877818563188254,0.0,0.0018877818563188254,0.0,0.0,13,0,0,3,0,1,8,0,0,0,0,1,0,0,0,8,The World Tab,,1.0,
0,0,0,0,0,1,0,0,0,0,0,24,0.544758857761219,47.380907668231615,0.090416356680556,3.931677274789327,2.904135515821814,120,19,26,0,0,0,0.07265303878036375,0.0034144259496372174,0.0005406174420258927,0.0,0.0007397922890880638,0.0,0.0,20,1,0,0,0,0,1,0,0,0,0,0,0,0,0,1,__MSG_extName__,,,
0,0,0,0,0,0,0,0,0,0,0,0,0.0,0.0,0.0,0.0,0.0,0,0,0,0,0,0,0.0,0.0,0.0,0.0,0.0,0.0,0.0,0,0,0,0,0,0,0,0,0,0,0,0,0,0,0,0,__MSG_appName__,,,
0,0,0,0,0,1,0,0,0,0,0,4,0.34273409135830724,28.615526802218113,0.09552987194024572,5.851514802442115,3.246469771772715,115,6,8,0,0,2,0.07948393042276236,0.03542821934688848,0.0018484288354898336,0.0006161429451632779,0.0024645717806531116,0.0,0.0,0,0,0,14,0,0,2,0,0,0,0,0,0,0,0,2,StatsHunters,,,
0,1,0,0,0,1,0,0,0,0,0,11,0.45360164716969537,43.577397260273976,0.11215709573661675,3.480338719096749,3.1986688095230105,85,15,8,0,0,2,0.0665271559275842,0.019406392694063926,0.003424657534246575,0.00045662100456621003,0.0018264840182648401,0.0,0.0,0,0,0,2,0,0,4,0,0,0,0,0,0,0,0,4,__MSG_appName__,,,
0,0,0,0,0,1,0,0,0,0,1,23,0.40773872724506194,35.72508443352778,0.08243277814656462,5.498690624478947,3.2541311236807533,181,28,21,0,0,1,0.09553046872701237,0.0055572612833896225,0.0008596868283696653,3.0703101013202333e-05,0.000644765121277249,0.0,0.0,166,0,0,3,0,1,37,0,3,0,1,0,0,0,0,37,Force.com LOGINS,,,
0,0,0,0,1,0,0,0,0,0,0,4,0.3826937643108587,36.95473069721335,0.09797986540174879,4.029714223857978,3.0082488000693264,99,18,30,0,0,2,0.05447607707295952,0.010904284612842824,0.001982597202335059,0.00022028857803722878,0.0033043286705584317,0.0,0.0,18,0,1,18,0,0,8,0,0,0,0,0,0,0,0,8,__MSG_extName__,,,
0,0,0,0,0,1,0,0,0,0,0,58,0.4755966845740063,45.777696100952554,0.07897795899980226,4.027794443156665,2.6632373707439103,3005,10,93,0,0,1,0.029640891385665655,0.015339928736969995,5.104801576362727e-05,5.104801576362727e-06,0.0004747465466017336,0.0,0.0,0,0,0,0,0,0,1,0,0,0,0,0,0,0,0,1,__MSG_extName__,,,
0,0,0,0,1,1,0,0,0,0,0,5,0.583987913633574,48.019504120335384,0.0733543484197575,3.476160956337494,2.2801573320412523,361,3,9,0,0,0,0.04167322051462356,0.012990751736298536,0.00010795638562020944,0.0,0.0003238691568606283,0.0,0.0,4,0,0,0,0,0,5,0,0,0,0,0,0,0,0,5,QuicKey – The quick tab switcher,,,
0,0,0,0,0,0,0,0,0,0,0,12,0.3891173904527892,34.4241564175339,0.11525381478909602,3.6303452407698646,3.2184775567106665,14,5,10,0,0,0,0.03759454804163858,0.004415011037527594,0.001576789656259855,0.0,0.00315357931251971,0.0,0.0,0,0,0,0,0,0,1,0,0,0,0,0,0,0,0,1,抖珍藏 - 下载备份你爱过的所有抖音,,,
0,0,0,0,1,1,0,0,0,0,0,137,0.5453257433611555,41.882448242373634,0.07757158988328249,3.579639669730127,2.2326574049813552,115,48,85,0,0,6,0.04049080238642206,0.0005218875082821278,0.00021783130780471423,2.722891347558928e-05,0.00038574294090418145,0.0,0.0,514,0,0,0,0,0,3,0,0,0,0,0,0,0,0,3,__MSG_name__,,,
0,0,0,0,0,0,0,0,0,0,0,29,0.5027824097921268,46.10931973348688,0.08896552326241258,3.8064598369561917,2.799950935324854,114,11,36,0,0,0,0.06024001311149016,0.0031257711606481864,0.00030160949795728114,0.0,0.0009870856296783745,0.0,0.0,0,0,0,0,0,0,0,0,0,0,0,0,0,0,0,0,데이터랩툴즈 헬퍼,,,
0,0,0,0,1,1,0,0,0,0,0,98,0.4624307215402053,36.91544092258822,0.10240219966888402,3.663175277463326,3.119307621949468,129,36,77,0,0,0,0.052382508431850806,0.001484704095021062,0.0004143360265175057,0.0,0.0008862187233846649,0.0,0.0,2,0,0,0,0,0,3,0,0,0,0,0,0,0,0,3,__MSG_extensionName__,,,
0,0,0,0,0,1,0,0,0,0,0,61,0.5029556347114027,45.13162827338911,0.08431677832430513,3.484574341307778,2.614296248119372,320,79,67,0,0,4,0.058164069525495944,0.0021732043898728677,0.0005365098337498642,2.7165054873410843e-05,0.00045501466912963164,0.0,0.0,1,0,0,0,0,0,0,0,0,0,0,0,0,0,0,0,__MSG_extensionName__,,,
0,0,0,0,1,1,0,0,0,0,0,41,0.41237337041956773,36.8961698719954,0.07049158081064724,3.6023921928616702,1.9763834638407,915,8,63,0,0,3,0.03276834305947151,0.011449092205858432,0.00010010135261952727,3.7538007232322724e-05,0.0007882981518787772,0.0,0.0,3,0,0,0,0,0,4,0,0,0,0,0,0,0,0,4,__MSG_appName__,,,
0,1,0,0,0,1,0,0,0,0,0,24,0.3623487095278788,31.418432011587907,0.11974777008874964,3.7007265704037526,3.38810066410547,16,3,18,0,0,3,0.03407523222661639,0.002896976281006699,0.0005431830526887561,0.0005431830526887561,0.0032590983161325366,0.0,0.0,5,0,1,0,0,0,1,0,0,0,0,0,0,0,0,1,Amazon Keyword Tool for free : SellerApp,,,
0,0,0,0,1,1,1,1,0,0,0,292,0.38179316551431713,54.445606594186906,0.08671273180398231,4.553612122728453,3.0636119709033807,2425,599,523,0,0,18,0.05602090439319435,0.011634824829915654,0.0028739216796368973,8.636158636638424e-05,0.0025092838705343865,0.0,0.0,40,0,0,58,1,9,133,0,3,0,0,0,0,1,0,133,Kleinanzeigen-Enhanced: Zeit sparen beim Inserieren,,,2.0
0,0,0,0,0,1,0,0,0,0,1,6,0.31574157777376,88.383430295195,0.09248598806725727,4.400719268777758,2.672772823635441,143,3,18,0,0,0,0.047793246292880474,0.015406162464985995,0.0003232062055591467,0.0,0.0019392372333548805,0.0,0.0,0,0,0,0,0,0,3,0,0,0,0,0,0,0,0,3,__MSG_appName__,,,
0,0,0,0,1,1,0,0,0,0,0,70,0.39704472335976804,37.17004829586557,0.10313126332083798,3.8517285739875264,3.011255234272807,447,198,203,0,0,5,0.06139002426354443,0.0030796365064383003,0.0013641342914424686,3.444783564248658e-05,0.0013985821270849552,0.0,0.0,11,1,0,12,0,7,146,0,0,0,0,0,0,0,0,146,SiteAnalyzer SEO Tools: Free Meta & SEO Checker,,,
0,0,0,0,0,0,0,0,0,0,0,0,0.0,0.0,0.0,0.0,0.0,0,0,0,0,0,0,0.0,0.0,0.0,0.0,0.0,0.0,0.0,0,0,0,0,0,0,0,0,0,0,0,0,0,0,0,0,Codenvy,,,
0,1,0,0,0,1,0,0,0,0,0,83,0.550880795198889,41.965254916676614,0.07889065022785587,3.7246595429702025,2.6920196745347647,2267,14,89,0,0,1,0.028901720585518268,0.01933409521210364,0.0001193989117642042,8.528493697443158e-06,0.000759035939072441,0.0,0.0,0,0,0,0,0,0,2,0,0,0,0,0,0,0,0,2,__MSG_name__,,,
0,0,0,0,0,1,0,0,0,0,0,15,0.4148345998349513,46.254889900356744,0.11379770858227314,3.711480575674913,3.148627205980146,98,9,19,0,0,0,0.07057191233185965,0.012055603395251569,0.0011071472505843278,0.0,0.0023373108623446917,0.0,0.0,11,0,0,6,0,1,3,0,0,0,0,0,0,0,0,3,__MSG_name__,,,
0,0,0,0,0,1,0,0,0,0,0,105,0.5897671590498041,53.02150868819702,0.03196397566722385,2.7979488786408746,1.4102456930824372,592,27,146,0,0,4,0.005238898764032553,0.0004995544514352064,2.2783733426943535e-05,3.375367915102746e-06,0.00012320092890125023,0.0,0.0,551,0,0,0,0,0,2,0,0,0,0,0,0,0,0,2,__MSG_APP_NAME__,,,
0,1,0,0,1,1,0,1,0,0,1,18,0.12839080290355742,235.14316266197005,0.05265907564133959,28.349411529538614,2.7353451799113144,355,7,23,0,0,0,0.03618654180472351,0.014886568541116283,0.0002935379712332788,0.0,0.0009644819054807733,0.0,0.0,0,0,0,0,0,0,2,0,0,0,0,0,0,0,0,2,__MSG_extName__,,,
0,0,0,0,0,1,0,1,0,0,0,146,0.410633970014757,48.90641228300042,0.07776675360226211,4.892900707489631,3.08938588477468,1044,140,137,0,0,3,0.05890398457253871,0.002941698577333705,0.00039448065213287234,8.453156831418693e-06,0.00038602749530145366,0.0,0.0,22,1,0,24,0,5,40,0,0,0,1,0,0,0,0,40,SN Utils OnPrem,,,
0,0,0,0,0,1,0,0,0,0,0,9,0.40006694903040135,46.159394869546155,0.1157381363063662,3.759773040176895,2.9886660912039034,67,10,6,0,0,0,0.08031206975676916,0.014689761017320764,0.0021925016443762333,0.0,0.00131550098662574,0.0,0.0,11,0,0,8,0,1,4,0,0,0,0,1,0,0,0,4,Qwik Me Up,,1.0,
0,0,0,0,0,1,0,0,0,0,0,205,0.5444382645367093,52.12085957920898,0.07161603332471553,4.134199509938108,2.579935033113518,249,45,186,0,0,3,0.07748519465605534,0.0017782919826884347,0.0003213780691605605,2.1425204610704033e-05,0.00132836268586365,0.0,0.0,23,0,0,0,0,0,2,0,0,0,0,0,1,0,0,2,Find WhatsApp Link - Group Invite Link,,,
0,0,0,0,0,0,0,0,0,0,0,1,0.28669225847728724,24.500815660685156,0.09168266154830454,6.05955497382199,3.762499765247833,5,0,5,0,0,0,0.021596858638743454,0.008156606851549755,0.0,0.0,0.008156606851549755,0.0,0.0,0,0,0,4,0,0,1,0,0,0,0,0,0,0,0,1,Stick Hero Offline Game,,,
1,1,0,0,0,1,0,0,0,0,1,21,0.4111464816013133,32.82451965450379,0.08870195126400042,4.6401954132175325,3.2574133566945274,107,17,18,0,0,2,0.07207671778169811,0.003143545449203831,0.0004994418003407956,5.875785886362301e-05,0.0005288207297726071,0.0,0.0,44,0,0,2,0,4,10,0,1,0,0,0,0,0,0,10,Track24.ru,,,
0,0,0,0,0,1,0,0,0,0,0,5,0.4587939011327119,43.29984856133266,0.10759623492946191,3.6687493267262736,3.4280534000624376,21,0,8,0,0,0,0.07002046752127546,0.01060070671378092,0.0,0.0,0.004038364462392731,0.0,0.0,21,0,0,2,0,0,2,0,0,0,0,0,0,0,0,2,__MSG_name__,,,
0,0,0,0,0,1,1,0,0,0,0,2,0.3239200595829196,26.54700854700855,0.11513157894736842,6.268833087149187,3.4687977167128636,4,1,10,0,0,0,0.07828655834564253,0.006837606837606838,0.0017094017094017094,0.0,0.017094017094017096,0.0,0.0,0,0,0,2,0,0,1,0,0,0,0,0,0,0,0,1,__MSG_appName__,,,
0,0,0,0,0,1,1,0,0,0,1,244,0.3928011345165026,41.47087995161778,0.07694426142295015,4.891741907139547,2.6508019838971735,674,106,601,0,0,14,0.0483655540536857,0.004076201995766556,0.0006410644088297551,8.4668884185062e-05,0.0036347142425158753,0.0,0.0,6,0,0,14,1,3,15,0,2,0,1,31,0,1,0,15,Pi Reminder,,,
0,0,0,0,0,1,1,0,0,0,1,2,0.3157710572356911,17.546802594995366,0.0820294926268433,6.6793988728866625,3.6768785713252545,16,3,3,0,0,0,0.06449592986850344,0.014828544949026877,0.0027803521779425394,0.0,0.0027803521779425394,0.0,0.0,7,0,0,5,0,0,9,0,0,0,0,0,0,0,0,7,IP Address & Geolocation,,,
0,0,0,0,0,1,0,0,0,0,0,14,0.5237072579837581,48.599982047215825,0.08959520485884472,3.7841889816403516,2.8972554391971084,53,13,29,0,0,0,0.06486604589590844,0.001585829269022471,0.0003889769905149457,0.0,0.0008677179019179557,0.0,0.0,0,0,0,0,0,0,1,0,0,0,0,0,0,0,0,1,__MSG_extName__,,,
0,0,0,0,0,1,0,0,0,0,0,44,0.5534971401729305,44.5195444545796,0.08878209293546536,3.9418393451458127,2.845549315035739,119,19,41,0,0,0,0.05980198990001505,0.001596286956055159,0.0002548693459247733,0.0,0.0005499812201534581,0.0,0.0,40,2,0,0,0,0,1,0,0,0,0,0,0,0,0,1,__MSG_extName__,,,
0,0,0,0,1,1,0,1,0,0,1,670,0.39603853784587756,41.513964337570066,0.07736693370970804,5.825221538623188,2.7529604656939264,1458,155,577,0,0,15,0.06708988909224896,0.001464011230110835,0.00015563905395554146,1.5061843931181432e-05,0.0005793789298861124,0.0,0.0,84,20,0,0,0,0,5,0,0,0,0,0,0,0,0,5,__MSG_extensionName__,,,
0,1,0,0,0,0,0,0,0,0,0,1,0.3295932250026751,18.987778796211426,0.08960973447269059,6.18151700087184,3.5122954793890546,4,0,0,0,0,0,0.08142981691368788,0.0012221203788573174,0.0,0.0,0.0,0.0,0.0,0,0,0,0,0,0,0,0,0,0,0,0,0,0,0,0,Copy Me That,,,
0,0,1,0,0,1,0,0,1,0,0,0,0.4115788384961473,33.8427027027027,0.12149247556497905,3.7245384579064167,3.2565353745177537,66,9,7,0,0,0,0.05670711553897729,0.011891891891891892,0.0016216216216216215,0.0,0.0012612612612612612,0.0,0.0,19,0,0,1,0,0,8,0,1,0,0,0,0,0,0,8,__MSG_app_name__,,,
0,1,0,0,1,0,0,0,0,0,0,0,0.2783835792174471,29.57843137254902,0.08082103912764593,6.616197183098592,3.609736179021649,7,1,1,0,0,0,0.07746478873239436,0.06862745098039216,0.00980392156862745,0.0,0.00980392156862745,0.0,0.0,0,0,0,1,1,0,0,0,0,0,0,0,0,1,0,0,Clarify,,,
0,0,0,0,0,0,1,0,0,0,0,0,0.0,0.0,0.0,0.0,0.0,0,0,0,0,0,0,0.0,0.0,0.0,0.0,0.0,0.0,0.0,0,0,0,0,0,0,0,0,0,0,0,0,0,0,0,0,Undrtone,,,
0,0,0,0,0,1,0,0,0,0,0,3,0.641905195989061,39.14160263446762,0.05497721057429353,4.2905982905982905,3.2669505818821034,23,1,6,0,0,0,0.024462127910403773,0.008415660446395901,0.00036589828027808267,0.0,0.0021953896816684962,0.0,0.0,0,0,0,8,0,0,1,0,0,0,0,0,0,0,0,1,ChatGPT - Snack Prompt,,,
0,0,0,0,1,1,1,1,0,0,0,95,0.41923041269423245,67.4779072143879,0.08788109537262363,4.6231591038068345,2.8626518280299815,578,15,81,0,0,0,0.027784018016445762,0.002362558757408543,6.131207847946045e-05,0.0,0.00033108522378908644,0.0,0.0,7,0,0,0,0,0,1,0,0,0,0,0,0,0,0,1,Action Model,,,
0,1,0,0,1,1,0,0,0,0,0,108,0.2982379235973102,46.10297562245164,0.06040641766386279,6.49683636936795,3.510671131018749,156,26,87,0,0,0,0.01675260633626804,0.013533443220265463,0.002255573870044244,0.0,0.007547497180532663,0.0,0.0,0,0,0,13,0,0,2,0,0,0,0,0,0,0,0,2,Auto Flow - Auto Veo & Nano Banana Pro,,,
0,0,0,0,0,0,0,0,0,0,1,18,0.3642326434272807,39.03734281722342,0.098168851439666,6.334960329807094,3.587056182717489,25,7,35,0,0,5,0.09695861854387057,0.0015877048139209958,0.00044455734789787885,0.00031754096278419915,0.0022227867394893942,0.0,0.0,2,0,0,0,0,0,1,0,0,0,0,0,0,0,0,1,__MSG_appName__,,,
1,1,0,0,1,1,0,1,0,0,1,75,0.48273432256755333,39.31032897760851,0.09698440564498338,3.866510614375053,2.6436523892444628,301,14,110,0,0,1,0.04199730349600251,0.00282356031256156,0.00013132838663077023,9.380599045055018e-06,0.0010318658949560518,0.0,0.0,6,0,0,0,0,0,1,0,0,0,0,0,0,0,0,1,__MSG_extensionName__,,,
0,0,0,0,1,1,0,0,0,0,1,6,0.4313656242593097,57.17346890293153,0.0940290988484966,3.7384250398267107,2.8906075886996248,87,8,16,0,0,3,0.04767362344752234,0.0004133605739535326,3.8010167719865066e-05,1.42538128949494e-05,7.602033543973013e-05,0.0,0.0,12,3,2,8,1,0,7,0,1,0,0,0,0,0,0,7,__MSG_extName__,,,
0,0,0,0,0,0,0,0,0,0,1,65,0.42065515472125403,61.3303925893251,0.08998602289414553,4.457589698111813,2.8594115015324224,420,51,36,0,0,2,0.11350367660643683,0.023158359064843405,0.0028120864578738422,0.00011027790030877812,0.001985002205558006,0.0,0.0,3,0,0,15,0,0,2,0,0,0,10,0,0,0,0,2,JSON Editor,,,
0,0,0,0,0,1,1,1,0,0,0,414,0.5155995268022329,45.46876326864253,0.07901789832264917,3.873911735852029,2.6418238151799005,516,71,256,0,0,5,0.05550702117451611,0.0014904205816684045,0.0002050772505784045,1.444205989988764e-05,0.0007394334668742472,0.0,0.0,25,0,0,0,0,0,2,0,0,0,0,0,0,0,0,2,__MSG_EXTENSION_NAME__,,,
0,1,0,0,0,0,0,0,0,0,0,0,0.3929417961548591,34.839622641509436,0.0948116934421912,5.507692307692308,3.1120548952912794,7,3,2,0,0,3,0.018461538461538463,0.0660377358490566,0.02830188679245283,0.02830188679245283,0.018867924528301886,0.0,0.0,0,0,0,0,0,0,0,0,0,0,0,0,0,0,0,0,__MSG_extName__,,,
0,0,0,0,0,1,0,0,0,0,1,2,0.530764227448219,43.19356540084388,0.09568208806487609,3.4209325274454176,2.642461793791316,17,3,8,0,0,0,0.051930430492167265,0.002241561181434599,0.00039556962025316455,0.0,0.0010548523206751054,0.0,0.0,0,0,0,0,0,0,1,0,0,0,0,0,0,0,0,1,__MSG_appName__,,,
0,0,0,0,1,1,0,1,0,0,1,128,0.40159533056252067,31.024370081343825,0.09181225273016462,3.5061118384396353,2.468188021208093,196,20,149,0,0,0,0.03136077279890069,0.0012962105680841215,0.00013226638449837975,0.0,0.000985384564512929,0.0,0.0,12,0,0,0,0,0,7,0,0,0,0,0,0,0,0,7,__MSG_name__,,,
0,0,0,0,0,0,0,0,0,0,0,0,0.0,0.0,0.0,0.0,0.0,0,0,0,0,0,0,0.0,0.0,0.0,0.0,0.0,0.0,0.0,0,0,0,0,0,0,0,0,0,0,0,0,0,0,0,0,Marguerite Flowers,,,
0,0,0,0,0,0,0,0,0,0,0,1,0.4103383060889806,43.94115898959881,0.1284650584563297,3.2728526507419873,3.2067618088379204,73,6,9,0,0,0,0.053842334638936395,0.021693907875185735,0.0017830609212481426,0.0,0.002674591381872214,0.0,0.0,0,0,0,0,0,0,0,0,0,0,0,0,0,0,0,0,Bubble Essential Kit,,,
0,0,0,0,0,1,0,0,0,0,0,0,0.3211802406433279,37.24277456647399,0.07143720902110164,6.5588865096359745,3.5971481635889644,43,2,1,0,0,0,0.027480371163454677,0.04971098265895954,0.0023121387283236996,0.0,0.0011560693641618498,0.0,0.0,9,0,0,1,0,0,1,0,0,0,0,0,0,0,0,1,History On/Off,,,
0,0,0,0,1,1,0,1,0,0,0,60,0.5455075936944671,52.2080751197315,0.09048835608315335,3.213403183243826,2.7736256554820033,449,45,89,0,0,1,0.05743350356810122,0.005644036051437406,0.0005656606287632145,1.25702361947381e-05,0.0011187510213316908,0.0,0.0,0,0,0,0,0,0,1,0,0,0,0,0,0,0,0,1,Shein选品助手 - 免费希音选品与数据分析,,,
0,0,0,0,1,1,0,0,0,0,0,8,0.49588512264603507,39.82762781717596,0.06532058029796996,5.245170190396898,2.3726021153534487,122,24,18,0,0,0,0.06190785835394498,0.002264879515835592,0.0004455500686889689,0.0,0.0003341625515167267,0.0,0.0,0,0,0,6,0,1,10,0,0,0,0,0,0,0,0,4,Pause - Stop Mindless Browsing,,,
0,0,0,0,1,1,1,0,0,0,1,39,0.35394304994632175,56.08930656082185,0.0871611880783191,4.19544723764981,2.994445166771691,128,33,38,0,0,1,0.048651710026308095,0.007471398552416531,0.0019262199392948867,5.8370301190754146e-05,0.0022180714452486577,0.0,0.0,1,0,0,0,0,0,4,0,0,0,0,0,0,0,0,4,__MSG_appName__,,,
0,1,0,0,0,1,0,0,0,0,0,25,0.3636476673117256,25.13831487100307,0.07534205639834551,5.696315220905385,2.799389394234266,128,13,15,0,0,0,0.04525347148297968,0.002298066392574373,0.00023339736799583475,0.0,0.00026930465537980934,0.0,0.0,11,0,0,0,0,1,15,0,0,0,0,0,0,0,0,15,__MSG_appName__,,,
0,1,0,0,0,0,0,0,0,0,0,0,0.38091617563200914,31.085365853658537,0.07318000380155863,6.356973995271868,3.4134079588440716,0,0,0,0,0,0,0.03309692671394799,0.0,0.0,0.0,0.0,0.0,0.0,0,0,0,0,0,0,0,0,0,0,0,0,0,0,0,0,Octa GST Assistant,,,
0,0,1,0,1,1,0,0,0,0,0,1,0.3363071485577471,17.907327586206897,0.0985634477254589,6.434691745036573,3.6740701234075654,32,5,25,0,0,0,0.12957157784743992,0.017241379310344827,0.0026939655172413795,0.0,0.013469827586206896,0.0,0.0,15,1,3,1,0,0,8,0,0,0,0,0,0,0,0,8,__MSG_app_name__,,,
0,0,0,0,0,0,0,0,0,0,0,0,0.0,0.0,0.0,0.0,0.0,0,0,0,0,0,0,0.0,0.0,0.0,0.0,0.0,0.0,0.0,0,0,0,0,0,0,0,0,0,0,0,0,0,0,0,0,__MSG_appName__,,,
0,0,0,0,1,1,0,0,0,0,0,30,0.616996016304097,49.85713101962463,0.07257712810012736,3.7449897142943103,2.561813406604351,150,7,47,0,0,0,0.043677581674520405,0.0020715656893480093,9.66730655029071e-05,0.0,0.0006490905826623762,0.0,0.0,0,0,0,0,0,0,2,0,0,0,0,0,0,0,0,2,Link Blanker,,,
0,0,0,0,0,1,0,0,0,0,0,1,0.3082019648160841,14.927272727272728,0.09115832762165867,6.495774647887324,3.6428277775318003,2,0,2,0,0,0,0.014084507042253521,0.007272727272727273,0.0,0.0,0.007272727272727273,0.0,0.0,0,0,0,5,0,0,1,0,0,0,0,0,0,0,0,1,一键复制csdn代码,,,
0,0,1,1,1,1,0,0,0,0,1,82,0.3687337467493499,43.16205114615079,0.10584316863372674,3.445419027457817,3.102594142541467,92,17,17,0,1,2,0.02983157960276446,0.004063424760390442,0.0007508502274634512,8.833532087805309e-05,0.0007508502274634512,4.4167660439026546e-05,0.0,9,0,0,5,0,2,47,0,0,0,0,0,0,0,0,47,"AutoControl: Keyboard shortcuts, Mouse gestures",,,
1,1,0,0,1,1,0,1,0,0,1,6,0.40951951884306087,46.81732012063765,0.08449530331358547,4.393662728249194,3.164711565692133,81,11,11,0,0,0,0.05336197636949517,0.008724687634640241,0.001184834123222749,0.0,0.001184834123222749,0.0,0.0,0,0,0,0,0,0,0,0,0,0,0,0,0,0,0,0,"GlossaryTech, Backed by Dice",,,
0,0,0,0,1,1,0,0,0,0,1,209,0.5834323695904751,51.076732931310396,0.08140128189851112,3.485235406879428,2.79331027562686,799,144,65,0,0,9,0.06051943747784565,0.0008587141212796668,0.00015476199432324408,9.672624645202755e-06,6.985784465979766e-05,0.0,0.0,93,1,0,0,2,1,9,0,0,0,0,0,0,0,0,6,Web Maker,,,
0,1,1,0,0,1,0,0,1,0,1,241,0.38528952011307666,32.376318870966756,0.09656742764408043,3.4883478831987813,2.17915476822657,301,36,231,0,0,10,0.06879124707655224,0.0004613366193988217,5.517647275201854e-05,1.5326797986671816e-05,0.00035404903349211896,0.0,0.0,3,7,0,36,0,0,5,0,0,0,0,0,0,0,0,5,__MSG_extensionNameStandard__,,,
1,1,0,0,0,0,0,0,0,0,0,0,0.2622465254044201,35.00819672131148,0.10913647755753018,5.067226890756302,3.2589028827414332,3,0,4,0,0,0,0.018907563025210083,0.02459016393442623,0.0,0.0,0.03278688524590164,0.0,0.0,0,0,0,5,0,0,1,0,0,0,0,0,0,0,0,1,__MSG_appName__,,,
0,0,0,0,0,0,0,0,0,0,0,0,0.0,0.0,0.0,0.0,0.0,0,0,0,0,0,0,0.0,0.0,0.0,0.0,0.0,0.0,0.0,0,0,0,0,0,0,0,0,0,0,0,0,0,0,0,0,__MSG_appName__,,,
0,0,0,0,0,1,0,0,0,0,0,235,0.5338095809124458,49.84611224021504,0.07365139476649879,5.318530908743339,2.875584629647817,69,6,6,0,0,0,0.037095271093693996,0.0011309250639218514,9.834130990624795e-05,0.0,9.834130990624795e-05,0.0,0.0,176,0,4,0,0,0,1,0,0,0,0,0,0,0,0,1,Douban Book+,,,
0,0,0,0,1,1,0,0,0,0,1,64,0.34904983612764817,35.02247280615012,0.06905246439027363,5.152397062478341,3.1193987012445534,348,46,155,0,0,0,0.06581770703892076,0.0011100832562442183,0.0001467351430667645,0.0,0.0004944336342467064,0.0,0.0,0,0,0,2,0,0,2,0,0,0,0,0,0,0,0,2,Store Leads,,,
0,0,0,0,0,0,0,0,0,0,0,0,0.0,0.0,0.0,0.0,0.0,0,0,0,0,0,0,0.0,0.0,0.0,0.0,0.0,0.0,0.0,0,0,0,0,0,0,0,0,0,0,0,0,0,0,0,0,Falling Autumn,,,
0,0,0,0,0,1,0,0,0,0,1,64,0.4134110920975853,49.66420860322206,0.10010293529500469,4.01021071718877,3.218581765264527,501,38,181,0,0,0,0.08467454511348715,0.016641753861484802,0.001262248795881083,0.0,0.0060122903172230525,0.0,0.0,4,1,1,30,0,1,10,0,0,0,0,0,1,0,0,10,__MSG_name__,,,
0,0,0,0,1,1,0,0,0,0,1,9,0.4184852158685256,42.09384447938082,0.10428313239487214,4.3807223917745715,3.033023848577521,150,23,8,0,0,0,0.04637174434798068,0.018140041117426533,0.0027814729713387353,0.0,0.0009674688595960818,0.0,0.0,15,1,1,39,10,2,39,0,1,0,0,0,0,0,10,39,__MSG_manifest_name__,,,
0,0,1,0,1,1,0,0,0,0,0,92,0.518964540164554,58.4715592781588,0.07840430365258023,3.970659987412413,2.5701631491490637,1065,24,118,0,2,1,0.05198021817708012,0.0031688412157638694,7.141050627073509e-05,2.9754377612806284e-06,0.00035110165583111417,5.950875522561257e-06,0.0,5,1,0,0,0,0,2,0,0,0,0,0,0,0,0,2,MarkUp For Chrome,,,
0,0,0,0,1,0,0,0,0,0,0,0,0.24983520105471324,29.38,0.1001977587343441,6.054794520547945,3.4787262418338543,1,0,1,0,0,0,0.0410958904109589,0.02,0.0,0.0,0.02,0.0,0.0,20,1,0,1,0,0,1,0,0,0,0,0,0,0,0,1,Startpagina.nl: Jouw dagelijkse startpagina,,,
0,0,0,0,1,1,0,0,0,0,0,8,0.4126191956882255,42.067626380984265,0.10196672885572139,4.028860207595313,2.8260265774347357,89,11,10,0,0,0,0.055342234993930685,0.009931927240263363,0.0012275415690213146,0.0,0.0011159468809284678,0.0,0.0,1,0,3,4,0,0,7,0,0,0,0,0,0,0,0,7,Cashback beruby,,,
0,1,0,0,1,1,0,0,0,0,1,44,0.4247554202129044,42.48834155838276,0.10209978917779339,3.887803597367705,2.9915942802473476,108,33,102,0,0,3,0.040611238228834896,0.0009779508308054511,0.00029881830941277677,2.7165300855706977e-05,0.0009236202290940372,0.0,0.0,24,0,0,0,0,0,4,0,0,0,0,0,0,0,0,4,"BlockP: AI Website, App & Porn Blocker",,,
0,0,0,0,0,1,0,0,0,0,0,1,0.3985573906784652,33.00274833137024,0.09477419776988302,5.767370334125542,3.468239491380326,53,2,17,0,0,0,0.08150426394519782,0.006936264886794922,0.00026174584478471405,0.0,0.0022248396806700695,0.0,0.0,0,0,0,7,0,0,9,0,0,0,0,0,0,0,0,9,Chrometana Pro - Redirect Cortana and Bing,,,
0,0,0,0,0,1,0,0,0,0,1,13,0.545699851994939,57.53609492089925,0.11811102584363241,2.9614856084482217,2.6841117860938706,43,7,15,0,0,0,0.03554944808735007,0.0017901748542880932,0.0002914238134887594,0.0,0.0006244796003330558,0.0,0.0,0,0,0,0,0,0,1,0,0,0,0,0,0,0,0,1,__MSG_application_title__,,,
0,0,0,0,1,1,0,0,0,0,0,168,0.4431447717808432,42.171619254618676,0.060997336363702595,6.740623550201473,2.9877228004405727,3825,16,169,0,0,6,0.07830953708964729,0.00978073259604935,4.0912868375631274e-05,1.534232564086173e-05,0.0004321421722176053,0.0,0.0,2,0,0,4,0,0,2,0,0,0,0,0,0,0,0,2,__MSG_appName__,,,
1,1,1,0,1,1,1,1,0,0,0,268,0.5190333477155337,54.28474911405301,0.07323875426698086,4.11102195118651,2.3952969630102863,1641,83,429,0,0,15,0.05091606920039039,0.004494092773849365,0.00022730633773887705,4.10794586275079e-05,0.001174872516746726,0.0,0.0,0,0,0,0,0,0,5,0,0,0,0,0,0,0,0,5,__MSG_Meta_appName__,,,
1,1,0,0,0,1,0,0,0,0,0,34,0.37530930958615194,32.99240846532541,0.08179367144061163,5.780841072961139,2.690952634878428,207,61,30,0,0,0,0.05598005827270094,0.0006591642943120808,0.0001942464828649127,0.0,9.553105714667838e-05,0.0,0.0,16,0,0,0,1,1,5,0,0,0,0,0,0,0,0,5,Matador.ai Extension,,,
0,0,0,0,1,1,1,0,0,0,1,49,0.5787886945407431,46.55921309427776,0.07669091641278845,3.7223244215517948,2.654396188139284,92,12,80,0,0,1,0.06198730002997847,0.002394025345442244,0.0003122641754924666,2.6022014624372218e-05,0.0020817611699497775,0.0,0.0,28,0,0,0,0,0,8,0,0,0,0,0,0,0,0,8,__MSG_appName__,,,
0,0,0,0,0,1,0,0,0,0,1,24,0.277949317088097,35.573753814852495,0.07445269687613007,6.915297495613335,3.5910084257756307,42,5,11,0,0,0,0.0403573137661509,0.021363173957273652,0.00254323499491353,0.0,0.005595116988809766,0.0,0.0,0,0,0,2,0,0,1,0,0,0,0,0,0,0,0,1,__MSG_extensionName__,,,
0,0,0,0,0,1,0,1,0,0,0,0,0.3317011066496915,36.82592592592592,0.11144843795906376,4.368136813681368,3.5096711433693546,6,0,4,0,0,0,0.0144014401440144,0.022222222222222223,0.0,0.0,0.014814814814814815,0.0,0.0,0,0,1,3,0,0,1,0,0,0,0,0,0,0,0,1,Visual Search,,,
0,0,0,0,1,1,0,0,0,0,0,2,0.31692628742318185,37.18255959849435,0.09237898057773834,5.859437360070086,3.295796939007664,64,0,22,0,0,0,0.021902073396281516,0.020075282308657464,0.0,0.0,0.006900878293601004,0.0,0.0,0,0,0,0,0,0,5,0,0,0,0,0,0,0,0,5,__MSG_extensionName__,,,
0,1,0,0,0,1,0,0,0,0,0,38,0.506736292066668,46.728249016951395,0.06703735211165218,5.794737797407469,2.923090733272762,142,23,41,0,0,3,0.0714786300223355,0.0011730495985196444,0.0001900009913095199,2.4782737996893896e-05,0.00033869741929088326,0.0,0.0,0,0,0,0,0,0,4,0,0,0,0,0,0,0,0,4,Highspot for Gmail,,,
1,1,0,0,1,1,0,0,0,0,1,47,0.37059724635944147,47.078872732183854,0.10696200635225026,4.101434796114549,3.2261176608780078,369,45,52,0,0,1,0.09134336879045596,0.016611893935983432,0.002025840723900419,4.501868275334264e-05,0.002340971503173817,0.0,0.0,0,0,0,2,0,0,4,0,0,0,0,0,0,0,0,3,Run Javascript,,,
0,0,0,0,0,1,0,0,0,0,0,81,0.5654264653962086,43.94369697204496,0.07747113071968749,3.532601686846304,1.9116809775540209,1310,86,70,0,0,2,0.04841964071581106,0.007250267042278466,0.0004759717294930901,1.1069109988211398e-05,0.0003874188495873989,0.0,0.0,270,0,0,0,0,0,11,0,0,0,0,0,0,0,0,11,DPal:Wallet for DogeCoin,,,
0,0,0,0,0,0,0,0,0,0,0,0,0.0,0.0,0.0,0.0,0.0,0,0,0,0,0,0,0.0,0.0,0.0,0.0,0.0,0.0,0.0,0,0,0,0,0,0,0,0,0,0,0,0,0,0,0,0,Night Totoro,,,
0,0,0,0,0,0,0,0,0,0,0,0,0.2540880503144654,29.615384615384617,0.08930817610062892,6.541666666666667,3.1687681845921154,2,0,2,0,0,0,0.06944444444444445,0.07692307692307693,0.0,0.0,0.07692307692307693,0.0,0.0,0,0,0,0,1,0,1,0,0,0,0,0,0,0,0,1,space waves,,,
0,0,0,0,1,1,0,0,0,0,1,15,0.36211858122438517,33.95115187713311,0.11025630853456457,4.682144915228534,3.2941647720153413,33,4,30,0,0,0,0.1346941251402748,0.0035196245733788395,0.0004266211604095563,0.0,0.0031996587030716723,0.0,0.0,338,0,0,0,0,0,0,0,0,0,0,0,0,0,0,0,CroxyProxy Free Web Proxy,,,
0,1,0,0,1,1,0,0,0,0,0,107,0.4031570353000075,50.814363023077696,0.05894341225330564,2.754030344498797,2.334748671181605,418,29,330,0,0,0,0.012152140614443276,0.0008084543436047007,5.608893771420172e-05,0.0,0.0006382534291616058,0.0,0.0,9,0,0,0,0,0,3,0,0,0,0,0,0,0,0,3,__MSG_extensionName__,,,
1,1,0,0,0,1,0,0,0,0,0,54,0.46960606746660627,39.606284735280596,0.09140099203490645,4.061098803721754,2.9403452346473737,100,1,25,0,0,0,0.02992910943730616,0.00417868037273829,4.1786803727382895e-05,0.0,0.0010446700931845724,0.0,0.0,4,2,1,0,0,0,12,0,0,0,0,0,0,0,0,12,__MSG_appName__,,,
0,1,0,0,0,1,0,0,0,0,0,9,0.4969275882400183,53.211957098863756,0.1007892092432876,3.4287571301074853,2.843581615276072,96,19,21,0,0,4,0.040704668037716815,0.010194329404268876,0.0020176276945948817,0.00042476372517786983,0.0022300095571838167,0.0,0.0,0,0,0,0,0,0,1,0,0,0,0,0,0,0,0,1,__MSG_name__,,,
0,0,0,0,1,1,0,0,0,0,0,66,0.5604192055115504,43.50104702075005,0.07762649129007988,4.13116916851229,2.608239255955135,70,6,29,0,0,0,0.05868400185929511,0.0016657148296211689,0.00014277555682467162,0.0,0.0006900818579859128,0.0,0.0,15,0,0,0,0,0,2,0,0,0,0,0,0,0,0,2,__MSG_extension_name__,,,
0,0,0,0,0,1,0,0,0,0,0,1,0.25465883027522934,32.307875894988065,0.10471616972477064,5.615543328748281,3.7027838828604103,17,1,18,0,0,0,0.04676753782668501,0.0405727923627685,0.002386634844868735,0.0,0.04295942720763723,0.0,0.0,0,0,0,3,0,2,3,0,0,0,0,0,0,0,0,3,__MSG_extName__,,,
0,0,0,0,0,1,0,0,0,0,0,1,0.341908594423685,14.046109510086456,0.10069943470345885,6.362852213916043,3.496186468425918,51,1,9,0,0,0,0.025876940770557792,0.03674351585014409,0.0007204610951008645,0.0,0.006484149855907781,0.0,0.0,5,0,0,0,0,5,14,0,0,0,0,0,0,0,0,14,Popsicle Sticks - Random student picker,,,
0,0,0,0,0,0,0,0,0,0,0,0,0.0,0.0,0.0,0.0,0.0,0,0,0,0,0,0,0.0,0.0,0.0,0.0,0.0,0.0,0.0,0,0,0,0,0,0,0,0,0,0,0,0,0,0,0,0,PlayPosit (fka eduCanon): Interactive Video,,,
0,0,0,0,0,1,1,0,0,0,1,79,0.4947448663962284,40.19458007383843,0.087225600827759,3.213131642166404,2.987841227950745,131,24,113,0,0,4,0.051326148126685414,0.00020909716314207593,3.830787721686887e-05,6.384646202811479e-06,0.0001803662552294243,0.0,0.0,0,0,0,0,0,0,7,0,0,0,0,0,5,0,0,5,__MSG_appName__,,,
0,0,0,0,0,0,0,0,0,0,0,0,0.0,0.0,0.0,0.0,0.0,0,0,0,0,0,0,0.0,0.0,0.0,0.0,0.0,0.0,0.0,0,0,0,0,0,0,0,0,0,0,0,0,0,0,0,0,__MSG_appName__,,,
0,0,0,0,0,0,0,0,0,0,1,0,0.0,0.0,0.0,0.0,0.0,0,0,0,0,0,0,0.0,0.0,0.0,0.0,0.0,0.0,0.0,0,0,0,0,0,0,0,0,0,0,0,0,0,0,0,0,FreeCell,,,
0,1,0,0,1,1,0,0,0,0,0,22,0.35291683542372565,41.02116963379762,0.10097544324110143,5.164464489153541,3.0535314863302707,178,22,22,0,0,2,0.08143946067204585,0.008209574762475786,0.0010146665436767826,9.224241306152569e-05,0.0010146665436767826,0.0,0.0,91,0,0,4,2,1,25,0,1,0,0,0,0,1,1,25,HowNow,,,
0,1,0,0,0,1,0,0,0,0,1,49,0.3252358514270016,88.46302262850293,0.07557463659114284,6.477583676086749,2.8797287860804364,242,9,43,0,0,2,0.05340941540712092,0.009066386932414206,0.0003371796793046606,7.49288176232579e-05,0.001610969578900045,0.0,0.0,10,0,0,1,0,0,1,0,0,0,0,0,0,0,0,1,MeshNode,,,
0,1,0,0,1,0,0,0,0,0,0,45,0.4819010557699343,35.31359881213768,0.10197482177275913,3.2932300515449073,2.9074849514694563,153,25,72,0,0,1,0.03406982627761849,0.002416794351335555,0.0003949010377999273,1.5796041511997093e-05,0.0011373149888637907,0.0,0.0,9,0,0,0,0,0,3,0,0,0,0,0,0,0,0,3,__MSG_appName__,,,
0,0,0,0,0,1,0,0,0,0,0,10,0.4016806883810364,53.86362611766474,0.10494167852452213,3.7718197727440783,3.1640345272866988,137,16,12,0,0,0,0.08498681324098493,0.010293786159741528,0.0012021940040574048,0.0,0.0009016455030430536,0.0,0.0,0,0,0,0,0,0,0,0,0,0,0,0,0,0,0,0,__MSG_app_name__,,,
0,1,0,0,1,0,0,0,0,0,1,81,0.3274974881940648,83.44614613308426,0.0667663391817165,10.174464880229953,2.937842744159794,605,27,56,0,0,0,0.08357227827715913,0.0020775100098209564,9.27153227523402e-05,0.0,0.00019229844719003894,0.0,0.0,0,0,0,0,0,0,6,0,0,0,0,0,0,0,0,6,Black Apps Script,,,
0,1,0,0,0,1,0,0,0,0,0,90,0.30374539390859573,61.44166568757448,0.08656421096715118,4.607993068292033,3.1983885073090716,271,22,99,0,0,5,0.054319446934282076,0.002274291277127847,0.00018462881216536027,4.196109367394552e-05,0.0008308296547441213,0.0,0.0,38,0,0,6,0,0,1,0,0,0,0,0,0,0,0,1,__MSG_extName__,,,
0,1,0,0,1,1,0,0,0,0,1,7,0.35296460926114653,34.315474794841734,0.0974349100542098,4.937442927398149,3.085360439565478,47,7,21,0,0,0,0.056153939247246765,0.001836654943337241,0.00027354435326299337,0.0,0.0008206330597889801,0.0,0.0,5,0,0,8,0,0,2,0,0,0,0,0,0,0,0,2,Private Grammar Checker - Harper,,,
0,0,0,0,0,1,0,0,0,0,0,5,0.37547355463754895,19.574706991230226,0.057726858067060516,6.3191061002617275,2.915410211373615,14,8,28,0,0,0,0.03342057580028186,0.0011474469305794606,0.0006556839603311204,0.0,0.002294893861158921,0.0,0.0,0,0,0,0,0,2,2,0,0,0,0,0,0,0,0,2,__MSG_extensionName__,,,
0,1,0,0,1,1,0,1,0,0,0,115,0.42459545084323497,31.76503268374643,0.0950701747556535,4.08057342427725,2.7825979681576976,374,8,124,0,0,0,0.03224951866390054,0.004586762162891377,9.811255963404016e-05,0.0,0.0015207446743276223,0.0,0.0,9,0,0,3,0,0,1,0,0,0,0,0,1,0,0,1,Prospeo Contact Finder – Email & Phone Number Finder,,,
0,1,0,0,0,1,0,0,0,0,0,132,0.2935478469061935,40.173949501537315,0.07817397188045232,6.16796553427364,3.376945934408382,611,6,208,0,0,8,0.06119312880742001,0.02846361688251188,0.00027951178608031307,0.0003726823814404174,0.009689741917450853,0.0,0.0,12,0,0,0,0,0,40,0,0,0,0,0,0,0,0,40,'Improve YouTube!' 🎧 (for YouTube & Videos),,,
0,0,0,0,0,1,0,0,0,0,0,27,0.4492921086182224,67.33696228638775,0.09023486291220008,3.767060139191528,2.4665584371033806,269,23,41,0,0,2,0.057272981434727026,0.00396287566293459,0.00033883323512080144,2.9463759575721862e-05,0.0006040070713022982,0.0,0.0,0,0,0,0,0,0,8,0,0,0,0,0,0,0,0,8,SellerApp: Supercharge your Amazon Sales,,,
0,0,0,0,0,0,0,0,0,0,0,19,0.4128220126568542,48.622537431048066,0.10811790831059316,3.704062034858597,3.013131131713424,84,8,10,0,0,0,0.05973015796802228,0.01103230890464933,0.0010506960861570791,0.0,0.001313370107696349,0.0,0.0,34,0,0,26,0,1,4,0,0,0,0,0,0,0,0,4,__MSG_appName__,,1.0,
0,0,0,0,0,1,0,0,0,0,0,36,0.5033985606976249,64.27789447239688,0.10298726119688432,3.9405659211664403,2.3161753406823316,14,7,2,0,0,0,0.03911081298947356,9.769782064075813e-05,4.8848910320379065e-05,0.0,1.3956831520108306e-05,0.0,0.0,0,0,0,0,0,0,0,0,0,0,0,0,0,0,0,0,__MSG_name__,,,
0,1,0,0,1,1,0,1,0,0,1,86,0.3997538118413918,37.99163920777683,0.08643682488852211,4.996561087734438,3.17229406753626,337,15,22,0,0,2,0.07196410554216398,0.00395173489370185,0.00017589324452678854,2.3452432603571806e-05,0.0002579767586392899,0.0,0.0,112,0,0,2,1,0,102,0,8,0,0,0,0,0,0,102,ORGanizer for Salesforce,,,
0,0,0,0,0,0,0,0,0,0,0,0,0.0,0.0,0.0,0.0,0.0,0,0,0,0,0,0,0.0,0.0,0.0,0.0,0.0,0.0,0.0,0,0,0,0,0,0,0,0,0,0,0,0,0,0,0,0,Lone Space,,,
0,1,0,0,0,1,0,0,0,0,1,37,0.5422945143771771,43.98348346052088,0.08597102466242243,3.925543992819172,2.7108181959226236,202,14,130,0,0,1,0.041416820024345956,0.0030892046062793435,0.00021410328954411294,1.529309211029378e-05,0.0019881019743381912,0.0,0.0,12,0,0,3,0,0,28,0,0,0,0,0,0,0,0,28,GPT Extension,,,
0,1,0,0,0,1,0,1,0,0,0,154,0.4193896358499449,42.72171395842041,0.11970957880334561,3.1016992097123466,2.6333930020340293,449,56,102,0,0,5,0.05203702252335917,0.0023168573300928292,0.00028896216143696756,2.580019298544353e-05,0.0005263239369030481,0.0,0.0,117,0,0,4,0,0,35,0,0,0,0,0,0,0,0,35,WABiz Bulk Sender,,,
0,0,0,0,0,1,1,1,0,0,0,49,0.4555592332501631,41.14095392315619,0.08449566434739018,4.909518931280332,3.0258154158361044,180,29,85,0,0,0,0.055660758079036414,0.006624466362431915,0.0010672751361695864,0.0,0.00312822022670396,0.0,0.0,57,0,2,15,0,1,14,0,0,0,0,0,0,0,0,14,TestCase Studio - Selenium IDE,,,
0,0,0,0,0,1,0,0,0,0,0,4,0.4774649412529103,40.461780222247164,0.11402079159672966,3.5506646216768916,2.64176699261968,20,3,6,0,0,0,0.04095092024539877,0.0022449208665394544,0.0003367381299809182,0.0,0.0006734762599618363,0.0,0.0,0,0,0,0,0,0,1,0,0,0,0,0,0,0,0,1,Change Case,,,
0,0,0,0,1,1,0,0,0,0,0,143,0.5103347630280936,45.702468826681354,0.07513339052112374,4.4327273873405355,2.522750077976272,3536,10,89,0,0,0,0.031326908782408396,0.035414893084280634,0.0001001552406229656,0.0,0.0008913816415443938,0.0,0.0,0,0,0,0,0,0,1,0,0,0,0,0,0,0,0,1,xPet.tech,,,
0,1,0,0,0,1,0,0,0,0,0,14,0.370398710727634,23.447366099002913,0.10884642246770052,4.489241083965179,3.298733282117027,203,22,20,0,0,0,0.057427688851446224,0.008956145768993206,0.0009706167828465543,0.0,0.0008823788934968676,0.0,0.0,87,0,1,27,0,5,9,1,0,0,5,5,0,0,0,9,Kendo-Linkedin Email Finder,,5.0,
0,1,0,0,1,1,1,0,0,0,0,61,0.38172974690630246,70.76565760093708,0.08958238175499482,5.157543472936566,2.8890158666468317,108,112,93,0,0,1,0.051717487141807496,0.00197664629012775,0.002049855411984333,1.8302280464145833e-05,0.0017021120831655625,0.0,0.0,13,0,0,2,0,3,5,0,3,0,0,0,0,0,0,5,__MSG_appName__,,,
0,0,0,0,0,0,0,0,0,0,0,1,0.4134278404082247,35.43146214099217,0.09889200249406942,4.2677151625052305,3.201107766903994,69,10,18,0,0,0,0.08655321523224997,0.009007832898172323,0.0013054830287206266,0.0,0.002349869451697128,0.0,0.0,0,0,0,0,0,0,0,0,0,0,0,0,0,0,0,0,__MSG_extensionName__,,,
0,0,0,0,0,0,0,0,0,0,0,0,0.0,0.0,0.0,0.0,0.0,0,0,0,0,0,0,0.0,0.0,0.0,0.0,0.0,0.0,0.0,0,0,0,0,0,0,0,0,0,0,0,0,0,0,0,0,__MSG_appName__,,,
0,0,0,0,1,1,1,0,0,0,0,43,0.4317298947183125,22.09098740444608,0.11789325066400955,3.1385613890908326,2.5837828600509996,501,103,156,0,0,1,0.04286120681480545,0.004190154391716709,0.0008614489068798823,8.363581620193032e-06,0.0013047187327501128,0.0,0.0,7,0,0,12,0,2,12,0,0,0,0,0,0,0,0,12,Prime Connect - Message Sender,,,
1,1,0,0,1,1,0,0,0,0,1,176,0.5377764819911968,61.8584769772868,0.0649690778776152,3.807412847315481,2.34456156601362,3872,107,346,0,0,12,0.03797622828776008,0.0115232607971049,0.00031843721727536786,3.571258511499452e-05,0.0010297128708156755,0.0,0.0,2,1,0,0,0,0,1,0,0,0,0,0,0,0,0,1,PitchBook Extension for Google Chrome™,,,
0,0,0,0,0,0,0,0,0,0,0,0,0.0,0.0,0.0,0.0,0.0,0,0,0,0,0,0,0.0,0.0,0.0,0.0,0.0,0.0,0.0,0,0,0,0,0,0,0,0,0,0,0,0,0,0,0,0,Luna Color,,,
0,0,0,0,0,1,0,1,0,0,0,31,0.5551025258874689,54.40352402840756,0.08928691552321313,3.197765750435269,2.7899776997071797,357,33,58,0,0,1,0.053796097153616475,0.007391763463569166,0.0006832722529349649,2.0705219785908026e-05,0.0012009027475826657,0.0,0.0,0,0,0,0,0,0,1,0,0,0,0,0,0,0,0,1,AliSold卖家助手 - 免费图搜同款、查侵权,,,
0,0,0,0,1,1,0,0,0,0,0,5,0.28134636834853355,26.740673339399454,0.10570172560855587,6.502583025830258,3.6769194194851598,37,2,21,0,0,0,0.02952029520295203,0.03366696997270246,0.0018198362147406734,0.0,0.01910828025477707,0.0,0.0,26,0,0,0,0,0,6,0,0,0,0,0,0,0,0,6,__MSG_appName__,,,
0,0,0,0,0,1,0,0,0,0,0,16,0.23380502557592503,40.95256209442828,0.04625535387585942,6.240040981136624,2.762202755967655,4,12,2,0,0,0,0.020550834689326825,0.0008950548221078541,0.0026851644663235625,0.0,0.00044752741105392703,0.0,0.0,19,0,0,2,0,0,4,0,0,0,1,0,0,0,0,4,Word Seek Deluxe Word Search Puzzles,,,
0,0,0,0,0,0,0,0,0,0,0,0,0.0,0.0,0.0,0.0,0.0,0,0,0,0,0,0,0.0,0.0,0.0,0.0,0.0,0.0,0.0,0,0,0,0,0,0,0,0,0,0,0,0,0,0,0,0,__MSG_name__,,,
0,1,0,0,1,1,0,0,0,0,0,25,0.35057939414726164,18.077988082719944,0.0784295111285324,6.11239357343878,2.9185682329451157,297,35,87,0,0,0,0.03394962772968544,0.017350157728706624,0.0020446313821708144,0.0,0.005082369435681739,0.0,0.0,2,0,0,4,0,0,14,0,0,0,0,0,0,0,0,14,Grabbit,,,
0,0,0,0,0,1,0,0,0,0,0,1,0.24782608695652175,32.36231884057971,0.1191304347826087,6.08256880733945,3.7570943503330785,6,0,1,0,0,0,0.03211009174311927,0.08695652173913043,0.0,0.0,0.014492753623188406,0.0,0.0,0,0,0,3,0,0,1,0,0,0,0,0,0,0,0,1,Screenshot,,,
1,1,1,1,0,1,0,0,0,0,1,80,0.4150140390092721,59.00657451566836,0.10452315190463982,4.21527105517909,3.2042586442562557,986,74,82,0,1,12,0.060104514000932203,0.02656751003691429,0.0019939104895858595,0.00032333683614905827,0.0022094683803518984,2.6944736345754856e-05,0.0,7,0,1,0,0,0,0,0,0,0,0,0,0,0,0,0,VisualSP,,,
0,0,0,0,0,1,0,0,0,0,0,18,0.4065203118785073,46.06562922868741,0.13073690162983836,3.3041635003799543,3.0923950416538823,86,13,23,0,0,1,0.05695316562012558,0.019395579612088407,0.0029318899413622013,0.0002255299954894001,0.005187189896256202,0.0,0.0,26,0,0,6,0,0,7,0,0,0,0,0,0,0,0,7,__MSG_extName__,,,
0,0,0,0,1,1,0,0,0,0,0,37,0.4184681921936353,43.567241986615,0.09021643598287735,4.625273254139059,3.068746274430307,123,16,20,0,0,0,0.06461507176628087,0.0086650228953857,0.0011271574498062699,0.0,0.0014089468122578373,0.0,0.0,31,0,2,1,0,0,8,0,0,0,0,0,0,0,0,8,__MSG_fullName__,,,
0,1,0,0,0,1,0,0,0,0,0,50,0.4719978400430433,39.60198942663907,0.09841652945051955,3.312471652411113,2.636134646843271,271,56,50,0,0,2,0.06512466505614833,0.0017863970152008544,0.0003691447706688112,1.31837418096004e-05,0.00032959354524001003,0.0,0.0,23,2,0,0,0,0,0,0,0,0,0,0,0,0,0,0,مدرستي بلس,,,
0,1,0,0,1,1,1,0,0,0,0,269,0.5242084223258622,42.954632603616325,0.07155963579404338,4.237046375514302,2.6389686122088483,8625,95,204,0,0,0,0.062001478650845473,0.01329303552823826,0.00014641604349943592,0.0,0.0003144091881461571,0.0,0.0,6,0,0,0,0,0,61,0,0,0,0,0,0,0,0,61,__MSG_ext_name__,,,
0,0,0,0,0,1,0,0,0,0,0,6,0.17346062840477633,37.332419320818396,0.08411746363653039,4.921914572721323,3.619417636045509,18,4,45,0,0,0,0.10264363563928175,0.0012655557899177389,0.00028123461998171977,0.0,0.003163889474794347,0.0,0.0,13,1,1,0,0,0,6,0,0,0,0,0,0,0,0,6,__MSG_AppName__,,,
0,0,0,0,0,0,0,0,0,0,0,68,0.20555058786732514,90.59351604945313,0.060516795781152176,2.252845235906086,3.166136080557356,323,54,59,0,0,2,0.007248944472309466,0.0023029646213298728,0.00038501575712635645,1.425984285653172e-05,0.00042066536426768576,0.0,0.0,6,0,0,0,0,0,1,0,0,0,0,0,0,0,0,1,__MSG_app_name__,,,
0,0,0,0,0,1,0,1,0,0,0,12,0.5268890855562574,39.70023998061986,0.09319485024139494,3.4411976329703964,2.7502125733483416,28,6,18,0,0,1,0.05605651934636379,0.00010598513180008176,2.271109967144609e-05,3.7851832785743484e-06,6.813329901433828e-05,0.0,0.0,66,5,0,5,1,0,10,0,0,0,0,0,0,1,0,10,__MSG_appName__,,,
0,0,0,0,1,1,0,0,0,0,0,90,0.42372197885892526,36.23055446855904,0.09620207723914447,3.662867141517671,2.984397789883493,663,7,197,0,0,1,0.037069572903015297,0.004989313988140032,5.267752325336384e-05,7.525360464766262e-06,0.0014824960115589537,0.0,0.0,4,0,0,0,0,0,3,0,0,0,0,0,0,0,0,3,SpeedyApply: Job Application Autofill Tool,,,
1,1,0,0,0,1,1,0,0,0,0,27,0.3315471452753831,40.06439732999156,0.10651858993282488,4.021544327931363,3.183770787861391,167,33,64,0,0,0,0.06229491746525513,0.004270990511751617,0.0008439681849569065,0.0,0.0016367867829467277,0.0,0.0,0,0,0,0,0,0,0,0,0,0,0,0,0,0,0,0,Moonbounce - Multiplayer Internet Browsing,,,
0,0,0,0,0,0,0,0,0,0,0,0,0.0,0.0,0.0,0.0,0.0,0,0,0,0,0,0,0.0,0.0,0.0,0.0,0.0,0.0,0.0,0,0,0,0,0,0,0,0,0,0,0,0,0,0,0,0,__MSG_themeName__,,,
0,1,0,0,1,1,0,0,0,0,0,25,0.422204938404048,29.65888801879405,0.09605418093858796,4.65984350114258,3.1657046796059563,143,18,15,0,0,0,0.06430302610622533,0.005599060297572436,0.0007047768206734534,0.0,0.0005873140172278779,0.0,0.0,2,0,0,1,0,0,6,0,1,0,0,1,0,0,0,6,CJDropshipping,,,
0,0,0,0,0,1,0,0,0,0,0,8,0.5237405651106206,35.22579589164416,0.0837725550617998,3.847150792018103,2.883768770417549,10,2,9,0,0,0,0.061149969142151823,0.0008183975775431705,0.0001636795155086341,0.0,0.0007365578197888534,0.0,0.0,1,0,2,2,0,0,2,0,0,0,0,0,0,0,0,2,Select like a Boss - Select all kinds of text by dragging ↔,,,
0,1,0,0,1,1,0,0,0,0,1,254,0.5238907367429021,45.848056079698495,0.0895978347482187,3.882854281372723,2.9604270061039752,1152,52,351,0,0,33,0.07067249817457029,0.0057354237094051986,0.00025889065354954023,0.00016429599167566976,0.0017475119114593964,0.0,0.0,1,0,0,1,2,0,5,0,0,0,0,0,0,0,0,5,BrightHire,,,
0,1,0,0,0,1,1,0,0,0,0,46,0.4885563197391908,43.02632476512356,0.08773541021002705,3.3885391558315887,2.3841444448503655,143,36,48,0,0,0,0.059616095149286556,0.0022169855198288426,0.0005581222287681003,0.0,0.0007441629716908002,0.0,0.0,29,0,0,11,0,2,4,0,0,0,0,0,0,0,0,4,__MSG_extName__,,1.0,
0,0,0,0,0,0,0,0,0,0,0,0,0.0,0.0,0.0,0.0,0.0,0,0,0,0,0,0,0.0,0.0,0.0,0.0,0.0,0.0,0.0,0,0,0,0,0,0,0,0,0,0,0,0,0,0,0,0,Trái Cây (Fruit),,,
0,0,0,0,0,0,0,0,0,0,1,15,0.3715500864782103,35.488516449410305,0.08358615214494315,5.707926023778072,3.3986963863068693,146,90,24,0,0,0,0.031968295904887714,0.030208979929650322,0.0186219739292365,0.0,0.004965859714463066,0.0,0.0,0,0,0,3,0,2,1,0,0,0,0,0,0,0,0,1,Core Web Vitals Visualizer,,,
0,0,0,0,0,0,0,0,0,0,0,0,0.0,0.0,0.0,0.0,0.0,0,0,0,0,0,0,0.0,0.0,0.0,0.0,0.0,0.0,0.0,0,0,0,0,0,0,0,0,0,0,0,0,0,0,0,0,__MSG_ext_name__,,,
0,0,0,0,1,1,0,0,0,0,0,132,0.41266178582726915,48.12069667496041,0.1000031773500072,4.00947699147199,2.939200591668589,210,13,97,0,0,4,0.05404920170132729,0.004750056548292241,0.00029405111965618636,9.047726758651888e-05,0.002194073738973083,0.0,0.0,0,0,0,0,0,0,3,0,0,0,0,0,0,0,0,3,__MSG_name__,,,
1,1,1,0,1,1,0,1,0,0,1,46,0.45311533290459405,46.34898553009255,0.06512948463058413,6.3786468178954,3.141106028353026,226,43,46,0,0,4,0.06404773156899811,0.0014844299066648276,0.00028243577870171497,2.627309569318279e-05,0.0003021406004716021,0.0,0.0,7,0,0,0,0,1,3,0,0,0,0,0,0,0,0,3,MyPoints Score,,,
0,1,0,0,0,1,1,0,0,0,0,23,0.5500775765396255,41.17036989052277,0.08293469745149545,3.7196420581655483,3.0688276220659394,91,16,22,0,0,2,0.05399552572706935,0.005894927770939949,0.0010364708168685626,0.00012955885210857033,0.0014251473731942735,0.0,0.0,6,0,0,76,0,0,74,0,0,0,0,0,0,0,0,74,__MSG_ext_name__,,,
0,0,0,0,0,1,0,0,0,0,0,10,0.30901951265347033,46.91773754807242,0.08424227950388374,5.811081761267913,2.9282134438746743,59,22,38,0,0,0,0.03365294619272447,0.005534190038457931,0.002063596285526686,0.0,0.0035643935840915485,0.0,0.0,19,14,0,5,0,0,1,0,0,0,0,0,0,0,0,1,Promptalot Helper,,,
0,0,0,0,0,0,0,0,0,0,0,0,0.0,0.0,0.0,0.0,0.0,0,0,0,0,0,0,0.0,0.0,0.0,0.0,0.0,0.0,0.0,0,0,0,0,0,0,0,0,0,0,0,0,0,0,0,0,Together,,,
1,1,0,0,1,1,0,0,0,0,0,111,0.3968796265500322,39.156442986732856,0.10245039749699045,3.9052292242228464,3.1909382958405774,499,37,118,0,0,0,0.053943890394239795,0.007372277871347103,0.0005466418461720296,0.0,0.0017433442661702568,0.0,0.0,2,0,0,22,0,0,10,0,0,0,0,0,0,0,0,10,__MSG_appName__,,,
0,0,0,0,0,0,0,0,0,0,0,0,0.0,0.0,0.0,0.0,0.0,0,0,0,0,0,0,0.0,0.0,0.0,0.0,0.0,0.0,0.0,0,0,0,0,0,0,0,0,0,0,0,0,0,0,0,0,__MSG_appName__,,,
0,0,0,0,1,1,0,1,0,0,0,6,0.5004200606348395,43.32135340780314,0.09677466486466742,3.8919176666931574,3.107576031102928,78,7,12,0,0,0,0.06341889851386792,0.012627489072365225,0.0011332361988020075,0.0,0.001942690626517727,0.0,0.0,0,0,0,0,1,0,1,0,0,0,0,0,0,0,0,1,Crunchbase - B2B Company & Contact Info,,,
0,0,1,0,1,1,0,0,0,0,1,203,0.40708716872844464,35.53740582703541,0.0955137296724329,3.9911869674305525,3.0880366587101036,593,50,344,0,1,8,0.059149266154481815,0.0035094779577560646,0.000295908765409449,4.734540246551183e-05,0.002035852306017009,5.918175308188979e-06,0.0,12,0,0,0,0,0,7,0,0,0,0,0,0,0,0,7,BrowserStack Bug Capture: Report & resolve bugs faster,,,
0,1,0,0,0,1,0,1,0,0,0,72,0.3343480495081045,49.747533865105964,0.08748834494769468,3.51395539825614,2.6974454739370204,293,59,97,0,0,1,0.030138709315920376,0.003457308727049606,0.0006961816208052108,1.1799688488223911e-05,0.0011445697833577194,0.0,0.0,65,0,19,27,1,7,48,0,0,0,3,0,1,0,0,47,Asana2Go,,,
0,1,0,0,1,0,0,0,0,0,1,0,0.15933844292053248,39.00806451612903,0.08430818878580072,5.937869822485207,3.5548468887404407,1,0,0,0,0,0,0.0650887573964497,0.008064516129032258,0.0,0.0,0.0,0.0,0.0,5,0,0,0,1,0,1,0,0,0,0,0,0,0,0,1,TrustedSite,,,
0,0,0,0,1,1,0,0,0,0,1,31,0.4294691770253357,45.33176431280832,0.0937559321041713,4.033476935153705,2.9055760610009567,32,4,31,0,0,0,0.04412024138467368,0.00015722961419783416,1.965370177472927e-05,0.0,0.00015231618875415185,0.0,0.0,8,2,0,0,0,0,2,0,0,0,0,0,0,0,0,2,__MSG_ext_name__,,,
0,0,0,0,0,0,0,0,0,0,0,0,0.0,0.0,0.0,0.0,0.0,0,0,0,0,0,0,0.0,0.0,0.0,0.0,0.0,0.0,0.0,0,0,0,0,0,0,0,0,0,0,0,0,0,0,0,0,__MSG_appName__,,,
0,0,1,0,1,1,0,1,0,0,0,86,0.38760328632971586,40.20480315750744,0.07018153391817945,5.79078544204469,3.3161289816044524,149,25,37,0,3,0,0.053433973544578135,0.0049837776365521625,0.0008362043014349266,0.0,0.0012375823661236914,0.00010034451617219118,0.0,1,0,0,4,2,0,1,0,0,0,0,0,0,0,0,1,Dorsata,,,
0,0,0,0,1,1,0,0,0,0,0,208,0.5109096706854074,45.09712366384786,0.06131909563650753,5.796330123569038,1.9616394732528875,1808,52,174,0,0,4,0.07623465718890772,0.0058001514198822,0.00016681851428864737,1.2832193406819028e-05,0.0005582004131966278,0.0,0.0,4,0,0,0,0,0,5,0,0,0,0,0,0,0,0,4,__MSG_name__,,,
0,0,0,0,1,1,0,0,0,0,0,34,0.3660490433845325,34.95496822198109,0.08805604958232283,5.303721369304914,3.4875259379772583,153,47,80,0,0,0,0.06183236448551697,0.011858626569524106,0.0036428460703766857,0.0,0.0062005890559603165,0.0,0.0,55,18,0,2,0,0,5,0,0,0,0,0,0,0,0,5,__MSG_extensionName__,,,
0,0,0,0,0,1,0,0,0,0,0,5,0.41193174027870105,48.44102659997195,0.08403109454030026,4.972656934946519,2.829956106234919,142,18,18,0,0,4,0.048110643520953886,0.006638305829554486,0.0008414753868449348,0.0001869945304099855,0.0008414753868449348,0.0,0.0,93,4,3,3,0,0,43,0,0,0,0,0,0,0,0,43,FancyGPT,,,
0,0,0,0,1,1,0,0,0,0,0,107,0.4193281613698255,48.878398406468975,0.09192413967534345,3.9526015432369315,2.8723796583619685,226,28,33,0,0,1,0.04032734783967058,0.0026795982973879845,0.000331985629764883,1.1856629634460109e-05,0.0003912687779371836,0.0,0.0,14,0,0,0,0,0,1,0,0,0,0,0,0,0,0,1,__MSG_extName__,,,
0,0,0,0,0,1,0,0,0,0,1,11,0.47140766250538096,40.69879734338539,0.1048127421437796,3.497981941497108,2.9833820998765255,36,6,12,0,0,0,0.04273290891690592,0.006462035541195477,0.0010770059235325794,0.0,0.002154011847065159,0.0,0.0,1,0,0,1,0,0,2,0,0,0,0,0,0,0,0,2,__MSG_extName__,,,
0,0,0,0,0,1,0,0,0,0,0,0,0.3820014936519791,30.916666666666668,0.13965646004480955,3.9473684210526314,2.8246167453560593,2,0,2,0,0,0,0.007017543859649123,0.023809523809523808,0.0,0.0,0.023809523809523808,0.0,0.0,0,0,0,3,0,0,1,0,0,0,0,0,0,0,0,1,Remove YouTube End Cards & End Screen Videos,,,
0,0,0,0,1,0,0,0,0,0,0,4,0.38736464876112675,14.572457245724573,0.09647027089514855,5.420439844760673,3.282661748459589,58,0,3,0,0,0,0.0709357481673135,0.0174017401740174,0.0,0.0,0.0009000900090009,0.0,0.0,10,0,0,0,0,0,1,0,0,0,0,0,0,0,0,1,Humble New Tab Page,,,
0,0,0,0,0,0,0,0,0,0,0,0,0.0,0.0,0.0,0.0,0.0,0,0,0,0,0,0,0.0,0.0,0.0,0.0,0.0,0.0,0.0,0,0,0,0,0,0,0,0,0,0,0,0,0,0,0,0,Harvest Fest,,,
0,1,0,0,0,1,1,1,0,0,1,80,0.4813745833300916,40.954978508171166,0.09677932329818387,3.6251089631832634,2.8606049034059984,703,117,156,0,0,4,0.05942268029489853,0.0021446069085018565,0.00035692604309348107,1.2202599763879695e-05,0.0004759013907913081,0.0,0.0,3,0,0,10,0,1,3,0,0,0,1,0,0,0,0,3,BombBomb Video - Webcam & Screen Recorder,,,
0,0,0,0,0,1,0,0,0,0,0,17,0.528332203267519,45.702855939195004,0.0854528957999137,3.792401908154286,2.71896560521996,743,16,16,0,0,0,0.03900095576130388,0.01304218083519107,0.00028085449981568925,0.0,0.00028085449981568925,0.0,0.0,0,0,0,0,0,0,2,0,0,0,0,0,0,0,0,2,Basketball Box Scores,,,
0,0,0,0,0,0,0,0,0,0,1,9,0.35613471404067887,38.6869282059234,0.09817157429029498,6.588889253271242,3.2947132426509516,48,8,22,0,0,7,0.09136523136457547,0.0024810048069468134,0.00041350080115780223,0.00036181320101307695,0.0011371272031839561,0.0,0.0,2,0,0,0,0,0,1,0,0,0,0,0,0,0,0,1,__MSG_appName__,,,
0,0,0,0,0,0,0,0,0,0,0,0,0.0,0.0,0.0,0.0,0.0,0,0,0,0,0,0,0.0,0.0,0.0,0.0,0.0,0.0,0.0,0,0,0,0,0,0,0,0,0,0,0,0,0,0,0,0,White Raven,,,
0,0,0,0,1,1,0,0,0,0,0,6,0.3463309315089873,32.203799654576855,0.08373435996150144,6.479935794542536,3.5061147054590527,13,2,17,0,0,0,0.018619582664526485,0.011226252158894647,0.0017271157167530224,0.0,0.01468048359240069,0.0,0.0,0,0,1,0,0,0,3,0,0,0,0,0,0,0,0,3,AI Math Solver & Calculator - Symbolab,,,
0,0,0,0,1,1,0,0,1,0,1,45,0.427762101625216,38.73790171020485,0.11362264554731252,3.696121076843509,3.114451272593858,220,35,34,0,0,2,0.06554155211367287,0.00516820146588987,0.0008222138695733885,4.698364968990791e-05,0.0007987220447284345,0.0,0.0,25,1,0,3,0,0,18,7,0,1,0,0,0,0,0,18,Awesome New Tab Page,,,
0,0,0,0,0,1,1,0,0,0,0,1,0.2640961054059291,31.06832298136646,0.06781631466770006,7.338709677419355,3.626179566999325,16,0,2,0,0,0,0.04377880184331797,0.09937888198757763,0.0,0.0,0.012422360248447204,0.0,0.0,0,0,0,5,0,0,1,0,0,0,0,0,0,0,0,1,Click and Clean,,,
1,1,1,0,0,1,0,0,1,0,0,5,0.4425785585185655,39.8230065585088,0.09564849753199944,3.718834870325604,2.877101496427979,16,1,2,0,0,0,0.0273077267436655,0.0006903693476009665,4.3148084225060405e-05,0.0,8.629616845012081e-05,0.0,0.0,0,0,0,0,0,0,3,0,0,0,0,0,0,0,0,3,__MSG_appName__,,,
0,0,0,0,0,0,0,0,0,0,0,0,0.0,0.0,0.0,0.0,0.0,0,0,0,0,0,0,0.0,0.0,0.0,0.0,0.0,0.0,0.0,0,0,0,0,0,0,0,0,0,0,0,0,0,0,0,0,Ririka Color,,,
0,0,1,0,1,1,1,0,0,0,0,11,0.32376361688797267,39.10022286756264,0.024330187217472734,3.898160264798707,3.3576866737232143,145,23,19,0,0,0,0.003489595360890873,0.009792665631120415,0.0015533193759708246,0.0,0.0012831768758019856,0.0,0.0,1,0,0,2,0,0,5,0,0,0,0,0,0,0,0,5,ViBoot,,,
0,1,0,0,1,1,0,0,0,0,0,26,0.2914484051784325,37.82143410252439,0.07302068580319562,6.656701810578762,3.6468712327526833,283,32,97,0,0,0,0.04319587170247787,0.04382840328325848,0.004955861855350782,0.0,0.015022456249032059,0.0,0.0,5,0,1,16,0,3,4,1,0,0,0,0,1,0,0,3,Google Docs SplitView,,,
0,0,0,0,0,1,0,0,0,0,1,0,0.30413671095720257,24.12981792385907,0.1007829261866225,6.362512309880731,3.3016063227367303,127,0,59,0,0,0,0.09399277820330453,0.030030740127689762,0.0,0.0,0.013951288720737764,0.0,0.0,1,0,0,5,2,0,6,0,0,0,1,0,0,0,0,6,__MSG_namechrome__,,,
0,0,0,0,1,1,0,0,0,0,1,80,0.501605455357609,47.72880337803219,0.07817675671912798,4.128120255334433,2.6630097222155027,1441,17,34,0,0,2,0.0381369075800369,0.025458914153460185,0.00030034805038780236,3.533506475150616e-05,0.0006006961007756047,0.0,0.0,0,0,0,0,0,0,1,0,0,0,0,0,0,0,0,1,__MSG_extName__,,,
0,1,0,0,0,1,0,0,0,0,1,90,0.4789898640916123,32.640063175423386,0.06615298605244094,5.995368756720679,2.765960871611576,301,8,38,0,0,0,0.09778263932663428,0.002583668809709788,6.866893846404752e-05,0.0,0.00032617745770422573,0.0,0.0,17,0,0,13,0,4,10,0,0,0,4,0,0,0,0,10,CnCTA SoO SCRIPT PACK,,4.0,
0,1,0,0,1,1,0,1,0,0,0,25,0.5479490616021121,45.2121136796752,0.078821836633153,3.6572461718718436,2.5581323607974045,653,3,13,0,0,2,0.03475617146781948,0.02705277984920043,0.00012428535918468804,8.285690612312537e-05,0.0005385698898003148,0.0,0.0,0,0,0,0,0,0,2,0,0,0,0,0,0,0,0,2,Salesforce Logins by Synebo,,,
0,0,0,0,0,0,0,0,0,0,0,0,0.0,0.0,0.0,0.0,0.0,0,0,0,0,0,0,0.0,0.0,0.0,0.0,0.0,0.0,0.0,0,0,0,0,0,0,0,0,0,0,0,0,0,0,0,0,Pocket Legends,,,
0,1,0,0,1,1,0,0,0,0,0,30,0.4191515210997005,47.711522790242846,0.0870122859768556,4.119707226356864,2.947726409466446,174,19,47,0,0,1,0.05913361867788749,0.003150975172488727,0.00034407200159359663,1.8109052715452455e-05,0.0008511254776262654,0.0,0.0,0,0,0,0,0,0,1,0,0,0,0,0,0,0,0,1,__MSG_appName__,,,
0,0,0,0,0,1,0,0,0,0,1,0,0.5605908006171951,59.99808332492687,0.09809962773144404,3.178587011853683,2.837900615515482,195,18,24,0,0,0,0.05263253581557705,0.019671138908503985,0.0018157974377080602,0.0,0.0024210632502774136,0.0,0.0,6,1,0,6,0,1,3,0,0,0,0,0,0,0,0,3,Dyslexia Friendly,,,
0,0,0,0,0,1,0,0,0,0,0,30,0.5879370246255936,62.847453525131975,0.07563228275663555,3.9339293348903395,2.4337260450721776,94,12,43,0,0,0,0.06340014421450951,0.0014218511291615617,0.00018151291010573128,0.0,0.0006504212612122038,0.0,0.0,1,0,0,0,0,0,0,0,0,0,0,0,0,0,0,0,Rename Email Subject by cloudHQ,,,
0,0,0,0,0,1,0,0,0,0,0,47,0.5323156814929322,42.35845095271701,0.08722619613900494,3.6416777881979514,2.58302910228061,659,4,83,0,0,1,0.047580616072716776,0.011626676076217361,7.057163020465773e-05,1.7642907551164433e-05,0.001464361326746648,0.0,0.0,0,0,0,0,0,0,1,0,0,0,0,0,0,0,0,1,"Highlighty: Search, Find, Multi Highlight",,,
1,1,0,0,0,1,1,1,0,0,0,47,0.4072215536957711,45.154349977746925,0.09046422217703012,4.576039808439662,2.8312861932644076,208,18,116,0,0,0,0.027461825511904504,0.0013816833952212354,0.00011956875535568384,0.0,0.0007705542011810735,0.0,0.0,0,0,0,0,0,0,2,0,0,0,0,0,0,0,0,2,Gopeed,,,
0,0,0,0,0,1,0,0,0,0,0,1,0.28052805280528054,25.39677419354839,0.10634396773010635,5.55727923627685,3.7295483239163487,2,0,3,0,0,0,0.057279236276849645,0.0064516129032258064,0.0,0.0,0.00967741935483871,0.0,0.0,0,0,0,1,0,0,1,0,0,0,1,0,0,0,0,1,Finch Programmer,,,
0,0,0,0,0,0,1,0,0,0,0,0,0.0,0.0,0.0,0.0,0.0,0,0,0,0,0,0,0.0,0.0,0.0,0.0,0.0,0.0,0.0,0,0,0,0,0,0,0,0,0,0,0,0,0,0,0,0,Comprehension Builder 2,,,
0,1,0,0,1,1,0,0,0,0,0,59,0.4531448763844971,53.23512091335651,0.08415623761598028,4.267525466571926,2.811466276878324,109,58,52,0,0,3,0.04640130303403405,0.00041412587146900703,0.00022036055546057257,1.1397959765202029e-05,0.0001975646359301685,0.0,0.0,7,0,1,0,0,0,1,0,0,0,0,0,0,0,0,1,BK Reviews,,,
0,0,1,0,1,1,0,0,0,0,0,3,0.5868050105170628,37.73313069908814,0.06635167802090855,4.198496240601504,3.5325433432090243,27,0,8,0,0,0,0.036734693877551024,0.01641337386018237,0.0,0.0,0.004863221884498481,0.0,0.0,1,0,0,0,0,1,1,0,0,0,0,0,0,0,0,1,Holodex Plus,,,
0,0,0,0,0,1,1,0,0,0,1,30,0.43422027653618533,29.967448621553885,0.09602592943539315,4.156892982313147,2.972290796396407,43,14,26,0,0,2,0.06278588312005869,0.00043107769423558897,0.00014035087719298245,2.0050125313283208e-05,0.0002606516290726817,0.0,0.0,0,0,0,0,0,0,2,0,0,0,0,0,0,0,0,2,BattleTabs,,,
0,1,0,0,0,1,0,0,0,0,0,33,0.4405847938458691,58.87459078317804,0.07549661632156932,4.346155536993889,3.1205002551103127,266,56,55,0,0,0,0.022772233701147403,0.06698564593301436,0.014102241249055654,0.0,0.013850415512465374,0.0,0.0,3,1,0,0,0,0,0,0,0,0,0,0,0,0,0,0,ChatGPT to Word or PDF,,,
0,1,0,0,0,1,0,0,0,0,0,8,0.37731286749322823,36.70342079043507,0.11239181660023344,3.231254356557241,3.2923173200706213,16,4,8,0,0,2,0.03681083413549308,0.002656924609764198,0.0006642311524410495,0.00033211557622052476,0.001328462304882099,0.0,0.0,11,0,0,0,0,0,2,0,0,0,0,0,0,0,0,2,Finsweet Extension for Webflow,,,
0,0,0,0,0,0,0,0,0,0,1,3,0.2603530950305144,33.64150943396226,0.0937227550130776,4.998211091234347,3.172150034167392,15,10,0,0,0,0,0.052772808586762074,0.05660377358490566,0.03773584905660377,0.0,0.0,0.0,0.0,8,0,1,4,0,0,5,0,0,0,0,0,0,0,1,5,WHA Quotes & Clock New Tab,,,
0,1,0,0,1,1,0,0,0,0,0,14,0.48188347964884276,39.88023457503923,0.06546112115732369,5.290375141616915,2.8140817359181067,45,3,4,0,0,1,0.041765851547284134,0.0018584290080118939,0.00012389526720079294,4.129842240026431e-05,0.00016519368960105725,0.0,0.0,2,0,0,0,0,0,1,0,0,0,0,0,0,0,0,1,__MSG_appName__,,,
0,0,0,0,0,0,0,0,0,0,0,0,0.0,0.0,0.0,0.0,0.0,0,0,0,0,0,0,0.0,0.0,0.0,0.0,0.0,0.0,0.0,0,0,0,0,0,0,0,0,0,0,0,0,0,0,0,0,Iceland,,,
0,0,0,0,0,1,0,0,0,0,1,3,0.5757641390051591,48.66424945612763,0.08557383432298257,3.4570055639858372,2.558627532448973,54,3,7,0,0,0,0.042516720058449954,0.006526468455402465,0.00036258158085569254,0.0,0.0008460236886632825,0.0,0.0,1,0,1,3,0,0,1,0,0,0,0,0,0,0,0,1,__MSG_name__,,,
0,0,0,0,0,1,0,0,0,0,1,20,0.4374222522085644,38.6416631842875,0.12603839423137742,3.0449120138580814,3.0436675221953364,50,19,10,0,0,1,0.03794072290174705,0.005223568742164647,0.0019849561220225656,0.00010447137484329294,0.0010447137484329294,0.0,0.0,0,0,0,0,0,0,1,0,0,0,0,0,0,0,0,1,Squadrats Route Planning,,,
0,0,0,0,0,0,0,0,0,0,0,0,0.0,0.0,0.0,0.0,0.0,0,0,0,0,0,0,0.0,0.0,0.0,0.0,0.0,0.0,0.0,0,0,0,0,0,0,0,0,0,0,0,0,0,0,0,0,Pig,,,
0,0,0,0,1,1,0,0,0,0,0,23,0.4450329628166215,33.95829632261503,0.10127950867679923,3.5410168235552932,2.8174890440072735,112,3,56,0,0,0,0.031076684381766185,0.004974240540060401,0.00013323858589447504,0.0,0.0024871202700302007,0.0,0.0,0,0,0,0,0,0,7,0,0,0,0,0,0,0,0,7,Simple Data Layer Viewer,,,
0,0,1,0,1,1,0,1,0,0,0,52,0.45883296829585724,65.70568640399149,0.098050400690594,3.8362807990380206,3.029267598936465,65,156,26,0,0,0,0.04426176952980965,0.0004769242057377651,0.0011446180937706362,0.0,0.00019076968229510602,0.0,0.0,71,0,0,0,0,0,6,0,0,0,0,0,0,0,0,6,Delta Air Lines SkyMiles® Shopping℠,,,
0,0,0,0,0,0,0,0,0,0,0,0,0.19669724770642202,23.8,0.11229357798165138,7.076923076923077,3.4448299569334973,2,1,1,0,0,0,0.05668016194331984,0.01818181818181818,0.00909090909090909,0.0,0.00909090909090909,0.0,0.0,15,3,0,2,0,0,2,0,0,0,0,0,0,0,0,2,__MSG_appName__,,,
0,0,1,0,0,1,0,0,0,0,1,29,0.43820772240636474,50.88520486391429,0.08881852875759286,4.45262766401356,3.0711634522798144,64,10,15,0,0,4,0.061719067896546985,0.00040052819655921247,6.258253071237695e-05,2.503301228495078e-05,9.387379606856542e-05,0.0,0.0,2,0,0,0,0,0,4,0,0,0,0,0,0,0,0,4,PDF.ai - Ultimate ChatPDF extension,,,
0,0,0,0,0,1,0,0,0,0,1,60,0.3975373850969182,39.88252604045028,0.09345688681557295,5.036786851923005,3.154161442153875,212,18,43,0,0,1,0.11810091595295051,0.004951188752393853,0.00042038395067494976,2.3354663926386098e-05,0.0010042505488346023,0.0,0.0,19,0,0,1,0,3,10,0,3,0,0,0,0,0,1,10,__MSG_appName__,,,
0,0,0,0,1,0,0,0,0,0,0,0,0.3103905264732916,18.841815097540287,0.11012547292820042,5.678880291306327,3.485079680791633,93,59,26,0,0,1,0.0646335912608102,0.039440203562340966,0.02502120441051739,0.00042408821034775233,0.01102629346904156,0.0,0.0,6,0,0,1,0,2,3,0,0,0,1,0,0,0,0,3,WebRank SEO,,,
0,1,0,0,1,1,0,0,0,0,0,28,0.3983345412592998,38.618165427090375,0.11742633263436707,3.4623672230652502,3.171954817319115,200,8,40,0,0,3,0.04187215477996965,0.00901510029299076,0.00036060401171963036,0.0001352265043948614,0.001803020058598152,0.0,0.0,0,0,2,0,0,0,1,0,0,0,0,0,0,0,0,1,Email Signature & Email Tracker. MySignature,,,
0,0,0,0,0,0,0,0,0,0,0,0,0.0,0.0,0.0,0.0,0.0,0,0,0,0,0,0,0.0,0.0,0.0,0.0,0.0,0.0,0.0,0,0,0,0,0,0,0,0,0,0,0,0,0,0,0,0,__MSG_ext_name__,,,
0,0,0,0,1,1,1,1,0,0,1,131,0.4928392823881815,51.76309490615845,0.07058321642211736,4.587659790598069,2.4508206038283635,1154,143,264,0,0,11,0.04775134529092611,0.004178782359310102,0.0005178213842126037,3.9832414170200286e-05,0.0009559779400848069,0.0,0.0,0,0,0,0,0,0,2,0,0,0,0,0,0,0,0,2,6sense Chrome Extension – Find & Engage Prospects,,,
1,1,1,0,1,1,0,1,0,0,0,138,0.5810769927889431,57.928372084833654,0.07576263496174107,4.006083287010577,2.6366196928914793,4191,86,447,0,6,7,0.051259717992280414,0.036896827982075414,0.0007571288967927668,6.16267706691787e-05,0.003935309498446125,5.282294628786745e-05,0.0,0,0,0,0,0,0,1,0,0,0,0,0,0,0,0,1,Hix Browser Extension,,,
0,0,0,0,0,1,0,0,0,0,0,16,0.48216582076652154,59.61432819307102,0.08294643403119716,4.086660340919438,3.1298899448488955,88,6,65,0,0,5,0.10321990118416072,0.001217066592905055,8.298181315261738e-05,6.915151096051449e-05,0.0008989696424866883,0.0,0.0,1,0,0,2,1,0,6,1,0,0,0,0,0,0,0,5,super watermelon,,,
1,1,0,0,1,1,0,1,0,0,0,8,0.3480815208341842,37.06158077245008,0.06252925708217745,5.579359571725984,3.234179551864538,93,61,39,0,0,0,0.018208254849476222,0.011120411335645104,0.0072940332416596915,0.0,0.004663398302044721,0.0,0.0,0,0,1,0,0,0,1,0,0,0,0,0,0,0,0,1,"Savewise: Cashback, Miles, & Points Rewards Comparison",,,
0,0,1,0,1,1,0,0,0,0,0,101,0.48525882785507407,43.54274257260418,0.04785812845211768,2.9104255126433327,2.132693136390646,859,76,307,0,0,1,0.008278368629822445,0.0010704023167543509,9.470381382227085e-05,1.2461028134509321e-06,0.0003825535637294362,0.0,0.0,2,0,0,0,0,0,3,0,0,0,0,0,0,0,0,3,SEOwallet - SEO Extension,,,
0,0,0,0,1,1,1,0,0,0,1,350,0.38342752725895185,53.797367746082365,0.09467276921682263,4.471418156963983,3.112836616564516,5546,120,451,0,0,29,0.041113007496623784,0.004284597389995704,9.270675924981691e-05,2.2404133485372418e-05,0.0003484229035138952,0.0,0.0,55,0,0,0,0,0,9,0,0,0,0,0,0,0,0,9,__MSG_EXTENSION_NAME__,,,
0,0,0,0,0,1,0,0,0,0,1,70,0.4004774186963008,76.35657981316275,0.06494719323103082,4.4378548540310545,2.326845087342129,1329,78,142,0,0,0,0.02480640346000464,0.005948890569956536,0.00034914481900422107,0.0,0.0006356226192128127,0.0,0.0,0,0,6,0,0,0,6,0,0,0,0,0,6,0,0,6,30 Seconds of Knowledge,,,
0,1,0,0,0,1,0,0,0,0,1,19,0.5753160291496344,44.67175513961338,0.06527133052418534,4.701974876120317,2.4922001855564675,179,20,33,0,0,0,0.05351722317539923,0.003432801472844431,0.00038355323718932186,0.0,0.0006328628413623811,0.0,0.0,0,0,0,0,0,0,1,0,0,0,0,0,0,0,0,1,Flight Fare Compare - Google Flights Tool,,,
0,0,0,0,1,1,0,0,0,0,1,79,0.5381530682321266,56.030570259521014,0.08156622385910861,3.822405834564254,2.647370927967372,1483,37,135,0,0,0,0.05662966211225997,0.008486651978597385,0.00021173710263526854,0.0,0.0007725542933989528,0.0,0.0,3,0,0,0,0,0,2,0,0,0,0,0,0,0,0,2,__MSG_name__,,,
0,0,0,0,0,0,0,0,0,0,0,0,0.0,0.0,0.0,0.0,0.0,0,0,0,0,0,0,0.0,0.0,0.0,0.0,0.0,0.0,0.0,0,0,0,0,0,0,0,0,0,0,0,0,0,0,0,0,__MSG_themeName__,,,
0,0,0,0,0,1,0,1,0,0,0,4,0.5582348856808762,46.53688749509996,0.0885146512866777,3.4597940403155127,2.6415183680821834,83,3,8,0,0,0,0.05943251533742331,0.006507252058016464,0.00023520188161505292,0.0,0.0006272050176401411,0.0,0.0,0,0,0,0,0,0,0,0,0,0,0,0,0,0,0,0,__MSG_extName__,,,
0,1,0,0,1,1,0,0,0,0,0,56,0.5738251414872942,60.29740731582051,0.07431894087208152,3.861055000336325,2.270415310775245,343,31,79,0,0,1,0.05401378320699066,0.0032622548553384945,0.00029483936010347913,9.51094710011223e-06,0.0007513648209088661,0.0,0.0,7,0,0,19,0,0,1,0,0,0,0,0,1,0,0,1,__MSG_appName__,,,
0,0,0,0,1,1,0,0,0,0,0,0,0.3186379808015037,35.62753534111862,0.08770222192387729,7.1,3.7558680221343064,125,5,50,0,0,0,0.044,0.07682851874615858,0.003073140749846343,0.0,0.03073140749846343,0.0,0.0,0,0,0,9,0,0,4,0,0,0,0,0,3,0,0,4,Merge Windows,,,
0,0,0,0,0,0,0,0,0,0,0,0,0.0,0.0,0.0,0.0,0.0,0,0,0,0,0,0,0.0,0.0,0.0,0.0,0.0,0.0,0.0,0,0,0,0,0,0,0,0,0,0,0,0,0,0,0,0,__MSG_themeName__,,,
1,1,0,0,0,1,1,0,0,0,1,59,0.4684079370908182,31.39784685612717,0.09452150704224474,3.643614041070863,3.0712151666696506,442,56,17,0,0,2,0.07440744439843122,0.008927669716617181,0.0011311074754085115,4.039669555030398e-05,0.0003433719121775839,0.0,0.0,3,0,0,26,0,1,2,0,0,0,0,0,0,0,0,2,FlashSale AutoBuy,,1.0,
0,1,1,0,1,1,0,0,0,0,0,208,0.31296261106826884,60.74887567172745,0.0787751931683599,4.895830862891913,3.1250635751759757,243,10,94,0,0,4,0.03808876164939173,0.00126780403819064,5.217300568685762e-05,2.0869202274743047e-05,0.0004904262534564616,0.0,0.0,0,0,0,0,0,0,2,0,0,0,0,0,0,0,0,2,Scam Sniffer,,,
0,1,0,0,0,1,0,0,0,0,1,6,0.4508346006274725,28.59766897979527,0.10325834924467542,3.6497840498192047,2.8874598766353916,187,14,13,0,0,1,0.07246886299718762,0.007169420695472147,0.0005367480734578077,3.8339148104129126e-05,0.0004984089253536787,0.0,0.0,0,0,0,0,0,0,0,0,0,0,0,0,0,0,0,0,__MSG_appName__,,,
0,0,0,0,0,0,0,0,0,0,0,0,0.3640238704177323,32.85576923076923,0.07899971582836032,7.641666666666667,3.4261362424634307,0,0,0,0,0,0,0.075,0.0,0.0,0.0,0.0,0.0,0.0,0,0,0,0,0,0,1,0,0,0,0,0,0,0,0,1,__MSG_lngExtTitle__,,,
0,0,0,0,1,1,0,1,0,0,0,248,0.41002932884899984,42.62975018636061,0.09187208412592454,4.61249167175314,2.904781955124993,977,84,601,0,0,2,0.0422952094334287,0.001963065436184299,0.0001687794233771557,4.018557699456088e-06,0.0012075765886865545,0.0,0.0,12,3,0,0,0,0,3,0,0,0,0,0,0,0,0,3,__MSG_extName__,,,
0,1,0,0,0,1,0,0,0,0,1,1,0.42423573369565215,22.239705301933956,0.12506227355072463,3.2990141323879363,3.2130028219052997,80,9,7,0,0,0,0.05157593123209169,0.010524930930140772,0.0011840547296408368,0.0,0.0009209314563873174,0.0,0.0,35,0,0,0,0,0,5,0,0,0,0,0,0,0,0,2,__MSG_appName__,,,
0,0,0,0,0,1,0,0,0,0,0,3,0.36786928298370275,49.93635382955771,0.08322302584901464,5.177589134125637,3.3206220311319936,152,14,36,0,0,0,0.04697226938313526,0.08198489751887811,0.007551240560949299,0.0,0.019417475728155338,0.0,0.0,0,0,0,28,0,0,3,0,0,0,0,0,0,0,0,3,WAPPMASTER Contacts Extractor,,,
0,1,0,0,1,1,0,0,0,0,1,26,0.3633961393139818,18.445842269340467,0.070545014616575,6.3665386725178275,3.5650483626138256,874,104,87,0,0,2,0.0438151398793198,0.019323885117955294,0.0022994096707864425,4.421941674589312e-05,0.0019235446284463509,0.0,0.0,1,0,0,8,0,1,2,0,0,0,6,0,0,0,0,2,__MSG_extName__,,,
0,0,0,0,0,1,0,0,0,0,0,15,0.371298147537059,48.19735795002387,0.10938460443478204,4.250189813830595,3.287108709749135,128,12,11,0,0,0,0.07595590245087618,0.020372433550851506,0.0019099156453923284,0.0,0.001750756008276301,0.0,0.0,35,0,0,26,9,1,3,0,0,0,0,0,0,9,0,3,Enhance Salesforce Dashboard,,,
0,1,0,0,0,0,0,0,0,0,0,4,0.3592362730758588,37.89606396063961,0.07736885796734791,5.7683231418482475,3.459649781043973,101,0,7,0,0,0,0.09990526225131341,0.03105781057810578,0.0,0.0,0.002152521525215252,0.0,0.0,0,0,0,0,0,0,1,0,0,0,0,0,0,0,0,1,editGPT,,,
0,1,0,0,0,1,0,0,0,0,0,2,0.35225585140873056,26.676121562952243,0.15077705034616914,4.763487366264512,2.800669038843458,0,0,0,0,0,1,0.0499658547689506,0.0,0.0,0.0002894356005788712,0.0,0.0,0.0,1,0,0,3,0,0,1,0,0,0,0,0,0,0,0,1,Borang,,,
0,1,0,0,1,1,0,0,0,0,1,67,0.5225029767677385,57.18535613567566,0.07332991301853098,3.8783962850928533,2.64866625316736,281,93,58,0,0,7,0.05695984917847857,0.0014540374117099168,0.000481229463662001,3.6221572533698996e-05,0.000300121600993506,0.0,0.0,13,3,0,1,0,0,2,0,0,0,0,0,0,0,0,2,"Jira Assistant: Worklog, Sprint report, etc",,,
0,0,0,0,0,0,0,0,0,0,0,0,0.0,0.0,0.0,0.0,0.0,0,0,0,0,0,0,0.0,0.0,0.0,0.0,0.0,0.0,0.0,0,0,0,0,0,0,0,0,0,0,0,0,0,0,0,0,Pretty in Pink,,,
0,0,0,0,0,1,0,0,0,0,0,70,0.3636562451539855,38.772440555674414,0.09996831773086691,3.7848821915449578,2.9039060670418566,521,16,123,0,0,0,0.052574185289048815,0.0038436852161980715,0.00011804023696577571,0.0,0.0009074343216744008,0.0,0.0,8,0,0,0,0,0,2,0,0,0,0,0,0,0,0,2,SVG Gobbler,,,
0,0,1,0,1,1,0,0,0,0,1,19,0.44940958845331047,51.65421227666249,0.09114901773663896,3.5229041202253626,2.7933839122196447,32,34,18,0,0,1,0.05329476638156838,0.00043085457311736747,0.00045778298393720293,1.3464205409917733e-05,0.0002423556973785192,0.0,0.0,6,0,0,0,0,0,7,0,0,0,0,0,0,0,0,7,__MSG_appName__,,,
0,1,0,0,0,1,0,0,0,0,1,50,0.4541306647480103,44.44592985705281,0.06512501802164927,6.3971509792146914,3.0611017476548783,1002,23,40,0,0,0,0.07436849853747361,0.007797119267911197,0.00017897579157879993,0.0,0.0003112622462239999,0.0,0.0,0,0,0,1,0,1,6,0,0,0,0,0,0,0,0,6,Apex Debugger,,,
0,0,0,0,0,1,0,0,0,0,0,35,0.5982641144925017,48.5839203650993,0.08344039371710017,3.2882263319683926,2.4475290957950517,252,14,53,0,0,1,0.04455565235078078,0.00400718749503077,0.0002226215275017094,1.590153767869353e-05,0.0008427814969707571,0.0,0.0,0,0,0,0,0,0,2,0,0,0,0,0,0,0,0,2,__MSG_ext_fulltitle__,,,
0,0,0,0,0,0,0,0,0,0,0,13,0.3556338456208384,42.22789964534349,0.07399930708986863,5.844429569215322,2.7621185405274646,92,15,14,0,0,0,0.04667201000554885,0.0030211480362537764,0.0004925784841718114,0.0,0.0004597399185603573,0.0,0.0,20,1,0,3,0,0,9,0,0,0,0,0,0,0,0,9,Grammar Checker,,,
0,0,0,0,0,1,0,1,0,0,0,6,0.4760733656478636,37.45418364446129,0.09759168857795532,3.8013700380850137,2.826950318725733,6,5,8,0,0,2,0.06576694016307542,0.0005685587036861556,0.000473798919738463,0.0001895195678953852,0.0007580782715815408,0.0,0.0,0,0,0,0,0,0,0,0,0,0,0,0,0,0,0,0,店小宝-货源比价助手,,,
1,1,0,0,0,1,1,0,0,0,1,86,0.4824559313959028,34.77581607321501,0.08000031070696191,4.25654575889669,2.975046733321718,96,15,36,0,0,9,0.04634448716557071,0.0017785023528104043,0.0002778909926266257,0.0001667345955759754,0.0006669383823039016,0.0,0.0,17,0,0,5,2,3,37,0,0,0,1,0,0,2,0,37,__MSG_extentionTitle__,,,
0,1,0,0,0,1,0,0,0,0,0,35,0.4402974011040418,50.271142054164535,0.09636134632802076,3.445807278262679,3.063610864374137,218,65,85,0,0,3,0.054723861881659785,0.013924374041900868,0.004151762902401635,0.00019161982626469086,0.005429228410832907,0.0,0.0,0,0,0,0,0,0,15,0,0,0,0,0,0,0,0,15,__MSG_extensionName__,,,
0,0,0,0,0,0,0,0,0,0,0,0,0.0,0.0,0.0,0.0,0.0,0,0,0,0,0,0,0.0,0.0,0.0,0.0,0.0,0.0,0.0,0,0,0,0,0,0,0,0,0,0,0,0,0,0,0,0,Dark Hexahedron,,,
0,0,1,0,0,1,0,0,0,0,0,7,0.3438089266969701,35.127922440049765,0.08146549062635071,5.00908970035416,3.3283104343057373,17,6,18,0,1,0,0.033820454243270355,0.0007292694436103127,0.0002573892153918751,0.0,0.0007721676461756252,4.2898202565312514e-05,0.0,16,2,1,2,0,0,3,0,0,0,0,0,0,0,0,3,Tipli: Cashback odmeny a zľavové kupóny,,,
0,0,1,0,1,1,0,1,0,0,0,143,0.5741268605610802,58.930202704719825,0.07587688170081258,4.1287980874438315,2.8020701263581986,433,30,123,0,0,9,0.061467027985777585,0.0032316326835238975,0.0002239006478192077,6.717019434576231e-05,0.0009179926560587516,0.0,0.0,15,0,0,423,2,22,10,0,0,0,0,0,0,1,0,10,__MSG_extName__,,,
0,0,0,0,1,1,1,1,0,0,1,71,0.4567205008444318,44.765522901606744,0.09701670895435655,3.8309737267873207,3.063972831630391,332,34,49,0,0,0,0.06419680452606627,0.005240064395972095,0.000536633100792323,0.0,0.0007733829982007008,0.0,0.0,220,1,0,2,1,1,15,0,0,0,0,1,0,0,0,15,__MSG_appName__,,,
0,1,0,0,0,1,1,0,0,0,0,6,0.3135218311213695,18.045787545787547,0.09434506635891518,6.3973548016101205,3.3334040571082646,1,3,5,0,0,0,0.0655549166187464,0.0009157509157509158,0.0027472527472527475,0.0,0.004578754578754579,0.0,0.0,2,0,0,1,0,0,1,1,0,0,0,0,0,0,0,1,Squeezie,,,
0,0,0,0,0,1,0,0,0,0,0,0,0.3470095488549421,54.90493166963755,0.10811660261792586,3.4463248638838477,3.1131470470806084,18,0,2,0,0,0,0.04166288566243194,0.0015278838808250573,0.0,0.0,0.0001697648756472286,0.0,0.0,0,0,0,0,0,0,2,0,0,0,0,0,0,0,0,2,AntiRickRoll,,,
0,0,0,0,1,1,0,0,0,0,1,41,0.569840844040942,48.34623325102214,0.08133844903129059,3.4558450410875903,2.4713951519870725,164,4,42,0,0,0,0.02555193698640512,0.006638869772902077,0.00016192365299761162,0.0,0.001700198356474922,0.0,0.0,0,0,0,0,0,0,3,0,0,0,0,0,0,0,0,3,__MSG_manifestName__,,,
0,0,0,0,0,1,0,0,0,0,0,5,0.39059350744028476,33.03283473184969,0.08210043312320425,6.173366487083851,3.2961263457018464,268,8,60,0,0,0,0.07086614173228346,0.09777453484129879,0.002918642831083546,0.0,0.021889821233126595,0.0,0.0,62,0,0,0,0,0,6,0,0,0,0,0,0,0,0,6,Unblocked Games — New Tab,,,
1,1,0,0,1,1,0,1,0,0,1,47,0.39812447239383175,75.22919460013158,0.06308801424087367,8.389815259547074,2.5510670278776435,1409,42,99,0,0,1,0.03847863333643982,0.0117341372619236,0.0003497755606818958,8.327989540045138e-06,0.0008244709644644687,0.0,0.0,0,0,0,0,0,0,0,0,0,0,0,0,0,0,0,0,Silktide Accessibility Checker,,,
0,0,0,0,0,0,0,0,0,0,0,0,0.0,0.0,0.0,0.0,0.0,0,0,0,0,0,0,0.0,0.0,0.0,0.0,0.0,0.0,0.0,0,0,0,0,0,0,0,0,0,0,0,0,0,0,0,0,Vocabulary.com,,,
0,0,0,0,0,0,0,0,0,0,0,0,0.0,0.0,0.0,0.0,0.0,0,0,0,0,0,0,0.0,0.0,0.0,0.0,0.0,0.0,0.0,0,0,0,0,0,0,0,0,0,0,0,0,0,0,0,0,Asana,,,
0,0,0,0,0,0,0,0,0,0,0,0,0.0,0.0,0.0,0.0,0.0,0,0,0,0,0,0,0.0,0.0,0.0,0.0,0.0,0.0,0.0,0,0,0,0,0,0,0,0,0,0,0,0,0,0,0,0,Drive Migrator,,,
0,0,0,0,0,1,0,0,0,0,0,30,0.39280199338138777,35.57752808988764,0.11158895133630513,3.8045556191169587,3.0662350128759397,77,8,46,0,0,0,0.054594622705288885,0.003327571305099395,0.00034572169403630077,0.0,0.0019878997407087296,0.0,0.0,3,0,1,0,0,0,1,0,0,0,0,0,0,0,0,1,QuickAnimate for Google Slides™,,,
0,0,0,0,0,0,1,0,0,0,0,0,0.0,0.0,0.0,0.0,0.0,0,0,0,0,0,0,0.0,0.0,0.0,0.0,0.0,0.0,0.0,0,0,0,0,0,0,0,0,0,0,0,0,0,0,0,0,__MSG_ext_name__,,,
0,0,0,0,0,1,0,0,0,0,0,197,0.5942362622851682,56.43029863654137,0.07530763302850414,3.8579965828578593,2.5322181109107027,1476,98,168,0,0,0,0.051573243881539076,0.0042128217057361165,0.0002797130942832923,0.0,0.0004795081616285011,0.0,0.0,30,0,0,0,0,0,2,0,0,0,0,0,0,0,0,2,__MSG_appName__,,,
0,0,0,0,0,0,0,0,0,0,0,0,0.0,0.0,0.0,0.0,0.0,0,0,0,0,0,0,0.0,0.0,0.0,0.0,0.0,0.0,0.0,0,0,0,0,0,0,0,0,0,0,0,0,0,0,0,0,Black Hole,,,
0,0,0,0,0,0,0,0,0,0,0,0,0.0,0.0,0.0,0.0,0.0,0,0,0,0,0,0,0.0,0.0,0.0,0.0,0.0,0.0,0.0,0,0,0,0,0,0,0,0,0,0,0,0,0,0,0,0,Cloud9,,,
1,1,0,0,0,1,1,0,0,0,1,95,0.561930927184566,61.75311230894189,0.07873044477376215,3.5236736311525503,2.5653123976856724,143,198,45,0,0,5,0.06191189153832687,0.00042235841394078124,0.0005848039577641586,1.4767776711216126e-05,0.00013290999040094513,0.0,0.0,0,0,0,0,0,0,16,0,0,0,0,0,0,0,0,16,__MSG_appName__,,,
0,0,0,0,0,0,0,0,0,0,0,0,0.0,0.0,0.0,0.0,0.0,0,0,0,0,0,0,0.0,0.0,0.0,0.0,0.0,0.0,0.0,0,0,0,0,0,0,0,0,0,0,0,0,0,0,0,0,My Cloud Player,,,
0,0,0,0,0,0,0,0,0,0,0,0,0.0,0.0,0.0,0.0,0.0,0,0,0,0,0,0,0.0,0.0,0.0,0.0,0.0,0.0,0.0,0,0,0,0,0,0,0,0,0,0,0,0,0,0,0,0,Finance41 Personal Finance Manager,,,
1,1,0,0,0,1,0,0,0,0,0,3,0.4405339918778135,15.75850057190392,0.04844769442212411,4.439341765445997,2.066324164176329,0,14,15,0,0,1,0.015197669028541156,0.0,0.0007278777165436207,5.199126546740148e-05,0.0007798689820110222,0.0,0.0,0,0,0,1,0,0,2,0,3,0,0,0,0,0,0,2,CloudFlare Purge Plugin,,,
1,1,0,0,1,1,0,0,0,0,1,184,0.39560377934422275,43.12099169498515,0.08337409166305816,4.256861594957732,3.0887918886025876,1038,44,177,0,0,7,0.045718870411510286,0.0027091783203094413,0.00011483992879924414,1.8269988672607024e-05,0.00046196971357877756,0.0,0.0,94,7,0,0,0,0,1,0,0,0,0,0,0,0,0,1,Spekit - AI Sales & Enablement Assistant,,,
1,0,0,0,0,1,0,0,0,0,0,7,0.39025155050415483,21.151380586393397,0.11415771576617909,4.0664918796882965,3.2454882795380566,127,10,16,0,0,0,0.055519141601728446,0.007230287503558213,0.000569313976658127,0.0,0.0009109023626530031,0.0,0.0,0,0,0,2,0,0,23,0,0,0,0,0,0,0,0,23,BizniSoft,,,
1,0,0,0,1,1,0,0,0,0,1,16,0.40280617779910977,28.243799269371276,0.10973877824751961,4.003471570651154,3.2433821865571284,108,18,10,0,0,0,0.07634327891411773,0.010382618727167852,0.0017304364545279755,0.0,0.0009613535858488752,0.0,0.0,5,0,0,5,0,0,9,0,0,0,0,0,0,0,0,9,__MSG_name__,,,
1,1,1,0,1,0,0,0,0,0,0,52,0.436196179403271,40.40837048971486,0.08231479860271286,5.99876873918893,2.73009823368836,114,10,49,0,0,6,0.06727488948683452,0.0021357113417512833,0.00018734310015362134,0.00011240586009217281,0.0009179811907527446,0.0,0.0,36,0,0,0,0,0,0,0,0,0,0,0,0,0,0,0,ReadPaper Importer,,,
0,1,0,0,0,1,0,1,0,0,0,47,0.35903484489478116,30.626908270277447,0.10098156702337754,4.394826600421916,3.3106177211026533,132,11,14,0,0,1,0.041324106385915105,0.008761449621664676,0.0007301208018053897,6.637461834594451e-05,0.0009292446568432231,0.0,0.0,9,0,0,18,0,0,2,0,0,0,0,1,0,0,0,2,FinalScout - Find Anyone's Email,,,
0,0,0,0,0,0,0,0,0,0,0,0,0.0,0.0,0.0,0.0,0.0,0,0,0,0,0,0,0.0,0.0,0.0,0.0,0.0,0.0,0.0,0,0,0,0,0,0,0,0,0,0,0,0,0,0,0,0,The Lantern Corps Standard,,,
0,0,0,0,0,1,0,0,0,0,0,0,0.2895038480432291,25.218884120171673,0.12592107417717374,3.9203980099502487,3.3270989913872073,1,0,0,0,0,0,0.04477611940298507,0.004291845493562232,0.0,0.0,0.0,0.0,0.0,2,0,0,12,0,0,1,0,0,0,0,0,0,0,0,1,Open-as-Popup,,,
0,0,1,0,1,1,0,0,0,0,0,8,0.5765096105828413,42.590701424348296,0.073280051952429,3.9381651518682514,2.510871955339139,117,3,9,0,0,0,0.04484839068852119,0.010481053480247245,0.0002687449610319806,0.0,0.0008062348830959419,0.0,0.0,6,0,0,0,0,0,1,0,0,0,0,0,0,0,0,1,Get Google Tag Manager Size,,,
0,1,0,0,0,1,0,0,0,0,1,13,0.25771155590580425,38.997238423997146,0.06133234448917787,4.175756763740418,2.2619118584438755,81,11,12,0,0,0,0.009972150711544534,0.001928341864063802,0.0002618735864778003,0.0,0.0002856802761576003,0.0,0.0,19,0,0,7,0,0,2,0,0,0,0,0,0,0,0,2,PubmedX,,,
0,0,1,0,1,1,1,1,0,0,0,189,0.5079539975254455,57.44774615152863,0.07253377966339615,4.4764891451768465,2.8607354968770506,2056,65,95,0,2,3,0.05686744560462214,0.0036870722924407843,0.00011656600146335165,5.379969298308538e-06,0.00017036569444643703,3.5866461988723586e-06,0.0,7,0,0,0,1,0,59,0,0,0,0,0,0,0,0,59,__MSG_scriptcat__,,,
0,0,0,0,0,0,0,0,0,0,0,4,0.2593120070113935,15.100529100529101,0.0913672217353199,6.98125,3.916876226387025,14,2,10,0,0,0,0.0225,0.024691358024691357,0.003527336860670194,0.0,0.01763668430335097,0.0,0.0,1,0,0,0,0,0,1,0,0,0,0,0,0,0,0,1,Home page by Scott,,,
0,0,0,0,1,1,0,0,0,0,1,0,0.5390543756864082,49.659798717567625,0.07841085062734213,4.079236051309009,2.683853396543371,20,1,3,0,0,0,0.08294452024112207,0.0001698585927215593,8.492929636077964e-06,0.0,2.5478788908233894e-05,0.0,0.0,1,0,3,0,0,0,6,0,0,0,0,0,0,0,0,6,__MSG_appName__,,,
0,0,0,0,0,1,0,0,0,0,0,107,0.3976804079921489,56.24260912581565,0.07339521114706021,4.602266907256095,2.781455378679528,410,36,57,0,0,2,0.0444187441611222,0.0013797420218941503,0.00012114807997119367,6.7304488872885375e-06,0.00019181779328772332,0.0,0.0,91,0,0,0,0,17,110,1,2,0,0,0,0,0,0,110,Chrome MySQL Admin,1.0,,
0,0,0,0,0,1,0,0,0,0,1,23,0.5378441341558334,55.57620392276578,0.07813841222221173,3.6883775164122525,2.3691060297718276,224,41,47,0,0,0,0.06449895376882817,0.005698440560685848,0.0010430181383398204,0.0,0.001195654939072477,0.0,0.0,38,2,0,2,0,0,2,0,0,0,0,0,0,0,0,2,__MSG_extName__,,,
0,1,0,0,0,1,0,0,0,0,1,45,0.399465008738872,59.57070841071902,0.08933580192474203,3.5954645389194932,2.8631046170967034,241,23,22,0,0,0,0.04894271386576419,0.010657115061466348,0.0010170690722561245,0.0,0.0009728486778102061,0.0,0.0,34,0,2,0,0,0,2,0,0,0,0,0,0,0,0,2,JumpSeat,,,
0,0,0,0,0,1,0,0,0,0,0,50,0.5845349248141581,53.031804091754495,0.06405598128653539,4.287897501770334,2.3799379926305755,118,4,80,0,0,0,0.08541519138821643,0.00243852035544534,8.266170696424881e-05,0.0,0.0016532341392849763,0.0,0.0,3,0,0,0,0,0,6,0,0,0,0,0,0,0,0,6,__MSG_app_name__,,,
0,0,0,0,0,1,0,0,0,0,1,25,0.10157395909551685,200.18945420906567,0.051332762976112126,31.385861221097347,3.4501517222042177,35,41,17,0,0,0,0.08429242614889122,0.002158495220474869,0.002528522972556275,0.0,0.0010484119642306506,0.0,0.0,46,15,1,0,0,0,1,0,0,0,0,0,0,0,0,1,Vue Telescope,,,
0,1,0,0,0,1,0,0,0,0,1,7,0.29124530308356295,64.37402521984403,0.06179466940434026,6.942253482898609,3.0545239087516833,56,3,24,0,0,0,0.03697514181688464,0.0011614401858304297,6.222000995520159e-05,0.0,0.0004977600796416127,0.0,0.0,0,0,0,0,0,0,1,0,0,0,0,0,0,0,0,1,YouTube Monetization & RPM Checker by TubeLab,,,
0,0,0,0,0,1,0,0,0,0,0,336,0.43751505580576383,46.31150196490048,0.0629688136858541,5.313469643252227,2.2616445077830534,2484,164,277,0,0,5,0.04770552818989788,0.004801586611228058,0.0003170129646704515,9.665029410684496e-06,0.0005354426293519211,0.0,0.0,22,0,1,3,0,0,1,0,0,0,0,0,0,0,0,1,Lavender,,,
0,0,0,0,0,1,0,0,0,0,1,1,0.29081177520071366,30.150793650793652,0.09430355549891678,6.039189189189189,3.742312341139025,17,1,7,0,0,0,0.060810810810810814,0.06746031746031746,0.003968253968253968,0.0,0.027777777777777776,0.0,0.0,0,0,0,1,0,0,1,0,0,0,0,0,0,0,0,1,Chrome Cat,,,
0,0,0,0,0,0,0,0,0,0,0,0,0.0,0.0,0.0,0.0,0.0,0,0,0,0,0,0,0.0,0.0,0.0,0.0,0.0,0.0,0.0,0,0,0,0,0,0,0,0,0,0,0,0,0,0,0,0,__MSG_appName__,,,
0,0,0,0,0,1,0,0,0,0,0,9,0.4550883063444179,35.65628641033789,0.07989325797242161,5.393151756506898,3.1874693358696624,133,21,18,0,0,2,0.06634902574313753,0.007043745365956996,0.0011121703209405784,0.00010592098294672174,0.0009532888465204957,0.0,0.0,1,0,0,1,0,0,3,0,0,0,0,0,0,0,0,3,PiratBit - доступ из RUS,,,
0,0,0,0,0,0,0,0,0,0,0,0,0.0,0.0,0.0,0.0,0.0,0,0,0,0,0,0,0.0,0.0,0.0,0.0,0.0,0.0,0.0,0,0,0,0,0,0,0,0,0,0,0,0,0,0,0,0,SculptGL,,,
0,0,1,0,1,1,0,1,0,0,1,54,0.4316453646705288,48.49385560368143,0.07031172586646288,4.141950762675858,2.6235175121747116,1253,148,125,0,0,6,0.0373453853472883,0.005020494676993473,0.000593003361687976,2.4040676825188218e-05,0.0005008474338580879,0.0,0.0,339,0,0,5,0,0,5,0,0,0,0,0,0,0,0,5,join.me for Google Calendar,,,
0,0,0,0,0,1,0,0,0,0,1,34,0.40544056067754636,47.82978406552495,0.10070938640820522,4.041657553621159,3.121077095263248,82,14,10,0,0,0,0.08290684280361023,0.006105733432613552,0.0010424422933730455,0.0,0.0007446016381236039,0.0,0.0,85,0,0,2,0,1,3,0,0,0,0,0,0,0,0,3,GQueues Chrome Extension,,,
0,0,0,0,0,0,1,0,0,0,0,0,0.0,0.0,0.0,0.0,0.0,0,0,0,0,0,0,0.0,0.0,0.0,0.0,0.0,0.0,0.0,0,0,0,0,0,0,0,0,0,0,0,0,0,0,0,0,__MSG_appName__,,,
0,0,0,0,0,0,0,0,0,0,0,0,0.26951476793248946,26.1,0.09757383966244726,6.590361445783133,3.6993030989910296,0,0,0,0,0,0,0.024096385542168676,0.0,0.0,0.0,0.0,0.0,0.0,0,0,0,0,0,0,0,0,0,0,0,0,0,0,0,0,Save Webpages Offline As MHTML,,,
0,0,0,0,0,0,0,0,0,0,0,12,0.4075598749451824,48.039195282691644,0.11842365856073787,3.1727962968189902,3.2752191144893015,65,9,7,0,0,2,0.06266053233227017,0.011272979535206382,0.0015608740894901144,0.000346860908775581,0.0012140131807145335,0.0,0.0,35,0,0,0,0,0,4,0,0,0,0,0,0,0,0,4,Z3X Free Downloads,,,
0,1,0,0,1,1,0,0,0,0,0,0,0.3915568862275449,29.92962962962963,0.08910179640718563,5.174395819725669,3.3501199456009774,0,0,0,0,0,0,0.04768125408229915,0.0,0.0,0.0,0.0,0.0,0.0,0,0,0,0,0,0,0,0,0,0,0,0,0,0,0,0,Viio Extension - Silent Edition,,,
0,1,0,0,0,1,0,0,0,0,0,1,0.39458947541793626,28.89714129394064,0.13052787614263361,2.8127929150909856,3.343954546078457,27,6,5,0,0,0,0.03277416852516241,0.0036930652441526466,0.0008206811653672548,0.0,0.000683900971139379,0.0,0.0,16,0,0,0,0,0,2,0,0,0,0,0,0,0,0,2,Focused Youtube,,,
0,0,0,0,0,1,0,0,0,0,0,14,0.6674881058461787,47.678008053492924,0.053899926157207415,4.260608968130587,2.5700151634430477,118,9,90,0,0,3,0.035116271537763956,0.0006227471593757752,4.7497664698152344e-05,1.5832554899384112e-05,0.0004749766469815234,0.0,0.0,0,0,0,6,0,0,3,0,0,0,6,0,0,0,0,3,Green Madness,,,
0,0,0,0,0,1,0,0,0,0,0,17,0.3991044600247452,48.36874848509332,0.11874905896292805,3.578718611468095,3.093101116257227,136,15,28,0,0,0,0.0406769381831834,0.010988123131615093,0.0012119253453987235,0.0,0.002262260644744284,0.0,0.0,4,0,0,6,0,0,5,0,0,0,0,0,0,0,0,5,__MSG_EXT_NAME__,,,
0,0,0,0,0,0,1,0,0,0,0,0,0.0,0.0,0.0,0.0,0.0,0,0,0,0,0,0,0.0,0.0,0.0,0.0,0.0,0.0,0.0,0,0,0,0,0,0,0,0,0,0,0,0,0,0,0,0,__MSG_appName__,,,
0,0,0,0,0,1,0,0,0,0,0,0,0.2951858407079646,29.849344978165938,0.09178761061946902,4.5346025989725,3.4595807896921853,83,1,6,0,0,0,0.03505590812934421,0.0906113537117904,0.001091703056768559,0.0,0.006550218340611353,0.0,0.0,0,0,0,0,0,0,0,0,0,0,0,0,0,0,0,0,__MSG_appName__,,,
0,0,0,0,0,0,0,0,0,0,0,0,0.0,0.0,0.0,0.0,0.0,0,0,0,0,0,0,0.0,0.0,0.0,0.0,0.0,0.0,0.0,0,0,0,0,0,0,0,0,0,0,0,0,0,0,0,0,Zoho Docs,,,
0,0,0,0,1,1,0,0,0,0,0,0,0.3221467202884482,28.19838056680162,0.10061017889335737,7.067333939945405,3.4352228630460155,28,0,1,0,0,0,0.040036396724294813,0.05668016194331984,0.0,0.0,0.0020242914979757085,0.0,0.0,9,0,0,1,0,0,3,0,0,0,0,0,0,0,0,1,Images ON/OFF,,,
1,1,0,0,1,1,0,0,0,0,1,139,0.38207763189238175,40.6390004666441,0.09749760691108257,4.357280345507212,2.965814873306306,518,65,172,0,0,1,0.04607251546257878,0.004739640043553449,0.0005947424765076722,9.149884253964188e-06,0.0015737800916818402,0.0,0.0,132,1,0,0,0,0,27,0,0,0,0,0,0,0,0,27,GoPlus,,,
0,1,0,0,0,1,0,0,0,0,0,17,0.4900832462039904,62.90788735120488,0.08301899432799638,3.8130334266647457,2.807855106695393,95,12,15,0,0,0,0.06135664152300249,0.00036775379850962936,4.6453111390690024e-05,0.0,5.8066389238362525e-05,0.0,0.0,52,0,0,0,0,0,2,0,0,0,0,0,0,0,0,2,Seller Assistant — Amazon Product Research Tool,,,
0,1,0,0,1,1,0,1,0,0,0,30,0.4508553928145153,36.10470959083674,0.10495773714345315,3.5828665107569906,2.9496666530441247,119,7,46,0,0,1,0.04233646965588507,0.003713991448456665,0.00021847008520333323,3.121001217190475e-05,0.0014356605599076184,0.0,0.0,0,0,0,0,0,0,1,0,0,0,0,0,0,0,0,1,スプシディファイ,,,
0,0,0,0,1,1,1,0,0,0,0,10,0.4786501559560396,40.30757465404224,0.07993518435255763,6.495421421696687,2.173215565414359,7,0,10,0,0,0,0.10336862367661212,0.0005098324836125273,0.0,0.0,0.0007283321194464676,0.0,0.0,0,0,0,3,0,1,3,0,0,0,1,0,0,0,0,3,ActivityWatch Web Watcher,,,
0,1,0,0,0,1,0,0,0,0,0,2,0.3768484949123147,36.51548710849628,0.11733964335464349,3.7297103470257778,3.175155895358096,77,9,7,0,0,0,0.05135662775409379,0.01332410451635231,0.0015573628655476727,0.0,0.001211282228759301,0.0,0.0,3,0,0,7,0,0,2,0,0,0,1,0,0,0,0,2,Fiverr Seller Assistant,,,
0,0,0,0,0,0,0,0,0,0,0,0,0.0,0.0,0.0,0.0,0.0,0,0,0,0,0,0,0.0,0.0,0.0,0.0,0.0,0.0,0.0,0,0,0,0,0,0,0,0,0,0,0,0,0,0,0,0,InspirARTion - Sketch & Draw!,,,
0,0,0,0,0,0,0,0,0,0,0,0,0.0,0.0,0.0,0.0,0.0,0,0,0,0,0,0,0.0,0.0,0.0,0.0,0.0,0.0,0.0,0,0,0,0,0,0,0,0,0,0,0,0,0,0,0,0,__MSG_name__,,,
0,0,0,0,1,1,0,0,0,0,0,40,0.5185125328914423,43.15682086589442,0.09163225774143911,3.5585138440812565,2.842212913299676,463,27,34,0,0,0,0.054944990014299054,0.011634042767042743,0.0006784430987260347,0.0,0.0008543357539513029,0.0,0.0,36,0,0,0,0,0,4,0,0,0,0,0,0,0,0,4,Free Password Manager & Authenticator & SSO,,,
0,0,1,1,1,1,0,0,0,0,1,29,0.36678780105458175,49.30224403927069,0.09541579146296882,4.452008733624454,3.166371953585111,270,19,78,0,1,3,0.09139737991266375,0.021037868162692847,0.001480442574411719,0.0002337540906965872,0.006077606358111267,7.791803023219573e-05,0.0,235,0,0,10,0,3,15,0,0,0,9,0,0,0,0,15,WASP.inspector: Analytics Solution Profiler,,,
1,1,1,0,1,1,0,0,0,0,0,7,0.44653517247854285,37.71730823003076,0.0916537321050164,3.2476750446636156,2.728903195406686,92,13,7,0,0,0,0.05904162893712831,0.0021437226209339174,0.000302917326871097,0.0,0.00016310932985366764,0.0,0.0,0,0,0,1,0,0,17,0,0,0,0,0,0,0,0,16,Free Link Checker by LRT,,,
0,0,0,0,0,0,0,0,0,0,0,0,0.0,0.0,0.0,0.0,0.0,0,0,0,0,0,0,0.0,0.0,0.0,0.0,0.0,0.0,0.0,0,0,0,0,0,0,0,0,0,0,0,0,0,0,0,0,__MSG_appName__,,,
0,0,0,0,0,0,0,0,0,0,0,100,0.4044815155882524,41.84677064489317,0.09030642461256166,4.685003063998905,3.195327989257651,475,58,103,0,0,1,0.0841677524526865,0.011611988461350413,0.0014178849068596294,2.4446291497579817e-05,0.002517968024250721,0.0,0.0,374,0,0,3,0,11,32,3,0,0,0,0,0,0,0,32,Melanto Calculator,,,
0,0,0,0,0,0,0,0,0,0,0,0,0.3254302103250478,38.63636363636363,0.05162523900573614,5.419580419580419,3.404519746099259,0,0,0,0,0,0,0.038461538461538464,0.0,0.0,0.0,0.0,0.0,0.0,0,0,0,0,0,0,0,0,0,0,0,0,0,0,0,0,WebConf : Partage d'Écran,,,
1,1,1,0,1,1,1,1,0,0,0,26,0.43465603217098414,21.916597135900012,0.08364262685120995,5.4507068539168575,3.1381861172238765,191,26,16,0,5,0,0.08025008164979237,0.003252337085156742,0.00044272651420981834,0.0,0.0002724470856675805,8.513971427111891e-05,0.0,8,0,0,68,0,0,11,0,0,0,0,0,0,0,0,10,无忧易售产品采集,,,
0,0,0,0,0,1,0,0,0,0,0,3,0.26038531005418425,28.339955849889623,0.11536724864539434,7.1045454545454545,3.9456510935444165,0,3,3,0,0,0,0.02727272727272727,0.0,0.006622516556291391,0.0,0.006622516556291391,0.0,0.0,2,0,1,8,0,0,1,0,0,0,0,0,0,0,0,1,Ethereum Gas Prices,,,
0,1,0,0,0,1,0,0,0,0,0,20,0.4579967555848327,70.11151990986868,0.08233402821150933,4.1638444349724235,2.5530230435862027,30,3,33,0,0,1,0.07937381330646724,0.0005281132274759709,5.281132274759709e-05,1.760377424919903e-05,0.0005809245502235679,0.0,0.0,0,0,0,0,0,0,1,0,0,0,0,0,0,0,0,1,Askify - Youtube Notes,,,
0,0,0,0,0,0,0,0,0,0,0,0,0.1225296442687747,30.75,0.09881422924901186,7.875,4.448884070537637,0,0,0,0,0,0,0.0,0.0,0.0,0.0,0.0,0.0,0.0,0,0,0,0,0,0,1,0,0,0,0,0,0,0,0,1,Онлайн радио,,,
0,1,0,0,0,1,0,1,1,0,0,483,0.30869251690125393,53.22639706414552,0.06828969304847815,4.5055817256892885,3.0306317696394656,6358,134,465,0,0,4,0.02912612601235118,0.00621873759040057,0.00013106493191470216,3.9123860273045425e-06,0.00045481487567415303,0.0,0.0,1378,0,1,0,0,0,1,0,0,0,0,0,0,0,0,1,__MSG_extName__,,,
0,0,0,0,0,0,0,0,0,0,0,3,0.3130261301153229,47.13817330210773,0.08641915235268356,4.401936026936027,3.176746190846978,7,18,5,0,0,0,0.013047138047138047,0.01639344262295082,0.04215456674473068,0.0,0.0117096018735363,0.0,0.0,0,0,0,0,0,0,0,0,0,0,0,0,0,0,0,0,Sorteio de Comentários,,,
0,1,0,0,1,1,0,0,0,0,0,22,0.4133968164231578,40.68549992520396,0.08001121848665266,6.361070720423001,3.051611594083534,3,4,9,0,0,1,0.0775978556216494,3.452124782803816e-05,4.602833043738421e-05,1.1507082609346052e-05,0.00010356374348411447,0.0,0.0,7,0,1,0,0,0,1,0,0,0,0,0,0,0,0,1,OptimAI Lite Node,,,
1,1,0,0,1,1,0,0,0,0,1,133,0.40916996685809726,66.30696011102017,0.06876533443279871,2.9804804321636946,2.612538781646538,1507,59,140,0,0,5,0.022968752199734925,0.006703021029783297,0.00026242749884353985,2.22396185460627e-05,0.0006227093192897556,0.0,0.0,72,0,0,0,0,0,2,0,0,0,0,0,0,0,0,2,WABiz Free Bulk Sender (Lite),,,
0,0,0,0,0,1,0,0,0,0,0,424,0.3525076475538899,42.93867723530942,0.07507794316890327,4.228484611291649,3.07847421921351,1138,235,324,0,0,14,0.06022755089626382,0.004291311414209595,0.0008861671198060237,5.2792934796954605e-05,0.0012217793481580923,0.0,0.0,87,1,6,120,0,6,318,3,0,0,7,0,1,0,0,309,__MSG_lngTitle__,,,
0,0,0,0,0,1,0,0,0,0,0,10,0.3553671711209362,78.6407728944354,0.11494978987485603,4.19352448913827,3.502895554953114,41,8,4,0,0,8,0.059612439412513166,0.0012359076385120879,0.00024115270995357812,0.00024115270995357812,0.00012057635497678906,0.0,0.0,2,0,1,0,0,0,4,0,0,0,0,0,0,0,0,4,__MSG_appName__,,,
0,0,0,0,0,1,0,0,0,0,0,9,0.5251364041537265,43.817201017811705,0.09392667957372637,3.607418970242997,2.747172456373341,134,4,38,0,0,1,0.048992735898917145,0.006819338422391858,0.0002035623409669211,5.089058524173028e-05,0.0019338422391857507,0.0,0.0,1,0,1,3,0,0,1,0,0,0,0,0,0,0,0,1,__MSG_name__,,,
0,0,0,0,0,0,0,0,0,0,0,0,0.22978686685650185,20.464814814814815,0.09241522133057209,6.158757549611734,3.2050202410096347,11,2,1,0,0,0,0.06729939603106126,0.020370370370370372,0.003703703703703704,0.0,0.001851851851851852,0.0,0.0,0,0,0,0,0,0,0,0,0,0,0,0,0,0,0,0,JDE Data Selection Import Tool,,,
0,0,0,0,0,1,0,0,0,0,0,2,0.7499677336086732,44.146030589949014,0.03588022715539494,4.38718820861678,3.0915294931874313,1,0,2,0,0,0,0.020597127739984882,0.0003641660597232338,0.0,0.0,0.0007283321194464676,0.0,0.0,0,0,0,0,0,0,1,0,0,0,0,0,0,0,0,1,Google Meet Volume Control,,,
0,0,0,0,0,0,0,0,0,0,0,0,0.0,0.0,0.0,0.0,0.0,0,0,0,0,0,0,0.0,0.0,0.0,0.0,0.0,0.0,0.0,0,0,0,0,0,0,0,0,0,0,0,0,0,0,0,0,Lamborghini Alston SC18,,,
0,0,0,0,0,0,0,0,0,0,0,0,0.0,0.0,0.0,0.0,0.0,0,0,0,0,0,0,0.0,0.0,0.0,0.0,0.0,0.0,0.0,0,0,0,0,0,0,0,0,0,0,0,0,0,0,0,0,__MSG_appName__,,,
0,0,0,0,0,1,0,0,0,0,0,15,0.5182395831897562,37.758427266413804,0.10301718790919491,3.2642879296247216,3.2105488743232504,34,2,28,0,0,0,0.04904559167676995,0.0018163363427533522,0.00010684331427960895,0.0,0.0014958063999145255,0.0,0.0,0,2,0,0,0,0,4,0,0,0,0,0,0,0,0,4,SummYT - YouTube Summarizer,,,
0,0,0,0,1,1,1,0,0,0,0,43,0.5771259554284188,60.63613058720421,0.07522794043021673,3.8848705625212987,2.294256137326185,182,23,68,0,0,0,0.05774920974394529,0.001993865030674847,0.00025197195442594217,0.0,0.0007449605609114811,0.0,0.0,2,0,0,0,0,0,0,0,0,0,0,0,0,0,0,0,__MSG_appName__,,,
0,0,0,0,0,1,0,0,0,0,1,27,0.4998714953774231,47.29401730737227,0.08128269150419327,5.938597320454096,2.5870257643209307,367,10,99,0,0,5,0.08887704854635924,0.00508958784046153,0.00013868086758750763,6.934043379375382e-05,0.0013729405891163256,0.0,0.0,12,0,0,0,0,0,7,0,1,0,0,0,0,0,0,7,signNow - Sign and Fill PDF & Word Documents,,,
0,1,0,0,0,0,0,0,1,0,0,0,0.3633938100320171,13.455012853470437,0.08626823194592671,5.946058091286307,3.406749398369817,0,0,0,0,0,0,0.02074688796680498,0.0,0.0,0.0,0.0,0.0,0.0,0,0,0,0,0,0,0,0,0,0,0,0,0,0,0,0,Copyright Free Images Filter,,,
0,0,0,0,1,0,0,0,0,0,0,7,0.38137226866033974,15.825781439302157,0.11098995825712704,4.354386463236487,3.266470762538365,81,11,10,0,0,3,0.08068901152410322,0.002803835369863962,0.000380767766277822,0.000103845754439406,0.00034615251479802,0.0,0.0,23,0,0,12,0,2,8,0,0,0,0,4,0,0,0,8,Decreased Productivity,,2.0,
0,0,0,0,0,1,0,0,0,0,0,5,0.4529786436867741,40.712890625,0.0990539527913076,4.375904860392968,3.2602916734814014,2,0,3,0,0,0,0.03257497414684592,0.00390625,0.0,0.0,0.005859375,0.0,0.0,2,0,0,4,0,1,1,0,1,0,0,0,0,0,0,1,巴哈自動簽到,,,
0,1,0,0,0,1,0,0,0,0,0,0,0.30493346316131126,30.850129198966407,0.09055501460564752,6.448730009407337,3.7617833637033007,22,8,8,0,0,0,0.01599247412982126,0.056847545219638244,0.020671834625323,0.0,0.020671834625323,0.0,0.0,0,0,0,1,0,0,2,0,0,0,0,0,0,0,0,2,Ziteboard,,,
1,1,0,0,1,0,0,0,0,0,0,7,0.4415899819052217,44.1655292942743,0.07810052736512757,5.195181133199949,3.1194371233055844,67,33,11,0,0,0,0.06353497083989613,0.00557589880159787,0.0027463382157123834,0.0,0.0009154460719041278,0.0,0.0,0,0,1,1,0,0,7,0,0,0,0,0,0,0,0,7,Resources Saver,,,
1,1,0,0,1,1,0,0,0,0,1,14,0.40186678583761604,38.79739288601455,0.10277478721891568,3.82828484566052,2.829500487694346,58,4,16,0,0,0,0.03588309699753678,0.005860953920776071,0.0004042037186742118,0.0,0.0016168148746968471,0.0,0.0,1,0,0,0,0,0,0,0,0,0,0,0,0,0,0,0,__MSG_appName__,,,
0,0,0,0,1,1,0,0,0,0,1,157,0.3993811316031763,40.747012052754464,0.07222630431026678,5.3049258222696904,2.8764964761276333,133,70,91,0,0,0,0.04017213287285711,0.0008392755726635956,0.00044172398561241876,0.0,0.0005742411812961444,0.0,0.0,3,0,0,5,0,1,4,0,1,0,0,0,0,0,0,4,ANNEXX,,,
0,0,0,0,0,0,0,0,0,0,0,0,0.0,0.0,0.0,0.0,0.0,0,0,0,0,0,0,0.0,0.0,0.0,0.0,0.0,0.0,0.0,0,0,0,0,0,0,0,0,0,0,0,0,0,0,0,0,Trickster Spades,,,
0,0,0,0,0,0,0,0,0,0,0,0,0.36213592233009706,14.266666666666667,0.06019417475728155,7.611510791366906,3.487592316469116,0,0,0,0,0,0,0.0,0.0,0.0,0.0,0.0,0.0,0.0,0,0,0,0,0,0,0,0,0,0,0,0,0,0,0,0,ShareX,,,
0,0,0,0,0,1,1,0,0,0,0,7,0.3585100879461976,20.18076001369394,0.08421171753750646,5.667814425516491,3.160201142918513,27,4,3,0,0,1,0.06886553098948894,0.009243409791167409,0.0013693940431359123,0.00034234851078397807,0.0010270455323519343,0.0,0.0,0,0,0,3,0,0,0,0,0,0,0,0,0,0,0,0,fillUp Formularze - dodatek,,,
0,0,0,0,0,1,0,1,0,0,1,38,0.44714021182724695,39.95413522254736,0.05470950344496307,3.4567169291779476,2.643279415743213,88,5,27,0,0,2,0.03218645217815195,0.0009035371425637867,5.13373376456697e-05,2.053493505826788e-05,0.00027722162328661635,0.0,0.0,3,0,0,0,0,0,2,0,0,0,0,0,0,0,0,2,__MSG_displayName__,,,
0,1,1,0,0,1,0,1,0,0,1,33,0.4527113266145057,38.34852935092872,0.10424871577592787,3.2259152215799616,2.7394988955467436,40,2,36,0,2,2,0.03986258043407133,0.001654738758118562,8.27369379059281e-05,8.27369379059281e-05,0.001489264882306706,8.27369379059281e-05,0.0,12,2,0,0,0,0,1,0,0,0,0,0,0,0,0,1,ChatGPT / Gemini / Claude対応のプロンプト管理ツール丨「チャプロAI」拡張機能,,,
0,0,0,0,1,1,0,0,0,0,0,103,0.37234707920651683,35.01381567387102,0.09879689430216484,4.007162468345995,2.9967486839571342,372,59,235,0,0,1,0.04590430494468879,0.004085397996837111,0.0006479529081005095,1.0982252679669654e-05,0.0025808293797223688,0.0,0.0,5,0,0,0,0,0,2,0,0,0,0,0,0,0,0,2,__MSG_extensionName__,,,
0,0,0,0,0,0,0,0,0,0,0,0,0.0,0.0,0.0,0.0,0.0,0,0,0,0,0,0,0.0,0.0,0.0,0.0,0.0,0.0,0.0,0,0,0,0,0,0,0,0,0,0,0,0,0,0,0,0,Rabbit,,,
0,1,0,0,1,1,0,1,0,0,0,16,0.3187087889007264,40.741501279377296,0.060686138226530455,6.021156041330282,3.353487658753376,59,3,31,0,0,0,0.02187760606114374,0.0012686262283097167,6.450641838862967e-05,0.0,0.0006665663233491732,0.0,0.0,8,0,1,0,0,0,2,0,0,0,0,0,0,0,0,2,Zoho Mail Bookmarks,,,
0,0,0,0,0,1,0,0,0,0,0,47,0.498524447855844,40.433017832128115,0.07285753447188793,5.39666429020026,3.032192185067654,132,18,38,0,0,7,0.051272991063903636,0.0004997539090599326,6.814826032635445e-05,2.650210123802673e-05,0.0001438685495778594,0.0,0.0,0,0,0,3,0,0,1,0,0,0,0,0,0,0,0,1,Gather Meetings,,,
0,0,0,0,1,1,0,0,0,0,1,13,0.4081585170981144,30.647625212395823,0.10553403643336529,3.935712919575404,3.225542623591839,89,19,9,0,0,0,0.07946829874725064,0.007201229872967068,0.0015373412088356662,0.0,0.0007282142568168946,0.0,0.0,9,0,0,6,0,0,10,0,0,0,0,0,0,0,0,10,__MSG_name__,,,
0,0,0,0,0,1,0,0,0,0,0,229,0.4538269404216907,55.97997111714747,0.1673683128290628,2.279959656595424,2.2798280407841416,977,150,143,0,0,26,0.021853664545656983,0.004199188529381425,0.0006447065295877316,0.00011174913179520682,0.0006146202248736375,0.0,0.0,0,0,0,0,0,0,6,0,0,0,0,0,0,0,0,6,__MSG_extName__,,,
0,0,0,0,0,1,0,0,0,0,0,11,0.3874349407517064,29.388153877467943,0.12437787617140139,3.052218802739998,3.3111736306545008,40,3,29,0,0,0,0.02412389556239452,0.008141664970486465,0.0006106248727864848,0.0,0.005902707103602686,0.0,0.0,2,0,0,0,0,0,2,0,0,0,0,0,0,0,0,2,__MSG_ExtensionName__,,,
0,0,0,0,1,1,0,0,0,0,1,21,0.6101189255983227,66.58080243996736,0.07195540584047716,3.9774893440020036,2.723001485403733,18,2,33,0,0,0,0.06572503276188262,0.00038661454529833754,4.2957171699815284e-05,0.0,0.0007087933330469522,0.0,0.0,0,0,0,0,0,0,2,0,0,0,0,0,0,0,0,2,DocSend Extension,,,
0,0,0,0,0,1,0,0,0,0,0,36,0.5314876951814133,46.71858766274743,0.04739695343914538,5.027932390338559,2.242238210850642,1254,28,34,0,0,2,0.018411827785804614,0.006330679563617271,0.00014135488658794545,1.0096777613424676e-05,0.0001716452194282195,0.0,0.0,0,0,0,0,0,0,4,0,0,0,0,0,0,0,0,4,__MSG_name__,,,
0,0,0,0,1,1,0,0,0,0,1,19,0.07190824483137212,178.52422542394493,0.03497015242191028,28.400815360411492,3.4976163080289027,138,16,42,0,0,3,0.06790592345398733,0.0021994134897360706,0.0002550044625780951,4.7813336733392836e-05,0.0006693867142674996,0.0,0.0,0,0,0,2,0,0,2,14,0,0,0,0,0,0,0,2,__MSG_extensionName__,,,
0,0,0,0,0,1,1,0,0,0,1,47,0.4376343101829006,31.99297577627519,0.10038243580968148,4.488851438942183,2.9437174065308342,113,15,16,0,0,2,0.07173105176734941,0.0037090527145014116,0.0004923521302435501,6.564695069914002e-05,0.0005251756055931202,0.0,0.0,137,0,0,4,0,2,19,0,1,0,0,0,0,0,0,19,Memo Notepad,,,
0,0,0,0,0,0,0,0,0,0,0,0,0.0,0.0,0.0,0.0,0.0,0,0,0,0,0,0,0.0,0.0,0.0,0.0,0.0,0.0,0.0,0,0,0,0,0,0,0,0,0,0,0,0,0,0,0,0,__MSG_extName__,,,
0,0,0,0,1,1,0,0,0,0,0,39,0.41901848551281423,38.47005959572648,0.11719689929306137,3.454451409796401,2.5595861476625683,564,112,186,0,0,1,0.045902585886913844,0.007656489689532058,0.0015204376688432457,1.357533632895755e-05,0.002525012557186104,0.0,0.0,6,0,0,12,0,2,11,0,0,0,0,0,0,0,0,11,Pro Sender - Free Bulk WhatsApp Sender,,,
0,0,0,0,0,1,0,0,0,0,0,14,0.3467544289194848,39.74819439343861,0.10855742048673803,4.057539124251153,3.186776247565251,196,10,65,0,0,4,0.050816761908659774,0.004798628963153384,0.0002448280083241523,9.793120332966091e-05,0.0015913820541069898,0.0,0.0,1,0,8,0,0,0,2,0,0,0,0,0,0,0,0,2,SuiteFiles,,,
0,0,0,0,0,0,1,0,0,0,0,0,0.0,0.0,0.0,0.0,0.0,0,0,0,0,0,0,0.0,0.0,0.0,0.0,0.0,0.0,0.0,0,0,0,0,0,0,0,0,0,0,0,0,0,0,0,0,Michigan eLibrary,,,
0,0,0,0,0,0,0,0,0,0,0,0,0.18688608240847046,20.484931506849314,0.0977165454777395,7.333806818181818,3.697225586223951,29,0,13,0,0,0,0.024147727272727272,0.07945205479452055,0.0,0.0,0.03561643835616438,0.0,0.0,9,0,0,7,0,0,5,0,0,0,0,0,0,0,0,5,Plugins,,,
0,0,0,0,0,1,0,0,0,0,0,14,0.4439382901540265,38.452647375460806,0.09149310738032493,3.808623191798137,3.0189776943804976,96,9,65,0,0,0,0.05384423325999095,0.0031318304896747464,0.00029360910840700745,0.0,0.0021205102273839428,0.0,0.0,0,0,0,0,0,0,2,0,0,0,0,0,0,0,0,2,Pixel Perfect Pro,,,
0,0,0,0,0,0,0,0,0,0,0,0,0.0,0.0,0.0,0.0,0.0,0,0,0,0,0,0,0.0,0.0,0.0,0.0,0.0,0.0,0.0,0,0,0,0,0,0,0,0,0,0,0,0,0,0,0,0,Onshape,,,
0,0,0,0,0,0,0,0,0,0,0,0,0.0,0.0,0.0,0.0,0.0,0,0,0,0,0,0,0.0,0.0,0.0,0.0,0.0,0.0,0.0,0,0,0,0,0,0,0,0,0,0,0,0,0,0,0,0,__MSG_appName__,,,
0,0,0,0,1,1,0,0,0,0,0,298,0.505801833485583,47.197133248023825,0.08921560249528056,3.709326743768574,2.6722290085771245,619,206,315,0,0,31,0.051097352206559046,0.0013633370261632964,0.0004537115143612909,6.827697546213601e-05,0.0006937821700184788,0.0,0.0,2,0,0,1,0,0,11,0,0,0,0,0,0,0,0,11,__MSG_appName__,,,
0,0,0,0,0,0,0,0,0,0,0,0,0.0,0.0,0.0,0.0,0.0,0,0,0,0,0,0,0.0,0.0,0.0,0.0,0.0,0.0,0.0,0,0,0,0,0,0,0,0,0,0,0,0,0,0,0,0,MolView,,,
0,0,0,0,0,0,0,0,0,0,0,0,0.0,0.0,0.0,0.0,0.0,0,0,0,0,0,0,0.0,0.0,0.0,0.0,0.0,0.0,0.0,0,0,0,0,0,0,0,0,0,0,0,0,0,0,0,0,Beach Blue,,,
0,1,0,0,0,1,0,1,0,0,0,38,0.2984753659437164,39.90871369294606,0.09130548530565973,6.6352926957585066,3.6339576671036173,339,46,52,0,0,0,0.08719020603165124,0.008577067098471815,0.0011638498127719867,0.0,0.0013156563100900718,0.0,0.0,45,0,0,3,0,0,6,0,0,0,0,0,0,0,0,5,"Fellow: AI Meeting Notes, Agendas, and Action items",,,
0,0,0,0,0,0,0,0,0,0,0,0,0.0,0.0,0.0,0.0,0.0,0,0,0,0,0,0,0.0,0.0,0.0,0.0,0.0,0.0,0.0,0,0,0,0,0,0,0,0,0,0,0,0,0,0,0,0,__MSG_appName__,,,
0,0,1,0,0,1,0,0,0,0,0,58,0.4974928494588022,40.733157796749914,0.04988171653776149,4.240051022563123,1.748990946351766,484,85,203,0,0,0,0.011099941712634842,0.0128726827841166,0.0022606984228303946,0.0,0.005399079762759648,0.0,0.0,24,2,0,11,2,0,7,0,0,0,0,0,0,1,0,7,__MSG_extensionTitle__,,,
0,0,0,0,0,0,0,0,0,0,0,15,0.37573903162911043,45.83996394476994,0.10577938260298334,4.1574292544963045,2.9408817890926557,30,3,11,0,0,0,0.06098723377658328,0.0012291555701233253,0.00012291555701233252,0.0,0.00045069037571188593,0.0,0.0,1,0,0,0,0,0,1,0,0,0,0,0,0,0,0,1,Document Preview Exporter for Google Drive,,,
0,0,0,0,1,1,0,0,1,0,0,62,0.4311135438660416,63.39170434509366,0.06754893795607378,4.34239329388034,2.874738130103248,358,55,94,0,0,7,0.04275803399004338,0.0031248363388788995,0.00048007262189480297,6.110015187752039e-05,0.0008204877537838451,0.0,0.0,5,0,0,0,0,0,1,0,0,0,0,0,0,0,0,1,__MSG_appName__,,,
0,0,0,0,0,0,0,0,0,0,0,0,0.0,0.0,0.0,0.0,0.0,0,0,0,0,0,0,0.0,0.0,0.0,0.0,0.0,0.0,0.0,0,0,0,0,0,0,0,0,0,0,0,0,0,0,0,0,Undergrowth,,,
0,0,0,0,0,1,0,0,0,0,0,13,0.5146144077131416,49.67000451430213,0.08432846942345822,3.5029756872823183,2.654178655544754,40,6,51,0,0,0,0.035877320528860786,0.001641564410883572,0.00024623466163253583,0.0,0.0020929946238765545,0.0,0.0,0,0,0,0,0,0,1,0,0,0,0,0,0,0,0,1,LocatorJS,,,
0,1,0,0,1,1,1,0,0,0,0,117,0.4471098742510401,40.50125641828855,0.07519159343548915,5.387314037847239,3.1030164121564106,1856,291,177,0,0,0,0.05774193516455343,0.006319545646459556,0.0009908339348705447,0.0,0.0006026721871893004,0.0,0.0,1,0,0,9,0,0,3,0,0,0,0,0,0,0,0,3,Super Dispatch: Connection,,,
0,0,0,0,0,0,0,0,0,0,0,0,0.0,0.0,0.0,0.0,0.0,0,0,0,0,0,0,0.0,0.0,0.0,0.0,0.0,0.0,0.0,0,0,0,0,0,0,0,0,0,0,0,0,0,0,0,0,Quizizz Teacher,,,
0,0,0,0,1,0,0,0,0,0,1,18,0.44958877875378755,39.97384450017915,0.10571949507889938,4.012331888655556,3.173005949816708,68,9,11,0,0,0,0.10741253742013315,0.012182013615191688,0.0016123253314224292,0.0,0.001970619849516302,0.0,0.0,0,0,0,1,0,0,9,1,0,0,0,0,0,0,0,9,TabCloud,,,
0,1,0,0,1,1,0,0,0,0,1,78,0.3131299441435822,44.194970057834084,0.08177625298893268,5.802654619111768,2.9979084680132395,101,30,78,0,0,1,0.020516531072848097,0.0008628127696289905,0.0002562810206818784,8.542700689395945e-06,0.0006663306537728837,0.0,0.0,6,0,0,1,0,0,1,0,0,0,0,0,0,0,0,1,Jibble Time Tracker,,,
0,0,0,0,0,1,0,0,0,0,0,114,0.4977735785069427,56.70621260393193,0.07025385804123593,4.162566371100782,2.600621894870214,1865,112,310,0,0,14,0.05225648192443886,0.0027869597183452183,0.00016736701793815788,2.0920877242269734e-05,0.00046324799607882984,0.0,0.0,0,0,0,0,0,0,0,0,0,0,0,0,0,0,0,0,MARKS Question Practice for YT,,,
0,1,0,0,1,1,0,0,0,0,0,60,0.2266184677397129,94.33069204539102,0.0306377586472792,2.349989893158852,3.204303613656277,386,56,48,0,0,0,0.005483795971710557,0.005394376432444519,0.0007826038347587903,0.0,0.000670803286936106,0.0,0.0,19,0,0,3,0,2,14,0,0,0,0,0,0,0,0,14,__MSG_appName__,,,
0,0,0,0,0,1,0,0,0,0,0,147,0.41678800378986575,48.730984462966404,0.0977151678599803,3.8593735921980197,2.7952868645933893,219,21,102,0,0,7,0.05349103822386265,0.0037025139900928165,0.000355035588091092,0.000118345196030364,0.001724458570728161,0.0,0.0,0,0,0,0,0,0,1,0,0,0,0,0,0,0,0,1,__MSG_name__,,,
0,0,0,0,0,1,0,0,0,0,1,47,0.5317953461082431,46.72698987300115,0.08635992800048392,3.677791232232493,2.4885642667195382,142,14,58,0,0,0,0.04498637736460086,0.0021241267894272337,0.00020942095107029065,0.0,0.0008676010830054898,0.0,0.0,0,0,0,1,0,0,2,0,0,0,0,0,0,0,0,2,Pericles: Text to Speech Screen Reader,,,
0,0,0,0,1,0,0,0,0,0,0,3,0.2911692073453776,33.941290950373016,0.08542993482741333,6.26521427840851,3.1556006999916595,43,7,36,0,0,0,0.037537076812928304,0.013947453778786896,0.0022705157314304248,0.0,0.01167693804735647,0.0,0.0,34,0,0,0,0,0,13,0,0,0,0,0,0,0,0,13,SoundCloud Player,,,
0,0,0,0,1,1,0,0,0,0,0,142,0.5188191031515552,58.787008886810106,0.06535818816625796,5.42665197665044,2.553617703519129,144,27,142,0,0,4,0.07911803160087288,0.001403180542563143,0.00026309635173058936,3.897723729342064e-05,0.0013836919239164328,0.0,0.0,14,0,0,0,0,0,4,0,0,0,0,0,0,0,0,4,__MSG_extName__,,,
0,0,0,0,1,0,1,0,0,0,0,2,0.3590763642653291,34.77010309278351,0.10870881259188792,5.405046910384988,3.4731216261013507,87,8,12,0,0,0,0.09058557101261727,0.08969072164948454,0.008247422680412371,0.0,0.012371134020618556,0.0,0.0,0,0,0,1,0,0,4,0,0,0,0,0,0,0,0,4,NeoBux AdAlert,,,
1,1,1,0,1,1,0,1,0,0,0,86,0.5258247225072185,43.42077578516719,0.0659308500619359,5.672266308113637,2.841597683585584,712,52,98,0,0,0,0.06323209159600092,0.004380325448337384,0.0003199114091482359,0.0,0.0006029099633947522,0.0,0.0,0,0,0,2,0,0,1,0,0,0,0,0,0,0,0,1,Swordfish AI: Unlimited Contact Finder for Recruiters,,,
1,1,0,0,1,1,0,0,0,0,0,3,0.4586869230024373,56.24218950064021,0.06628911192520248,4.071277809452594,2.5513922666555473,48,4,2,0,0,3,0.020321614835418247,0.00016173596603544712,1.3477997169620595e-05,1.0108497877215445e-05,6.738998584810297e-06,0.0,0.0,0,0,0,0,1,0,3,0,0,0,0,0,0,0,0,3,Userlane,,,
0,0,0,0,0,0,0,0,0,0,1,3,0.3423430137712303,92.72176949941793,0.07476875429574607,6.189232814280289,3.0830336903476385,39,8,8,0,0,6,0.03949867071781238,0.015133876600698487,0.0031043849437330227,0.002328288707799767,0.0031043849437330227,0.0,0.0,5,0,0,0,0,0,3,0,0,0,0,0,0,0,0,2,__MSG_appName__,,,
0,0,0,0,0,0,0,0,0,0,0,21,0.4412348220412303,23.575801506365394,0.07747098660461231,5.425798917780957,3.2370158468392445,135,30,18,0,0,0,0.08633904047630796,0.0022495500899820035,0.0004999000199960008,0.0,0.00029994001199760045,0.0,0.0,13,0,0,0,0,0,2,0,0,0,0,0,0,0,0,2,TextAloud for Chrome,,,
0,0,0,0,1,1,0,0,0,0,0,165,0.3658908117636533,53.71053042690357,0.09774781891938711,3.8413299737177637,2.920442212348253,369,36,166,0,0,8,0.05068147110310392,0.00384306945645042,0.00037493360550735805,8.331857900163512e-05,0.0017288605142839288,0.0,0.0,2,0,0,0,0,0,4,0,0,0,0,0,0,0,0,4,__MSG_name__,,,
0,0,0,0,0,1,0,0,0,0,0,30,0.5859175154856218,60.18867617990306,0.07762403709247563,3.8509295413485636,2.514462628659905,93,12,43,0,0,0,0.061533306136721255,0.0012591048170913326,0.00016246513768920418,0.0,0.000582166743386315,0.0,0.0,1,0,0,0,0,0,0,0,0,0,0,0,0,0,0,0,__MSG_appName__,,,
0,0,0,0,0,1,0,0,0,0,0,6,0.3931182818942829,42.69468713105077,0.1230375970730811,3.578822764831492,3.24159268968802,78,8,10,0,0,0,0.05380187540618327,0.018417945690672965,0.0018890200708382527,0.0,0.0023612750885478157,0.0,0.0,0,0,0,0,0,0,3,0,0,0,0,0,0,0,0,3,Pop in Hotel,,,
0,0,1,0,1,1,0,0,0,0,0,18,0.24288206326578715,72.46846930271322,0.06501336681022911,11.484278265671293,2.7975493049153606,24,3,8,0,2,0,0.04907135044441377,0.0011112140012964164,0.00013890175016205206,0.0,0.00037040466709880546,9.260116677470137e-05,0.0,48,8,2,0,0,0,2,0,0,0,0,0,0,0,0,2,Tag Explorer,,,
0,0,0,0,0,0,0,0,0,0,0,0,0.0,0.0,0.0,0.0,0.0,0,0,0,0,0,0,0.0,0.0,0.0,0.0,0.0,0.0,0.0,0,0,0,0,0,0,0,0,0,0,0,0,0,0,0,0,Lando Norris in Motion,,,
0,0,0,0,0,1,0,0,0,0,0,0,0.2198473282442748,28.818181818181817,0.09923664122137404,7.672727272727273,2.9944506283013155,0,0,0,0,0,0,0.0,0.0,0.0,0.0,0.0,0.0,0.0,0,0,0,0,0,0,0,0,0,0,0,0,0,0,0,0,__MSG_appName__,,,
1,1,0,0,1,1,0,1,0,0,0,54,0.4732775441581923,52.99505797901712,0.0959489613927727,3.6067520031268323,2.6193197840890634,106,28,24,0,0,0,0.05450947820988861,0.0029265599116510216,0.0007730535615681944,0.0,0.0006626173384870238,0.0,0.0,0,0,0,0,0,0,1,0,0,0,0,0,0,0,0,1,LoveDeals: Automatic Coupons & Deals,,,
0,0,0,0,0,1,0,0,0,0,1,0,0.30786002398342965,33.36329588014981,0.09996729532323122,7.176911544227886,3.5046351388339447,14,1,5,0,0,0,0.044977511244377814,0.052434456928838954,0.003745318352059925,0.0,0.018726591760299626,0.0,0.0,0,0,0,3,0,0,1,0,0,0,0,0,0,0,0,1,VeriBlock on X (Twitter) : 認証アカウントの表示を制御,,,
1,1,0,0,1,1,0,0,0,0,0,3,0.4754008728722529,18.50984094019918,0.09229511210892517,3.425582015283455,3.0772556542081286,25,13,11,0,0,1,0.06066731828683135,0.001179968848822391,0.0006135838013876433,4.7198753952895644e-05,0.000519186293481852,0.0,0.0,2,0,0,4,0,0,8,0,0,0,1,0,0,0,0,8,New Tab Changer,,,
0,0,0,0,0,1,0,0,0,0,0,6,0.47961364378703747,14.727179336659818,0.09441463300825906,4.136593091161041,3.088160315452895,40,0,20,0,0,0,0.06898940908640998,0.0058702670971529205,0.0,0.0,0.0029351335485764602,0.0,0.0,0,0,0,0,0,0,3,0,0,0,0,0,0,0,0,3,AutoScroll,,,
0,0,0,0,0,0,0,0,0,0,0,0,0.0,0.0,0.0,0.0,0.0,0,0,0,0,0,0,0.0,0.0,0.0,0.0,0.0,0.0,0.0,0,0,0,0,0,0,0,0,0,0,0,0,0,0,0,0,piZap Photo Editor,,,
1,1,0,0,0,1,1,0,0,0,0,28,0.36204563296543835,47.4778979320812,0.10823408047250023,4.374310067268441,3.091020576350085,77,45,34,0,0,0,0.08629189903984362,0.0029216467463479417,0.001707455890722823,0.0,0.0012900777841016885,0.0,0.0,16,0,1,4,0,0,2,0,0,0,0,0,0,0,0,2,Ranorex Selocity,,,
0,0,0,0,1,1,0,0,0,0,0,104,0.47720023672521256,43.70552679168628,0.09785528730638626,3.642276511058379,3.07201493926384,176,7,96,0,0,1,0.06365151852475306,0.0043599970272747545,0.00017340897267570046,2.477271038224292e-05,0.0023781801966953203,0.0,0.0,0,0,0,0,0,0,2,0,0,0,0,0,0,0,0,2,__MSG_name__,,,
1,1,0,0,0,1,0,0,0,0,0,5,0.19955479045470734,97.57460503218256,0.0627567375044521,22.204825642831985,3.353769078451423,26,0,8,0,0,2,0.10778443113772455,0.015213575190169689,0.0,0.0011702750146284377,0.004681100058513751,0.0,0.0,0,0,0,1,0,0,2,0,0,0,0,0,0,0,0,2,Gmail Mod,,,
0,0,0,0,1,1,0,1,0,0,0,201,0.46558559776053227,47.75488880641754,0.07832439726006221,3.8997812720462135,2.546778325742821,236,30,156,0,0,11,0.05365063153637939,0.0006737274829427046,8.564332410288618e-05,3.140255217105827e-05,0.00044534528533500816,0.0,0.0,170,0,0,0,0,0,2,0,0,0,0,0,0,0,0,2,__MSG_extName__,,,
0,0,0,0,0,1,0,0,0,0,0,30,0.5871728735702759,63.10718514076603,0.07599531436180725,3.936259998131642,2.492335665703832,93,12,43,0,0,0,0.06372067402627943,0.0014299552562387565,0.0001845103556437105,0.0,0.000661162107723296,0.0,0.0,1,0,0,0,0,0,0,0,0,0,0,0,0,0,0,0,Email Privacy Protector: Is My Email Tracked?,,,
0,1,0,0,0,0,0,0,0,0,0,52,0.4201600475880449,34.4352636892989,0.09991732982355889,3.764667999504609,3.057175346676792,388,17,117,0,0,2,0.045961677960404096,0.0053664541292651555,0.00023512814483893723,2.766213468693379e-05,0.0016182348791856267,0.0,0.0,1,1,0,1,0,0,2,0,0,0,0,0,0,0,0,2,Hackertab.dev - developer news,,,
0,0,0,0,1,1,1,1,0,0,0,181,0.47913197329176244,50.50651301656501,0.08086940416270662,3.9305745196140967,2.747513882265541,1581,78,172,0,0,9,0.0433838137192367,0.003326467190850006,0.00016411413085787505,1.8936245868216353e-05,0.00036189269881480143,0.0,0.0,40,0,2,0,0,0,1,0,0,0,0,0,0,0,0,1,__MSG_extName__,,,
0,0,0,0,1,0,0,0,0,0,0,0,0.26359399274987055,30.66393442622951,0.1320559295701709,5.395939086294416,3.6311326176342757,10,0,7,0,0,0,0.07868020304568528,0.08196721311475409,0.0,0.0,0.05737704918032787,0.0,0.0,0,0,0,0,0,1,1,0,0,0,0,0,0,0,0,1,Export Tabs,,,
0,0,0,0,0,1,0,0,0,0,0,19,0.36483185734402007,43.93837156995052,0.1110161969528106,3.788545376834307,3.3143230737237785,101,17,12,0,0,0,0.07134919504202877,0.015144699355225671,0.002549107812265707,0.0,0.001799370220422852,0.0,0.0,43,0,0,3,0,0,8,0,0,0,1,0,0,0,1,8,Porn Blocker,,,
0,0,0,0,1,1,0,0,0,0,1,43,0.5534177482771742,48.42862516456648,0.08656534054876759,3.4235492636544627,2.5528968527149813,564,18,48,0,0,4,0.04806131691594672,0.011786094915679267,0.0003761519653940192,8.358932564311538e-05,0.0010030719077173845,0.0,0.0,0,0,0,0,0,0,8,0,0,0,0,0,0,0,0,8,Dubble — Free Step-by-Step Guide Creator,,,
0,0,1,0,1,1,0,0,0,0,0,7,0.40681378592677214,40.54887218045113,0.12520784083068465,3.393376335804371,3.1614779949149208,97,15,21,0,1,1,0.05848656975064985,0.022791353383458647,0.0035244360902255637,0.00023496240601503758,0.004934210526315789,0.00023496240601503758,0.0,2,0,0,0,0,0,1,0,0,0,0,0,0,0,0,1,Hamatata.com Helper,,,
0,0,0,0,0,0,0,0,0,0,0,0,0.0,0.0,0.0,0.0,0.0,0,0,0,0,0,0,0.0,0.0,0.0,0.0,0.0,0.0,0.0,0,0,0,0,0,0,0,0,0,0,0,0,0,0,0,0,"100,000 Stars",,,
0,1,0,0,0,1,0,0,0,0,0,8,0.4187320506648517,23.527958740499457,0.12438785504407443,3.273878504672897,3.279739732120915,88,16,10,0,0,0,0.05453271028037383,0.011943539630836048,0.002171552660152009,0.0,0.0013572204125950054,0.0,0.0,0,0,0,7,0,0,4,0,0,0,7,0,0,0,0,3,Глаз.ТВ - смотри ТВ онлайн,,,
0,0,1,1,1,1,1,0,0,0,1,99,0.46142626778532475,36.57431946994492,0.09580439488997904,4.576412461341178,2.801806747888173,75,9,13,0,2,0,0.07145910336677479,0.0029935339666320748,0.000359224075995849,0.0,0.0005188792208828929,7.9827572443522e-05,0.0,26,0,0,1,0,1,19,6,0,0,0,6,0,0,0,19,Find Emails on Websites and Social Networks,,,
0,0,0,0,0,1,0,0,0,0,0,4,0.46440113825478957,36.46377274178104,0.1111133199666021,3.344523857459231,2.8301968359487097,46,3,15,0,0,0,0.04253070263740689,0.004894137674220662,0.0003191828917969997,0.0,0.0015959144589849984,0.0,0.0,0,0,0,0,0,0,1,0,0,0,0,0,0,0,0,1,Video Speed Controller,,,
1,1,0,0,0,1,0,0,0,0,1,47,0.6492406611658678,67.1138316422873,0.061531172851583445,3.5898084182716445,2.530250036774471,263,12,157,0,0,2,0.08478131016485767,0.0007920660878259744,3.613989754339046e-05,6.023316257231744e-06,0.00047283032619269193,0.0,0.0,1,0,0,0,0,0,1,0,0,0,0,0,0,0,0,1,__MSG_extName__,,,
0,1,0,0,0,1,0,0,0,0,1,199,0.26792606921189843,78.98430883051516,0.0645079195312044,13.731766845204396,3.0632154943118666,1069,45,506,0,0,0,0.12194135648671142,0.005402209397519734,0.00022740825340354353,0.0,0.0025570794716042893,0.0,0.0,109,0,0,0,0,0,0,0,0,0,0,0,0,0,0,0,ActiveInbox: Organize Gmail™ tasks,,,
0,0,0,0,0,0,0,0,0,0,0,0,0.0,0.0,0.0,0.0,0.0,0,0,0,0,0,0,0.0,0.0,0.0,0.0,0.0,0.0,0.0,0,0,0,0,0,0,0,0,0,0,0,0,0,0,0,0,Earth From Space,,,
0,1,0,0,0,1,0,0,0,0,0,1,0.22461276033785457,29.90986394557823,0.09274493080584367,7.211369346733668,3.630315942605533,94,0,14,0,0,0,0.02135678391959799,0.07993197278911565,0.0,0.0,0.011904761904761904,0.0,0.0,0,0,0,7,0,0,2,0,0,0,0,0,0,0,0,2,Tumblr Savior,,,
0,0,0,0,0,1,0,0,0,0,0,1,0.25719131433455306,27.088897224306077,0.07840335461125504,4.870190181335692,3.529785877687017,119,15,12,0,0,0,0.015148164528969483,0.04463615903975994,0.005626406601650412,0.0,0.00450112528132033,0.0,0.0,0,0,0,0,0,0,0,0,0,0,0,0,0,0,0,0,blurweb.app,,,
0,1,0,0,0,1,0,1,0,0,0,57,0.5355197905652236,53.09225355249677,0.07598557541858957,3.7991779310869473,2.5609138798463706,750,9,125,0,0,2,0.04384209049889931,0.008352265134304423,0.00010022718161165309,2.2272707024811794e-05,0.0013920441890507371,0.0,0.0,9,0,0,0,0,0,2,0,0,0,0,0,0,0,0,2,Scholarcy Browser Extension,,,
0,0,0,0,0,1,0,0,0,0,0,105,0.5809092939702528,54.24796678776613,0.03125210284501245,2.7163424700513,1.4018843926464755,604,27,146,0,0,4,0.004759217240663249,0.0004781700337806545,2.137515051668489e-05,3.1666889654347983e-06,0.00011558414723837013,0.0,0.0,551,0,0,0,0,0,2,0,0,0,0,0,0,0,0,2,__MSG_ALL_APP_NAME__,,,
0,0,1,0,0,1,0,1,0,0,1,41,0.41958198352187603,50.64977699820188,0.07786962250559706,4.10985513138332,2.789800179888911,86,18,41,0,0,0,0.0449730566647274,0.00037901491379614287,7.932870288756479e-05,0.0,0.0001806931565772309,0.0,0.0,28,0,0,0,0,0,1,0,0,0,0,0,0,0,0,1,Poshmark | PosherVA,,,
0,0,0,0,1,1,0,0,0,0,0,70,0.48234669820260323,39.77950723383208,0.0935207295717632,3.556468125244438,2.7377158088383515,202,18,28,0,0,1,0.05619588806834303,0.0031222950414245085,0.0002782243106219859,1.5456906145665883e-05,0.00043279337207864475,0.0,0.0,14,0,0,0,0,0,2,0,0,0,0,0,0,0,0,2,__MSG_appName__,,,
0,0,0,0,0,1,0,0,0,0,0,12,0.23553623634405293,41.54991816693944,0.07716571780273888,5.221701272605492,3.2460096010248964,50,1,12,0,0,0,0.041192230408573345,0.08183306055646482,0.0016366612111292963,0.0,0.019639934533551555,0.0,0.0,0,0,0,0,0,0,1,0,0,0,0,0,0,0,0,1,__MSG_appName__,,,
0,0,0,0,0,1,0,0,0,0,0,48,0.42030345851212353,60.10974316809832,0.0845718967520174,4.068025349320714,3.039731093912061,594,6,41,0,0,2,0.03560451589004615,0.012852413614038124,0.00012982235973775885,4.3274119912586275e-05,0.0008871194582080187,0.0,0.0,0,0,0,1,0,0,1,0,0,0,0,0,0,0,0,1,FACEIT Lobby King Extension,,,
0,0,0,0,0,1,0,0,0,0,0,75,0.48196494301525045,39.859595897372714,0.0938331789266107,3.5570677955123053,2.738884033812343,215,20,39,0,0,1,0.05610571116132154,0.003311054301290541,0.000308005051282841,1.5400252564142053e-05,0.0006006098500015401,0.0,0.0,14,0,0,0,0,0,2,0,0,0,0,0,0,0,0,2,__MSG_appName__,,,
0,0,0,0,0,1,0,0,0,0,0,20,0.4029292929292929,31.138012064245743,0.10975501281471431,3.710111154510728,3.098106665604841,114,18,66,0,0,0,0.04275377190485333,0.0027616948084982678,0.0004360570750260423,0.0,0.001598875941762155,0.0,0.0,4,5,0,0,0,0,2,0,0,0,0,0,0,0,0,2,__MSG_app_name__,,,
0,0,0,0,0,0,0,0,0,0,0,0,0.3555349029326724,23.557302231237323,0.05912845931433292,4.99763948497854,2.2859460274037056,17,8,1,0,0,0,0.019742489270386267,0.008620689655172414,0.004056795131845842,0.0,0.0005070993914807302,0.0,0.0,2,0,0,1,0,0,4,0,0,0,0,0,0,0,0,4,__MSG_extName__,,,
0,0,0,0,1,1,0,0,0,0,0,56,0.4758555990765964,64.9246116716916,0.058131386325297164,3.7115183558861307,2.5054520308825894,1985,20,81,0,0,0,0.029330585177883322,0.014215430007805953,0.0001432285139325537,0.0,0.0005800754814268425,0.0,0.0,39,0,0,4,0,1,6,0,0,0,0,0,0,0,0,6,"Bullet Journal - Notes, Lists, Weekly Planner",,,
1,1,1,0,1,1,1,1,0,0,1,113,0.5542606265768568,62.3045814479638,0.08374051931429695,3.77411220551972,2.743928980643997,130,9,6,0,1,0,0.03403502417141504,0.009191176470588236,0.0006363122171945702,0.0,0.0004242081447963801,7.070135746606335e-05,0.0,11,0,0,9,0,0,7,0,0,0,0,0,0,0,0,7,__MSG_manifest_name__,,,
0,1,0,0,0,1,0,0,0,0,0,27,0.5659701260625142,47.90336644763477,0.09306375976545088,3.16000731152513,2.717017091291652,200,18,23,0,0,1,0.04969806109185442,0.006228395253962816,0.0005605555728566535,3.114197626981408e-05,0.0007162654542057239,0.0,0.0,0,0,0,0,0,0,3,0,0,0,0,0,0,0,0,3,DeSpeed Validator,,,
0,0,0,0,0,1,0,0,0,0,1,148,0.5503042034821557,44.633794897229464,0.0735499901519245,4.0699881825822635,2.6450676421353942,12924,33,215,0,0,5,0.03632908032684323,0.03726729567002699,9.515790444992963e-05,1.44178643105954e-05,0.0006199681653556022,0.0,0.0,23,1,0,0,1,0,4,0,0,0,0,0,0,0,0,4,ZenHub for GitHub,,,
0,0,0,0,0,0,0,0,0,0,0,0,0.0,0.0,0.0,0.0,0.0,0,0,0,0,0,0,0.0,0.0,0.0,0.0,0.0,0.0,0.0,0,0,0,0,0,0,0,0,0,0,0,0,0,0,0,0,Learn English,,,
0,0,1,0,0,1,0,1,0,0,1,71,0.4347555153920201,51.080103676420435,0.06242094441061103,4.50751634452405,2.5374001317997763,160,33,30,0,1,4,0.05119717407096158,0.0021826614828456448,0.0004501739308369143,5.456653707114112e-05,0.0004092490280335584,1.364163426778528e-05,0.0,67,0,0,1,0,0,2,0,0,0,0,0,0,0,0,2,__MSG_extName__,,,
0,0,0,0,1,1,0,0,0,0,0,21,0.4685023559001048,44.80320021275653,0.10381056801917622,3.7166595695261693,2.666684238888536,43,8,13,0,0,0,0.05568674512232889,0.0019059438854660698,0.00035459421124950136,0.0,0.0005762155932804397,0.0,0.0,2,0,0,0,0,0,1,0,0,0,0,0,0,0,0,1,Clarify AI: YouTube Summary with Gemini,,,
0,0,0,0,0,1,0,0,0,0,0,160,0.5234342263954324,45.67842483615665,0.07683929133160138,4.140107649180855,2.57893403252372,2944,15,224,0,0,0,0.038449828818271636,0.03338095562056376,0.00017007959725151372,0.0,0.002539855318955938,0.0,0.0,0,0,0,0,0,0,2,0,0,0,0,0,0,0,0,2,Tweaks for YouTube,,,
1,1,0,0,0,0,0,0,0,0,0,0,0.21273516642547033,12.568627450980392,0.11287988422575977,5.851351351351352,3.6274808712907296,0,0,0,0,0,0,0.013513513513513514,0.0,0.0,0.0,0.0,0.0,0.0,0,0,0,0,0,0,0,0,0,0,0,0,0,0,0,0,Lunapic Right Click Edit,,,
0,0,0,0,1,1,1,1,0,0,1,35,0.4090915636625465,47.70196353436185,0.10229209168366735,3.8701830863121187,3.2107251165704325,145,63,43,0,0,0,0.03273757628596338,0.03389434315100514,0.014726507713884993,0.0,0.010051425899953248,0.0,0.0,12,0,0,8,0,0,12,0,0,0,0,0,0,0,0,12,__MSG_SharePass_Share_Accounts_Not_Passwords__,,,
0,1,0,0,0,0,0,0,0,0,0,2,0.3961223312175418,36.9391418563923,0.12535487593768033,3.566650024962556,3.2663908991158874,104,8,28,0,0,0,0.050424363454817774,0.02276707530647986,0.0017513134851138354,0.0,0.006129597197898424,0.0,0.0,0,0,0,4,0,0,4,0,0,0,0,2,0,0,0,4,__MSG_appName__,,,
0,0,0,0,1,1,0,0,0,0,0,1,0.3390835579514825,34.337566137566135,0.09490865528601378,5.632697155203457,3.167597300448213,0,2,6,0,0,1,0.05689593086064098,0.0,0.0021164021164021165,0.0010582010582010583,0.006349206349206349,0.0,0.0,12,0,0,0,0,0,2,0,0,0,0,0,0,0,0,2,__MSG_extName__,,,
0,0,0,0,1,1,0,0,0,0,0,8,0.38931988143251234,30.068326947637292,0.11663110464279694,3.8396316758747697,3.1746440440378847,82,9,10,0,0,0,0.05992633517495396,0.010472541507024266,0.0011494252873563218,0.0,0.001277139208173691,0.0,0.0,4,0,0,1,0,1,6,0,0,0,0,0,0,0,0,6,Keyword Planner,,,
1,1,0,0,0,1,0,1,0,0,1,982,0.3667082007103144,58.88288739682801,0.07199684511882427,5.616038100316979,2.8693442684141344,76373,727,1368,0,0,33,0.05171165063005327,0.029526645039645028,0.00028106622685794634,1.2758164355312558e-05,0.000528883904183866,0.0,0.0,63,1,0,6,0,0,47,0,0,0,0,0,0,0,0,44,Whatfix Studio,,,
0,0,0,0,0,1,0,0,0,0,0,0,0.2509002057613169,27.29090909090909,0.11304012345679013,6.79885877318117,3.483371963715104,2,3,4,0,0,0,0.018544935805991442,0.007272727272727273,0.01090909090909091,0.0,0.014545454545454545,0.0,0.0,1,0,0,1,0,0,1,0,0,0,0,0,0,0,0,1,Stop Reclame,,,
0,0,0,0,0,1,0,0,0,0,0,28,0.38581620551380597,47.926296633303004,0.08616412664214623,6.090694945848376,3.0783019372522946,22,3,17,0,0,2,0.06074007220216607,0.0007699307062364387,0.00010499055085042346,6.999370056694898e-05,0.0005949464548190663,0.0,0.0,0,0,0,0,0,0,0,0,0,0,0,0,0,0,0,0,4chan X,,,
0,0,1,0,1,1,0,0,0,0,1,178,0.4431668803700436,36.32948954355179,0.09779381795187964,3.7551514429992956,2.9396596682840834,345,37,234,0,1,7,0.05342310672826462,0.001507511339107029,0.0001616751291216234,3.05871865905774e-05,0.0010224859517421587,4.3695980843682e-06,0.0,0,0,0,0,1,0,3,0,0,0,0,0,0,0,0,3,BugBug Automation Testing ,,,
0,0,0,0,1,1,0,0,0,0,0,49,0.44523807835672985,40.86955700387267,0.08388738741932511,5.152948976469388,2.770417386542639,293,60,18,0,0,15,0.08047406454245161,0.003953635860691684,0.0008096182649880581,0.00020240456624701452,0.00024288547949641743,0.0,0.0,87,0,0,14,0,3,24,0,1,0,0,0,0,0,0,21,Amazon Review Request Tool ASINsell,,,
1,1,1,0,0,1,0,0,0,0,0,30,0.42102691024515104,44.25502216870108,0.089451222610122,4.296982993671769,3.000665175592817,193,48,18,0,0,0,0.06651617566864926,0.010564343970660682,0.0026274016092834858,0.0,0.0009852756034813071,0.0,0.0,42,0,0,5,1,1,20,0,0,0,0,0,0,0,0,20,__MSG_extName__,,1.0,
0,0,0,0,0,1,0,0,0,0,0,5,0.3173849725912594,59.307373653686824,0.10016898622006677,4.540505226480836,3.394038657854504,186,27,11,0,0,1,0.026443504230960677,0.07705053852526926,0.011184755592377795,0.00041425020712510354,0.004556752278376139,0.0,0.0,9,0,0,4,0,0,2,0,0,0,0,0,0,0,0,2,RoValk - The Roblox Trading Addon,,,
0,0,0,0,1,1,1,1,0,0,0,14,0.3822124453518564,34.827535943815015,0.07630304846023539,5.720800490268591,3.341400910927776,297,37,25,0,0,2,0.07512520868113523,0.009838998211091235,0.0012257337838733188,6.625588020936858e-05,0.0008281985026171073,0.0,0.0,21,0,0,13,0,1,5,0,0,0,0,0,0,0,0,5,RECAP,,1.0,
0,0,0,0,0,1,0,0,0,0,1,269,0.37089931372311274,34.77837846044731,0.08893402769357615,4.621564998325391,2.8529327242856737,753,133,206,0,0,0,0.05655198590275284,0.0008166151356849969,0.00014423613950345895,0.0,0.00022340334389257552,0.0,0.0,65,1,1,0,0,0,8,0,0,0,0,1,0,0,0,6,PieSocket WebSocket Tester,,,
1,1,1,0,0,1,0,0,0,0,1,33,0.37525804412273184,34.33664690572585,0.10605945909450809,3.829639012032932,3.124081113668381,93,3,60,0,0,1,0.048953323177515704,0.00336176980913823,0.00010844418739155581,3.6148062463851935e-05,0.0021688837478311164,0.0,0.0,3,0,0,0,0,0,1,0,0,0,0,0,0,0,0,1,Better FPL,,,
0,0,0,0,1,1,0,0,0,0,0,1,0.31040795777011565,24.808661417322835,0.0940408262899338,6.622563718140929,3.35438881997322,18,11,9,0,0,0,0.0363568215892054,0.014173228346456693,0.008661417322834646,0.0,0.007086614173228346,0.0,0.0,10,0,0,1,0,0,2,0,0,0,0,0,0,0,0,2,__MSG_app_name__,,,
0,0,0,0,0,0,0,0,0,0,0,0,0.0,0.0,0.0,0.0,0.0,0,0,0,0,0,0,0.0,0.0,0.0,0.0,0.0,0.0,0.0,0,0,0,0,0,0,0,0,0,0,0,0,0,0,0,0,Origami Player,,,
0,0,0,0,1,1,1,0,0,0,1,354,0.48611636727827845,45.37403367102672,0.09182732765081543,3.4085491773066914,2.5713460118771674,1138,300,293,0,0,10,0.06370438356487157,0.0014467125427943418,0.0003813829198930602,1.2712763996435341e-05,0.0003724839850955555,0.0,0.0,25,0,0,0,0,0,6,0,0,0,0,0,0,0,0,6,__MSG_extName__,,,
0,0,1,0,0,1,0,0,0,0,0,0,0.44214726151614075,22.393425238600212,0.07952484584693507,5.830713422007255,2.9410669523713544,6,0,0,0,1,0,0.024788391777509067,0.006362672322375398,0.0,0.0,0.0,0.0010604453870625664,0.0,0,0,0,0,0,0,0,0,0,0,0,0,0,0,0,0,Control de URLs para nebulaCERTagent,,,
0,0,0,0,0,0,0,0,0,0,0,0,0.0,0.0,0.0,0.0,0.0,0,0,0,0,0,0,0.0,0.0,0.0,0.0,0.0,0.0,0.0,0,0,0,0,0,0,0,0,0,0,0,0,0,0,0,0,Minimalist Grape Juice,,,
0,0,0,0,0,0,0,0,0,0,0,0,0.0,0.0,0.0,0.0,0.0,0,0,0,0,0,0,0.0,0.0,0.0,0.0,0.0,0.0,0.0,0,0,0,0,0,0,0,0,0,0,0,0,0,0,0,0,QR Snapper,,,
0,1,0,0,0,1,0,0,0,0,0,40,0.5997514346701063,49.201340642640034,0.08384836217449794,3.2633290197347136,2.39320504947235,313,14,63,0,0,1,0.04752183759301197,0.0042471775944420325,0.00018996960486322188,1.3569257490230135e-05,0.0008548632218844985,0.0,0.0,0,0,0,0,0,0,2,0,0,0,0,0,0,0,0,2,__MSG_ext_fulltitle__,,,
0,0,0,0,0,0,0,0,0,0,0,0,0.0,0.0,0.0,0.0,0.0,0,0,0,0,0,0,0.0,0.0,0.0,0.0,0.0,0.0,0.0,0,0,0,0,0,0,0,0,0,0,0,0,0,0,0,0,Matific,,,
0,0,1,0,1,1,1,1,0,0,1,197,0.41411789520900527,42.812572230670256,0.08003930196296218,4.748164688400331,2.9442068180460956,505,75,58,0,16,3,0.0533302583864254,0.0011814247280383672,0.00017545911802550006,7.0183647210200025e-06,0.00013568838460638672,3.743127851210668e-05,0.0,4123,15,0,25,3,52,244,0,1,0,0,0,0,0,0,244,OWASP Penetration Testing Kit,,,
0,1,0,0,0,0,0,0,0,0,0,8,0.3815860141393106,41.05623415533533,0.12460130432399846,3.68407323088598,3.276751788796973,135,17,55,0,0,0,0.04885221020679188,0.031113159714219865,0.003917953445494353,0.0,0.01267573173542291,0.0,0.0,0,0,0,5,0,0,11,0,0,0,0,0,0,0,0,11,__MSG_appName__,,,
0,0,0,0,0,1,1,0,0,0,0,98,0.38415365306380356,29.592784284095202,0.10522998851117413,3.7881422096276323,3.036481033898615,132,63,102,0,0,1,0.04502244616174249,0.001662259161314696,0.0007933509633547412,1.2592872434202241e-05,0.0012844729882886287,0.0,0.0,24,0,0,0,0,0,10,0,0,0,0,0,0,0,0,10,"Zight Screen Recorder, Screenshot App",,,
1,1,0,0,0,0,0,0,0,0,1,0,0.38661710037174724,17.21846153846154,0.08465697870902332,5.660268714011516,3.6391734248337406,2,0,1,0,0,0,0.07293666026871401,0.006153846153846154,0.0,0.0,0.003076923076923077,0.0,0.0,0,0,0,0,0,0,0,0,0,0,0,0,0,0,0,0,Xerox Device Connector,,,
0,0,0,0,1,1,0,0,0,0,0,1,0.35581032494403364,21.619631901840492,0.11044026863849128,5.909382518043304,3.1219623029613905,12,5,9,0,0,0,0.08821170809943865,0.018404907975460124,0.007668711656441718,0.0,0.013803680981595092,0.0,0.0,1,0,0,3,0,0,5,0,0,0,0,0,0,0,0,5,Absolute Enable Right Click & Copy,,,
0,0,0,0,1,1,0,0,0,0,0,86,0.3883423885570595,53.05811965811966,0.09365397985210865,5.319687396568673,3.1186656370548644,207,21,79,0,0,2,0.0573485024378918,0.004983748645720477,0.0005055976886962802,4.815216082821717e-05,0.001902010352714578,0.0,0.0,0,0,0,0,0,0,5,0,0,0,0,0,0,0,0,5,__MSG_name__,,,
0,0,0,0,0,1,0,0,0,0,0,33,0.46646919773328194,42.19839712436041,0.09169484214655552,3.738226090398229,2.7903341437459246,181,1,14,0,0,2,0.06750800869102738,0.003319456416087443,1.833953821042786e-05,3.667907642085572e-05,0.00025675353494599004,0.0,0.0,1,0,0,0,0,0,0,0,0,0,0,0,0,0,0,0,__MSG_extName__,,,
0,0,0,0,0,0,0,0,0,0,0,0,0.0,0.0,0.0,0.0,0.0,0,0,0,0,0,0,0.0,0.0,0.0,0.0,0.0,0.0,0.0,0,0,0,0,0,0,0,0,0,0,0,0,0,0,0,0,Purple Blaze,,,
0,0,0,0,0,0,0,0,0,0,0,0,0.0,0.0,0.0,0.0,0.0,0,0,0,0,0,0,0.0,0.0,0.0,0.0,0.0,0.0,0.0,0,0,0,0,0,0,0,0,0,0,0,0,0,0,0,0,Matrix Decoded,,,
0,1,1,0,0,1,0,0,0,0,0,16,0.46908908788458753,43.70342371156502,0.07009367830016407,4.712327718223584,2.83553330885739,8,1,14,0,5,0,0.04121362940275651,0.0005815221341862324,7.269026677327906e-05,0.0,0.0010176637348259068,0.0003634513338663953,0.0,31,0,0,0,0,0,4,0,0,0,0,0,0,0,0,3,__MSG_name__,,,
0,0,0,0,1,1,0,0,0,0,1,92,0.5084079133037606,54.714355900560086,0.08222136105887391,3.9335689120892914,2.7779530924695157,469,92,139,0,0,8,0.056713906158575494,0.0041894825229796245,0.0008218174671942973,7.146238845167802e-05,0.0012416589993479057,0.0,0.0,28,0,0,0,0,0,6,0,0,0,0,0,0,0,0,6,__MSG_default_title__,,,
0,0,0,0,0,0,0,0,0,0,0,62,0.43559598520427245,32.01120448179272,0.08842282808971641,4.382584687072896,2.849288480321242,331,45,36,0,0,1,0.11450297654537282,0.00946092722803407,0.0012862287772251759,2.8582861716115017e-05,0.0010289830217801406,0.0,0.0,36,0,0,1,0,0,1,0,0,0,0,0,0,0,0,1,JSON Viewer,,,
0,0,0,0,0,0,1,0,0,0,0,0,0.0,0.0,0.0,0.0,0.0,0,0,0,0,0,0,0.0,0.0,0.0,0.0,0.0,0.0,0.0,0,0,0,0,0,0,0,0,0,0,0,0,0,0,0,0,WorkFlowy Bookmark,,,
0,0,0,0,0,1,0,0,0,0,0,45,0.5154273161628027,39.71148290285024,0.08760381173494948,3.5423904098925783,2.6309470525540273,160,17,53,0,0,7,0.03960478615750728,0.0034496140744254234,0.00036652149540770127,0.00015092061575611228,0.0011426846621534217,0.0,0.0,14,0,2,0,0,0,1,0,0,0,0,0,0,0,0,1,Lingopie – Learn Languages with TV & Movies,,,
0,0,0,0,0,0,0,0,0,0,1,0,0.2818908585331943,12.453271028037383,0.10775112964893986,6.042471042471043,3.237440119147861,0,0,0,0,0,0,0.019305019305019305,0.0,0.0,0.0,0.0,0.0,0.0,0,0,0,0,0,0,0,0,0,0,0,0,0,0,0,0,Search Plus,,,
1,1,0,0,1,1,0,1,0,0,0,166,0.3254726420670121,66.22446576526268,0.05862739884370467,3.6361027877238588,2.623629231146407,36488,53,642,0,0,0,0.013901226155009988,0.04609946102745904,6.696095797125985e-05,0.0,0.0008111119814631853,0.0,0.0,6,0,0,0,0,0,18,0,0,0,0,0,0,0,0,18,"focusmode - Stay Focused, Be Present",,,
0,1,1,0,0,1,1,0,0,0,0,37,0.43279883372126393,48.68064112196343,0.11312809641560173,4.007940838742723,2.7902011499931856,140,28,49,0,0,4,0.04134123846285181,0.0023374238250271307,0.00046748476500542614,6.678353785791802e-05,0.0008180983387594958,0.0,0.0,1,0,1,0,0,0,1,0,0,0,0,0,0,0,0,1,Pogo: Earn on Everything,,,
0,0,0,0,0,0,0,0,0,0,0,1,0.3551009509115993,37.499143346659054,0.08248156774317969,6.55630221576462,3.547235525182414,20,1,17,0,0,0,0.21285869960043588,0.011422044545973729,0.0005711022272986865,0.0,0.009708737864077669,0.0,0.0,11,0,0,2,0,0,2,0,0,0,0,0,3,0,0,2,Chrome Dino Offline Game,,,
0,0,0,0,0,0,0,0,0,0,0,13,0.37008686357547793,44.1568657400336,0.12995034434236696,3.502511176113472,3.292907352999267,85,11,17,0,0,1,0.06324852364920801,0.012983045669772415,0.0016801588513823125,0.0001527417137620284,0.002596609133954483,0.0,0.0,0,0,0,8,0,0,7,0,0,0,0,0,0,0,0,7,Rofocus: Increase your Focus and Productivity,,,
0,0,0,0,0,1,0,0,0,0,0,26,0.4251148242512256,41.833486694394345,0.06544874907087954,5.781312318044639,2.9632462382918203,69,10,7,0,0,1,0.054589274098087934,0.0025396591703780043,0.0003680665464315948,3.6806654643159485e-05,0.00025764658250211636,0.0,0.0,24,1,0,1,0,1,4,0,0,0,1,0,0,0,0,4,iKnow! ポップアップ辞書,,,
0,0,0,0,1,1,0,0,0,0,0,18,0.3358034560910509,89.97865714023999,0.08686743797592235,3.0904323906129116,3.221606261492963,206,15,39,0,0,0,0.024162032414417868,0.01886965283502794,0.0013740038472107722,0.0,0.003572410002748008,0.0,0.0,19,1,0,25,0,0,9,0,3,0,0,0,0,0,0,9,Page Notes,,,
0,0,0,0,0,1,0,0,0,0,0,1,0.2827390343957084,13.952830188679245,0.0922215209845377,6.323036187113857,3.459549107035648,3,3,1,0,0,0,0.03265666372462489,0.003537735849056604,0.003537735849056604,0.0,0.0011792452830188679,0.0,0.0,0,0,0,1,0,0,1,0,0,0,0,0,0,0,0,1,Music Finder,,,
1,0,0,0,1,1,0,0,0,0,0,40,0.5103032341203115,54.120024059492565,0.0912261800952945,3.3745101861779903,2.5711265999615454,298,12,30,0,0,2,0.0459693927283361,0.008147419072615923,0.00032808398950131233,5.468066491688539e-05,0.0008202099737532808,0.0,0.0,0,0,0,0,0,0,1,0,0,0,0,0,0,0,0,1,Influencer Searcher Engagement Calculator,,,
1,1,1,0,1,1,0,0,0,0,1,62,0.5251410200204588,44.537638415672916,0.07877831360514394,4.2713320101989645,3.1096766418252995,135,9,91,0,0,3,0.06319261493258371,0.003593483816013629,0.0002395655877342419,7.985519591141396e-05,0.0024222742759795572,0.0,0.0,0,0,0,0,0,0,2,0,0,0,0,0,0,0,0,2,Vim Connect,,,
1,1,0,0,0,1,0,0,0,0,0,1,0.415098374679213,41.029532614278374,0.1286019797140413,3.28554229480737,3.183381599865235,77,9,9,0,0,0,0.055067001675041874,0.01977401129943503,0.0023112480739599386,0.0,0.0023112480739599386,0.0,0.0,0,0,0,2,0,1,2,0,0,0,1,0,0,0,0,2,キーゾンv3,,,
0,0,0,0,1,1,0,0,1,0,0,36,0.37056528039663295,34.38704989154013,0.10509264821630422,3.50571260249365,3.104639021438469,200,6,57,0,0,0,0.048955506407965775,0.004338394793926247,0.0001301518438177874,0.0,0.0012364425162689804,0.0,0.0,0,0,0,3,0,0,1,0,0,0,0,0,0,0,0,1,__MSG_app_name__,,,
0,0,1,0,1,1,1,0,0,0,0,91,0.5790283242431944,44.61549550096354,0.07537186629711781,3.97934486972289,2.4765682581463793,157,1,41,0,0,8,0.053385365340901623,0.0023822891218912646,1.5173816063001685e-05,0.00012139052850401348,0.0006221264585830691,0.0,0.0,0,1,1,2,0,0,7,0,0,0,0,0,0,0,0,7,Screenshot & Screen Recorder w/ Webcam-Droplr,,,
0,0,0,0,0,0,0,0,0,0,0,0,0.23215476984656438,42.66504854368932,0.1000667111407605,5.2782874617737,3.2494948846394034,5,3,4,0,0,0,0.027522935779816515,0.024271844660194174,0.014563106796116505,0.0,0.019417475728155338,0.0,0.0,1,0,0,0,0,0,0,0,0,0,0,0,0,0,0,0,JSON Formatter,,,
0,0,0,0,1,1,0,1,0,0,0,157,0.40625967041876687,70.61724515417828,0.07648485522230673,3.7087448378231413,2.442592536403066,7288,27,259,0,0,7,0.03018403803477213,0.027896010043788468,0.00010334690877912851,2.6793643016811098e-05,0.0009913647916220106,0.0,0.0,0,0,0,2,0,0,3,0,0,0,0,0,0,0,0,3,Storylane,,,
0,0,0,0,0,1,0,0,0,0,0,17,0.35650002195903907,38.39069059371684,0.09667891493068263,5.999703761554983,3.345894137195694,78,4,63,0,0,3,0.11597061853240781,0.001799141947686488,9.22636896249481e-05,6.919776721871108e-05,0.0014531531115929326,0.0,0.0,0,0,0,0,0,0,1,0,0,0,0,0,0,0,0,1,Ninja Star,,,
0,0,0,0,0,0,0,0,0,0,0,0,0.0,0.0,0.0,0.0,0.0,0,0,0,0,0,0,0.0,0.0,0.0,0.0,0.0,0.0,0.0,0,0,0,0,0,0,0,0,0,0,0,0,0,0,0,0,Crows,,,
0,0,0,0,0,0,0,0,0,0,0,0,0.19692603266090297,36.214285714285715,0.10278578290105668,5.830188679245283,3.5665264424092915,0,0,0,0,0,0,0.009433962264150943,0.0,0.0,0.0,0.0,0.0,0.0,0,0,0,0,0,0,0,0,0,0,0,0,0,0,0,0,"Twitter, Download Original Image",,,
0,0,0,0,0,1,1,1,0,0,0,19,0.45812534849912345,46.07457400338436,0.08282721716500822,4.787102778630642,3.1142378634315646,109,10,33,0,0,4,0.06530165796745471,0.004289480933454016,0.0003935303608673409,0.00015741214434693637,0.001298650190862225,0.0,0.0,0,0,0,2,1,0,9,0,0,0,0,0,0,0,0,9,__MSG_appName__,,,
0,1,0,0,0,1,0,1,0,0,0,126,0.5636110381797114,60.54726266697436,0.062426410376765794,4.304788005916114,2.4690248852419177,798,24,241,0,0,0,0.03445485242272309,0.004282701214505369,0.00012880304404527427,0.0,0.001293397233954629,0.0,0.0,6,1,0,0,0,0,1,0,0,0,0,0,0,0,0,1,Higgsfield Instant,,,
0,0,0,0,0,0,0,0,0,0,0,0,0.0,0.0,0.0,0.0,0.0,0,0,0,0,0,0,0.0,0.0,0.0,0.0,0.0,0.0,0.0,0,0,0,0,0,0,0,0,0,0,0,0,0,0,0,0,__MSG_application_title__,,,
0,1,0,0,0,1,1,0,0,0,0,20,0.3962998405103668,47.933822381769936,0.12012121212121211,3.707011280879623,3.2092025267789843,115,27,31,0,0,0,0.049121804940739686,0.017949118152021225,0.004214140783518027,0.0,0.004838457936631809,0.0,0.0,35,0,0,4,1,1,3,0,0,0,1,0,0,0,0,3,Email Signature Rescue - Browser Extension,,,
0,0,0,0,1,1,0,0,0,0,0,7,0.3864472213755969,14.841004184100418,0.07178705679162857,5.547206165703275,2.9253582209980773,33,17,12,0,0,0,0.02914258188824663,0.010621177985194722,0.0054715159317669775,0.0,0.0038622465400708077,0.0,0.0,7,0,0,0,0,0,0,0,0,0,0,0,0,0,0,0,sMeta,,,
0,0,0,0,1,1,0,0,0,0,0,653,0.44103668948358193,45.40409909376685,0.08101513081845335,4.716185089447956,3.0076399615476674,2117,186,253,0,0,13,0.06758583292810892,0.006961159557537256,0.0006116087282484315,4.274684659800866e-05,0.00083191939917663,0.0,0.0,31,0,0,0,0,0,0,0,0,0,0,0,0,0,0,0,Toy.new Website Builder,,,
0,0,0,0,0,1,0,0,1,0,0,104,0.5755851314536659,69.29561066855871,0.0687048303414703,4.243264471901287,2.84878575867567,258,63,290,0,0,0,0.06103561507508137,0.002773567259006031,0.000677266423710775,0.0,0.0031175756012083292,0.0,0.0,0,0,0,1,0,0,4,0,0,0,0,0,1,0,0,4,Audio Recordings for Google Classroom - Beep,,,
0,0,0,0,0,0,0,0,0,0,0,0,0.43352601156069365,30.076923076923077,0.06358381502890173,7.6,2.641320147024637,0,0,0,0,0,0,0.014285714285714285,0.0,0.0,0.0,0.0,0.0,0.0,0,0,0,0,1,0,0,0,0,0,0,0,0,0,0,0,__MSG_extName__,,,
0,0,0,0,0,0,0,0,0,0,0,27,0.41981742814372236,39.36664033701948,0.11140862112263102,3.8962967624201617,3.279641998482994,87,17,8,0,0,0,0.08718497309882642,0.011453396524486572,0.0022380200105318587,0.0,0.00105318588730911,0.0,0.0,126,0,0,0,0,0,5,0,0,0,0,0,0,0,0,4,Tutor de tipeo,,,
0,1,0,0,0,1,0,0,0,0,0,153,0.412840538152946,36.99971930563231,0.1037749329017005,3.8574915322827112,3.0793962314969416,341,29,104,0,0,0,0.0661967882743983,0.002991149355718709,0.00025437927072094593,0.0,0.0009122566949992544,0.0,0.0,6,0,0,0,0,0,2,0,0,0,0,0,0,0,0,2,PrettyPrompt,,,
0,0,0,0,0,0,0,0,0,0,0,0,0.0,0.0,0.0,0.0,0.0,0,0,0,0,0,0,0.0,0.0,0.0,0.0,0.0,0.0,0.0,0,0,0,0,0,0,0,0,0,0,0,0,0,0,0,0,Through the Lily Pad,,,
0,0,0,0,1,1,0,1,0,0,0,33,0.41639287346286497,32.82937992975992,0.09993898687579617,3.9018191460298586,3.024383317222387,68,6,36,0,0,0,0.04527777331383483,0.0019575105072255168,0.00017272151534342795,0.0,0.0010363290920605676,0.0,0.0,0,0,1,0,0,0,1,0,0,0,0,0,0,0,0,1,MagicSchool AI - AI Assistant for Teachers,,,
0,0,0,0,0,0,0,0,0,0,1,0,0.0,0.0,0.0,0.0,0.0,0,0,0,0,0,0,0.0,0.0,0.0,0.0,0.0,0.0,0.0,0,0,0,0,0,0,0,0,0,0,0,0,0,0,0,0,Spider Solitaire,,,
0,0,0,0,0,1,0,0,0,0,0,70,0.3599379359114192,43.00776792136178,0.1015242530462724,4.668028546131445,3.05186026908658,501,53,45,0,0,4,0.06988255123049188,0.024023016063294173,0.002541356988731719,0.0001918005274514505,0.002157755933828818,0.0,0.0,54,0,1,4,0,1,4,0,0,0,4,0,0,0,0,4,Foxy Newtab,,,
0,0,1,1,1,1,1,1,0,0,0,128,0.6103380654055564,39.47394965402315,0.06592880732584112,3.0823781709955673,2.26999535514294,96,1,13,0,4,10,0.027219338412661994,0.0010594506307042037,1.1035944069835453e-05,0.00011035944069835454,0.0001434672729078609,4.414377627934181e-05,0.0,0,0,0,0,0,0,8,0,0,0,0,0,0,0,0,8,Violentmonkey BETA,,,
0,0,1,0,1,1,1,0,0,0,1,123,0.3672537324093524,79.11120674163679,0.09025679047180818,5.490940833097267,2.4191522976302395,2306,46,96,0,0,0,0.05030385221284652,0.01090503258268625,0.00021753317380900588,0.0,0.0004539822757753166,0.0,0.0,10,2,0,27,0,0,9,0,0,0,0,0,0,0,0,9,Cloaked - Privacy & Password Manager,,,
0,0,0,0,1,1,0,0,0,0,1,5,0.4647709375629362,33.433745759329476,0.10602985005426097,3.312191421518206,2.7929423077895095,48,5,8,0,0,1,0.05043972433655627,0.002394731590500898,0.0002494512073438435,4.989024146876871e-05,0.0003991219317501497,0.0,0.0,0,0,0,0,0,0,3,0,0,0,0,0,0,0,0,3,__MSG_name__,,,
0,0,0,0,0,0,0,0,0,0,0,109,0.43922083659595845,54.343374011687864,0.07330395579626622,5.847182079050194,2.8878966146937186,2201,340,524,0,0,2,0.07092412032400512,0.04728858714334823,0.007304915778618082,4.2970092815400483e-05,0.011258164317634926,0.0,0.0,20,0,0,3,1,7,2,4,0,0,0,0,0,0,0,1,Recruit CRM Sourcing Extension,,,
0,0,0,0,0,0,0,0,0,0,0,0,0.0,0.0,0.0,0.0,0.0,0,0,0,0,0,0,0.0,0.0,0.0,0.0,0.0,0.0,0.0,0,0,0,0,0,0,0,0,0,0,0,0,0,0,0,0,__MSG_themeName__,,,
0,0,0,0,0,1,0,0,0,0,0,23,0.5276312761588071,50.22874028446868,0.06354197280692543,5.931358955289728,3.0083964785636645,97,9,40,0,0,2,0.07197824360606557,0.001009270723865611,9.364367541021132e-05,2.0809705646713628e-05,0.00041619411293427255,0.0,0.0,0,0,0,0,0,0,8,0,0,0,0,0,0,0,0,8,__MSG_extension_name__,,,
0,0,0,0,1,1,0,0,0,0,0,6,0.40523871221936825,41.43762057877814,0.11202918646148251,3.854451100585121,3.157438360405116,64,9,13,0,0,0,0.07185149066592365,0.010289389067524116,0.0014469453376205787,0.0,0.002090032154340836,0.0,0.0,19,1,0,1,0,1,3,1,0,0,0,0,0,0,0,3,Kasm - Open In Isolation,,,
0,0,0,0,1,1,0,0,0,0,0,2,0.17479868560775547,104.75033467202142,0.02065897811796909,2.5721220366233544,3.3136136105404184,92,13,8,0,0,0,0.002831005403065602,0.004736896303161363,0.0006693440428380187,0.0,0.0004119040263618577,0.0,0.0,19,1,0,0,0,0,3,0,0,0,0,0,0,0,0,3,Rewards Search Automator,,,
1,1,0,0,0,1,0,0,0,0,0,4,0.346662830840046,43.029936672423716,0.10385500575373993,7.124174843889384,3.721058301113065,42,2,15,0,0,0,0.08171275646743979,0.024179620034542316,0.0011514104778353484,0.0,0.008635578583765112,0.0,0.0,0,0,0,7,0,0,2,0,0,0,0,0,0,0,0,2,__MSG_extension_name__,,,
0,0,0,0,0,1,1,0,0,0,0,3,0.43845083807346397,43.012426501788205,0.10217747600093655,3.524090909090909,2.8558560204115655,38,3,9,0,0,0,0.04588383838383838,0.0023034491119597504,0.0001818512456810329,0.0,0.0005455537370430987,0.0,0.0,0,0,0,0,0,0,1,0,0,0,0,0,0,0,0,1,BearBy,,,
0,0,0,0,0,0,0,0,0,0,0,0,0.0,0.0,0.0,0.0,0.0,0,0,0,0,0,0,0.0,0.0,0.0,0.0,0.0,0.0,0.0,0,0,0,0,0,0,0,0,0,0,0,0,0,0,0,0,Red Bull TV,,,
0,0,0,0,0,1,0,0,0,0,1,54,0.4027372633366873,52.798311502886584,0.10192792327077699,3.887310424265694,3.1392467557128203,101,11,30,0,0,1,0.0832000170644824,0.006269787075547831,0.0006828480973368925,6.207709975789931e-05,0.0018623129927369793,0.0,0.0,30,0,0,3,0,1,4,0,0,0,0,0,0,0,0,4,Speed Dial,,,
0,0,0,0,1,1,0,0,0,0,1,179,0.27060940056034827,41.13658720774252,0.1059371165763527,5.623313749488158,3.42626656330143,579,59,233,0,0,6,0.04757584875268929,0.0028766184083705124,0.0002931269189876688,2.9809517185186657e-05,0.0011576029173580818,0.0,0.0,4,0,0,34,4,0,10,0,12,0,0,0,0,4,0,10,HaramBlur - Blur Haram & NSFW Images & Videos,,,
1,1,0,0,1,1,0,0,0,0,0,120,0.6071264460224443,69.89927932750452,0.10323444133155532,2.201771478376738,2.745566109124895,322,30,79,0,0,9,0.03646022452807188,0.0015959872321021432,0.0001486944626182121,4.460833878546363e-05,0.0003915620848946252,0.0,0.0,45,0,0,0,0,0,3,0,0,0,0,0,0,0,0,3,__MSG_appName__,,,
0,0,0,0,0,0,0,0,0,0,0,1,0.2009132420091324,31.777372262773724,0.09511081412183985,7.929778933680104,4.064213504647324,6,2,0,0,0,0,0.044213263979193757,0.021897810218978103,0.0072992700729927005,0.0,0.0,0.0,0.0,0,0,0,0,0,0,0,0,0,0,0,0,0,0,0,0,Meetings Page Auto Closer for Zoom,,,
0,0,0,0,0,1,0,0,1,0,0,6,0.38306223447730764,31.6992657856094,0.10245470957543315,6.389966322146092,3.601909089747805,6,2,10,0,0,0,0.08431076530019742,0.001762114537444934,0.0005873715124816446,0.0,0.002936857562408223,0.0,0.0,0,0,0,5,0,1,2,0,0,0,0,0,0,0,0,2,__MSG_extName__,,,
0,0,0,0,0,0,0,0,0,0,0,0,0.0,0.0,0.0,0.0,0.0,0,0,0,0,0,0,0.0,0.0,0.0,0.0,0.0,0.0,0.0,0,0,0,0,0,0,0,0,0,0,0,0,0,0,0,0,Lamborghini Veneno,,,
0,0,0,0,0,1,0,0,0,0,0,61,0.3831655340709105,48.5247084814458,0.08868736709410385,4.465526539467401,2.7405007080029424,1666,4,79,0,0,0,0.03009603935839601,0.00691837480482376,1.6610743829108667e-05,0.0,0.0003280621906248962,0.0,0.0,1,1,0,0,0,0,8,0,0,0,0,0,0,0,0,8,__MSG_extName__,,,
0,0,0,0,0,0,0,0,0,0,1,0,0.293241695303551,15.826923076923077,0.08934707903780069,7.924242424242424,3.98218308168671,2,0,0,0,0,0,0.015151515151515152,0.038461538461538464,0.0,0.0,0.0,0.0,0.0,0,0,0,0,0,0,0,0,0,0,0,0,0,0,0,0,ATLANTIS 3D Editor Launcher,,,
0,0,0,0,1,1,1,1,0,0,0,60,0.5104841640056367,53.64715085557972,0.08691511509442319,4.068286195512488,2.903248885902928,256,10,80,0,0,2,0.06715382876415203,0.0025190156159288378,9.839904749722023e-05,1.9679809499444045e-05,0.0007871923799777619,0.0,0.0,0,0,0,4,0,0,8,0,0,0,0,0,0,0,0,8,__MSG_appName__,,,
1,1,0,0,0,1,0,0,0,0,0,1,0.3826896277125224,27.584637268847796,0.08610392195898865,5.685830429732869,3.346809231520321,7,2,4,0,0,0,0.07259001161440186,0.00995732574679943,0.002844950213371266,0.0,0.005689900426742532,0.0,0.0,0,0,0,1,0,0,2,0,0,0,0,0,0,0,0,2,RuDostup — Обход блокировки YouTube в Северной Корее,,,
0,1,0,0,0,1,0,0,0,0,1,148,0.41102418762979964,40.40960427623071,0.07571191372193856,6.04739442009323,2.7866705067350575,54,1,133,0,0,0,0.046740416057886314,0.002327786878179153,4.3107164410725064e-05,0.0,0.005733252866626433,0.0,0.0,254,0,0,4,0,0,2,0,0,0,0,0,0,0,0,2,Simplify Gmail,,,
0,0,1,0,1,1,0,1,0,0,1,122,0.3537084152417558,51.537154233128234,0.08258217203397088,6.005980709087958,3.2739929785451523,555,64,233,0,3,2,0.04172131255400622,0.002708070048745261,0.00031228195156702106,9.758810986469408e-06,0.0011369014799236861,1.4638216479704113e-05,0.0,0,0,0,1,0,0,1,0,0,0,0,0,0,0,0,1,Dynatrace Synthetic Recorder,,,
0,0,0,0,0,0,0,0,0,0,0,4,0.4049287422347307,45.590800477897254,0.1275010738349692,3.2671138812592435,3.195932779182126,65,6,8,0,0,0,0.052028311852947394,0.01941457586618877,0.0017921146953405018,0.0,0.0023894862604540022,0.0,0.0,0,0,0,4,0,0,2,0,0,0,0,0,0,0,0,2,__MSG_app_name__,,,
0,0,0,0,0,1,0,0,0,0,0,25,0.43251121553517924,48.906347520084985,0.06266064956973855,7.799785554147578,3.275907526882777,228,1,59,0,0,0,0.09292653604964747,0.007569218511387026,3.3198326804329064e-05,0.0,0.0019587012814554147,0.0,0.0,35,0,0,21,0,1,2,0,0,0,0,0,0,0,0,2,Midnight Lizard,,,
0,1,0,0,1,1,0,0,0,0,0,54,0.42854494649327723,34.43570901374665,0.08949932599949621,5.225417396043828,1.7894602818747447,302,89,99,0,0,4,0.08323325747304784,0.00139311744625888,0.0004105544791954977,1.845188670541563e-05,0.0004566841959590368,0.0,0.0,16,0,2,3,0,0,2,0,5,0,0,0,0,0,0,2,SealSend - Secure Email Encryption Made Simple,,,
0,0,1,0,0,1,0,0,0,0,0,11,0.37406051407092095,37.35607752719937,0.09633522999442085,4.913823846379936,3.2709803309523804,71,14,18,0,0,0,0.08094444988733222,0.005115642337344189,0.001008718207363643,0.0,0.001296923409467541,0.0,0.0,26,2,0,1,0,0,3,0,0,0,0,0,0,0,0,3,__MSG_extName__,,,
0,0,1,0,1,1,0,0,0,0,0,45,0.6230067173668767,48.8756148981026,0.0911089115188576,2.958547910510764,2.1528445438747434,0,0,5,0,0,0,0.06298016040523427,0.0,0.0,0.0,0.00017568517217146873,0.0,0.0,35,0,0,0,0,0,2,0,0,0,0,0,0,0,0,2,CouponCabin Sidekick - Coupons & Cash Back,,,
0,0,1,0,0,1,0,0,0,0,0,35,0.49331746954110484,43.46471093654106,0.08243328856688949,4.113511680946804,3.077138332998106,131,40,108,0,1,2,0.039188189607347594,0.00803976924021112,0.002454891371056831,0.00012274456855284154,0.006628206701853443,6.137228427642077e-05,0.0,0,0,0,3,0,0,3,0,0,0,0,0,0,0,0,3,__MSG_appTitle__,,,
0,0,1,1,1,1,0,0,1,0,1,67,0.3500236655741804,41.39254211622185,0.09522401921823231,4.9575237959431036,3.259342419539014,291,50,32,0,1,8,0.06397276389433532,0.011016467915956842,0.0018928639030853683,0.0003028582244936589,0.0012114328979746355,3.785727806170736e-05,0.0,809,0,0,5,0,1,26,0,0,0,0,0,0,0,1,26,__MSG_appName__,,,
0,0,0,0,0,1,0,0,0,0,1,17,0.5708324466190223,38.75732217573222,0.10647091119150655,2.7194876718781136,2.8153713630277477,73,17,25,0,0,4,0.045938332216163336,0.0013515014625837746,0.0003147332173140297,7.405487466212464e-05,0.00046284296663827895,0.0,0.0,0,0,0,0,0,0,3,0,0,0,0,0,0,0,0,3,__MSG_appName__,,,
0,0,0,0,0,1,0,0,0,0,0,125,0.49234729251251236,57.12600750367338,0.08153864541813113,3.5941430880077063,2.4313137677476986,164,16,40,0,0,0,0.03830610164270294,0.0023395483530435526,0.00022824861980912708,0.0,0.0005706215495228178,0.0,0.0,0,0,0,0,0,0,1,0,0,0,0,0,0,0,0,1,__MSG_extension_name__,,,
0,0,0,0,0,1,0,0,0,0,0,36,0.4703077811764615,44.44496124031008,0.08629193271381662,3.5156826302443522,2.60495847236146,269,87,26,0,0,3,0.04075899031811895,0.009478505990133897,0.00306553911205074,0.00010570824524312896,0.000916138125440451,0.0,0.0,7,0,0,2,0,0,1,0,0,0,0,0,0,0,0,1,Super Spy HeyEtsy.com Web Extension,,,
0,0,1,0,1,1,1,0,1,0,0,81,0.4702849060831299,49.868670842567795,0.05680559125451597,2.8774216978967146,1.9540431162249035,875,18,122,0,0,4,0.015350764851921219,0.002406000978898684,4.94948772802015e-05,1.0998861617822556e-05,0.00033546527934358793,0.0,0.0,0,0,0,2,0,0,6,0,0,0,0,0,0,0,0,6,Wallet Guard: Protect Your Crypto,,,
0,0,0,0,0,0,1,0,0,0,0,0,0.0,0.0,0.0,0.0,0.0,0,0,0,0,0,0,0.0,0.0,0.0,0.0,0.0,0.0,0.0,0,0,0,0,0,0,0,0,0,0,0,0,0,0,0,0,Moosti,,,
0,1,0,0,1,1,0,0,0,0,1,88,0.49455152027400573,45.75317375240106,0.08718265890652377,3.677401667616738,2.7955686281372123,197,46,117,0,0,1,0.061656409116820125,0.0010719746643957492,0.0002503088048842866,5.441495758354056e-06,0.0006366550037274246,0.0,0.0,0,0,0,0,0,0,13,0,0,0,0,0,0,0,0,13,__MSG_extensionName__,,,
0,0,0,0,0,1,0,0,0,0,0,31,0.581783637461584,63.02247057247876,0.07661563435994535,3.9382946711556723,2.523429371795931,94,12,43,0,0,0,0.06299406809969539,0.0013988303397371984,0.00017857408592389766,0.0,0.0006398904745606334,0.0,0.0,1,0,0,0,0,0,0,0,0,0,0,0,0,0,0,0,__MSG_appName__,,,
0,0,0,0,1,1,1,1,0,0,1,61,0.41898545833133094,58.98790098172347,0.08590941975270387,4.288421006330344,2.5980348078060223,822,16,113,0,0,5,0.023693885555307114,0.009149395605618752,0.0001780904254135037,5.565325794171991e-05,0.00125776362948287,0.0,0.0,0,0,0,0,0,0,45,0,0,0,0,0,1,0,0,42,__MSG_extension_name__,,,
0,0,0,0,0,0,1,0,0,0,0,1,0.42140679213542215,19.59090909090909,0.11334244558931764,5.249669749009247,3.1222861713502867,14,0,6,0,0,0,0.12417437252311757,0.030303030303030304,0.0,0.0,0.012987012987012988,0.0,0.0,0,0,0,0,0,0,0,0,0,0,0,0,0,0,0,0,緊急地震速報 by Extension,,,
0,0,1,0,0,1,0,0,0,0,0,3,0.37841450149817346,26.36710193765796,0.1214367073020564,3.9733168938724237,3.4225997525275265,476,22,55,0,1,1,0.0541571674498674,0.03341757933164841,0.0015445099691098006,7.020499859590003e-05,0.0038612749227745014,7.020499859590003e-05,0.0,2,0,0,20,3,3,5,4,0,1,0,0,0,0,0,5,Lucky PDF Converter,,,
0,0,0,0,0,0,0,0,0,0,0,0,0.0,0.0,0.0,0.0,0.0,0,0,0,0,0,0,0.0,0.0,0.0,0.0,0.0,0.0,0.0,0,0,0,0,0,0,0,0,0,0,0,0,0,0,0,0,__MSG_appName__,,,
0,0,0,0,1,1,0,0,0,0,0,4,0.5933011809425708,47.044647660032275,0.08583736637770568,3.4789394765539803,2.4843865841172454,15,3,7,0,0,0,0.04648309705561614,0.002017213555675094,0.0004034427111350188,0.0,0.0009413663259817106,0.0,0.0,16,0,0,0,0,0,1,0,0,0,0,0,0,0,0,1,__MSG_name__,,,
0,1,0,0,1,1,0,1,0,0,0,0,0.46561256082567887,79.30809850040553,0.06250845416635822,6.601635033626318,2.5724221042136346,7,1,4,0,0,0,0.051167705628414856,6.039793611624014e-05,8.628276588034307e-06,0.0,3.451310635213723e-05,0.0,0.0,11,0,0,3,0,0,4,0,0,0,0,0,0,0,0,4,Share-A-Cart for Amazon,,,
0,0,0,0,1,1,0,1,0,0,0,13,0.3980826632618638,36.81896579567844,0.08534497115454417,5.289102005231038,3.2264325071169426,149,10,27,0,0,0,0.08701927734185799,0.004812506056005943,0.00032298698362455994,0.0,0.0008720648557863118,0.0,0.0,134,3,0,4,0,0,11,0,0,0,0,0,0,0,0,11,__MSG_manifest_name__,,,
0,0,0,0,1,1,1,0,0,0,0,61,0.3559551766331509,52.5423429781228,0.09921816132809325,3.926621643481074,3.4155693332905432,79,9,8,0,0,2,0.04838644451633776,0.009291931310279933,0.001058574453069866,0.0002352387673488591,0.0009409550693954364,0.0,0.0,0,0,0,7,0,0,15,0,0,0,0,0,0,0,0,15,__MSG_manifest_name__,,,
0,0,0,0,0,0,0,0,0,0,0,0,0.0,0.0,0.0,0.0,0.0,0,0,0,0,0,0,0.0,0.0,0.0,0.0,0.0,0.0,0.0,0,0,0,0,0,0,0,0,0,0,0,0,0,0,0,0,__MSG_appName__,,,
0,0,0,0,0,0,1,0,0,0,0,0,0.0,0.0,0.0,0.0,0.0,0,0,0,0,0,0,0.0,0.0,0.0,0.0,0.0,0.0,0.0,0,0,0,0,0,0,0,0,0,0,0,0,0,0,0,0,__MSG_appName__,,,
0,0,0,0,1,1,0,0,0,0,0,116,0.44841696590359714,36.952555920238666,0.09103224131843853,3.8869323291027706,2.8884196249335283,1482,83,115,0,0,3,0.05282349320152807,0.006919122830770954,0.0003875082287138929,1.400632151977926e-05,0.0005369089915915383,0.0,0.0,0,0,0,0,0,0,1,0,0,0,0,0,0,0,0,1,__MSG_main_title__,,,
0,0,0,0,0,0,0,0,0,0,0,0,0.0,0.0,0.0,0.0,0.0,0,0,0,0,0,0,0.0,0.0,0.0,0.0,0.0,0.0,0.0,0,0,0,0,0,0,0,0,0,0,0,0,0,0,0,0,Booking.com,,,
0,0,0,0,0,0,0,0,0,0,0,0,0.41142490372272145,16.065693430656935,0.06140350877192982,6.39124487004104,3.3504035800387837,0,0,1,0,0,0,0.05471956224350205,0.0,0.0,0.0,0.0018248175182481751,0.0,0.0,0,0,0,0,0,0,0,0,0,0,0,0,0,0,0,0,TICloudAgent Bridge,,,
0,0,0,0,0,1,1,0,0,0,0,2,0.3043610086411643,46.462829736211035,0.0864116428318763,5.847718526663002,3.374277772580687,43,5,8,0,0,0,0.029136888400219902,0.10311750599520383,0.011990407673860911,0.0,0.019184652278177457,0.0,0.0,0,0,0,2,0,1,1,0,1,0,0,1,0,0,0,1,FivData - Freelancer Assistant,,,
1,1,1,0,1,1,0,1,0,0,0,32,0.5294095514526056,49.936960985626285,0.0861108871509581,3.6782189141083537,2.8081361733379007,120,13,47,0,0,0,0.045806916638472514,0.004106776180698152,0.0004449007529089665,0.0,0.0016084873374401095,0.0,0.0,21,2,0,0,0,0,1,0,0,0,0,0,0,0,0,1,Contentsquare Tracking Setup Assistant,,,
0,1,0,0,1,1,0,1,0,0,0,54,0.4810590337656844,53.70138706284512,0.09360859109956893,3.4940026562629702,2.711167956749215,1563,95,29,0,0,1,0.06467723637973492,0.010274783066000525,0.0006245069681830134,6.573757559821194e-06,0.0001906389692348146,0.0,0.0,0,0,0,0,0,0,5,0,0,0,0,0,0,0,0,5,Fiverr Mate:Fiverr Gig SEO Tool,,,
1,1,0,0,0,1,0,0,0,0,0,111,0.5896429562602366,47.100730869434905,0.07261536652397188,3.8349356140040594,2.490244173857719,88,55,67,0,0,3,0.07137412937837405,0.0006763039986473921,0.00042268999915462,2.3055818135706546e-05,0.0005149132716974462,0.0,0.0,7,0,0,0,0,0,2,0,0,0,0,0,0,0,0,2,__MSG_name__,,,
0,0,0,0,0,0,0,0,0,0,0,10,0.5136362884141196,51.3068599870158,0.09639730584010459,3.519016261255208,2.9502513639993464,70,10,6,0,0,2,0.07024145500156789,0.015148236312486475,0.002164033758926639,0.00043280675178532783,0.0012984202553559835,0.0,0.0,0,0,0,1,1,0,0,0,0,0,1,0,0,1,0,0,Закладки Top Page,,,
0,1,0,0,0,1,0,0,0,0,0,43,0.5248587283478438,56.63061189807364,0.07536031925303172,3.892867160655431,2.9133564854072573,287,29,67,0,0,1,0.05869622807632672,0.002869053212439895,0.0002899043315705817,9.99670108864075e-06,0.0006697789729389302,0.0,0.0,0,0,0,0,0,0,1,0,0,0,0,0,0,0,0,1,Sugar - Smart Shopping Assistant,,,
0,0,0,0,0,0,0,0,0,0,0,0,0.0,0.0,0.0,0.0,0.0,0,0,0,0,0,0,0.0,0.0,0.0,0.0,0.0,0.0,0.0,0,0,0,0,0,0,0,0,0,0,0,0,0,0,0,0,__MSG_themeName__,,,
0,0,0,0,1,1,0,1,0,0,1,64,0.4308773299602815,47.64621436087588,0.09423909938417083,4.339561071223281,2.8932585729058853,839,38,38,0,0,1,0.050322930761788134,0.007006731138614688,0.0003173489669455997,8.351288603831571e-06,0.0003173489669455997,0.0,0.0,3,0,0,0,0,0,1,0,0,0,0,0,0,0,0,1,__MSG_appName__,,,
0,0,0,0,1,0,0,1,0,0,0,0,0.4124449481031241,39.742392444910806,0.12777191129883844,3.2605588393336915,3.237671471748073,76,9,7,0,0,0,0.054701773240193444,0.01993704092339979,0.00236096537250787,0.0,0.0018363064008394543,0.0,0.0,0,0,0,1,0,0,2,0,0,0,0,1,0,0,0,2,ATP Cookie,,,
0,0,0,0,0,0,0,0,0,0,0,3,0.4067130592405441,42.3628532974428,0.12957433468455326,3.2206077291730395,3.1563434000185002,68,9,7,0,0,0,0.05241154277556847,0.018304172274562585,0.0024226110363391655,0.0,0.0018842530282637954,0.0,0.0,0,0,0,0,0,1,3,0,0,0,0,0,0,0,0,3,Lorem Ipsum Generator,,,
0,1,1,0,0,1,0,1,0,0,1,93,0.5027979453513935,56.068930127786786,0.07954459310133415,3.855054696149432,2.624977796022611,3202,37,106,0,0,6,0.03544229226128203,0.016852276794172755,0.0001947327424685796,3.157828256247237e-05,0.0005578829919370118,0.0,0.0,11,0,6,4,0,0,4,0,0,0,0,0,0,0,0,4,"CRM, Phone Number & Email Finder for LinkedIn",,,
1,1,0,0,1,1,0,0,0,0,1,2,0.27839643652561247,52.29237288135593,0.12472160356347439,4.078456591639871,3.41533962430052,19,7,20,0,0,0,0.0360128617363344,0.08050847457627118,0.029661016949152543,0.0,0.0847457627118644,0.0,0.0,0,0,0,3,0,5,3,0,0,0,0,0,0,0,0,3,Weblio エクステンション,,1.0,
0,0,0,0,0,1,0,0,0,0,0,1,0.40708982360004736,30.7641686811711,0.10860520574356892,3.737252899555037,3.1926804628482213,22,25,18,0,0,2,0.10569698738055291,0.0059092130002686,0.006715014773032501,0.0005372011818426001,0.004834810636583401,0.0,0.0,0,0,0,4,0,0,3,0,0,0,2,0,0,0,0,3,Zero Noise Classroom,,,
0,0,0,0,1,0,0,0,0,0,0,61,0.5330648681814834,54.79456257793529,0.07880468704396372,4.051912193001521,2.7354984702290013,613,19,64,0,0,2,0.046967181047598346,0.005028877075539805,0.00015587057819780797,1.6407429283979787e-05,0.0005250377370873532,0.0,0.0,0,1,0,0,0,0,1,0,0,0,0,0,0,0,0,1,Qudelix,,,
0,0,0,0,1,1,0,0,0,0,1,162,0.23002117352362939,68.94877970240572,0.07279253524197155,8.696170769159066,2.915489291735137,2171,43,194,0,0,5,0.03612569863717726,0.014564409440367096,0.0002884705692933142,3.354308945271095e-05,0.001301471870765185,0.0,0.0,117,2,0,0,0,0,1,0,0,0,0,0,0,0,0,1,Leeco AI – Auto-Apply Jobs on LinkedIn & Upskill for Job Interviews,,,
0,0,0,0,1,1,0,0,0,0,0,4,0.32019851319336656,49.83027094363127,0.08433951474552732,3.741069440468238,3.0839772704909327,15,3,6,0,0,0,0.025781722174507745,0.0015571473061351605,0.0003114294612270321,0.0,0.0006228589224540642,0.0,0.0,0,0,0,0,0,0,1,0,0,0,0,0,0,0,0,1,DefiLlama,,,
0,0,0,0,0,0,0,0,0,0,0,0,0.0,0.0,0.0,0.0,0.0,0,0,0,0,0,0,0.0,0.0,0.0,0.0,0.0,0.0,0.0,0,0,0,0,0,0,0,0,0,0,0,0,0,0,0,0,__MSG_appName__,,,
0,0,1,1,0,0,0,0,0,0,1,12,0.401054699714322,41.14002333722287,0.06753051676792772,5.408480329785386,3.213216447031548,142,13,17,0,2,0,0.052590064182320984,0.0025491428058522572,0.00023337222870478414,0.0,0.00030517906830625615,3.590341980073602e-05,0.0,0,0,0,3,1,0,5,0,0,0,1,0,0,0,0,5,MonkiBu TV y Radios Online,,,
0,0,0,0,0,0,0,0,0,0,1,6,0.39612894043976377,39.41760138050043,0.09486230698071586,4.505935354691076,3.165818317069742,28,10,12,0,0,0,0.0886012585812357,0.00805291918320391,0.0028760425654299686,0.0,0.003451251078515962,0.0,0.0,19,1,0,4,0,0,2,0,0,0,0,0,0,0,0,2,"IP, DNS & Security Tools | HackerTarget.com",,,
0,0,0,0,0,1,0,0,0,0,0,1,0.3223376623376623,13.414405986903649,0.10506493506493507,6.081061164333088,3.676959043235311,8,5,5,0,0,0,0.1156963890935888,0.007483629560336763,0.004677268475210477,0.0,0.004677268475210477,0.0,0.0,13,1,0,1,0,0,3,0,0,0,0,0,0,0,0,3,__MSG_AppName__,,,
0,0,0,0,0,0,0,0,0,0,0,0,0.0,0.0,0.0,0.0,0.0,0,0,0,0,0,0,0.0,0.0,0.0,0.0,0.0,0.0,0.0,0,0,0,0,0,0,0,0,0,0,0,0,0,0,0,0,__MSG_appName__,,,
0,1,0,0,1,1,1,0,0,0,0,3,0.38443770952063294,46.69012585770374,0.08061826908354511,5.311185157267183,2.9799364373383033,7,0,0,0,0,1,0.08484376070718838,0.00025685245661028145,0.0,3.669320808718306e-05,0.0,0.0,0.0,0,0,0,21,0,0,4,0,1,0,0,0,0,0,0,4,Advanced Profanity Filter,,,
0,0,0,0,0,1,0,0,0,0,1,60,0.5552593991017793,52.297437192273705,0.08225576073980027,3.9972639043082765,2.505638334602485,725,11,35,0,0,0,0.04043261827167568,0.02288221184193915,0.00034717838656735263,0.0,0.0011046585027143037,0.0,0.0,0,0,0,0,0,0,1,0,0,0,0,0,0,0,0,1,shortfuts,,,
0,0,0,0,1,1,0,0,0,0,0,9,0.475851281767344,27.726361829025844,0.07557444216820774,5.928261302529377,2.777140710014604,24,8,14,0,0,2,0.11886078470424219,0.0019085487077534792,0.000636182902584493,0.00015904572564612326,0.0011133200795228628,0.0,0.0,12,0,0,0,0,0,15,0,0,0,0,0,0,0,0,15,Lunar Reader - Dark Theme & Night Shift Mode,,,
0,0,1,0,1,1,1,1,0,0,1,200,0.47274283609620665,57.14466429039063,0.08549500270732559,4.019294261971948,2.9310136003382805,314,321,173,0,0,1,0.062156999543530586,0.0011420673601513058,0.0011675274605368444,3.6371571979340945e-06,0.0006292281952425984,0.0,0.0,3,0,0,0,0,0,5,0,0,0,0,0,0,0,0,5,Trex,,,
0,0,1,0,1,1,0,0,0,0,0,91,0.4914534435363073,42.849008403361346,0.10578442961375299,3.4136405089028092,3.0004273125702396,191,15,56,0,8,2,0.06486866300886543,0.006420168067226891,0.0005042016806722689,6.722689075630252e-05,0.0018823529411764706,0.0002689075630252101,0.0,0,1,0,0,0,0,1,0,0,0,0,0,0,0,0,1,__MSG_name__,,,
0,0,0,0,1,1,0,0,0,0,1,114,0.46564024053969094,53.298514927670055,0.07549978400932078,4.026485559252536,2.3909314045354852,462,46,77,0,0,8,0.045110063295068975,0.0029624499846106493,0.00029496255258028113,5.129783523135324e-05,0.0004937416641017749,0.0,0.0,78,0,0,0,0,0,2,0,0,0,0,0,0,0,0,2,Heurio - One-Click Bug Report & UX Check Tool,,,
0,1,0,0,1,1,0,0,0,0,0,6,0.5054153179449291,55.80983750548968,0.09372083751616533,2.8410283970403354,1.9693537647058368,34,1,5,0,0,2,0.03304190938666615,0.0021331325679151765,6.273919317397578e-05,0.00012547838634795156,0.00031369596586987893,0.0,0.0,0,0,0,1,0,0,2,0,0,0,0,0,0,0,0,2,Timing71,,,
0,0,0,0,0,1,0,1,0,0,0,3,0.46862562811113595,17.74165233117198,0.07565105852171763,5.414904658817948,3.2657730038860024,69,8,19,0,0,0,0.062157112778387355,0.0030435357946274975,0.0003528737153191302,0.0,0.0008380750738829341,0.0,0.0,17,0,0,3,0,0,7,0,0,0,0,0,0,0,0,7,__MSG_app_name__,,,
0,0,0,0,0,1,0,0,0,0,1,22,0.4498409645496902,32.70981895633653,0.09530943357600404,3.8586137758721737,2.8827897922090977,163,4,42,0,0,0,0.050186618958018445,0.0034717784877529288,8.519701810436634e-05,0.0,0.0008945686900958467,0.0,0.0,3,0,0,0,0,0,1,0,0,0,0,0,0,0,0,1,"UnDistracted - Hide Facebook, YouTube Feeds",,,
0,0,0,0,0,0,1,0,0,0,0,0,0.0,0.0,0.0,0.0,0.0,0,0,0,0,0,0,0.0,0.0,0.0,0.0,0.0,0.0,0.0,0,0,0,0,0,0,0,0,0,0,0,0,0,0,0,0,Class Charts,,,
0,1,0,0,0,1,0,0,0,0,0,7,0.4254367533169238,21.557210561949898,0.0875307678453503,6.058917835671343,3.3568630148161014,89,0,6,0,0,0,0.07214428857715431,0.06025727826675694,0.0,0.0,0.004062288422477996,0.0,0.0,0,0,0,2,0,0,1,0,0,0,0,0,0,0,0,1,TeaserFast,,,
1,1,0,0,1,1,0,0,0,0,0,2,0.25059421882587474,34.80420860018298,0.09757967643826514,6.434807256235827,3.674317003328351,39,5,30,0,0,0,0.02409297052154195,0.035681610247026534,0.004574565416285453,0.0,0.027447392497712716,0.0,0.0,3,0,0,1,0,0,5,0,0,0,0,0,0,0,0,5,__MSG_appName__,,,
0,0,0,0,1,1,1,0,0,0,0,0,0.4194988654939371,27.766315789473683,0.0689486910483812,5.777496839443742,2.477185710320224,22,0,9,0,0,0,0.047724399494310996,0.015438596491228071,0.0,0.0,0.00631578947368421,0.0,0.0,0,0,0,5,0,0,4,0,0,0,0,0,0,0,0,4,"SpeechText.AI: Record, Capture & Transcribe",,,
0,0,0,0,0,1,0,0,0,0,0,1,0.36053268765133173,14.892307692307693,0.09273607748184019,5.83943661971831,3.7446185417264335,7,3,0,0,0,0,0.030985915492957747,0.026923076923076925,0.011538461538461539,0.0,0.0,0.0,0.0,0,0,0,1,0,0,1,0,0,0,0,0,0,0,0,1,__MSG_extName__,,,
0,0,0,0,1,1,0,0,0,0,1,63,0.5164096421071527,46.11849486493484,0.08837193967684416,4.035633611630844,2.88312403931465,299,27,60,0,0,3,0.055926793603874154,0.006451195305083283,0.0005825494088202295,6.472771209113662e-05,0.0012945542418227325,0.0,0.0,20,1,0,0,0,0,8,0,0,0,0,0,0,0,0,8,Sapling Grammar Checker and Writing Assistant,,,
0,0,0,0,0,1,0,0,0,0,1,4,0.2984604480844194,26.32816871099634,0.09972043942197897,6.745810581811335,3.325798022525188,111,0,87,0,0,0,0.07041988326115609,0.023886378308586184,0.0,0.0,0.01872175597159458,0.0,0.0,0,0,0,5,2,0,8,0,0,0,1,0,0,0,0,8,__MSG_namechrome__,,,
0,0,0,0,0,1,0,0,0,0,0,5,0.5020768837513135,45.33304090360785,0.09789282096433677,3.1843901036309545,2.839212974301239,106,11,20,0,0,1,0.05258966787219218,0.0058120407939467045,0.0006031363088057901,5.48305735277991e-05,0.001096611470555982,0.0,0.0,0,0,0,0,0,0,2,0,0,0,0,0,0,0,0,2,Colorway: Eyedropper & Color Picker Tool,,,
0,0,0,0,0,1,0,0,0,0,0,30,0.5831065719737167,60.41506470493476,0.07801108083254661,3.851369253527212,2.538559592233685,94,12,43,0,0,0,0.0609647579235301,0.0012618804703860818,0.00016109112387907427,0.0,0.0005772431939000161,0.0,0.0,0,0,0,0,0,0,0,0,0,0,0,0,0,0,0,0,__MSG_appName__,,,
0,0,0,0,0,0,0,0,0,0,1,51,0.40502706837791214,37.22657626703498,0.09549514769779957,4.225175666166014,2.948339746675994,60,4,19,0,0,0,0.05849061888406908,0.00020411356878967458,1.3607571252644972e-05,0.0,6.463596345006362e-05,0.0,0.0,12,2,0,0,0,0,2,0,0,0,0,0,0,0,0,1,__MSG_extensionName__,,,
1,1,0,0,0,1,0,0,0,0,0,231,0.5173160971338989,42.82039837528972,0.07830717889230934,3.7197710854676798,2.6346952760074442,1417,153,348,0,0,13,0.05729383619476499,0.0027097627953584077,0.00029258553824265096,2.486020913172851e-05,0.0006654886752185786,0.0,0.0,0,0,0,0,0,0,3,0,0,0,0,0,0,0,0,3,Dupe.com: Find similar products for less,,,
0,0,0,0,0,0,0,0,0,0,0,2,0.47357634314156055,19.22723908216136,0.08450446493924754,5.743471582181259,3.3908476255640982,1,0,4,0,0,0,0.06246799795186892,0.0007401924500370096,0.0,0.0,0.0029607698001480384,0.0,0.0,0,0,0,12,0,0,2,0,0,0,0,0,0,0,0,2,__MSG_appName__,,,
1,1,0,0,1,1,0,0,0,0,1,24,0.26276620136128886,105.84016378722029,0.060945680903294434,16.27424713843554,2.5589881370322956,87,5,43,0,0,3,0.05847421139426631,0.0031248877554685534,0.00017959125031428468,0.00010775475018857081,0.0015444847527028482,0.0,0.0,7,0,0,0,0,0,1,0,0,0,0,0,0,0,0,1,Paknevis: AI-based Persian writing assistant,,,
0,0,0,0,0,0,0,0,0,0,0,1,0.3285186009008508,38.30874316939891,0.13156870377578825,3.833835509429751,3.292836478560369,81,2,0,0,0,0,0.06706840754380092,0.04426229508196721,0.001092896174863388,0.0,0.0,0.0,0.0,9,0,0,1,0,0,2,0,0,0,1,0,0,0,0,2,Bulk URL Opener,,,
0,1,0,0,1,1,1,0,0,0,1,30,0.11256108784506737,210.57142857142858,0.02495683527654656,35.168887239855636,2.88958842253164,62,20,48,0,0,10,0.07101899011704388,0.002681544915877341,0.0008650144889926906,0.0004325072444963453,0.0020760347735824577,0.0,0.0,6,0,0,9,0,0,8,0,0,0,0,0,0,0,0,7,__MSG_name__,,,
0,1,0,0,1,1,0,0,0,0,1,45,0.48326512023440316,48.891841773071036,0.0882760121634938,3.832025179366036,2.8916437292140347,195,24,50,0,0,0,0.06060228193777667,0.0021783571835517278,0.0002681054995140588,0.0,0.0005585531239876225,0.0,0.0,4,0,3,0,0,0,17,0,0,0,0,0,0,0,0,17,__MSG_extName__,,,
0,0,0,0,1,1,0,1,0,0,0,11,0.5576408903412858,53.76352404941826,0.07357578029395392,3.5301113145880696,2.1420176464221705,8,4,4,0,0,1,0.040166842917835024,6.854127041244709e-05,3.4270635206223547e-05,8.567658801555887e-06,3.4270635206223547e-05,0.0,0.0,0,0,0,0,0,0,1,0,0,0,0,0,0,0,0,1,Cledara Engage,,,
1,1,0,0,0,0,0,0,0,0,0,52,0.5803927105092559,55.08395410842692,0.05594237556724051,5.973044538615418,2.879170306179354,202,39,53,0,0,3,0.07214157222975254,0.0016320594651369476,0.0003151005898036681,2.423850690797447e-05,0.0004282136220408823,0.0,0.0,162,0,0,6,1,0,4,0,0,0,0,0,0,0,0,4,MergeMail,,,
0,0,0,0,0,1,0,0,0,0,0,7,0.583771584970032,44.67955011495681,0.08827290312575668,3.245411001236094,2.602692570757508,48,3,11,0,0,0,0.04473114956736712,0.0029826632697446094,0.0001864164543590381,0.0,0.000683526999316473,0.0,0.0,0,0,0,0,0,0,1,0,0,0,0,0,0,0,0,1,__MSG_ext_name__,,,
0,0,0,0,0,1,0,0,0,0,1,26,0.3872016135739832,35.70685663401603,0.09839959522027225,3.8468392505815587,3.167270487875794,58,3,73,0,0,1,0.059638925267457225,0.0014756392316499173,7.632616715430606e-05,2.5442055718102022e-05,0.0018572700674214476,0.0,0.0,11,3,0,1,0,0,3,0,0,0,0,0,0,0,0,3,vk audiopad – VK Музыка бесплатно без рекламы,,,
0,0,0,0,0,0,0,0,0,0,0,0,0.0,0.0,0.0,0.0,0.0,0,0,0,0,0,0,0.0,0.0,0.0,0.0,0.0,0.0,0.0,0,0,0,0,0,0,0,0,0,0,0,0,0,0,0,0,__MSG_appName__,,,
0,1,0,0,1,1,0,0,0,0,1,112,0.46025467878055637,42.237695251887864,0.0682098916807723,6.838326715150433,3.387293771380406,101,16,57,0,0,1,0.10959413435654902,0.0010447915589117617,0.00016551153408503154,1.0344470880314471e-05,0.0005896348401779249,0.0,0.0,6,0,0,0,0,0,3,0,0,0,0,0,0,0,0,3,Pratik Modül,,,
0,1,0,0,1,1,0,1,0,0,0,181,0.3128085423107454,65.85487168947704,0.042505900101941045,2.574319076959034,2.6052038619680093,774,72,200,0,0,0,0.004415590712604427,0.002696140756661105,0.0002508037913173121,0.0,0.0006966771981036446,0.0,0.0,10,1,0,0,0,0,3,0,0,0,0,0,0,0,0,3,uxtension,,,
1,1,0,0,0,1,0,0,0,0,0,30,0.1407362402704378,192.15429972174374,0.034843091640674104,2.765268480774794,2.94708288090783,150,11,37,0,0,0,0.0027531746549667876,0.0033125745329269907,0.000242922132414646,0.0,0.0008171017181219911,0.0,0.0,0,0,0,0,0,0,1,0,0,0,0,0,0,0,0,1,Atom Material Icons,,,
0,0,1,0,1,1,0,0,0,0,0,68,0.17531444987526773,174.9215348135374,0.04798597227078921,27.330193038439166,2.764112448438491,89,8,24,0,3,0,0.048360178958755766,0.0023981461521879717,0.0002155636990730761,0.0,0.0006466910972192282,8.083638715240353e-05,0.0,0,0,0,0,0,0,22,0,0,0,0,0,0,0,0,22,ProxyEmpire Proxy Manager,,,
0,0,0,0,0,0,0,0,0,0,0,0,0.0,0.0,0.0,0.0,0.0,0,0,0,0,0,0,0.0,0.0,0.0,0.0,0.0,0.0,0.0,0,0,0,0,0,0,0,0,0,0,0,0,0,0,0,0,Dragon,,,
0,1,0,0,0,0,0,0,0,0,1,8,0.4162484618568861,42.7936429103551,0.12297773165711175,3.4434217650243637,3.205381744013999,69,8,7,0,0,0,0.05650440517792981,0.0171343431835113,0.0019865905140302956,0.0,0.0017382666997765085,0.0,0.0,1,0,0,0,0,0,0,0,0,0,0,0,0,0,0,0,MyLogin,,,
0,0,0,0,0,0,0,0,0,0,0,0,0.0,0.0,0.0,0.0,0.0,0,0,0,0,0,0,0.0,0.0,0.0,0.0,0.0,0.0,0.0,0,0,0,0,0,0,0,0,0,0,0,0,0,0,0,0,__MSG_appName__,,,
0,0,0,0,0,1,0,0,0,0,0,0,0.2994213179018107,30.339181286549707,0.11554974799327983,5.9087221095334685,3.184453153869862,1,0,1,0,0,0,0.02028397565922921,0.005847953216374269,0.0,0.0,0.005847953216374269,0.0,0.0,0,0,0,0,0,0,0,0,0,0,0,0,0,0,0,0,__MSG_extensionName__,,,
0,0,0,0,1,1,0,0,0,0,1,10,0.10351949506677374,232.02908224076282,0.024313312294448906,35.320750761076496,2.891438543414715,142,16,26,0,0,8,0.07291238604818893,0.006769964243146603,0.0007628128724672229,0.00038140643623361145,0.0012395709177592373,0.0,0.0,0,0,0,0,0,0,4,0,0,0,0,0,0,0,0,4,__MSG_appName__,,,
0,0,0,0,0,1,0,0,0,0,0,30,0.5845553491351139,60.359997858271086,0.07766588510011876,3.868939629105876,2.5248686609970723,94,12,43,0,0,0,0.061261913795283916,0.0012582657350145906,0.00016062966829973497,0.0,0.0005755896447407169,0.0,0.0,5,0,0,0,0,0,1,0,0,0,0,0,0,0,0,0,__MSG_appName__,,,
0,0,0,0,0,0,0,0,0,0,0,0,0.614731867128548,30.912596401028278,0.04801417868363812,4.845378887428822,3.2298858712165135,10,0,1,0,0,0,0.02715724923346474,0.00856898029134533,0.0,0.0,0.000856898029134533,0.0,0.0,0,0,0,0,0,0,0,0,0,0,0,0,0,0,0,0,Push to Kindle,,,
0,0,0,0,0,1,1,0,0,0,0,4,0.4146442923820828,32.41366998214741,0.11406076473035222,3.465752125675633,2.9780107016804753,16,3,7,0,0,0,0.04595884565540349,0.00204029584289722,0.00038255547054322876,0.0,0.0008926294312675338,0.0,0.0,1,0,0,0,0,0,1,0,0,0,0,0,0,0,0,1,AnythingLLM Browser Companion,,,
0,1,0,0,0,1,0,0,0,0,0,169,0.5287112580493658,52.81871176850074,0.07477858647735433,3.971787699558992,2.4709281388260043,250,84,145,0,0,2,0.0706781490209898,0.0019431511693883737,0.0006528987929144936,1.554520935510699e-05,0.0011270276782452567,0.0,0.0,0,0,0,0,0,0,4,0,0,0,0,0,0,0,0,4,__MSG_appName__,,,
0,0,0,0,0,0,0,0,0,0,0,0,0.0,0.0,0.0,0.0,0.0,0,0,0,0,0,0,0.0,0.0,0.0,0.0,0.0,0.0,0.0,0,0,0,0,0,0,0,0,0,0,0,0,0,0,0,0,Writer,,,
1,1,0,0,0,1,1,0,0,0,1,292,0.4308907213507003,28.588626586362658,0.08895424394714503,4.090249129989889,2.9781843351377453,2368,821,295,0,0,19,0.05187372511637165,0.004244640424464042,0.0014716426471642647,3.405750340575034e-05,0.0005287875528787553,0.0,0.0,422,1,5,4,2,11,102,4,0,0,1,0,0,1,0,92,KHALED BOUCHAREB-CEM,,,
0,0,0,0,0,0,1,0,0,0,0,0,0.0,0.0,0.0,0.0,0.0,0,0,0,0,0,0,0.0,0.0,0.0,0.0,0.0,0.0,0.0,0,0,0,0,0,0,0,0,0,0,0,0,0,0,0,0,__MSG_app_name__,,,
0,1,0,0,0,1,0,0,0,0,0,25,0.5262201385413648,56.56151384131619,0.0814771892549963,4.002197407955514,2.669131090522115,449,4,21,0,0,1,0.034810978070765504,0.02521197147509686,0.00022460553652647538,5.6151384131618846e-05,0.0011791790667639956,0.0,0.0,0,0,0,0,0,0,4,0,0,0,0,0,0,0,0,4,Google Classroom plagiarism and AI checker,,,
0,0,0,0,1,1,0,0,0,0,0,58,0.5347658178568153,53.20393484239475,0.08854936061181438,3.868648485052292,2.89789898698947,118,13,17,0,0,2,0.08598715405050947,0.0062407446583456734,0.0006875396657499471,0.00010577533319229955,0.0008990903321345462,0.0,0.0,0,0,0,0,0,0,1,0,0,0,0,0,0,0,0,1,__MSG_appName__,,,
0,0,0,0,0,1,0,0,0,0,0,5,0.4149666386139844,42.6560223221206,0.12104554832340836,3.660949782368609,3.0210450974453336,132,12,14,0,0,1,0.05697394919768726,0.020461943884669043,0.0018601767167880949,0.0001550147263990079,0.002170206169586111,0.0,0.0,1,0,0,0,0,1,6,0,0,0,0,0,0,0,0,6,Quick Equations,,,
0,0,0,0,0,0,0,0,0,0,0,0,0.34166043380703065,38.56094674556213,0.0768885564697083,6.326936744847193,3.328223590807919,31,0,4,0,0,0,0.02771855010660981,0.036686390532544376,0.0,0.0,0.004733727810650888,0.0,0.0,0,0,0,1,0,0,1,0,0,0,0,0,0,0,0,1,Agital - GSC Calculations,,,
0,1,0,0,0,1,0,0,0,0,0,107,0.4348142899228902,47.232187602605975,0.06304811906411949,3.066859196077773,2.3741134225118405,508,13,128,0,0,3,0.014914537089895563,0.0021946878186185565,5.6163270948900066e-05,1.2960754834361553e-05,0.0005529922062660929,0.0,0.0,13,1,0,0,0,0,2,0,0,0,0,0,0,0,0,2,Clippings.io for Amazon Kindle Highlights,,,
0,0,0,0,0,0,0,0,0,0,0,0,0.0,0.0,0.0,0.0,0.0,0,0,0,0,0,0,0.0,0.0,0.0,0.0,0.0,0.0,0.0,0,0,0,0,0,0,0,0,0,0,0,0,0,0,0,0,Becoming Being,,,
0,1,0,0,0,1,0,0,0,0,0,21,0.23120499279884782,91.1001370033628,0.14248950254575943,3.8746067668961115,3.506497354903781,222,16,59,0,0,1,0.07425180065546676,0.027649769585253458,0.0019927761863245733,0.00012454851164528583,0.007348362187071865,0.0,0.0,0,0,0,3,0,0,11,0,3,0,0,3,0,0,0,11,Grade Grabber,,,
0,0,0,0,0,1,0,0,0,0,1,11,0.4802684706283409,22.884877202349173,0.09509359308593128,4.469651371183174,2.735316825515174,89,15,7,0,0,2,0.05305515165860751,0.005939668980245595,0.00100106780565937,0.00013347570742124932,0.00046716497597437266,0.0,0.0,25,0,0,1,0,0,12,0,0,0,0,12,0,0,0,12,Majestic Backlink Analyzer,,,
0,1,0,0,0,1,1,0,0,0,1,2,0.5005120227294515,18.896672808063293,0.09096138259209872,3.7490898239331543,2.6295490526532874,24,8,12,0,0,0,0.05575649059982095,0.0005202124200715293,0.00017340414002384307,0.0,0.0002601062100357646,0.0,0.0,4,0,0,2,0,0,2,0,0,0,0,0,0,0,0,2,__MSG_tool_name__,,,
0,0,0,0,0,1,0,0,0,0,0,23,0.5889480620556101,48.37114449723969,0.07664046988427019,3.6736681762604424,2.6156860315966908,204,13,25,0,0,0,0.04877149121908236,0.005603010244719712,0.00035705457441841305,0.0,0.000686643412343102,0.0,0.0,1,2,0,1,0,0,2,0,0,0,0,0,0,0,0,2,__MSG_name__,,,
0,0,0,0,0,1,0,0,0,0,0,2,0.3905301080802882,45.97494505494505,0.11971178589809572,3.700531870688939,3.16914874045012,78,15,16,0,0,0,0.055804869940995594,0.017142857142857144,0.0032967032967032967,0.0,0.0035164835164835165,0.0,0.0,22,0,0,0,0,0,4,0,0,0,0,0,0,0,0,4,__MSG_name__,,,
0,0,0,0,1,1,0,0,0,0,0,69,0.28620992593393524,71.05365924916005,0.08037857490403849,7.719916851393429,3.080075718874554,86,7,57,0,0,0,0.06023961289320924,0.0041875639090422166,0.000340848225154599,0.0,0.0027754784048303065,0.0,0.0,0,0,0,0,0,0,1,0,0,0,0,0,0,0,0,1,__MSG_name__,,,
0,0,0,0,0,1,0,0,0,0,0,22,0.4066173436585389,37.784145887606996,0.0731640613754786,6.485164763030064,3.3416383755086985,18,1,34,0,0,0,0.05717474071156623,0.0033494603647190174,0.00018608113137327876,0.0,0.006326758466691477,0.0,0.0,0,0,0,0,0,0,0,0,0,0,0,0,0,0,0,0,Auto hide next up card for Amazon Prime Video,,,
0,0,0,0,0,1,0,0,0,0,0,61,0.5177748095906726,44.10571594848309,0.08799303492020395,3.5634445145166187,2.739589683416469,308,19,52,0,0,1,0.06317006516712213,0.0077933250676855345,0.000480757065863718,2.5303003466511476e-05,0.0013157561802585966,0.0,0.0,1,0,0,4,0,2,23,0,0,0,0,0,0,0,0,21,Minimal Theme for Twitter / X,,,
0,0,0,0,0,1,0,0,0,0,1,24,0.38234286781800064,27.745674224343677,0.08613728827632015,6.977125729610349,3.5734363980310175,89,7,42,0,0,0,0.054661618551822055,0.013275656324582339,0.0010441527446300716,0.0,0.0062649164677804296,0.0,0.0,0,0,0,1,0,0,1,0,0,0,0,0,0,0,0,1,搶票柴柴-售票網站篩選器,,,
0,0,0,0,0,1,0,0,0,0,0,59,0.3533946764316279,42.60667977167051,0.07916215869449125,4.2652298600851655,3.110834637749707,62,86,427,0,0,2,0.06706692712564374,0.0011718897667561336,0.0016255245151778625,3.780289570181076e-05,0.008070918232336598,0.0,0.0,1,0,0,0,0,0,33,0,0,0,0,0,0,0,0,30,Type Fu,,,
1,1,0,0,0,1,0,0,0,0,0,163,0.3713425250319404,36.808927270948594,0.10593352146818784,3.225045044305538,3.2170198803640635,216,125,121,0,0,5,0.027417514539357847,0.0011739258035413428,0.0006793552103827215,2.7174208415308863e-05,0.0006576158436504744,0.0,0.0,2,3,0,0,0,0,3,0,0,0,0,0,0,0,0,3,Dashy New Tab Dashboard and Side Panel,,,
0,0,0,0,1,0,0,0,0,0,0,9,0.45974956286310564,45.03843157621397,0.1143324496587512,3.3332466586925995,3.2303082375876753,83,15,8,0,0,0,0.06458994227468927,0.021552843417294208,0.003895092183848351,0.0,0.002077382498052454,0.0,0.0,0,0,0,0,0,0,4,0,0,0,0,0,0,0,0,4,ato-ichinen,,,
0,0,0,0,0,0,0,0,0,0,0,5,0.23856999170651655,22.673767752715122,0.03749713257221506,5.673632653061224,3.4339727634985784,8,1,5,0,0,0,0.031183673469387756,0.003341687552213868,0.0004177109440267335,0.0,0.0020885547201336674,0.0,0.0,31,0,0,73,0,0,2,0,0,0,0,0,0,0,0,2,CodeBeautify,,,
0,0,0,0,1,1,0,1,0,0,0,144,0.41277197728882986,75.25633583742385,0.06618600252351262,7.811789496903089,2.4901214283274693,4348,33,210,0,0,1,0.03946493081669504,0.02450364342352192,0.00018597521457594833,5.635612562907525e-06,0.0011834786382105803,0.0,0.0,0,0,0,5,0,0,8,0,0,0,0,0,0,0,0,8,BugHerd: Visual Feedback & Bug Tracking Tool,,,
0,0,0,0,1,1,0,0,0,0,0,4,0.3418575896428831,48.105,0.10392028511164449,3.9674685279820516,3.262436634185762,48,19,18,0,0,0,0.00860027421164153,0.03428571428571429,0.013571428571428571,0.0,0.012857142857142857,0.0,0.0,1,0,0,1,0,0,1,0,0,0,0,0,0,0,0,1,Webtime Tracker,,,
0,0,0,0,1,1,0,0,0,0,0,30,0.4742417784625118,49.53288590604027,0.09116407335723195,3.95798298203939,3.033101797200256,63,7,45,0,0,1,0.06227769189195983,0.0038438071995118973,0.0004270896888346553,6.101281269066504e-05,0.002745576571079927,0.0,0.0,0,0,0,0,0,0,4,0,0,0,0,0,0,0,0,4,Bubbles - AI Meeting Notes & Screen Recorder,,,
0,0,0,0,0,1,0,1,0,0,0,39,0.4742603079485886,59.469005921632856,0.0625044113391797,6.680706428775542,2.808339692315057,336,22,45,0,0,2,0.05208060822422835,0.0052916719163411865,0.00034647851833186343,3.149804712107849e-05,0.0007087060602242661,0.0,0.0,1,0,0,0,0,0,1,0,0,0,0,0,0,0,0,1,Phantom - GMB Audit Tool,,,
0,0,0,0,0,0,0,0,0,0,0,1,0.37835110982992215,29.169565217391305,0.10608244450850389,5.475873544093178,3.1936589070047,6,1,5,0,0,1,0.07154742096505824,0.02608695652173913,0.004347826086956522,0.004347826086956522,0.021739130434782608,0.0,0.0,2,0,0,4,0,0,2,0,0,0,0,0,0,0,0,2,MindMeister Quick Access,,,
0,0,0,0,0,1,0,0,0,0,0,30,0.45931906633368674,47.24889219752561,0.09405507393961837,3.9616733448516706,3.20360060572783,124,23,39,0,0,1,0.08435834282983494,0.004395760218370024,0.0008153426211492786,3.544967918040342e-05,0.0013825374880357332,0.0,0.0,0,0,0,3,0,9,9,0,3,0,0,0,0,0,0,9,Dreamy - Anime HD New Tab Sharing App,,,
0,1,0,0,0,1,1,1,0,0,0,23,0.3668385186474798,44.19582428423137,0.09304997672616047,4.738830558138216,2.9731840127514744,43,0,19,0,0,0,0.042165477722313896,6.33130388050032e-05,0.0,0.0,2.797552877430374e-05,0.0,0.0,1,0,0,0,0,0,6,0,0,0,0,0,0,0,0,6,"Echoes-ChatGPT, Claude & Gemini Tool for Search, Label, Export & Summarize",,,
0,0,0,0,0,0,0,0,0,0,0,0,0.0,0.0,0.0,0.0,0.0,0,0,0,0,0,0,0.0,0.0,0.0,0.0,0.0,0.0,0.0,0,0,0,0,0,0,0,0,0,0,0,0,0,0,0,0,BodBot Personal Trainer,,,
0,0,0,0,0,1,1,0,0,0,0,36,0.2866266364741958,29.767107221796202,0.08388307039542216,4.464119111921715,3.478719472157301,216,24,55,0,0,0,0.05318999684332363,0.004871667644007397,0.0005412964048897109,0.0,0.001240470927872254,0.0,0.0,2,1,0,10,1,0,26,0,0,0,0,1,0,0,0,26,Checker Plus for Google Drive™,,,
