All http domains,All https domains,webRequest,webRequestBlocking,tabs,storage,notifications,cookies,management,contextmenus,security_policy,dynamic_code_gen_functions,whitespace %,avg_line_length,specific_characters,word_size,string_entropy,DOM_operations,DOM_change_sinks,event_handlers,HTTP_scripts,modification_callbacks,XMLHttpRequests,keyword_density,DOM_operations_density,DOM_change_sinks_density,XMLHttpRequests_density,event_handlers_density,modification_callbacks_density,HTTP_scripts_density,num_background_image,num_behavior,num_import_rules,num_external_urls,num_iframe_tags,num_form_tags,num_script_tags,num_inline_event_handlers,num_password_inputs,num_meta_refresh,num_http_urls,num_javascript_urls,num_data_urls,num_external_iframe_src,num_external_script_src,num_script_src_attrs,Extension Name,num_external_form_actions
0,0,0,0,0,1,0,0,0,0,0,11,0.1759022856411993,64.32180224537872,0.0756864347499682,7.571165755117466,3.678515018720781,325,46,15,0,0,7,0.0454016419478017,0.0022991433038335,0.000325417206081,4.952000962103044e-05,0.0001061143063307,0.0,0.0,219,0,0,6,0,0,3,0,0,0,3,0,0,0,0,3,__MSG_8969005060131950570__,
0,0,1,1,1,1,0,0,0,0,1,7,0.5167548013413271,43.33064254567732,0.0642422518036784,5.338048681358382,2.968782910331072,190,45,62,0,0,0,0.0570470556358381,0.0068470935889581,0.0016216800605427,0.0,0.002234314750081,0.0,0.0,29,0,0,7,0,1,4,3,0,0,0,0,0,0,0,4,__MSG_extName__,
0,0,0,0,1,1,0,1,0,0,0,79,0.3787016254441189,38.370793888836815,0.0805408560792981,4.284979676718026,2.6330933512886947,130,9,78,0,0,1,0.0258625578977219,0.0024369669134876,0.0001687130940106,1.8745899334520572e-05,0.0014621801480926,0.0,0.0,0,0,0,0,0,0,1,0,0,0,0,0,0,0,0,1,__MSG_extensionName__,
1,1,1,0,0,1,0,1,0,0,1,454,0.5050446522488317,56.903921128035726,0.0824251289966601,4.165843106566409,2.729570269456921,8007,134,251,0,3,3,0.0504448009715217,0.0131327528264039,0.0002197813012037,4.920476892620433e-06,0.0004116799000159,4.920476892620433e-06,0.0,0,0,0,0,0,0,4,0,0,0,0,0,0,0,0,4,__MSG_Honey_Title__,
0,0,1,1,1,1,0,0,0,0,1,60,0.3445022830191467,33.80772791456652,0.088873723987754,5.44760639776248,3.278132685378367,262,4,73,0,1,2,0.0736029396706328,0.0024500406781562,3.740520119322592e-05,1.870260059661296e-05,0.0006826449217763,9.35130029830648e-06,0.0,6,0,0,52,2,0,226,0,0,0,0,0,0,0,0,226,uBlock Origin,
0,0,1,1,1,1,1,1,0,0,0,69,0.5966045198263553,57.22101603997633,0.0726790929464314,3.893454145054591,2.523250650570028,667,43,108,0,5,2,0.0505368080707644,0.0049970407329991,0.0003221480532518,1.4983630383805692e-05,0.0008091160407255,3.745907595951424e-05,0.0,31,0,0,0,0,0,9,0,0,0,0,0,0,0,0,9,__MSG_extName__,
0,1,0,0,1,1,0,1,0,0,1,210,0.4485181096174763,40.76160317712151,0.0886663203155652,3.812029978786877,2.859925665605405,1859,53,498,0,0,16,0.047096606355334,0.0006672845360129,1.9024249816398043e-05,5.7431697558937485e-06,0.0001787561586521,0.0,0.0,480,15,0,0,0,0,24,0,0,0,0,0,0,0,0,24,__MSG_appName__,
0,0,1,0,1,1,0,1,0,0,1,254,0.4301161629577856,45.00315262892776,0.0825178590611997,4.566297807035257,3.117622149259589,1677,55,337,0,2,12,0.052352489802512,0.0145646245505549,0.0004776710496604,0.0001042191381077,0.002926820795192,1.7369856351287976e-05,0.0,90,0,0,0,5,4,67,0,0,0,0,0,0,0,0,67,__MSG_web2pdfExtnName__,
0,0,1,0,1,1,0,0,0,0,0,19,0.3868186055640057,39.450737170399776,0.0953005950920675,4.652975632200181,3.282977663885907,542,104,92,0,0,2,0.064007503229574,0.038417918911256,0.0073717039977317,0.0001417635384179,0.0065211227672242,0.0,0.0,14,1,0,13,0,7,2,0,1,0,0,0,0,0,0,2,VT4Browsers + Google TI,
0,0,0,0,0,1,0,0,0,0,1,48,0.4688214229589578,16.588284131871827,0.0770897405484924,6.706332000149516,3.166501699459275,43,0,7,0,0,6,0.0428456621687287,0.0004519037760238,0.0,6.305634084054103e-05,7.35657309806312e-05,0.0,0.0,40,0,0,0,0,0,4,0,0,0,0,0,0,0,0,4,Dark Reader,
0,1,1,0,1,1,0,0,0,0,0,10,0.4084937277445481,16.196298149074536,0.0934438057113598,5.360108115600527,3.155452019530281,154,2,29,0,1,3,0.089264675306674,0.0154077038519259,0.000200100050025,0.0003001500750375,0.0029014507253626,0.0001000500250125,0.0,1,0,0,0,0,0,8,0,0,0,0,0,0,0,0,8,Video Downloader Professional,
0,0,1,0,0,1,0,0,0,0,0,89,0.6514966112868512,58.41618086473648,0.059808685587092,3.688302927201267,2.4616375457415973,1017,28,56,0,0,0,0.0499752784318983,0.0055150946568114,0.0001518413474835,0.0,0.000303682694967,0.0,0.0,1,0,0,0,0,0,1,0,0,0,0,0,0,0,0,1,Avast SafePrice,
0,0,1,0,1,1,0,0,0,0,0,36,0.4948960013355211,44.65588193920483,0.072562940073532,4.5587386201895965,2.097507407335524,70,12,20,0,1,1,0.0450593495716625,0.0008951750067138,0.0001534585725795,1.2788214381625894e-05,0.0002557642876325,1.2788214381625894e-05,0.0,0,0,0,0,0,0,4,0,0,0,0,0,0,0,0,4,__MSG_name__,
0,0,1,0,0,1,0,0,0,0,0,58,0.4655722489703579,51.21219321148825,0.081347725986186,4.0466582729490685,2.989945425894147,288,7,57,0,1,2,0.0440722416972723,0.0075195822454308,0.0001827676240208,5.2219321148825065e-05,0.0014882506527415,2.6109660574412533e-05,0.0,0,0,0,0,0,0,1,0,0,0,0,0,0,0,0,1,__MSG_name__,
0,0,0,0,0,1,0,0,0,0,0,94,0.4546476123435393,42.59756861041549,0.1003657672775291,3.496556900398945,2.86055775094673,1013,142,168,0,0,8,0.0552775711677598,0.0064713548321152,0.0009071395717279,5.110645474523432e-05,0.0010732355496499,0.0,0.0,13,0,0,8,0,0,59,1,0,0,0,0,0,0,0,59,GoFullPage - Full Page Screen Capture,
0,0,1,0,1,1,1,0,0,0,1,92,0.5509587805422856,52.64271922474407,0.0634729568597824,3.7652235875176094,2.5286517646561486,1663,80,130,0,1,0,0.0298041574293593,0.0060585085066851,0.0002914495974352,0.0,0.0004736055958322,3.643119967940544e-06,0.0,4,0,0,0,0,0,10,0,0,0,0,0,0,0,0,10,VPN for Chrome: NordVPN proxy protection,
0,0,0,0,0,1,0,0,0,0,0,21,0.2297616956771811,110.08964511260444,0.0463325494951249,19.866661673345234,2.9380197804562744,120,35,40,0,0,0,0.0904415344476762,0.0010117958533233,0.0002951071238859,0.0,0.0003372652844411,0.0,0.0,0,0,0,10,0,0,3,0,0,0,0,0,0,0,0,3,__MSG_extensionName__,
0,0,1,0,1,1,0,1,0,0,1,113,0.4849970162802455,62.22684459005247,0.0633371050940278,5.598992335953237,2.806921863805748,2431,11,64,0,1,4,0.0580158032749081,0.0187839498064426,8.499524799295313e-05,3.090736290652841e-05,0.0004945178065044,7.726840726632103e-06,0.0,7,0,0,0,0,0,7,0,0,0,0,0,0,0,0,7,__MSG_appNameChrome__,
0,0,1,0,1,1,0,0,0,0,1,15,0.3888404953535516,19.526445872466635,0.1051602673464062,4.64738836711155,3.2766361375396933,170,1,30,0,3,0,0.0702339759433185,0.0140056022408963,8.238589553468446e-05,0.0,0.0024715768660405,0.000247157686604,0.0,6,0,0,0,0,0,99,0,0,0,0,0,0,0,0,99,__MSG_name__,
1,1,1,0,1,1,0,1,0,0,1,131,0.3092617810067614,81.96022115666895,0.0760114822613924,5.016772547835664,3.465234076902338,653,52,155,0,8,1,0.0305560135293794,0.0039937860847441,0.000318035032782,6.116058322732166e-06,0.0009479890400234,4.892846658185733e-05,0.0,5,0,0,1,0,0,10,0,0,0,0,0,0,0,0,10,Okta Browser Plugin,
1,1,0,0,1,1,0,0,0,0,0,47,0.3899320730416146,53.80825730008783,0.0637723733504448,4.940975092644655,3.001807443909013,166,55,27,0,0,1,0.0476488537034603,0.0007439009088138,0.0002464731926792,4.481330775987237e-06,0.0001209959309516,0.0,0.0,73,1,0,0,0,0,1,0,0,0,0,0,0,0,0,1,Avast Online Security & Privacy,
0,0,0,0,0,1,1,0,0,0,0,38,0.4337978822831271,20.1099331405176,0.0769448399835052,4.877865026522955,2.5770645445371616,98,2,40,0,0,1,0.0627096209158132,0.0009202569207076,1.8780753483829773e-05,9.390376741914886e-06,0.0003756150696765,0.0,0.0,18,3,0,0,0,0,0,0,0,0,0,0,0,0,0,0,BTRoblox - Making Roblox Better,
0,0,0,0,0,1,0,0,0,0,0,14,0.40600783740534,36.04187704187704,0.1013204000490267,4.561442691503516,3.024074613934738,114,8,36,0,0,1,0.0615733700817335,0.0048368619797191,0.0003394289108574,4.2428613857185285e-05,0.0015274300988586,0.0,0.0,19,0,0,2,1,7,56,0,1,0,1,0,0,0,0,56,__MSG_extension_name__,
0,1,0,0,0,1,1,1,0,0,1,742,0.5024201897377604,52.281616240532855,0.0744519896002999,4.0940071237703055,2.7389096458101254,6952,201,1810,0,0,23,0.0427629618660019,0.003947257104864,0.0001141252413805,1.3059107222651532e-05,0.0010276949596956,0.0,0.0,496,1,0,0,0,0,5,0,0,0,0,0,0,0,0,5,__MSG_extensionName__,
0,0,0,0,0,0,1,0,0,0,0,0,0.0,0.0,0.0,0.0,0.0,0,0,0,0,0,0,0.0,0.0,0.0,0.0,0.0,0.0,0.0,0,0,0,0,0,0,0,0,0,0,0,0,0,0,0,0,Kami - PDF and Document Annotation,
0,0,0,0,1,1,0,0,0,0,0,145,0.5431842076902486,52.07993132832245,0.0484490724531011,5.384137797859012,1.6003476053161434,3313,40,126,0,0,1,0.0553120650002333,0.0109169514256622,0.0001318074425072,3.295186062681029e-06,0.0004151934438978,0.0,0.0,4,0,0,0,0,0,3,0,0,0,0,0,0,0,0,2,__MSG_name__,
0,0,0,0,1,1,0,0,0,0,0,1,0.4110480274860498,41.83977035490605,0.0668388605960184,5.391391678622669,3.0965875598889534,2,3,22,0,0,0,0.0172166427546628,0.0010438413361169,0.0015657620041753,0.0,0.011482254697286,0.0,0.0,2,0,0,5,0,0,2,0,0,0,0,0,0,0,0,2,__MSG_app_name__,
0,0,0,0,0,0,0,0,0,0,0,0,0.0689655172413793,43.0,0.0919540229885057,5.416666666666667,4.305750340868814,1,0,0,0,0,0,0.0,0.5,0.0,0.0,0.0,0.0,0.0,0,0,0,0,0,0,1,0,0,0,0,0,0,0,0,1,__MSG_appName__,
1,1,0,0,1,1,1,1,0,0,1,517,0.4861947391829521,45.54255372460653,0.0856211687918272,4.147009276756641,2.8228535695158654,20340,214,868,0,0,2,0.0452981309598341,0.0175741154189102,0.0001848997394123,1.728034947778784e-06,0.0007499671673359,0.0,0.0,429,8,0,7,0,0,5,0,0,0,0,0,1,0,0,5,Grammarly: AI Writing Assistant and Grammar Checker App,
0,0,1,0,0,1,0,1,0,0,1,888,0.5121247375836384,51.81551329575221,0.0713285749641902,4.83628576921934,2.6400322521751947,11787,148,802,0,0,60,0.0433179004947916,0.0049376023954513,6.199755277227503e-05,2.513414301578717e-05,0.0003359597116443,0.0,0.0,0,0,0,0,0,0,10,0,0,0,0,0,0,0,0,10,Loom – Screen Recorder & Screen Capture,
0,0,1,0,1,1,1,0,0,0,1,32,0.3644333755756367,41.62610096670248,0.1102800207855359,4.722819342149178,2.995183960381397,217,106,56,0,0,0,0.0317443858665655,0.0010134030728996,0.0004950263858403,0.0,0.0002615233736515,0.0,0.0,0,0,0,3,0,0,8,0,0,0,0,0,0,0,0,8,Video DownloadHelper,
0,0,0,0,1,1,0,0,0,0,0,94,0.4024457671964266,42.61211976256224,0.0940769816392962,4.136737871158674,2.867001594741014,90,11,56,0,0,0,0.0597827865595092,0.0019569046117718,0.0002391772303276,0.0,0.0012176295362136,0.0,0.0,2,0,0,0,0,0,2,0,0,0,0,0,0,0,0,2,Simplescraper — a fast and free web scraper,
1,1,0,0,1,0,0,0,0,0,1,53,0.3934601178036456,35.30422395200014,0.1019784870945059,4.429807819810946,2.806704315589552,165,20,55,0,0,14,0.0715111102691848,0.0014644927086014,0.0001775142677092,0.0001242599873964,0.0004881642362004,0.0,0.0,168,0,0,0,0,0,1,0,0,0,0,0,0,0,0,1,__MSG_appName__,
0,0,1,0,1,1,1,1,1,0,1,46,0.393957779393724,40.3797273552077,0.0769732277170564,4.243364805390911,2.971850659070733,392,25,68,0,0,1,0.0426296811774884,0.0045019696117051,0.0002871154089097,1.1484616356390614e-05,0.0007809539122345,0.0,0.0,18,6,0,0,0,0,7,0,0,0,0,0,0,0,0,7,__MSG_app_name_chrome__,
0,0,0,0,0,0,0,0,0,0,0,0,0.0618556701030927,48.0,0.0824742268041237,5.6923076923076925,4.405543444877673,1,0,0,0,0,0,0.0,0.5,0.0,0.0,0.0,0.0,0.0,0,0,0,0,0,0,1,0,0,0,0,0,0,0,0,1,__MSG_appName__,
1,1,1,0,1,1,0,1,0,0,1,111,0.4698129061421404,49.53228888417082,0.0706362176139171,4.779509145688856,2.654554621015106,684,15,107,0,5,9,0.0586931803796375,0.0016886303825093,3.703136803748562e-05,2.2218820822491373e-05,0.0002641570920007,1.234378934582854e-05,0.0,1,0,0,6,0,0,24,0,0,0,1,0,0,0,0,24,__MSG_manifest_name__,
0,0,0,0,0,1,0,0,0,0,1,21,0.5821151462017665,47.951487881423226,0.0751899213279623,3.682329774899044,2.252372051662472,246,3,21,0,0,3,0.0401823197792971,0.0093016221121488,0.0001134344160018,0.0001134344160018,0.0007940409120127,0.0,0.0,0,0,0,0,0,0,1,0,0,0,0,0,0,0,0,1,__MSG_extName__,
0,0,1,0,1,1,0,1,0,0,0,219,0.4377075119358102,38.90081190733863,0.0911701440302727,3.741513055957769,2.8243160069594038,960,81,244,0,40,6,0.0468852537622334,0.0022884058869241,0.0001930842467092,1.43025367932759e-05,0.0005816364962598,9.5350245288506e-05,0.0,4,1,0,2,0,1,6,0,0,0,0,0,0,0,0,6,Capital One Shopping: Save Now,
0,0,1,0,1,1,0,1,1,0,0,0,0.4037452512117597,33.248642266824085,0.1294910953756627,2.806049643251934,3.185134478122979,21,0,4,0,0,1,0.0905939101597829,0.0049586776859504,0.0,0.0002361275088547,0.0009445100354191,0.0,0.0,0,0,0,7,0,0,2,0,0,0,6,0,0,0,0,2,IDM Integration Module,
1,1,1,0,1,1,1,0,0,0,1,124,0.4535558188291348,52.455986528206566,0.0688052562645713,4.936605394886463,2.4433958430091725,533,71,164,0,0,3,0.0597893196409661,0.0011967443165871,0.0001594162222845,6.7358967162503504e-06,0.0003682290204883,0.0,0.0,42,1,0,0,0,0,9,0,0,0,0,0,0,0,0,9,__MSG_extName__,
0,0,0,0,0,1,1,0,0,0,1,19,0.4832455562179363,55.36836656214873,0.0680767680669023,3.081084224719876,2.575272794434655,242,17,13,0,0,0,0.0268126774336683,0.0071584925752824,0.0005028693131396,0.0,0.0003845471218126,0.0,0.0,3,0,0,0,0,0,3,0,0,0,0,0,0,0,0,3,__MSG_app_name__,
0,0,1,0,0,1,0,0,0,0,1,65,0.4567961761080875,49.47988041017213,0.0621382435775923,5.487545088454761,2.4516485400017407,23,1,12,0,5,0,0.0229588406398844,0.0002010647690814,8.741946481803639e-06,0.0,0.0001049033577816,4.370973240901819e-05,0.0,0,0,7,0,0,0,28,0,0,0,0,0,0,0,0,28,__MSG_extension_name__,
0,0,0,0,0,1,0,0,0,0,1,1351,0.4331168028007933,54.55821979006389,0.0971924939293852,3.875011416152462,3.1971327307664708,4106,1020,2093,0,1,39,0.0615570801692634,0.0095290478146546,0.0023671770021791,9.050970890685158e-05,0.004857354378001,2.3207617668423483e-06,0.0,2,0,6,0,1,0,5,0,0,0,0,0,0,0,0,5,__MSG_extName__,
0,0,1,0,1,1,1,0,1,0,1,91,0.5929372598205254,47.79689611241941,0.0739268862824357,3.6302843538813288,2.5382507161243466,3055,21,121,0,0,1,0.0355235956267764,0.0196566678248336,0.0001351194842296,6.43426115379171e-06,0.0007785455996087,0.0,0.0,0,0,0,0,0,0,2,0,0,0,0,0,0,0,0,2,SetupVPN - Lifetime Free VPN,
0,0,0,0,1,1,0,0,0,0,0,40,0.5220769541883091,36.79168097822353,0.0919287626162788,3.5898609863719786,2.7216360389671026,52,5,44,0,0,2,0.0601058221718926,0.0017860822971766,0.0001717386824208,6.869547296833139e-05,0.0015113004053032,0.0,0.0,0,0,0,0,0,0,1,0,0,0,0,0,0,0,0,1,MyBib: Free Citation Generator,
0,0,0,0,0,1,1,0,0,0,0,175,0.4303451841060225,24.543503313166237,0.0793119815776488,5.841849921484044,3.2701562220990703,1935,328,178,0,0,0,0.0412987822388962,0.0232281763180639,0.0039373859598578,0.0,0.0021367521367521,0.0,0.0,71,0,1,16,0,0,3,0,0,0,0,0,0,0,0,3,__MSG_name__,
0,0,0,0,0,0,0,0,0,0,0,0,0.0,0.0,0.0,0.0,0.0,0,0,0,0,0,0,0.0,0.0,0.0,0.0,0.0,0.0,0.0,0,0,0,0,0,0,0,0,0,0,0,0,0,0,0,0,Just Black,
0,0,0,0,0,0,0,0,0,0,0,0,0.4780714093605184,58.46694209241761,0.0696046486406422,4.489825043458756,2.8864996051078577,6,0,3,0,0,0,0.0340576459373072,8.180962899333252e-05,0.0,0.0,4.090481449666626e-05,0.0,0.0,3,1,0,0,0,0,1,0,0,0,0,0,0,0,0,1,__MSG_EXTENSION_NAME__,
0,0,0,0,0,1,0,0,0,0,1,35,0.6802343815163053,41.21671012168575,0.0516906509108963,3.597912107464628,1.7211956134659856,94,21,56,0,0,7,0.0324298876970348,1.8325580053346933e-05,4.094012565109421e-06,1.3646708550364735e-06,1.091736684029179e-05,0.0,0.0,0,0,0,0,0,0,3,0,0,0,0,0,0,0,0,3,__MSG_appName__,
0,0,0,0,0,1,0,0,0,0,0,60,0.4484548352246106,32.63143726921668,0.0949737199199737,3.45785851334252,2.9347773424124663,72,10,54,0,0,0,0.0357227339118158,0.0010147419454858,0.0001409363813174,0.0,0.0007610564591143,0.0,0.0,4,0,0,5,0,0,1,0,0,0,0,0,0,0,0,1,7TV,
0,0,0,0,0,1,0,0,0,0,0,1,0.3740788659503853,27.35725677830941,0.09062271474377,4.426680783483325,3.151194762815962,45,1,4,0,0,0,0.0174695606140815,0.0717703349282296,0.0015948963317384,0.0,0.0063795853269537,0.0,0.0,0,0,0,0,0,0,1,0,0,0,0,0,0,0,0,1,JSON Formatter,
0,0,0,0,0,0,0,0,0,0,0,0,0.0,0.0,0.0,0.0,0.0,0,0,0,0,0,0,0.0,0.0,0.0,0.0,0.0,0.0,0.0,0,0,0,0,0,0,0,0,0,0,0,0,0,0,0,0,Desmos Graphing Calculator,
0,0,0,0,1,1,0,0,0,0,0,55,0.4194891340198629,46.423705248522765,0.1077216256825594,3.819099941235155,2.9775159677616614,195,24,27,0,0,1,0.0513714074863679,0.013555787278415,0.0016684045881126,6.951685783802571e-05,0.0018769551616266,0.0,0.0,16,0,0,2,0,0,15,0,0,0,1,0,0,0,0,15,ColorZilla,
0,1,0,0,1,1,0,0,0,0,1,3,0.341233427264748,28.59216426071741,0.0160622719083475,3.779975777149778,1.781564951571058,28,2,7,0,0,0,0.0041558811655465,0.0007655293088363,5.468066491688539e-05,0.0,0.000191382327209,0.0,0.0,2,0,0,0,0,0,4,0,0,0,0,0,0,0,0,4,Microsoft Defender Browser Protection,
0,0,1,0,0,1,0,0,0,0,1,109,0.453978061583971,45.13240381682715,0.0837345175871898,4.277382002579885,2.7697019254390782,995,36,92,0,3,2,0.0620545005662422,0.0086706461592087,0.0003137118208356,1.7428434490871856e-05,0.0008017079865801,2.6142651736307783e-05,0.0,35,0,0,9,0,0,4,0,0,1,0,0,0,0,0,3,__MSG_extName__,
0,0,1,0,0,1,0,0,0,0,1,39,0.3471746802484174,55.130820352803084,0.0906040026222059,5.903968756119653,2.76564197809202,159,50,20,0,0,19,0.0381734071197239,0.0003320843619594,0.0001044290446413,3.968303696370464e-05,4.17716178565312e-05,0.0,0.0,32,2,0,1,1,0,6,0,0,0,0,0,0,1,0,6,__MSG_brandName__,
0,0,1,0,1,1,0,1,0,0,0,222,0.5091442221168971,53.275859819181655,0.0801033445298493,3.8130550482054097,2.8325912211443702,1229,32,426,0,0,4,0.0445553468988758,0.0057274676111473,0.0001491285301519,1.8641066268990587e-05,0.0019852735576474,0.0,0.0,15,0,0,0,0,0,4,0,0,0,0,0,0,0,0,4,__MSG_extensionName__,
0,0,0,0,1,1,0,0,0,0,1,111,0.5090179259404441,35.61687516710524,0.0822172134376339,3.4964600018578427,2.751202349333686,334,12,100,0,0,0,0.0647942843064794,0.0047000548808803,0.0001688642472172,0.0,0.0014072020601438,0.0,0.0,0,0,0,2,0,0,7,0,0,0,0,0,0,0,0,7,OneTab,
0,1,1,0,1,1,0,1,0,0,1,292,0.1871024254166768,100.01046789205664,0.0437260113572842,17.085134297463267,2.777967663145909,1155,196,306,0,3,30,0.051157725804749,0.0040368665527256,0.0006850440210685,0.0001048536766941,0.0010695075022805,1.0485367669417329e-05,0.0,534,4,0,5,0,0,8,0,0,0,0,0,0,0,0,8,__MSG_appName__,
0,0,0,0,0,1,0,0,0,0,0,69,0.4275354169545114,68.27624022437563,0.1284574841243575,3.768946046089165,2.518350696641184,231,39,89,0,0,3,0.0315077117390346,0.0034279608826628,0.0005787466425274,4.451897250211465e-05,0.0013207295175627,0.0,0.0,0,0,0,0,0,0,0,0,0,0,0,0,0,0,0,0,WA Web Plus by Elbruz Technologies,
0,0,0,0,1,1,0,0,0,0,0,4,0.4088695440433433,36.37153419593346,0.0816643331101235,6.788961920799609,3.0353719290504637,5,12,26,0,0,0,0.0918572437394752,0.000710934167496,0.0017062420019906,0.0,0.0036968576709796,0.0,0.0,0,0,0,0,0,1,3,0,0,0,0,0,0,0,0,3,РуТрекер - официальный плагин (доступ и пр.),
1,1,1,0,1,1,0,1,0,0,1,265,0.4094210877612128,66.04263259571479,0.0682622827094503,5.50462960995876,3.1925699367906213,2058,188,472,0,0,11,0.0366672246898934,0.002442115455814,0.0002230892641851,1.3053095244876066e-05,0.0005600964505074,0.0,0.0,41,0,0,6,0,6,19,0,0,0,0,0,0,0,0,19,__MSG_ExtensionName__,
0,0,0,0,0,1,0,0,0,0,1,15,0.4989500683463964,59.19983812053794,0.0748621436808456,3.89653322655102,2.627907388787809,196,20,30,0,0,4,0.0314755981005844,0.0040677403287398,0.0004150755437489,8.301510874979246e-05,0.0006226133156234,0.0,0.0,0,0,0,0,0,0,2,0,0,0,0,0,0,0,0,2,__MSG_extensionName__,
0,0,1,0,1,1,0,0,0,0,0,176,0.5391443568795734,54.040027048509366,0.0730026699107076,3.616866046936909,2.787149694759732,955,38,179,0,3,3,0.0575912926699177,0.005664764571198,0.0002254042447178,1.779507195140759e-05,0.0010617726264339,1.779507195140759e-05,0.0,58,2,12,0,0,0,7,0,0,0,0,0,0,0,0,7,__MSG_appName__,
0,0,0,0,0,0,0,0,0,0,1,0,0.3398902969547948,20.84917355371901,0.0709523359182901,7.1035422343324255,3.7428298427697695,40,4,11,0,0,0,0.059642749016046,0.0206611570247933,0.0020661157024793,0.0,0.0056818181818181,0.0,0.0,0,0,0,6,0,1,1,0,1,0,0,0,0,0,0,1,"Signer.Digital Digital Signature, PKI",
1,1,1,0,1,1,0,1,0,0,1,9,0.4641891631686371,28.884004602991944,0.0714830361612816,6.324815837937385,3.20820463440972,43,1,28,0,0,0,0.0248618784530386,0.0098964326812428,0.0002301495972382,0.0,0.0064441887226697,0.0,0.0,0,0,0,9,0,1,10,0,2,0,0,0,0,0,0,10,Wappalyzer - Technology profiler,
0,0,1,1,1,1,0,1,0,0,1,31,0.4143667341658434,33.854870016228084,0.0834028714843671,5.532787158594471,3.114481299875709,232,15,51,0,1,6,0.1087050767571893,0.0073821872911827,0.0004772965921023,0.0001909186368409,0.0016228084131479,3.181977280682216e-05,0.0,3,0,0,27,0,0,24,0,0,0,17,6,0,0,0,24,IE Tab,
0,0,0,0,1,1,0,1,0,0,0,18,0.3480755060017768,31.040150011030224,0.0709538796339019,6.386695729393719,3.454705674890718,75,0,34,0,0,0,0.0723338984419149,0.0165453342157511,0.0,0.0,0.0075005515111405,0.0,0.0,1,0,10,5,0,13,8,0,0,0,0,0,0,0,0,8,Cookie-Editor,
0,0,0,0,0,0,0,0,0,0,0,0,0.4580551066662601,68.7571783055654,0.0366954294600115,17.482047635975828,3.3283177320225867,2,0,0,0,0,0,0.0620334162815499,0.0007089684509039,0.0,0.0,0.0,0.0,0.0,0,0,0,0,0,0,1,0,0,0,0,0,0,0,0,1,WhatFont,
0,1,1,0,1,1,0,1,1,0,0,58,0.5315168695494773,60.12592368181878,0.0729752123104505,3.8440662938036794,3.040800074521622,373,12,128,0,0,0,0.0406571772785677,0.0024565655501257,7.903159946785389e-05,0.0,0.0008430037276571,0.0,0.0,4,0,0,4,0,0,1,0,0,0,0,0,0,0,0,1,__MSG_extName__,
0,0,1,0,1,1,0,1,1,0,0,210,0.5266685786761909,53.62518731847802,0.0783153769307546,4.040044870784396,2.738924336609664,1569,62,230,0,0,9,0.0500014925506013,0.0038293510360481,0.0001513191613989,2.196568471920533e-05,0.0005613452761574,0.0,0.0,0,0,0,2,0,0,11,0,0,0,0,0,0,0,0,11,__MSG_ADBLOCKER_EXTENSION_NAME__,
0,0,0,0,0,0,0,0,0,0,0,0,0.0,0.0,0.0,0.0,0.0,0,0,0,0,0,0,0.0,0.0,0.0,0.0,0.0,0.0,0.0,0,0,0,0,0,0,0,0,0,0,0,0,0,0,0,0,Google Play,
0,0,0,0,0,0,0,0,0,0,1,252,0.3292190589698243,49.455686161390354,0.0771813183702033,4.183645962139463,3.0604341372747617,273,43,162,0,0,5,0.0395061636776687,0.0015143866733972,0.0002385297690699,2.7736019659290736e-05,0.000898647036961,0.0,0.0,11,0,0,0,0,0,3,0,0,0,0,0,0,0,0,3,Momentum,
0,0,0,0,0,1,0,0,0,0,0,4,0.4202856868948327,40.35579781962339,0.1167433611350781,3.4672096013716245,3.155115527458169,23,16,5,0,0,1,0.0565795113587655,0.0227948463825569,0.0158572844400396,0.0009910802775024,0.0049554013875123,0.0,0.0,6,0,0,0,0,0,1,0,0,0,0,0,0,0,0,1,__MSG_853__,
0,0,0,0,1,1,1,0,0,0,0,41,0.3727940411516786,38.24970125473013,0.0947417299538445,4.3725556484760055,2.994730851737314,486,11,58,0,0,1,0.0472826699406297,0.0120991834295956,0.000273849830711,2.4895439155546703e-05,0.0014439354710217,0.0,0.0,0,0,0,0,0,0,2,0,0,0,0,0,0,0,0,2,__MSG_appName__,
0,0,0,0,0,1,0,0,0,0,1,151,0.5036156432798131,41.62608498496314,0.0893474459871447,3.7539959862937327,2.8676278415434453,409,20,163,0,0,2,0.0503638677571591,0.0017496652535303,8.555820310661835e-05,8.555820310661836e-06,0.0006972993553189,0.0,0.0,80,0,0,28,3,1,31,0,0,0,1,0,0,0,0,31,__MSG_application_title__,
1,1,1,0,0,1,0,1,0,0,1,401,0.5812631494422721,48.851643379702764,0.0780135248988924,3.683406749138553,2.5785385885683016,11510,36,161,0,1,4,0.04052312657812,0.0220663793500099,6.90173463597184e-05,7.668594039968712e-06,0.0003086609101087,1.917148509992178e-06,0.0,8,6,0,0,0,0,8,0,0,0,0,0,0,0,0,8,__MSG_app_name__,
0,0,0,0,1,1,0,0,0,0,0,3,0.3082891299184546,25.426778242677823,0.1000712532657746,6.166236003445306,3.883321523216863,0,0,0,0,0,0,0.0422049956933677,0.0,0.0,0.0,0.0,0.0,0.0,0,0,0,0,0,0,0,0,0,0,0,0,0,0,0,0,__MSG_gmailcheck_name__,
0,1,0,0,0,1,0,0,0,0,0,95,0.538173037041203,53.58982538616521,0.0822332808424782,4.077983216574433,2.795673669261014,731,20,143,0,0,0,0.0446189607924677,0.0175333397294444,0.0004797083373309,0.0,0.0034299146119159,0.0,0.0,0,0,0,29,1,0,4,0,0,0,0,0,0,0,0,4,__MSG_fullName__,
0,1,0,0,0,1,1,0,0,0,1,130,0.5235903470117388,48.29699365372098,0.0657033635184778,5.450137432109647,2.5430176935452184,715,37,298,0,0,12,0.0398676658123067,0.0012119630071599,6.271696680407897e-05,2.0340637882403997e-05,0.0005051258407463,0.0,0.0,55,0,2,0,1,0,3,1,0,0,0,0,0,0,0,3,__MSG_appName__,
0,0,1,0,0,1,0,1,0,0,0,35,0.5340750919810275,51.14863615349052,0.0782747462210204,4.604123219924924,2.840764101137411,123,9,22,0,1,2,0.0365250551152952,0.0284327323162274,0.0020804438280166,0.0004623208506703,0.005085529357374,0.0002311604253351,0.0,0,0,0,1,0,0,2,0,0,0,0,0,0,0,0,2,Keepa™ - Amazon Price Tracker,
0,0,0,0,1,1,0,1,0,0,1,302,0.4663468596012622,59.81536622951851,0.0762612118928374,4.974635694009559,2.6904962230281564,4335,183,342,0,0,26,0.0509380214461884,0.0090889077585935,0.0003836839953454,5.4512480213018e-05,0.0007170487781866,0.0,0.0,369,0,0,5,0,0,199,0,0,0,0,0,0,0,0,198,__MSG_extName__,
0,0,0,0,1,1,0,0,0,0,0,4,0.415732968838236,45.07110125646711,0.1297904153190615,3.230186855670103,3.224173287404018,138,18,17,0,0,0,0.0543116408934707,0.0203991130820399,0.002660753880266,0.0,0.0025129342202512,0.0,0.0,1,0,0,0,0,0,4,0,0,0,0,0,0,0,0,4,__MSG_app_name__,
0,0,0,0,0,0,0,0,0,0,0,8,0.4167012330781703,45.74412455934195,0.1320751159545986,3.230550434553595,3.227839602745103,70,15,9,0,0,0,0.0513563339478535,0.0205640423031727,0.004406580493537,0.0,0.0026439482961222,0.0,0.0,0,0,0,0,0,1,3,0,0,0,0,0,0,0,0,3,TypingClub,
0,0,0,0,0,1,0,0,0,0,0,1,0.4370997797536365,52.40371426574541,0.062266370950204,4.26919158147609,2.630716265092761,1,0,0,0,0,0,0.043243263114473,9.84380829380224e-07,0.0,0.0,0.0,0.0,0.0,55,354,0,0,0,0,4,0,0,0,0,0,0,0,0,4,__MSG_name__,
0,0,1,0,1,1,0,0,0,0,0,229,0.6040625287362482,57.99526675164774,0.0608366789514738,4.420274356794984,2.4662800075371947,624,23,256,0,1,26,0.0496997409777271,0.0030830344173361,0.0001136374865364,0.000128459767389,0.0012648346327532,4.940760284192531e-06,0.0,2,0,0,15,0,0,3,0,0,0,1,0,0,0,0,2,__MSG_name__,
0,0,0,0,0,1,1,0,0,0,1,2,0.4766835022484137,61.19011060221644,0.0666878715640207,4.3208729295081305,2.994664667261308,0,0,13,0,0,1,0.0282319371637632,0.0,0.0,1.0983338275835555e-05,0.0001427833975858,0.0,0.0,0,0,0,0,0,0,7,0,0,0,0,0,0,0,0,7,__MSG_appName__,
0,0,0,0,0,1,0,0,0,0,1,21,0.4347562344787369,33.29360518573005,0.1038289971546445,3.6388127156686103,2.987899246838537,99,11,31,0,0,1,0.0582221272177604,0.0022756528135343,0.0002528503126149,2.2986392055902903e-05,0.0007125781537329,0.0,0.0,0,0,0,0,0,0,1,0,0,0,0,0,0,0,0,1,The QR Code Generator,
0,0,0,0,0,1,0,0,0,0,0,188,0.4541725529297749,55.57386983683475,0.0692229666766065,4.758916145787598,2.6842537311590338,2849,239,1579,0,0,0,0.0483695088170257,0.0075098189102986,0.0006299918285578,0.0,0.0041621635869994,0.0,0.0,1522,1,0,44,0,3,15,0,0,0,0,0,0,0,0,14,__MSG_appName__,
0,0,0,0,0,1,0,1,0,0,1,11,0.6597792548193389,62.36614445541364,0.0609982837667578,3.840983746756873,2.1898366664666,101,11,24,0,0,0,0.0460961923269525,0.0002072972745539,2.257693089201454e-05,0.0,4.925875830984991e-05,0.0,0.0,59,3,0,2,0,0,4,0,0,0,0,0,0,0,0,4,vidIQ Vision for YouTube,
0,0,0,0,1,1,1,1,0,0,0,205,0.4145605624880006,66.69836415212541,0.0928321365033433,4.211438182229872,3.0333080199352622,1714,463,339,0,0,27,0.0406061891124458,0.0060323650108751,0.0016295128354931,9.50255865190368e-05,0.001193099030739,0.0,0.0,109,0,0,1,0,0,5,0,0,0,0,0,0,0,0,5,__MSG_ExtensionName__,
0,0,0,0,0,0,0,0,0,0,0,0,0.0,0.0,0.0,0.0,0.0,0,0,0,0,0,0,0.0,0.0,0.0,0.0,0.0,0.0,0.0,0,0,0,0,0,0,0,0,0,0,0,0,0,0,0,0,__MSG_appName__,
0,0,0,0,0,1,0,0,0,0,1,12,0.5838656809910037,49.63036123167356,0.0845001781992159,3.4028348799874704,2.5662314837476883,252,24,25,0,0,0,0.0462430009005834,0.0086121458596767,0.0008202043675882,0.0,0.0008543795495711,0.0,0.0,0,0,0,0,0,0,5,0,0,0,0,0,0,0,0,5,My Doodle,
0,0,0,0,0,0,0,0,0,0,0,0,0.0,0.0,0.0,0.0,0.0,0,0,0,0,0,0,0.0,0.0,0.0,0.0,0.0,0.0,0.0,0,0,0,0,0,0,0,0,0,0,0,0,0,0,0,0,Seesaw: The Learning Journal,
1,1,1,0,0,1,0,0,0,0,0,39,0.4772981509508455,57.94874996678977,0.0889288711452602,3.989178052996756,2.992204018942779,348,30,42,0,1,2,0.0833455682114187,0.0092457291638991,0.0007970456175775,5.313637450516751e-05,0.0011158638646085,2.656818725258376e-05,0.0,13,0,0,6,0,0,5,0,0,0,0,0,3,0,0,5,__MSG_appName__,
0,0,0,0,0,0,0,0,0,0,0,0,0.0,0.0,0.0,0.0,0.0,0,0,0,0,0,0,0.0,0.0,0.0,0.0,0.0,0.0,0.0,0,0,0,0,0,0,0,0,0,0,0,0,0,0,0,0,__MSG_appName__,
0,0,1,0,1,1,0,0,0,0,1,115,0.4998788597163395,56.94334222170881,0.0621966058901479,4.076397978109618,2.471900108128997,754,39,247,0,0,1,0.0346227282002758,0.0024194350587049,0.0001251431926916,3.208799812606091e-06,0.0007925735537137,0.0,0.0,2,2,0,0,0,0,34,0,0,0,0,0,0,0,0,34,__MSG_appName__,
0,0,1,0,0,1,0,0,1,0,0,7,0.5524591958646098,46.20053920467311,0.0803488045542603,3.404021263737952,2.523048701750828,262,6,14,0,0,0,0.0387172107220042,0.0117726353628398,0.0002696023365535,0.0,0.000629072118625,0.0,0.0,0,0,0,0,0,0,2,0,0,0,0,0,0,0,0,2,__MSG_extName__,
0,0,0,0,1,1,0,0,0,0,0,66,0.4806794951602006,43.7840445773308,0.081577277277619,6.059004129888132,2.628745381026809,811,5,543,0,0,1,0.1062143073988578,0.0068887605327534,4.247078010328894e-05,8.494156020657787e-06,0.0046123267192171,0.0,0.0,96,0,0,21,0,1,9,0,0,0,0,0,0,0,0,9,__MSG_extName__,
0,0,0,0,1,1,0,0,0,0,0,143,0.1428898204937237,141.4414402796882,0.0724291911253172,2.5400494820518147,3.1339227728147714,201,30,126,0,0,6,0.0089773108573027,0.0028799862448418,0.0004298486932599,8.59697386519945e-05,0.0018053645116918,0.0,0.0,0,0,0,0,0,0,2,0,0,0,0,0,0,0,0,2,__MSG_appName__,
0,0,0,0,1,1,0,1,0,0,0,39,0.3222317612535491,38.632801318471614,0.0827663263804191,6.169281277621776,3.538389053552392,1102,40,247,0,0,9,0.0872171680426194,0.0238972980006071,0.0008674155354122,0.0001951684954677,0.0053562909311705,0.0,0.0,17,1,0,20,1,12,135,0,0,0,0,0,0,0,0,106,__MSG_extensionName__,2.0
0,0,0,0,1,1,0,0,0,0,1,15,0.339820942495556,29.00017159526397,0.0812165029829147,7.114930388063674,3.3051732872252613,994,1,327,0,0,0,0.0698697583126798,0.0189517435985433,1.906614044119049e-05,0.0,0.0062346279242692,0.0,0.0,12,0,0,17,7,10,11,0,1,0,1,0,0,0,0,11,__MSG_name__,
1,1,1,0,1,1,0,0,0,0,1,315,0.2087426861094118,142.12399505161096,0.0622808553273689,10.533643517203837,3.035381509227691,7729,56,622,0,0,9,0.0302298318810377,0.0079613028560362,5.768313623211694e-05,9.270504037304508e-06,0.0006406948345781,0.0,0.0,490,1,0,5,0,1,19,0,0,0,0,0,0,0,0,19,__MSG_artwork_appname__,
0,1,0,0,0,0,0,0,0,0,1,306,0.5485485900575009,40.93130961447793,0.0808855844537121,3.876419532841108,3.138864720865243,4966,93,559,0,0,24,0.0512811195571236,0.0051458207045194,9.636756454295352e-05,2.4869048914310585e-05,0.0005792415976291,0.0,0.0,1209,0,0,157,1,34,5,0,40,0,1,0,36,0,0,5,MEGA,
0,0,0,0,0,0,0,0,0,0,0,29,0.3957558071756762,41.778833214596695,0.1115673499146017,3.87561603656145,3.128160340421764,135,12,6,0,0,2,0.0727818420558994,0.0106862977914984,0.000949893137022,0.000158315522837,0.000474946568511,0.0,0.0,176,1,0,24,0,0,12,0,0,0,18,0,0,0,0,12,SEO META in 1 CLICK,
0,0,0,0,0,0,0,0,0,0,0,0,0.0,0.0,0.0,0.0,0.0,0,0,0,0,0,0,0.0,0.0,0.0,0.0,0.0,0.0,0.0,0,0,0,0,0,0,0,0,0,0,0,0,0,0,0,0,Audiotool,
0,0,0,0,0,1,0,0,0,0,0,1,0.2261637669502885,37.61046036502315,0.076091097659061,4.810922492740675,3.176095442978331,167,0,2,0,0,0,0.0331136922046012,0.045491691637156,0.0,0.0,0.0005448106782892,0.0,0.0,0,0,0,2,0,1,1,0,0,0,0,0,0,0,0,1,Lighthouse,
0,0,0,0,0,0,0,0,0,0,0,0,0.0,0.0,0.0,0.0,0.0,0,0,0,0,0,0,0.0,0.0,0.0,0.0,0.0,0.0,0.0,0,0,0,0,0,0,0,0,0,0,0,0,0,0,0,0,__MSG_themeName__,
0,1,1,0,1,1,0,0,0,0,0,198,0.3569914217893414,41.06513533625613,0.0756325276745178,4.449128204179729,2.81705580264165,1064,111,200,0,0,1,0.033621346025209,0.0047697176721626,0.0004975927270771,4.482817361055076e-06,0.000896563472211,0.0,0.0,13,2,0,0,0,0,2,0,0,0,0,0,0,0,0,2,__MSG_extensionName__,
1,1,1,0,1,1,0,0,0,0,0,171,0.5232102443631105,56.53047630161231,0.0775972507438633,4.39904756344712,2.7400320161292657,667,24,77,0,0,18,0.0457890961860837,0.0064861816130851,0.0002333858451484,0.0001750393838613,0.000748779586518,0.0,0.0,94,0,1,5,0,0,28,0,0,0,0,0,0,0,0,28,TrafficLight,
0,0,1,0,1,1,0,0,0,0,1,97,0.5023504981631776,43.89016554300003,0.0703911973544115,3.713961941725077,2.657394011487245,139,14,80,0,1,0,0.0460631118577304,0.0021998543981261,0.000221568068876,0.0,0.00126610325072,1.5826290634001204e-05,0.0,26,0,0,0,0,0,7,0,0,0,0,0,0,0,0,7,__MSG_extName__,
0,1,0,0,0,1,0,0,0,0,0,39,0.5877582519348223,57.52847321617119,0.0762375146076334,3.39954147561484,2.614483592284292,80,1,19,0,0,3,0.0615028989351623,0.0018770970693822,2.3463713367277507e-05,7.039114010183252e-05,0.0004458105539782,0.0,0.0,3,0,1,0,0,0,5,0,0,0,0,0,0,0,0,5,__MSG_extName__,
0,0,1,0,0,1,1,1,1,0,1,1115,0.3805358465193271,68.49676850216055,0.0711565512475344,4.764344596238352,2.87679679320275,1968,74,229,0,0,4,0.0415951559442449,0.0022933962308126,8.62354273781167e-05,4.661374452871173e-06,0.0002668636874268,0.0,0.0,1684,6,0,264,0,0,58,0,0,0,0,9,0,0,0,58,Steam Inventory Helper,
0,0,0,0,0,0,0,0,0,0,0,0,0.0,0.0,0.0,0.0,0.0,0,0,0,0,0,0,0.0,0.0,0.0,0.0,0.0,0.0,0.0,0,0,0,0,0,0,0,0,0,0,0,0,0,0,0,0,Slate,
0,0,0,0,1,1,0,0,0,0,0,432,0.4526435318622505,48.934219638569445,0.0713852836137149,4.952054006435126,2.630612819218663,1611,40,455,0,0,4,0.0317271874913335,0.0040717806141791,0.0001010994565904,1.0109945659042083e-05,0.001150006318716,0.0,0.0,43,6,0,0,0,0,1,0,0,0,0,0,0,0,0,1,BetterCampus (prev. BetterCanvas),
1,1,1,0,1,1,0,0,0,0,1,61,0.3770511706386731,46.36882967506949,0.0943606617705581,4.142384871943943,3.2276725417401737,198,62,76,0,0,4,0.0632930448884673,0.0012652161410907,0.0003961787916546,2.555992204223777e-05,0.0004856385188025,0.0,0.0,1,0,0,0,0,0,5,0,0,0,0,0,0,0,0,5,__MSG_extName__,
0,0,0,0,0,1,0,0,0,0,1,36,0.4100809495041322,34.76206441891128,0.1117091569484949,3.642399271741089,2.924291935343194,47,12,83,0,0,0,0.043273561736063,0.0008852891316632,0.0002260312676586,0.0,0.0015633829346392,0.0,0.0,3,0,1,0,0,0,5,0,0,0,0,0,0,0,0,5,Clear Cache,
0,0,1,0,0,1,0,0,0,0,1,33,0.4135514610370264,60.394055444412686,0.0797470296616734,4.803656546733243,2.797214425576142,263,40,230,0,2,2,0.0461213636603993,0.003006573306659,0.0004572735067162,2.286367533581023e-05,0.0026293226636181,2.286367533581023e-05,0.0,13,0,0,0,0,0,5,0,0,0,0,0,0,0,0,5,__MSG_1678__,
0,0,0,0,0,1,0,0,0,0,0,11,0.6138796718580122,54.07258942457232,0.0742421247334905,3.340736354638009,2.6579978579121124,37,3,8,0,0,2,0.0512408088235294,0.0014385692068429,0.0001166407465007,7.776049766718506e-05,0.0003110419906687,0.0,0.0,0,0,2,0,0,0,4,0,0,0,0,0,0,0,0,4,WebCRX,
0,0,0,0,0,1,0,0,0,0,0,35,0.4084730050484103,36.15203287197232,0.098252630077698,4.51750878099959,3.0553276439435653,126,14,18,0,0,3,0.0782459288092812,0.0068122837370242,0.0007569204152249,0.0001621972318339,0.0009731833910034,0.0,0.0,19,0,0,9,2,3,10,0,0,0,1,0,0,2,0,10,InsertLearning,
0,0,0,0,0,1,0,0,0,0,1,13,0.3368367215491398,57.3937974118697,0.0673938721728175,5.836848085377244,3.3534954203449696,213,4,103,0,0,0,0.0312966609359849,0.0067890610059284,0.0001274941033977,0.0,0.0032829731624912,0.0,0.0,1,0,0,4,0,0,4,0,0,0,0,0,0,0,0,4,Ruffle - Flash Emulator,
0,0,0,0,0,1,0,0,0,0,1,8,0.5380678328231556,49.581371610845295,0.0978721364778946,3.2279312646416,2.802184931538094,97,13,17,0,0,2,0.0542737112120299,0.0061881977671451,0.0008293460925039,0.000127591706539,0.0010845295055821,0.0,0.0,0,0,0,0,0,0,4,0,0,0,0,0,0,0,0,4,__MSG_appName__,
0,0,0,0,1,1,0,0,0,0,1,59,0.5109911300590714,39.42982844221599,0.0960444187654839,3.57386640418234,2.9278527516703274,1271,25,53,0,0,0,0.0600633779121447,0.0124956987661603,0.0002457847908371,0.0,0.0005210637565747,0.0,0.0,0,0,0,1,0,0,3,0,0,0,0,0,0,0,0,3,Session Buddy - Tab & Bookmark Manager,
0,0,0,0,0,1,0,0,0,0,0,42,0.4830988137790964,55.71088336211343,0.0869907192657981,3.9128155153817,2.96602340978602,402,53,67,0,0,3,0.0819871482531869,0.0090152721401179,0.0011885806552891,6.727815029938777e-05,0.0015025453566863,0.0,0.0,5,1,0,0,0,0,6,0,0,0,0,0,0,0,0,6,__MSG_name__,
0,0,0,0,0,0,0,1,0,0,0,0,0.5087175513366912,24.323529411764707,0.091824874079814,4.128571428571429,2.6615538656721025,0,0,1,0,0,0,0.0285714285714285,0.0,0.0,0.0,0.0098039215686274,0.0,0.0,0,0,0,0,0,0,0,0,0,0,0,0,0,0,0,0,__MSG_store_title__,
0,0,1,0,1,1,1,1,0,0,1,0,0.3810067752956632,51.13919444995587,0.1133720070428033,3.5497363112045752,2.8442958680713333,0,0,0,0,0,0,0.0587029645510656,0.0,0.0,0.0,0.0,0.0,0.0,0,0,0,3,0,0,3,0,0,0,0,0,0,0,0,3,__MSG_appName__,
0,0,0,0,0,0,0,0,0,0,0,462,0.547601685128339,57.63302617616589,0.0670595494802575,4.245143825142013,2.49722991425415,1385,39,222,0,0,5,0.0776621905203806,0.0058090033260213,0.0001635748228987,2.097113114087148e-05,0.0009311182226546,0.0,0.0,9,0,0,0,0,0,0,0,0,0,0,0,0,0,0,0,FrankerFaceZ,
0,0,1,0,1,1,1,1,0,0,1,78,0.3285488201884403,49.6585112896575,0.0663319949424314,6.220335334010247,3.330286065323471,172,52,42,0,0,1,0.0352761137796501,0.002149220907421,0.0006497644603831,1.2495470391982906e-05,0.0005248097564632,0.0,0.0,0,0,0,0,0,0,5,0,0,0,0,0,0,0,0,5,__MSG_app_name_title__,
0,0,0,0,0,1,0,0,0,0,1,300,0.4550302642952993,37.19827450980392,0.099068878500992,3.9419955398461313,2.8898044924590582,2198,125,344,0,0,8,0.0545465775384554,0.0078360071301247,0.0004456327985739,2.85204991087344e-05,0.0012263814616755,0.0,0.0,0,0,0,2,0,0,3,0,0,0,0,0,0,0,0,3,__MSG_appName__,
0,0,0,0,0,1,1,0,0,0,0,253,0.40722468774595,50.38331418679097,0.0619871279499243,6.624365602275489,1.9031831814162912,5661,186,109,0,0,11,0.0632062457712292,0.0069405705220078,0.0002280420627262,1.3486358548328366e-05,0.0001336375528879,0.0,0.0,0,0,0,0,2,0,35,0,0,0,0,0,0,0,0,35,Postman,
0,0,0,0,0,0,0,0,0,0,0,0,0.3537021455616323,37.97540983606557,0.1290492217080353,3.693755346449957,3.163743729913554,1,0,0,0,0,0,0.0701454234388366,0.0040983606557377,0.0,0.0,0.0,0.0,0.0,0,0,0,0,0,0,0,0,0,0,0,0,0,0,0,0,__MSG_gaoptout_name__,
0,0,0,0,0,0,0,0,0,0,0,0,0.0,0.0,0.0,0.0,0.0,0,0,0,0,0,0,0.0,0.0,0.0,0.0,0.0,0.0,0.0,0,0,0,0,0,0,0,0,0,0,0,0,0,0,0,0,__MSG_application_title__,
0,0,0,0,0,0,1,0,0,0,0,0,0.0,0.0,0.0,0.0,0.0,0,0,0,0,0,0,0.0,0.0,0.0,0.0,0.0,0.0,0.0,0,0,0,0,0,0,0,0,0,0,0,0,0,0,0,0,__MSG_appName__,
1,1,0,0,1,1,0,1,0,0,1,4,0.6493262441274932,42.27769661553445,0.06861901144963,2.741925455110712,2.057689274912469,51,1,5,0,0,0,0.0165463401153753,0.006208911614317,0.0001217433649866,0.0,0.000608716824933,0.0,0.0,39,0,0,14,0,0,12,0,0,0,0,0,0,0,0,12,__MSG_extName__,
1,1,1,0,0,1,0,0,0,0,1,197,0.4912802447336203,58.65695564675868,0.0717955853422262,3.9996600177973294,3.077856814877996,604,221,223,0,0,10,0.0281372227297318,0.0015951743335393,0.0005836647809804,2.641017108508829e-05,0.0005889468151974,0.0,0.0,48,17,0,0,0,0,14,0,0,0,0,0,0,0,0,14,Proton Pass: Free Password Manager,
0,0,1,0,1,0,0,0,0,0,1,133,0.5290424688526159,41.97956005531493,0.0793142913459815,4.608304811707082,2.576766882509104,348,63,48,0,0,15,0.0703212823189336,0.0014451647197086,0.0002616246475334,6.229158274606213e-05,0.0001993330647873,0.0,0.0,0,0,0,0,0,0,22,0,0,0,0,0,0,0,0,22,OneNote Web Clipper,
1,1,0,0,0,1,0,0,0,0,0,175,0.3861062345580496,31.26201152271957,0.0968826199648888,4.591734135556947,3.227032191260279,355,41,61,0,0,1,0.075644571866987,0.0046273364790531,0.000534424776454,1.3034750645220155e-05,0.0007951197893584,0.0,0.0,28,0,1,32,1,0,29,0,0,0,0,0,0,0,0,29,Keywords Everywhere - Keyword Tool,
1,1,1,0,1,1,0,0,0,0,1,3547,0.5442717214071551,49.63013385144578,0.0566226192236877,4.467065350920019,2.4063266489029966,32277,51,298,0,0,9,0.0249242413011052,0.0208067959713061,3.287624607418944e-05,5.8016904836804895e-06,0.0001921004182374,0.0,0.0,0,0,0,2,0,0,1,0,0,0,0,0,0,0,0,1,__MSG_name__,
0,0,0,0,1,1,1,0,0,0,0,106,0.4717878944457571,41.23289323624879,0.0940178485650262,3.7120619077279566,3.0146912354512017,373,17,99,0,0,1,0.0593829220591137,0.0040902710764102,0.0001864198613913,1.0965874199491184e-05,0.0010856215457496,0.0,0.0,4,0,2,2,0,0,4,0,0,1,0,0,0,0,0,4,Auto Refresh Plus | Page Monitor,
1,1,1,0,1,1,1,0,1,0,0,23,0.3303685726642167,56.82577088421383,0.0795002248825016,3.7738640866860673,3.0162665738782133,48,2,20,0,1,2,0.0146524911836875,0.0006855477955353,2.8564491480640416e-05,2.8564491480640416e-05,0.0002856449148064,1.4282245740320208e-05,0.0,0,0,0,0,0,0,4,0,0,0,0,0,0,0,0,4,__MSG_appName__,
0,0,1,0,1,1,0,1,0,0,1,14,0.3701786895611524,20.92395833333333,0.1162341056201869,3.94631961573413,3.3896143728840555,89,9,11,0,1,0,0.0629624821498117,0.0071314102564102,0.0007211538461538,0.0,0.0008814102564102,8.012820512820513e-05,0.0,36,0,0,0,0,0,12,0,0,0,0,0,0,0,0,12,__MSG_name__,
0,0,0,0,0,1,0,0,0,0,0,13,0.5383492681693668,35.24740496814375,0.0888506180715063,3.251542012172705,3.055651065430759,23,1,18,0,0,0,0.0412564846207262,0.001646502970864,7.158708568974158e-05,0.0,0.0012885675424153,0.0,0.0,16,0,0,0,0,0,2,0,0,0,0,0,0,0,0,2,Eye Dropper,
0,0,1,0,1,1,0,0,0,0,1,92,0.5747326159593065,52.48798487657688,0.0752442411159715,3.7291680656750494,2.582824931486533,726,15,95,0,4,8,0.0667662760635261,0.0065983204275275,0.000136328934453,7.270876504162576e-05,0.0008634165848693,3.635438252081288e-05,0.0,0,0,0,1,0,0,3,0,0,0,0,0,0,0,0,3,__MSG_name__,
0,0,0,0,0,0,0,0,0,0,0,0,0.0,0.0,0.0,0.0,0.0,0,0,0,0,0,0,0.0,0.0,0.0,0.0,0.0,0.0,0.0,0,0,0,0,0,0,0,0,0,0,0,0,0,0,0,0,Pixlr Editor,
0,0,0,0,0,1,0,0,0,0,0,22,0.3727857073358778,25.90599111935847,0.0998003549518992,4.367874349366166,3.303363113822624,147,9,87,0,0,5,0.1245458376519094,0.0048710981509709,0.000298230499039,0.0001656836105772,0.002882894824044,0.0,0.0,0,0,0,2,1,3,30,1,0,0,0,0,0,1,0,30,Boxel Rebound,
0,0,0,0,0,1,0,0,0,0,0,327,0.3290530666014176,64.66469579954934,0.0816025032385582,6.5467508287148615,2.957930238781004,562,134,221,0,0,8,0.0577751289837041,0.002705929934711,0.0006451861410165,3.8518575583074935e-05,0.0010640756504824,0.0,0.0,2,0,1,0,0,0,11,0,0,0,0,0,0,0,0,11,__MSG_name__,
0,0,1,0,0,1,0,0,0,0,0,116,0.4561066414689353,33.06510296205318,0.0973557365888102,3.6524956901195993,2.8147117243162283,573,17,140,0,0,3,0.0434198003088747,0.0045698881852838,0.0001355813248688,2.3926116153318552e-05,0.0011165520871548,0.0,0.0,0,0,0,1,0,0,2,0,0,0,0,0,0,0,1,2,Grass Lite Node,
0,0,0,0,0,0,0,0,0,0,0,0,0.0,0.0,0.0,0.0,0.0,0,0,0,0,0,0,0.0,0.0,0.0,0.0,0.0,0.0,0.0,0,0,0,0,0,0,0,0,0,0,0,0,0,0,0,0,__MSG_appName__,
0,0,1,0,1,1,0,0,0,0,0,17,0.4921180202819512,45.787158640817175,0.0877466181895952,3.5421649116544707,2.881401343122929,40,20,29,0,2,1,0.0439273603426735,0.0041692724619553,0.0020846362309776,0.0001042318115488,0.0030227225349176,0.0002084636230977,0.0,0,0,0,0,0,0,1,0,0,0,0,0,0,0,0,1,__MSG_manifest_name__,
0,0,1,0,1,1,0,0,1,0,1,60,0.5161137452537794,41.60933721648575,0.0869551529271018,3.7615024759818354,2.822808690388364,147,3,55,0,1,0,0.049437484311175,0.0025946518400847,5.295207836907599e-05,0.0,0.000970788103433,1.7650692789691997e-05,0.0,0,2,0,0,0,0,3,0,0,0,0,0,0,0,0,3,__MSG_extName__,
0,0,0,0,0,1,0,1,0,0,1,0,0.5153070035513291,55.7229460007072,0.0910831277067407,3.768864205919195,2.246656417897355,0,0,0,0,0,0,0.0612085887055393,0.0,0.0,0.0,0.0,0.0,0.0,60,0,4,5,0,0,4,0,0,0,0,0,0,0,0,4,Méliuz: Cashback e cupons em suas compras,
0,1,0,0,0,1,1,0,0,0,0,148,0.5293982044122235,55.23822772820717,0.0496211505005712,6.587512063185697,2.9908785519019623,236,21,79,0,0,0,0.0668983009955302,0.0012700599511349,0.0001130138092111,0.0,0.0004251471870324,0.0,0.0,3,0,0,0,0,0,0,0,0,0,0,0,0,0,0,0,Roblox+,
0,0,0,0,0,1,0,0,0,0,0,5,0.3401584181522979,46.18464021264477,0.1000786658592182,4.239184381778742,3.317969992648773,70,2,14,0,0,0,0.1096399132321041,0.0066451490411999,0.0001898614011771,0.0,0.0013290298082399,0.0,0.0,0,0,0,0,0,0,1,0,0,0,0,0,0,0,0,1,Page Marker - Draw on Web,
0,0,0,0,0,1,0,0,0,0,1,20,0.5372325605082244,49.0687823997977,0.0895217844759882,3.400010556689422,2.806087346300875,600,4,12,0,0,1,0.0371595467661341,0.025287646984448,0.0001685843132296,4.21460783074135e-05,0.0005057529396889,0.0,0.0,0,0,0,2,0,0,1,0,0,0,0,0,0,0,0,1,"Tasks for Canvas – now supporting Blackboard, D2L Brightspace",
0,1,1,0,1,1,0,0,0,0,1,23,0.407914310002608,43.12016460543883,0.0728750206550281,6.292119342153611,3.1543289076441057,58,21,29,0,0,2,0.0461813690105462,0.0002547255990443,9.222823413674372e-05,8.783641346356545e-06,0.0001273627995221,0.0,0.0,33,0,0,2,0,0,2,0,0,0,0,0,0,0,0,2,Reddit Enhancement Suite,
0,1,0,0,0,0,0,0,0,0,0,1,0.4487828285192641,35.083192567567565,0.0763236739853003,5.4529379682521455,3.0622871796190294,76,9,8,0,0,0,0.0657634124637598,0.0064189189189189,0.0007601351351351,0.0,0.0006756756756756,0.0,0.0,0,0,0,2,0,0,1,0,0,0,0,0,0,0,0,1,Jitsi Meetings,
0,1,1,0,0,1,0,0,0,0,0,4,0.3569601364314645,35.02495201535508,0.119750586228949,4.138318670576735,3.555457064499797,35,0,12,0,0,0,0.0239491691104594,0.0671785028790787,0.0,0.0,0.0230326295585412,0.0,0.0,0,0,0,7,0,0,3,0,0,0,0,0,0,0,0,3,Unhook - Remove YouTube Recommended & Shorts,
0,0,0,0,1,1,0,0,0,0,1,77,0.4612285426978195,51.41544136838992,0.0937579572160309,3.9622447304709407,2.9065885759205927,470,63,54,0,0,5,0.0517172988277777,0.0081783222258957,0.0010962431919817,8.700342793506064e-05,0.0009396370216986,0.0,0.0,4,1,0,4,0,0,2,1,0,0,0,0,0,0,0,2,NaturalReader - AI Text to Speech,
0,0,0,0,0,0,0,0,0,0,0,0,0.0,0.0,0.0,0.0,0.0,0,0,0,0,0,0,0.0,0.0,0.0,0.0,0.0,0.0,0.0,0,0,0,0,0,0,0,0,0,0,0,0,0,0,0,0,__MSG_extensionName__,
1,1,0,0,1,1,0,0,0,0,1,228,0.4197258442853748,30.67431207053434,0.1165540196674879,3.3810466711579927,3.324017726309419,535,122,318,0,0,9,0.0780216026158761,0.0004196605064164,9.569828370619058e-05,7.059709453735371e-06,0.0002494430673653,0.0,0.0,0,1,0,0,0,0,4,0,0,0,0,0,0,0,0,4,__MSG_appName__,
0,0,0,0,0,1,0,0,0,0,0,33,0.3911710505461023,39.21836221542644,0.0964305906502096,4.0150653216975405,2.960041436752072,308,9,80,0,0,0,0.0388818901961023,0.004186204553177,0.0001223241590214,0.0,0.001087325857968,0.0,0.0,1,0,0,0,0,0,2,0,0,0,0,0,0,0,0,2,LibKey Nomad,
1,1,1,0,1,1,0,0,1,0,0,9,0.5893140000667866,34.65764133360944,0.0726805089138322,3.346248234463277,2.532688227802985,20,1,3,0,0,0,0.0267390536723163,0.000517705529095,2.5885276454752537e-05,0.0,7.765582936425761e-05,0.0,0.0,0,0,0,0,0,0,3,0,0,0,0,0,0,0,0,3,__MSG_appName__,
0,0,0,0,0,1,0,0,0,0,0,114,0.3669263343693366,27.207956577428888,0.1016114923377271,4.437217877631029,3.0075297862750223,313,37,125,0,0,4,0.0386517069559913,0.0013231371454901,0.0001564091833326,1.690910090083235e-05,0.000528409403151,0.0,0.0,0,0,0,4,4,0,2,0,0,0,0,0,0,4,0,2,__MSG_name__,
0,0,1,0,1,1,1,0,0,0,0,116,0.5751286620334889,49.19344734773599,0.0733918135592818,4.294101848915696,2.5079924087248293,148,0,440,0,4,4,0.0596804359221604,0.0017626182026058,0.0,4.763832980015721e-05,0.0052402162780172,4.763832980015721e-05,0.0,0,0,1,1,0,0,6,0,0,0,0,0,0,0,0,6,__MSG_mainName__,
0,0,0,0,0,0,0,0,0,0,0,0,0.0,0.0,0.0,0.0,0.0,0,0,0,0,0,0,0.0,0.0,0.0,0.0,0.0,0.0,0.0,0,0,0,0,0,0,0,0,0,0,0,0,0,0,0,0,Morpheon Dark,
0,0,1,0,0,1,0,0,0,0,0,89,0.6514710274075531,58.3920436995009,0.0597987789728433,3.691774418711894,2.46319370947932,1034,28,56,0,0,0,0.0499979737538236,0.0056033338210509,0.0001517343781329,0.0,0.0003034687562658,0.0,0.0,1,0,0,0,0,0,1,0,0,0,0,0,0,0,0,1,AVG SafePrice,
0,0,0,0,0,1,1,1,0,0,1,2,0.4257638486794764,24.312521179261267,0.1157294759072638,3.4415546378467035,3.0233186458049324,98,10,19,0,0,0,0.0545060480918489,0.0083022704168078,0.0008471704506946,0.0,0.0016096238563198,0.0,0.0,0,0,0,0,0,0,5,0,0,0,0,0,1,0,0,5,__MSG_screenshotplugin_name__,
1,1,0,0,0,1,1,0,0,0,1,1808,0.3659304586710469,51.89154436587907,0.0949726079434949,3.686984572464517,3.241713047474765,19798,1915,999,0,0,74,0.0485903788741497,0.0034947537211854,0.0003380368408965,1.306252022263477e-05,0.0001763440230055,0.0,0.0,191,31,0,0,7,0,62,0,0,2,0,0,0,0,0,61,__MSG_wallet_intro_product_name__,
0,0,0,0,0,0,0,0,1,0,0,718,0.2734931438412691,86.58595118062829,0.0468994892203377,4.166749887719422,2.9604140977986435,965,117,150,0,0,0,0.0245541680857213,0.0040916009819842,0.0004960801190592,0.0,0.00063600015264,0.0,0.0,86,6,6,1,2,0,2,0,0,0,0,0,0,1,0,2,Boomerang for Gmail,
0,1,0,0,0,1,0,0,0,0,0,396,0.3178672990738755,59.96150290417806,0.0654276854209918,6.154626587122085,2.9021942605283,2126,116,272,0,0,2,0.0398644669574197,0.0067774781150577,0.0003697965481404,6.375802554146503e-06,0.0008671091473639,0.0,0.0,1382,1,5,320,7,2,14,2,0,0,20,0,0,1,0,0,TubeBuddy for YouTube™,
0,1,0,0,0,1,0,0,0,0,0,44,0.4531742570839352,36.03398099083186,0.1016620788022494,3.852331371661385,3.046182655028248,12,4,49,0,0,0,0.07324581258488,0.0010093363613424,0.0003364454537808,0.0,0.0041214568088148,0.0,0.0,2,0,0,0,0,0,2,0,0,0,0,0,0,0,0,2,Repeek (formerly FACEIT Enhancer),
0,0,0,0,0,0,0,0,0,0,0,0,0.0,0.0,0.0,0.0,0.0,0,0,0,0,0,0,0.0,0.0,0.0,0.0,0.0,0.0,0.0,0,0,0,0,0,0,0,0,0,0,0,0,0,0,0,0,Socrative Student,
0,0,0,0,0,0,0,0,0,0,0,0,0.0,0.0,0.0,0.0,0.0,0,0,0,0,0,0,0.0,0.0,0.0,0.0,0.0,0.0,0.0,0,0,0,0,0,0,0,0,0,0,0,0,0,0,0,0,OneDrive,
0,0,0,0,0,0,0,0,0,0,1,170,0.3916863080969531,44.953365260193664,0.0944886899375098,3.929422137375818,2.884426139542817,655,61,163,0,0,0,0.0548955677522261,0.0016783381633599,0.0001563032488014,0.0,0.0004176627795842,0.0,0.0,4,1,1,6,0,0,2,0,0,0,0,0,0,0,0,2,Vue.js devtools,
0,0,0,0,1,1,0,0,0,0,1,53,0.338213374018816,84.6283605804507,0.0934492986309953,5.661933428268775,3.15193302937206,817,0,10,0,0,0,0.0227246028003403,0.0021563669571735,0.0,0.0,2.6393720406040997e-05,0.0,0.0,0,0,0,2,0,0,12,0,0,0,0,0,0,0,0,12,"Helium 10 for Amazon Sellers, Influencers, and Walmart Sellers",
0,1,0,0,1,1,0,1,0,0,1,164,0.4942208798810892,50.19480485644313,0.0729026042315185,4.184912656543505,2.73371768110603,1043,40,332,0,0,14,0.0518820946384261,0.0030193551375355,0.0001157950196562,4.05282568796716e-05,0.0009610986631464,0.0,0.0,21,0,3,0,0,0,2,0,0,0,0,0,0,0,0,2,Wordtune: AI Paraphrasing and Grammar Tool,
0,0,0,0,0,1,0,0,0,0,1,55,0.3766703334970889,36.27479504902749,0.098056028833434,3.875372318307126,2.7340189918425075,346,14,195,0,0,3,0.0612650351912029,0.0046348389862294,0.000187536837593,4.018646519852114e-05,0.0026121202379038,0.0,0.0,1,1,0,0,0,0,1,0,0,0,0,0,0,0,0,1,YouTube Summary with ChatGPT & Claude,
1,1,0,0,1,1,0,0,0,0,0,271,0.3921758098515369,20.357892674832627,0.0943987370626888,5.84234249592559,3.208714194767305,1722,130,484,0,0,54,0.0854091798673003,0.0198425959001186,0.0014979892375234,0.0006222416832789,0.0055771291612412,0.0,0.0,18,0,0,31,0,0,128,1,0,0,0,6,0,0,0,128,__MSG_extName__,
0,0,0,0,0,1,1,1,0,0,0,99,0.3386623465570834,29.909287059182734,0.0782924371740161,5.123212307262516,3.3798170347862944,348,38,128,0,1,0,0.0584125129761492,0.0035418044883212,0.0003867487659661,0.0,0.0013027326853595,1.017759910437128e-05,0.0,2,1,0,42,2,0,48,0,0,0,0,1,0,0,0,48,Checker Plus for Gmail™,
0,0,1,0,0,0,0,0,0,0,1,83,0.4497714011278676,45.67493096899722,0.0906787174899354,4.100158871955623,2.986377777201886,496,26,194,0,0,1,0.0812573886157812,0.0057787978702333,0.0003029208561009,1.165080215772856e-05,0.0022602556185993,0.0,0.0,41,0,0,1,0,1,7,0,0,0,0,0,0,0,0,7,Instant Data Scraper,
0,0,0,0,1,1,0,0,0,0,1,40,0.2834167382988503,33.76187037371367,0.0825540357702126,6.234591603376718,2.878233488137403,313,1,68,0,0,2,0.0512436827691352,0.0282541975085755,9.026900162484202e-05,0.0001805380032496,0.0061382921104892,0.0,0.0,3,0,0,9,0,0,27,0,0,0,7,0,0,0,0,27,__MSG_extName__,
0,0,0,0,0,1,0,0,0,0,1,60,0.3077718737040207,94.9907268494568,0.0643651827258281,5.283154975325997,2.987907568651532,407,80,107,0,0,3,0.0290058811587699,0.0052638385928608,0.0010346611484738,3.879979306777031e-05,0.0013838592860838,0.0,0.0,9,0,0,0,1,0,5,0,0,0,0,0,0,0,0,5,__MSG_app_name__,
0,0,0,0,1,1,0,1,0,0,1,933,0.5199463599339788,55.31407382989563,0.0797738354998951,4.833821849732571,2.39784913918464,2552,203,1204,0,0,4,0.0235905983215668,0.001233494995935,9.8118920131199e-05,1.93337773657535e-06,0.0005819466987091,0.0,0.0,29,0,0,0,0,0,6,0,0,0,0,0,0,0,0,6,HubSpot Sales,
0,0,0,0,1,1,0,1,0,0,1,93,0.3179733566280847,49.86516638184297,0.0973894765532702,4.0201077138400265,2.9547645362456847,789,23,181,0,0,7,0.0423841937492678,0.0075750302425161,0.0002208183720885,6.720559150521324e-05,0.001737744580349,0.0,0.0,17,1,0,0,1,0,17,0,0,0,0,0,0,0,0,17,"Scribe: AI Documentation, SOPs & Screenshots",
0,0,1,0,0,1,0,0,1,0,1,34,0.4303154423398432,42.01387451791929,0.097530279687324,3.773304639407437,3.114799461843943,89,11,19,0,0,1,0.076632801161103,0.0041858715078543,0.0005173549054651,4.703226413319537e-05,0.0008936130185307,0.0,0.0,4,1,0,0,0,0,1,0,0,0,0,0,0,0,0,1,TunnelBear VPN,
0,0,0,0,1,1,0,0,0,0,1,47,0.4464427675513241,52.195793036678566,0.0751235891402364,5.2956591474476085,3.029475449129741,172,26,57,0,0,0,0.0462829385287799,0.0002557966951661,3.866694229256301e-05,0.0,8.476983502600352e-05,0.0,0.0,2,10,0,0,0,0,2,0,0,0,0,0,0,0,0,2,Slush — A Sui wallet,
0,1,0,0,1,1,0,0,0,0,0,16,0.4284765456535922,46.04839139737395,0.0925429332861518,4.015413754119389,2.9169103429052896,80,2,4,0,0,4,0.0450666777006437,0.0005202676777201,1.3006691943004676e-05,2.6013383886009352e-05,2.6013383886009352e-05,0.0,0.0,12,0,0,0,0,0,1,0,0,0,0,0,0,0,0,1,Brisk Teaching – AI Assistant for Teachers,
1,1,1,0,0,1,0,0,0,0,1,33,0.4254919122637471,35.11571502057613,0.0978234008444888,3.825002624534145,3.161870943775732,319,6,30,0,0,0,0.0464411316991234,0.008204732510288,0.0001543209876543,0.0,0.0007716049382716,0.0,0.0,0,0,1,0,0,0,1,0,0,0,0,0,0,0,0,1,__MSG_extensionName__,
0,0,0,0,1,1,1,0,0,0,1,104,0.4320140155752264,37.87817347883412,0.0928151236022712,3.971668498149689,2.974655604348973,577,22,143,0,0,13,0.0558876188324381,0.0040466238393132,0.0001542906836479,9.117176761017755e-05,0.0010028894437119,0.0,0.0,0,0,0,0,0,0,14,0,0,0,0,0,0,0,0,14,WeVideo Screen & Webcam Recorder,
0,0,0,0,0,1,0,0,0,0,0,1,0.5202105457258044,30.99040111540112,0.0681407102565607,3.55394070117776,3.02366232720074,18,8,6,0,0,0,0.0255067104902766,0.0009652509652509,0.0004290004290004,0.0,0.0003217503217503,0.0,0.0,17,1,0,0,0,0,1,0,0,0,0,0,0,0,0,1,QR Code Generator,
0,0,0,0,0,0,1,0,0,0,1,0,0.0,0.0,0.0,0.0,0.0,0,0,0,0,0,0,0.0,0.0,0.0,0.0,0.0,0.0,0.0,0,0,0,0,0,0,0,0,0,0,0,0,0,0,0,0,BIODIGITAL HUMAN,
1,1,0,0,0,1,0,0,0,0,1,344,0.3897982966224831,70.60668761785041,0.0800455885755987,4.570338783831724,2.820258752087621,1627,316,634,0,0,0,0.0548978263068587,0.0034087575948041,0.0006620574062434,0.0,0.0013283050492352,0.0,0.0,0,0,0,0,0,0,8,0,0,0,0,0,0,0,0,8,__MSG_appName__,
0,0,1,0,1,1,0,1,0,0,0,42,0.4862997662030087,51.59997870528109,0.0709798219364328,3.739169006362866,2.5744100587441068,2826,6,62,0,3,1,0.0336318176532154,0.0501490630323679,0.0001064735945485,1.7745599091425327e-05,0.0011002271436683,5.323679727427598e-05,0.0,0,0,0,2,0,0,1,0,0,0,0,0,0,0,0,1,Postman Interceptor,
0,0,0,0,0,1,0,0,0,0,0,24,0.5523356334548352,52.71043895241608,0.0833855567936569,3.569172651178845,2.57652199619722,110,14,32,0,0,0,0.0373548615971696,0.0050719291774253,0.000645518258945,0.0,0.00147547030616,0.0,0.0,0,0,0,0,0,0,1,0,0,0,0,0,0,0,0,1,__MSG_ext_name__,
0,0,0,0,1,1,1,0,0,0,1,536,0.4907713955179235,54.767739760985336,0.0692800356274305,5.7038392264997935,2.7303286143287653,2354,123,682,0,0,4,0.0383388328084527,0.0022668836609111,0.0001184480417553,3.851968837572104e-06,0.000656760686806,0.0,0.0,150,1,0,0,2,0,14,0,0,0,0,0,0,0,0,14,Apollo.io: Free B2B Phone Number & Email Finder,
1,1,0,0,1,1,1,0,0,0,1,200,0.3479375379343076,36.9905322371859,0.0692762383587583,4.104088201622671,2.7404702069408,2209,196,379,0,0,1,0.0362928952715085,0.0075448369611623,0.0006694377747341,3.415498850684637e-06,0.0012944740644094,0.0,0.0,54,0,1,9,0,0,17,0,0,0,0,0,0,0,0,17,__MSG_ext_name__,
0,0,0,0,0,0,0,0,0,0,0,0,0.0,0.0,0.0,0.0,0.0,0,0,0,0,0,0,0.0,0.0,0.0,0.0,0.0,0.0,0.0,0,0,0,0,0,0,0,0,0,0,0,0,0,0,0,0,Rose,
0,0,0,0,0,0,0,0,0,0,1,9,0.3561453424539644,38.73215210858978,0.098172396617056,6.567229436520543,3.2878049740801822,48,8,22,0,0,6,0.0927833363355003,0.0024867889337892,0.0004144648222982,0.0003108486167236,0.00113977826132,0.0,0.0,2,0,0,0,0,0,1,0,0,0,0,0,0,0,0,1,__MSG_appName__,
0,1,1,0,0,1,0,1,0,0,0,27,0.1479464863876543,186.14524249630077,0.0537527586960024,12.760622497072642,2.8376875732403115,61,30,19,0,0,2,0.0237586162286203,0.0002883765346595,0.0001418245252424,9.45496834949345e-06,8.982219932018778e-05,0.0,0.0,0,0,0,0,0,0,1,0,0,0,0,0,0,0,0,1,Keyword Surfer,
0,0,0,0,0,0,0,1,0,0,1,138,0.5010525315584488,45.04554909907711,0.0749143711227335,4.098434084382277,2.9995431614150974,2744,22,146,0,0,6,0.0545165330780624,0.0267981835050539,0.0002148542409297,5.8596611162654426e-05,0.0014258508716245,0.0,0.0,2,1,0,1,0,0,3,0,0,0,0,0,0,0,0,3,__MSG_ext_name_production__,
1,1,1,0,1,1,0,0,0,0,0,274,0.4482512120751322,62.90319086945164,0.0734913977159771,4.523307131860913,3.1174093236657416,1213,125,367,0,0,9,0.0529296339807935,0.0024373580886933,0.0002511704543171,1.808427271083248e-05,0.000737436453875,0.0,0.0,1,0,0,0,0,0,62,0,0,0,0,0,0,0,0,62,Solflare Wallet,
0,1,0,0,0,1,0,0,0,0,1,4,0.3536321648823984,41.31518300948938,0.0929866246629468,3.42048482201354,3.37571451402658,11,4,18,0,0,0,0.0502729853679842,0.0024853140533212,0.0009037505648441,0.0,0.0040668775417984,0.0,0.0,1,0,0,1,0,0,1,0,0,0,1,0,0,0,0,1,Earth View from Google Earth,
1,1,1,0,1,1,0,0,0,0,1,165,0.1826208959524683,100.54960613994672,0.059546472047035,18.46533775883529,2.964430844604004,1158,55,118,0,6,2,0.0837244262922232,0.013012551831084,0.0006180400265195,2.247418278252857e-05,0.0013259767841691,6.742254834758571e-05,0.0,622,3,1,15,0,0,162,0,0,0,0,0,0,0,0,162,__MSG_appName__,
0,0,0,0,1,1,0,0,0,0,1,15,0.496538907914053,59.90204364392103,0.0759199380939179,3.996746663141176,2.660211765217181,167,15,88,0,0,2,0.0637714767576684,0.0016527289821366,0.0001484487109703,1.9793161462714636e-05,0.0008708991043594,0.0,0.0,6,0,0,44,2,0,5,0,1,0,0,0,4,0,0,5,Glasp Web Highlighter: PDF & Web Highlight,
0,0,0,0,0,1,0,0,0,0,0,77,0.4846133482613932,52.4879190618533,0.0642880989447671,5.853832714405053,2.76547858744822,1125,37,226,0,0,1,0.0534352367739503,0.0051736031271556,0.0001701540584042,4.598758335249483e-06,0.0010393193837663,0.0,0.0,1,0,0,0,0,0,193,0,0,0,0,0,0,0,0,193,Calendly: Meeting Scheduling Software,
0,0,0,0,0,1,0,0,0,0,0,8,0.4383587037587891,50.55945765725717,0.1065514758819294,3.1883486797320053,3.0490777495719223,17,2,2,0,0,0,0.0397692665973988,0.003778617470549,0.0004445432318292,0.0,0.0004445432318292,0.0,0.0,0,0,0,0,0,0,1,0,0,0,0,0,0,0,0,1,__MSG_appName__,
0,0,0,0,0,1,0,0,0,0,0,11,0.5083101841838491,46.613772723202295,0.1017778922958,3.3501922287335297,2.7029983613007635,244,13,17,0,0,0,0.043932663954313,0.0218500940270439,0.0011641443538998,0.0,0.0015223426166383,0.0,0.0,0,0,1,0,0,0,4,0,0,0,0,0,0,0,0,4,Color Picker for Chrome™,
1,1,0,0,1,1,0,1,0,0,1,90,0.4910916095390451,53.02371235294587,0.0858220456663208,4.176739879974763,2.9308417383196272,343,39,83,0,0,4,0.0683234520352069,0.0027394196902778,0.0003114792067662,3.194658530936275e-05,0.0006628916451692,0.0,0.0,0,0,0,0,0,0,6,0,0,0,0,0,0,0,0,6,Eno® from Capital One®,
0,0,0,0,0,1,0,0,0,0,0,27,0.3560496153711929,36.707142857142856,0.0768509793950633,5.72124669542229,3.2948472697005453,60,15,21,0,0,1,0.041742034228468,0.0056390977443609,0.0014097744360902,9.398496240601504e-05,0.0019736842105263,0.0,0.0,3,0,0,0,0,0,8,0,0,0,0,0,1,0,0,7,__MSG_extName__,
0,0,0,0,0,1,1,0,0,0,0,144,0.3896180587056388,60.84719624579182,0.0766425565021842,4.266810415900356,3.191060277946914,350,90,236,0,0,39,0.0796007153638335,0.0059509640561771,0.0015302479001598,0.0006631074234025,0.0040126500493079,0.0,0.0,267,0,0,14,0,1,22,0,0,0,8,0,0,0,0,22,Videostream for Google Chromecast™,
0,0,0,0,0,1,0,0,0,0,0,10,0.4022925932393151,39.62267037552156,0.1144002656888222,3.812898986105896,3.1091522888432817,118,11,37,0,0,0,0.0718800851170359,0.0164116828929068,0.0015299026425591,0.0,0.0051460361613351,0.0,0.0,18,0,0,0,0,0,4,0,0,0,0,0,0,0,0,4,__MSG_appName__,
1,1,0,0,1,1,0,0,0,0,1,39,0.2645789019430212,117.21941736989837,0.0627504653980332,5.536111248306428,2.8039072420123468,2014,285,264,0,0,0,0.0361334561813754,0.0091473107633053,0.0012944307683922,0.0,0.0011990516591423,0.0,0.0,14,0,278,3,0,0,23,0,0,0,0,0,0,0,0,23,__MSG_res_PRODUCT_NAME_TRADEMARKED__,
0,0,0,0,0,1,0,1,0,0,1,259,0.4518182016184097,41.0391028185788,0.0945185201431526,3.85699275859189,2.781322876209692,5988,234,235,0,0,18,0.046222104906072,0.0127802891572436,0.0004994301374073,3.8417702877485945e-05,0.0005015644542338,0.0,0.0,0,0,0,0,0,0,4,0,0,0,0,0,0,0,0,4,__MSG_appName__,
0,0,1,0,1,1,1,0,0,0,0,115,0.4753248577126259,21.87267555842676,0.0729414399951042,4.994634265209684,2.898846661781065,231,73,29,0,1,4,0.0697688863830742,0.0010363252176955,0.0003274967138172,1.7945025414642245e-05,0.0001301014342561,4.486256353660561e-06,0.0,343,0,6,1,0,2,52,0,0,0,0,0,0,0,0,51,__MSG_manifest_ext_name__,
0,0,0,0,1,1,0,0,0,0,1,7,0.4213807074957145,31.516981359715267,0.1110536001840349,3.451003839133992,3.042250766938376,108,5,23,0,0,0,0.0406727924979545,0.0065150509742414,0.0003016227302889,0.0,0.0013874645593291,0.0,0.0,0,0,0,0,0,0,2,0,0,0,0,0,0,0,0,2,__MSG_appName__,
0,0,1,0,1,1,0,1,0,0,0,510,0.4341891463487231,77.09076872234564,0.0579150615460674,7.505259127257665,2.7692238725066947,1481,228,311,0,0,18,0.0463959271612227,0.0027190776066241,0.0004186020893384,3.304753336882883e-05,0.0005709879376503,0.0,0.0,0,0,0,2,0,0,5,0,0,0,0,0,0,0,0,5,__MSG_appName__,
0,0,1,0,1,1,0,1,1,0,1,136,0.4128617723392201,43.14463533176584,0.0860760820602987,4.342406323104916,2.866922555430958,751,22,44,0,26,1,0.0439262213223524,0.0056414840633709,0.0001652631816167,7.51196280076021e-06,0.0003305263632334,0.0001953110328197,0.0,14,0,0,0,0,0,11,0,0,0,0,0,0,0,0,11,Push Security,
0,0,0,0,0,0,0,0,0,0,0,7,0.1735420969001046,37.36483998867176,0.0840535418016192,4.925286121495996,3.6315416527923423,10,4,47,0,0,0,0.1034477819317319,0.0007080147267063,0.0002832058906825,0.0,0.0033276692155196,0.0,0.0,13,1,1,0,0,0,4,0,0,0,0,0,0,0,0,4,__MSG_AppName__,
0,0,1,0,1,1,0,1,0,0,0,189,0.3799706541687251,26.46667481629382,0.0938898458181695,5.238716278767602,3.2745306296553083,193,18,37,0,6,0,0.0662054105558352,0.0026214634013827,0.0002444888146367,0.0,0.0005025603411977,8.149627154557679e-05,0.0,75,0,0,26,2,7,16,1,7,0,0,0,0,0,0,16,Smarty,
0,0,0,0,0,0,0,0,0,0,0,5,0.2228067335707348,36.69554606467358,0.1136937520233085,4.487439673307759,3.724420032025834,95,19,22,0,0,1,0.1524563791609949,0.0579621720561317,0.0115924344112263,0.0006101281269066,0.0134228187919463,0.0,0.0,16,0,0,0,0,0,2,0,0,0,0,0,0,0,0,2,__MSG_appname__,
0,0,0,0,0,1,1,0,0,0,0,35,0.4135282557637924,21.7430452603122,0.0904107750563198,4.99406541043968,3.185473242298269,192,9,76,0,0,1,0.0726445743989603,0.0083718496555332,0.0003924304526031,4.360338362256911e-05,0.0033138571553152,0.0,0.0,1,0,0,14,0,0,22,0,0,0,0,2,0,0,0,22,__MSG_appName__,
1,1,0,0,0,1,0,0,0,0,0,23,0.5510639723636694,47.06145615177487,0.0878886725172452,3.6572047396241576,2.7096590335795163,394,26,33,0,0,0,0.0625858330913449,0.0034670280354094,0.0002287886520828,0.0,0.0002903855968743,0.0,0.0,31,0,0,0,0,0,2,0,0,0,0,0,0,0,0,2,__MSG_extName__,
1,1,0,0,1,1,0,0,0,0,1,26,0.4435768141998589,53.69943175342332,0.0845091636478373,3.557576465809148,2.711517450276961,127,38,40,0,0,1,0.0457918416066375,0.0020678313821905,0.0006187212009704,1.628213686764251e-05,0.0006512854747057,0.0,0.0,0,0,0,0,0,0,1,0,0,0,0,0,0,0,0,1,Fonts Ninja,
1,1,1,0,1,1,0,0,0,0,0,141,0.5222704326386485,50.19896494362639,0.0741517038485341,4.132465402896149,2.381436173663084,3170,46,113,0,0,4,0.0460944589196775,0.0195305280019715,0.000283408292773,2.464419937157292e-05,0.0006961986322469,0.0,0.0,0,0,0,0,0,0,0,0,0,0,0,0,0,0,0,0,__MSG_extName__,
1,1,0,0,1,1,0,1,0,0,0,232,0.4570452512375256,45.84818542451826,0.0850975667086713,3.887678931026615,2.890333984517381,6625,115,421,0,0,8,0.0428845467080659,0.0193101960750022,0.0003351958563962,2.3317972618870653e-05,0.001227108309068,0.0,0.0,25,0,0,4,0,0,4,0,0,0,0,0,0,0,0,4,wanteeed,
0,0,1,1,1,1,1,1,0,0,0,68,0.5964505449427856,57.16816949177866,0.0725440072989532,3.8921336265241,2.5189233899039296,671,40,111,0,5,2,0.0502784904750843,0.0050127372832607,0.0002988218946802,1.494109473401116e-05,0.0008292307577376,3.73527368350279e-05,0.0,31,0,0,0,0,0,9,0,0,0,0,0,0,0,0,9,__MSG_extNameBeta__,
1,1,0,0,1,1,0,0,0,0,1,103,0.4299373761168842,22.189703123698084,0.0348183235382459,3.535505734923708,2.382800904596828,572,62,64,0,0,2,0.0135481587876517,0.0012881229211565,0.0001396217152302,4.503926297750064e-06,0.000144125641528,0.0,0.0,92,1,2,0,0,0,2,0,0,0,0,0,0,0,0,2,FantasyPros: Win your Fantasy League,
0,1,0,0,0,1,0,0,0,0,0,25,0.4752885336100043,21.37212525510981,0.0664343828992309,5.731362107623318,3.218581951732365,164,23,29,0,0,0,0.0776251868460388,0.0024977915867068,0.0003503000395991,0.0,0.0004416826586249,0.0,0.0,12,0,0,8,0,1,27,0,0,0,0,0,0,0,0,27,__MSG_appName__,
0,0,1,0,1,1,0,1,0,0,1,1584,0.4324236318442225,65.45475715796665,0.0808468036292171,2.9042178214663426,2.918817846842039,715,2435,619,0,0,87,0.0508588107967995,0.000334615636612,0.0011395651400705,4.0715469070283326e-05,0.0002896882224655,0.0,0.0,20,8,7,0,0,0,1,0,0,0,0,0,0,0,0,1,Cuponomia - Cupom e Cashback,
0,0,0,0,0,1,0,0,0,0,0,21,0.4243117084195782,40.35911002577669,0.1136562691693264,3.737892690040712,3.071448421582219,149,16,27,0,0,2,0.0651394543355411,0.0202143535476868,0.0021706688373355,0.0002713336046669,0.0036630036630036,0.0,0.0,0,0,0,2,0,0,0,0,0,0,0,0,0,0,0,0,Ripple Tool,
0,0,1,1,1,1,1,1,1,0,1,85,0.43895993285464,43.59271846722461,0.1013023545017146,3.6374361618192848,2.9210172203339293,385,36,90,0,1,1,0.0663034097350199,0.0054519449990795,0.0005097922596541,1.4160896101505304e-05,0.0012744806491354,1.4160896101505304e-05,0.0,0,0,0,0,1,0,1,4,0,0,0,0,0,0,0,1,Guardio Protection for Chrome,
0,0,0,0,1,1,0,0,0,0,0,152,0.3270694688053566,39.5414920528853,0.0812293864299574,5.716247093469975,3.117662636950256,277,80,61,0,0,34,0.0567702310864565,0.0026442651902057,0.0007636866975323,0.0003245668464512,0.0005823111068684,0.0,0.0,7,0,0,0,0,0,10,0,0,0,0,0,0,0,0,10,Beyond 20,
0,0,0,0,0,0,0,0,0,0,0,0,0.0,0.0,0.0,0.0,0.0,0,0,0,0,0,0,0.0,0.0,0.0,0.0,0.0,0.0,0.0,0,0,0,0,0,0,0,0,0,0,0,0,0,0,0,0,TweetDeck by Twitter,
0,1,0,0,1,1,0,0,0,0,0,9,0.446353405426141,40.070530043966784,0.0917733611474978,4.645481645515714,2.890023760665952,82,12,6,0,0,0,0.0779661016949152,0.0050073277967757,0.0007327796775769,0.0,0.0003663898387884,0.0,0.0,36,0,0,17,0,1,10,0,0,0,0,0,0,0,0,10,__MSG_extension_name__,
0,0,1,0,0,1,1,0,1,0,1,121,0.5111073479928657,44.80699525417677,0.061140365133328,5.786632801300738,2.0462294526023066,1568,34,83,0,1,3,0.0603380764087318,0.004665486409688,0.0001011648838835,8.926313283841886e-06,0.0002469613341862,2.9754377612806284e-06,0.0,0,0,0,0,0,0,9,0,0,0,0,0,0,0,0,9,__MSG_name__,
0,0,0,0,0,1,0,0,0,0,0,1,0.3042141135400216,30.835978835978835,0.1241792037237137,6.28798411122145,3.49539029438206,3,0,0,0,0,0,0.0377358490566037,0.0079365079365079,0.0,0.0,0.0,0.0,0.0,0,0,0,0,0,0,1,0,0,0,0,0,0,0,0,1,__MSG_appName__,
0,1,0,0,0,1,0,1,0,0,1,148,0.4772254148669154,44.066923419485725,0.0926547090716247,3.8062567207574456,2.842349836437265,404,20,118,0,0,2,0.0455793808098255,0.0033317389368124,0.0001649375711293,1.6493757112932755e-05,0.000973131669663,0.0,0.0,5,1,0,0,0,0,5,0,0,0,0,0,0,0,0,5,__MSG_extensionNameRegular__,
0,0,0,0,0,1,1,0,0,0,1,150,0.3476703353063393,43.7443345908677,0.0821783427564282,5.013845720736732,3.2246180492646688,525,54,215,0,0,3,0.0992717418195364,0.0068297125016261,0.0007024847144529,3.90269285807207e-05,0.0027969298816183,0.0,0.0,16,0,1,90,0,1,10,0,0,0,0,0,0,0,0,10,__MSG_nassh_product_name__,
0,0,0,0,0,1,0,0,0,0,0,20,0.2910834157519715,107.36189797819296,0.0616835245647992,4.792424055474669,2.9554995192230487,46,3,9,0,0,2,0.0374848851269649,0.0025204098405566,0.0001643745548189,0.0001095830365459,0.0004931236644567,0.0,0.0,120,0,0,4,0,0,1,0,0,0,0,0,0,0,0,1,Emoji Keyboard by JoyPixels®,
0,0,0,0,0,1,0,0,0,0,1,3,0.4363340113290904,42.4643536121673,0.1140727861251448,3.457165377604808,3.172222457608815,79,9,11,0,0,1,0.0570964086900832,0.0187737642585551,0.0021387832699619,0.0002376425855513,0.0026140684410646,0.0,0.0,0,0,0,4,0,0,4,0,0,0,0,0,0,0,0,4,Unpaywall,
0,0,0,0,0,1,0,0,0,0,0,10,0.2696818997386421,60.17363576488731,0.067503852090239,5.2623877695844,2.8107767179108905,175,6,26,0,0,0,0.0131359723550646,0.0014055999100416,4.81919969157122e-05,0.0,0.0002088319866347,0.0,0.0,2,1,0,0,0,0,9,0,0,0,0,0,0,0,0,9,__MSG_extName__,
0,0,0,0,0,1,0,0,0,0,0,72,0.3430810133074067,52.968983940695466,0.0892057599559613,2.9919930538678603,3.341176995540566,223,19,203,0,0,2,0.0279830255338144,0.0003132084057832,2.6685917981533344e-05,2.8090439980561416e-06,0.0002851179658026,0.0,0.0,0,0,0,10,0,0,12,0,0,0,0,0,0,0,0,12,__MSG_extName__,
0,0,1,1,1,1,1,1,0,0,0,128,0.6103306866765553,39.47465595444362,0.0659320194572899,3.0822974983829186,2.270005852419504,96,1,13,0,4,10,0.027217950719641,0.0010594506307042,1.1035944069835452e-05,0.0001103594406983,0.0001434672729078,4.414377627934181e-05,0.0,0,0,0,0,0,0,8,0,0,0,0,0,0,0,0,8,__MSG_extName__,
0,1,0,0,0,1,0,1,0,0,1,380,0.3636589014972849,63.15612909794339,0.0901864927842377,6.653974471701653,3.0042989645359923,759,101,211,0,0,13,0.0583880147645515,0.0042930835539265,0.0005712798932102,7.353107536369601e-05,0.0011934659155184,0.0,0.0,22,0,0,2,1,0,3,0,0,0,0,0,0,0,0,3,Email Finder by ContactOut – Email Lookup Tool,
0,0,1,0,1,1,0,1,0,0,0,39,0.5238470146405582,48.22639343708856,0.0640790083602038,5.162173752624756,2.5047455077789147,242,31,58,0,0,0,0.0380138196949003,0.0008169879477397,0.0001046554809088,0.0,0.0001958070287971,0.0,0.0,3,0,0,2,0,0,2,0,0,0,0,0,0,0,0,2,"RetailMeNot: Codes, Cash Back and Coupons",
1,1,0,0,1,1,0,0,0,0,0,75,0.6019353520330158,61.01446032228641,0.0561316022124584,6.514800377982518,2.727307430940926,385,78,119,0,2,4,0.0842034805890227,0.0046822742474916,0.0009486166007905,4.86470051687443e-05,0.0014472484037701,2.432350258437215e-05,0.0,0,0,0,0,1,1,9,0,0,0,0,0,0,0,0,9,__MSG_appName__,
0,0,1,0,1,1,0,0,0,0,0,59,0.532085842401726,44.99969900672218,0.0849343204203783,3.7849615788646536,2.573571960366409,1536,28,89,0,2,0,0.0540708206158961,0.0256847597070332,0.0004682117654927,0.0,0.0014882445403163,3.3443697535199494e-05,0.0,24,0,2,2,0,0,6,0,0,0,0,0,0,0,0,6,__MSG_appName__,
0,0,1,0,1,1,1,0,0,0,1,117,0.5544355399702439,53.171720635904016,0.0713132334344215,4.67507373973078,2.5090618755682224,1251,40,206,0,3,0,0.0442963811750276,0.0034599683596818,0.0001106304831233,0.0,0.000569746988085,8.297286234248985e-06,0.0,100,0,0,7,0,0,7,0,0,0,0,0,0,0,0,7,__MSG_extName__,
0,1,0,0,0,1,0,0,0,0,0,5,0.305234453226528,32.708213670304424,0.0837597733228232,7.324545157424556,3.5743822716621816,378,12,33,0,0,0,0.0362239895413443,0.0542791499138426,0.0017231476163124,0.0,0.0047386559448592,0.0,0.0,4,0,0,11,0,0,3,0,0,0,0,0,0,0,0,3,SteamDB,
0,0,0,0,0,1,0,0,0,0,0,15,0.17041991362349,86.95436957971981,0.06999318878592,22.239737059771016,3.339730546931617,30,9,21,0,0,2,0.0984284532671629,0.0040026684456304,0.0012008005336891,0.000266844563042,0.0028018679119412,0.0,0.0,4,0,17,22,0,2,12,1,0,0,11,0,0,0,0,12,Window Resizer,
0,0,1,0,1,1,0,0,0,0,0,105,0.3749163079360296,68.45267806218565,0.0723991567398536,7.411398757536485,2.510367071740625,407,22,125,0,0,1,0.0441641545049867,0.0035171710537686,0.0001901173542577,8.64169792080748e-06,0.0010802122401009,0.0,0.0,0,0,0,0,0,0,5,0,0,0,0,0,0,0,0,5,__MSG__extensionName__,
0,0,0,0,0,0,0,0,0,0,0,0,0.0,0.0,0.0,0.0,0.0,0,0,0,0,0,0,0.0,0.0,0.0,0.0,0.0,0.0,0.0,0,0,0,0,0,0,0,0,0,0,0,0,0,0,0,0,Little Alchemy,
1,1,0,0,1,1,0,0,0,0,0,30,0.4708197792092269,56.35997452961959,0.0829537462381486,4.33579001395416,3.0486205473711907,130,15,24,0,0,2,0.0740893707796686,0.0026702818174348,0.0003081094404732,4.108125872976748e-05,0.0004929751047572,0.0,0.0,5,0,0,1,0,0,1,0,0,0,0,0,0,0,0,1,myMeta,
0,0,0,0,1,1,1,0,0,0,0,160,0.3692699050436361,47.16365818982447,0.0927447066758898,4.464537891278901,3.0124318862632165,455,102,258,0,0,0,0.0322107199788986,0.0012585261690463,0.0002821311411928,0.0,0.0007136258277229,0.0,0.0,63,6,3,0,0,0,2,0,0,0,0,0,0,0,0,2,__MSG_extName__,
0,0,0,0,0,0,0,0,0,0,0,0,0.0,0.0,0.0,0.0,0.0,0,0,0,0,0,0,0.0,0.0,0.0,0.0,0.0,0.0,0.0,0,0,0,0,0,0,0,0,0,0,0,0,0,0,0,0,Sea Foam,
0,1,0,0,0,1,0,0,0,0,0,15,0.5595877748819361,39.476968202119856,0.0816190911449005,3.794558037428259,2.6944989774423997,120,10,14,0,0,0,0.043600673354269,0.0039997333511099,0.0003333111125924,0.0,0.0004666355576294,0.0,0.0,7,0,0,0,0,0,1,0,0,0,0,0,0,0,0,1,Nodepay Extension,
0,0,0,0,1,1,0,0,1,0,1,169,0.4361492857884857,31.93558762588541,0.0901323518868849,5.471610084462849,3.230592743790365,1351,76,362,0,0,17,0.0764498239597205,0.0162747554570423,0.0009155302847781,0.0002047896689635,0.0043608153038114,0.0,0.0,51,1,0,7,5,1,5,1,5,0,0,0,0,0,0,5,"Speed Dial [FVD] - New Tab Page, 3D, Sync...",
1,1,0,0,0,0,0,0,0,0,0,0,0.1866485013623978,34.853658536585364,0.0980926430517711,6.006451612903226,3.5851225753359417,1,0,1,0,0,0,0.0193548387096774,0.024390243902439,0.0,0.0,0.024390243902439,0.0,0.0,0,0,0,0,1,0,1,0,0,0,0,0,0,0,0,1,Desktop app for Google Tasks,
0,0,0,0,0,1,1,0,0,0,0,68,0.4443341693291973,43.96301135208896,0.0824478320500667,4.175386077453076,2.671807916619988,660,173,149,0,0,0,0.0285171231714353,0.01916209389426,0.0050227912783439,0.0,0.0043259878640072,0.0,0.0,9,0,0,8,0,0,2,0,0,0,0,0,0,0,0,2,RoGold - Level Up Roblox,
0,0,0,0,0,0,0,0,0,0,0,0,0.0,0.0,0.0,0.0,0.0,0,0,0,0,0,0,0.0,0.0,0.0,0.0,0.0,0.0,0.0,0,0,0,0,0,0,0,0,0,0,0,0,0,0,0,0,Canva,
0,0,1,0,1,1,1,0,0,0,1,147,0.4368439854790634,40.0442966984736,0.0979822615178545,4.0586933806184,2.9600260872658777,474,43,298,0,1,6,0.0688258949068283,0.0077051871840304,0.0006989937740787,9.753401498772697e-05,0.0048441894110571,1.625566916462116e-05,0.0,34,0,0,42,0,2,17,0,0,0,15,0,0,0,0,17,__MSG_extName__,
0,0,0,0,0,0,0,0,0,0,0,0,0.0,0.0,0.0,0.0,0.0,0,0,0,0,0,0,0.0,0.0,0.0,0.0,0.0,0.0,0.0,0,0,0,0,0,0,0,0,0,0,0,0,0,0,0,0,Classic Blue,
0,0,0,0,0,1,0,0,0,0,1,175,0.5005743071919578,52.35652402765528,0.0851506396566314,3.760075460916623,2.78545186553224,1376,114,130,0,0,18,0.0629009036262695,0.0097874640794377,0.0008108800182092,0.0001280336870856,0.0009246877400631,0.0,0.0,276,0,0,1,0,0,59,0,0,0,0,0,0,0,0,58,__MSG_extName__,
0,0,0,0,1,1,0,0,1,0,0,492,0.3694566273114127,34.774200412772885,0.0983065302297048,4.73664740332306,2.6628698422668613,8402,147,503,0,0,8,0.0422850270869403,0.0107705521157815,0.0001884397954082,1.025522696099168e-05,0.0006447973951723,0.0,0.0,2,0,0,3,0,0,2,0,0,0,0,0,0,0,0,2,__MSG_name__,
0,0,0,0,0,0,0,0,0,0,1,5,0.4712000916100465,52.85611510791367,0.1191312313917093,3.3560078557400463,3.235438507940936,19,0,5,0,0,0,0.0373147652204963,0.0195272353545734,0.0,0.0,0.0051387461459403,0.0,0.0,0,0,0,0,0,0,2,0,0,0,0,0,0,0,0,2,DocHub - Sign PDF from Gmail,
0,0,0,0,0,1,0,0,0,0,1,36,0.3569113015757551,40.42515556579857,0.106149711515492,4.403017703017703,2.94603565264271,87,9,209,0,0,2,0.0685094185094185,0.0012531689329338,0.0001296381654759,2.8808481216870245e-05,0.0030104862871629,0.0,0.0,13,3,0,0,0,0,3,0,0,0,0,0,0,0,0,3,Boxel 3D,
0,0,1,0,1,1,1,0,1,0,1,36,0.4337537182642693,65.2233895829953,0.0571103544388804,2.561673182469005,1.9315120649775013,297,15,85,0,0,0,0.0111839237590399,0.0020079506733733,0.0001014116501703,0.0,0.0005746660176321,0.0,0.0,0,0,0,0,0,0,2,0,0,0,0,0,0,0,0,2,Hoxx VPN Proxy,
1,1,0,0,1,1,0,0,0,0,0,47,0.3721961996425081,57.55382390298625,0.0611214742254541,4.7765903413544,3.049105119432491,161,55,26,0,0,1,0.0416095419369046,0.0007463309259139,0.0002549577697221,4.635595813129861e-06,0.0001205254911413,0.0,0.0,71,1,0,0,0,0,1,0,0,0,0,0,0,0,0,1,AVG Online Security,
1,1,1,0,1,1,0,0,0,0,0,19,0.4773771559733912,51.7200777867469,0.0839157529603527,4.123246758992965,3.0388253095344084,103,17,55,0,2,1,0.1052387062519357,0.0037792617597416,0.0006237616496661,3.669186174506495e-05,0.0020180523959785,7.338372349012989e-05,0.0,13,1,0,0,0,0,4,0,0,0,0,1,0,0,0,4,__MSG_manifest_name__,
0,1,0,0,0,1,0,1,0,0,0,25,0.5697383567054368,50.78312622926591,0.0813613978605814,3.651761286380376,2.515035450611132,204,22,28,0,0,0,0.0628629780300236,0.0023192623836105,0.0002501165315658,0.0,0.0003183301310838,0.0,0.0,13,1,0,2,0,0,2,0,0,0,0,0,0,0,0,2,__MSG_extName__,
0,0,0,0,1,1,0,0,0,0,0,325,0.3510258454639292,35.590241979501485,0.0911213131412593,5.846390284771468,2.9926514451732404,1500,20,457,0,0,13,0.0504239618545696,0.0041349880636677,5.513317418223719e-05,3.5836563218454175e-05,0.0012597930300641,0.0,0.0,6,0,0,10,0,0,3,0,0,0,0,0,0,0,0,3,__MSG_extName__,
0,0,1,0,1,1,1,1,0,0,0,200,0.4320277847633988,40.44102501326152,0.0977165520094858,3.5898123570634755,3.129603843286908,129,6,44,0,6,2,0.0326698935496018,0.0010527604357938,4.8965601664830455e-05,1.632186722161015e-05,0.0003590810788754,4.8965601664830455e-05,0.0,0,0,5,0,0,0,1,0,0,0,0,0,0,0,0,1,__MSG_extName__,
0,1,0,0,1,1,0,0,0,0,0,38,0.5728014677574806,50.59506417494297,0.0781470097746288,3.7825815975069705,2.59476587893894,550,15,46,0,0,2,0.0514077961839155,0.0126736871212295,0.0003456460123971,4.608613498628938e-05,0.0010599811046846,0.0,0.0,0,0,0,0,0,0,6,0,0,0,0,0,0,0,0,6,edpuzzle,
0,0,1,0,1,1,0,1,0,0,1,33,0.5052367228960507,59.294298040827,0.0761397869453357,3.7190258852667775,2.58776544553822,134,70,140,0,0,5,0.0484117186617702,0.0005005322824645,0.0002614720878546,1.8676577703901537e-05,0.0005229441757092,0.0,0.0,11,1,0,0,0,1,4,0,0,0,0,0,0,0,0,4,"Simplify Copilot - Autofill job applications, job tracker & AI resumes",
0,0,0,0,0,0,0,0,0,0,0,0,0.0,0.0,0.0,0.0,0.0,0,0,0,0,0,0,0.0,0.0,0.0,0.0,0.0,0.0,0.0,0,0,0,0,0,0,0,0,0,0,0,0,0,0,0,0,DOGOnews,
0,0,0,0,0,1,0,0,0,0,0,59,0.4292779182461136,37.6419952240626,0.0890134257926161,4.08842268990862,2.914399693355074,155,21,86,0,0,0,0.038005628810842,0.001968803983335,0.0002667411848389,0.0,0.0010923686617213,0.0,0.0,18,0,0,0,0,0,1,0,0,0,0,0,0,0,0,1,"Jetwriter AI: Reply Emails, Ask Page, Summarize, Fix Grammar, and More",
0,0,0,0,0,1,0,0,0,0,0,8,0.468708372177958,33.47140869334747,0.0782309917633377,3.446024868979173,2.817070843353279,37,8,7,0,1,1,0.0342334486861585,0.0012258150013252,0.0002650410813676,3.3130135170951495e-05,0.0002319109461966,3.3130135170951495e-05,0.0,4,0,0,0,0,0,1,0,0,0,0,0,0,0,0,1,Detailed SEO Extension,
0,0,0,0,1,1,0,0,0,0,0,130,0.3280084934695806,59.46798949813188,0.0879118355813918,6.089532122158549,3.0955493156590994,172,13,96,0,0,1,0.0569800569800569,0.0043421185499343,0.0003281833787741,2.5244875290316065e-05,0.0024235080278703,0.0,0.0,0,0,0,0,0,0,2,0,0,0,0,0,0,0,0,2,__MSG_name__,
0,0,0,0,1,1,0,0,0,0,1,40,0.4142249389412084,38.82158616577221,0.0930175097596732,3.885636262697496,2.911369951041739,270,52,69,0,0,0,0.0367383378096538,0.0080500894454382,0.0015503875968992,0.0,0.0020572450805008,0.0,0.0,26,1,0,17,0,0,11,0,0,0,0,0,0,0,0,11,__MSG_name__,
1,1,0,0,1,1,1,0,0,0,0,61,0.3480563033719125,54.16022600765559,0.1048293308358763,4.172215497129741,2.9147668340260955,368,40,52,0,0,4,0.0532539241124346,0.0028060329708874,0.0003050035837921,3.050035837921096e-05,0.0003965046589297,0.0,0.0,4,0,0,1,0,0,12,8,0,0,0,0,0,0,0,11,RSS Feed Reader,
0,0,1,0,1,1,0,0,0,0,0,58,0.5950120645073381,51.21840712962732,0.0591306132035707,3.9384242682774806,2.39001184684639,454,11,279,0,0,1,0.0226064950889437,0.0012569318128334,3.045429502459877e-05,2.768572274963524e-06,0.0007724316647148,0.0,0.0,3073,1,0,0,0,0,27,0,0,0,0,0,0,0,0,27,__MSG_BEM_FullName__,
0,0,0,0,0,1,0,0,1,0,0,214,0.4513656351314218,50.294165460422775,0.0596995623351149,7.325809974063729,2.9044732232900534,1478,64,140,0,0,6,0.0683075158182751,0.000841287522818,3.642922967547817e-05,3.415240282076079e-06,7.968893991510851e-05,0.0,0.0,133,3,3,3,0,0,3,0,0,0,0,0,0,0,0,3,__MSG_appName__,
0,0,0,0,0,0,1,0,0,0,0,0,0.0,0.0,0.0,0.0,0.0,0,0,0,0,0,0,0.0,0.0,0.0,0.0,0.0,0.0,0.0,0,0,0,0,0,0,0,0,0,0,0,0,0,0,0,0,Padlet,
0,1,0,0,0,1,0,0,0,0,0,361,0.4376977974031323,56.82789007681533,0.0729061265968852,5.486598949787935,3.074980289364699,6692,107,296,0,0,5,0.0465433292464734,0.0049101937882966,7.851027127133076e-05,3.668704265015456e-06,0.0002171872924889,0.0,0.0,0,0,0,17,0,0,11,0,0,0,0,0,0,0,0,11,Backpack,
0,0,0,0,0,0,0,0,0,0,0,0,0.0,0.0,0.0,0.0,0.0,0,0,0,0,0,0,0.0,0.0,0.0,0.0,0.0,0.0,0.0,0,0,0,0,0,0,0,0,0,0,0,0,0,0,0,0,Edpuzzle,
0,0,0,0,1,1,0,0,0,0,1,120,0.5909336906940185,44.079207035991686,0.0857259252357569,3.3269426200013443,2.752074604610117,989,320,308,0,0,2,0.0585267286955352,0.0073651521808744,0.0023830623841049,1.4894139900656086e-05,0.002293697544701,0.0,0.0,53,0,0,27,0,0,8,0,1,0,0,0,4,0,0,8,__MSG_extName__,
0,1,0,0,1,0,0,1,0,0,1,0,0.4235162086766922,22.30578388880586,0.125828069387886,3.2161622700544856,3.237294279646101,68,9,7,0,0,0,0.0537303770836705,0.0101629053953071,0.0013450904199671,0.0,0.0010461814377522,0.0,0.0,0,0,0,0,0,0,1,0,0,0,0,0,0,0,0,1,eRail.in,
0,0,1,0,1,1,0,0,0,0,1,15,0.2273921392555064,162.10825625557416,0.1284033867248995,3.477602212362971,2.074765949282432,65,16,9,0,1,0,0.0310825060183435,0.0006513613452114,0.0001603351003597,0.0,9.018849395236044e-05,1.0020943772484492e-05,0.0,0,0,0,0,0,0,6,0,0,0,0,0,0,0,0,6,__MSG_name__,
0,1,1,0,0,1,0,0,0,0,1,92,0.5024817513904056,39.76642867045612,0.0914154272434067,3.516737413948578,2.7131137990820333,94,64,83,0,0,2,0.0370510480128444,0.0008145015943435,0.0005545542769998,1.7329821156245668e-05,0.0007191875779841,0.0,0.0,9,0,2,0,0,0,1,0,0,0,0,0,0,0,0,1,__MSG_name__,
0,0,0,0,0,1,0,0,0,0,0,39,0.5844985161635287,57.93595207364294,0.0776251839816733,3.3987936957745384,2.613824824189943,73,1,17,0,0,3,0.0613681799654509,0.0017777561308233,2.4352823709909163e-05,7.305847112972749e-05,0.0004139980030684,0.0,0.0,6,0,3,0,0,0,5,0,0,0,0,0,0,0,0,5,__MSG_name__,
0,1,0,0,0,1,0,0,0,0,0,4,0.4730505107317161,39.2441361686593,0.1134971968721084,3.403963909383993,2.930046206170075,83,9,11,0,0,1,0.0549797693489408,0.0075750661677466,0.0008213927169845,9.126585744273068e-05,0.00100392443187,0.0,0.0,1,0,0,0,2,0,10,0,0,0,0,0,0,0,0,10,__MSG_appName__,
0,0,0,0,0,1,0,0,0,0,0,53,0.3988339896760052,37.915344322908645,0.095211090294211,3.945382323733863,3.041768927533953,174,3,98,0,0,5,0.0650069397260114,0.0022338622708365,3.851486673856109e-05,6.419144456426848e-05,0.0012581523134596,0.0,0.0,6,0,0,0,0,0,1,0,0,0,0,0,0,0,0,1,Fake Filler,
0,1,0,0,0,1,0,0,0,0,0,132,0.2935478469061935,40.17394950153732,0.0781739718804523,6.16796553427364,3.376945934408382,611,6,208,0,0,8,0.06119312880742,0.0284636168825118,0.0002795117860803,0.0003726823814404,0.0096897419174508,0.0,0.0,12,0,0,0,0,0,40,0,0,0,0,0,0,0,0,40,'Improve YouTube!' 🎧 (for YouTube & Videos),
0,0,0,0,0,1,1,0,0,0,1,63,0.5327728363166636,49.84168652543486,0.0840505628344713,3.4914400096957188,2.421074645082916,136,6,44,0,0,0,0.0394748673680424,0.0025519298969845,0.000112585142514,0.0,0.0008256243784361,0.0,0.0,0,0,0,0,0,0,2,0,0,0,0,0,0,0,0,2,__MSG_app_name__,
0,0,0,0,0,1,0,0,0,0,0,129,0.5549013178192974,58.9340414151448,0.0844695090140145,3.545617232713269,2.8654770385615564,515,171,129,0,0,5,0.0491280211409738,0.0039352028730801,0.0013066401772751,3.8205853136700544e-05,0.0009857110109268,0.0,0.0,0,0,0,0,0,0,2,0,0,0,0,0,0,0,0,2,Gradient Sentry Node,
0,0,0,0,0,1,0,0,0,0,0,1,0.2051282051282051,50.70588235294117,0.1105413105413105,5.21875,3.596580432197561,8,0,1,0,0,0,0.0052083333333333,0.2352941176470588,0.0,0.0,0.0294117647058823,0.0,0.0,0,0,0,0,0,0,0,0,0,0,0,0,0,0,0,0,Social Blade,
0,0,0,0,1,1,0,0,0,0,1,7,0.4624914038767517,48.47854775443184,0.0740369730092484,4.9888300059390565,2.941360214455498,348,15,44,0,0,0,0.0424566372759529,0.0105816888132088,0.0004561072764314,0.0,0.0013379146775321,0.0,0.0,0,0,0,2,2,0,4,0,0,1,0,0,0,0,0,4,Glean,
0,0,1,0,1,1,0,0,0,0,1,15,0.4365933648839388,41.625126390293225,0.0966177988115147,4.405548300793069,2.8191454924031065,114,10,18,0,0,2,0.0665350192693569,0.0144084934277047,0.0012639029322548,0.0002527805864509,0.0022750252780586,0.0,0.0,1,0,0,3,0,3,8,0,2,0,1,0,0,0,0,8,__MSG_appName__,
0,0,0,0,0,1,1,0,0,0,1,11,0.5071083307543806,54.23127950512779,0.0768262670026673,3.025706469893295,2.7606303069694875,122,5,13,0,0,0,0.0302488517692545,0.0049650008139345,0.0002034836399153,0.0,0.0005290574637799,0.0,0.0,3,0,1,0,0,0,1,0,0,0,0,0,0,0,0,1,__MSG_name__,
0,0,0,0,1,0,0,0,0,0,0,0,0.3044524669073405,14.923371647509578,0.1140794223826714,5.498771498771498,3.741057937761361,22,6,1,0,0,2,0.0515970515970515,0.0842911877394636,0.0229885057471264,0.0076628352490421,0.003831417624521,0.0,0.0,18,0,0,0,0,0,1,0,0,0,0,0,0,0,0,1,BuiltWith Technology Profiler,
0,0,0,0,0,1,0,0,0,0,1,431,0.481377178063051,46.20692849771287,0.0925966076542392,3.714070451536991,2.8752872623104,703,536,254,0,0,16,0.0605221356081776,0.0023944223243267,0.0018256192970684,5.449609841995375e-05,0.0008651255624167,0.0,0.0,35,1,0,8,0,0,9,0,0,0,0,0,0,0,0,9,__MSG_name__,
0,0,1,0,0,1,0,0,0,0,0,118,0.3993083916137583,48.771591486517366,0.0895797724624032,4.586027671965148,2.757530809249832,2078,18,147,0,1,4,0.0331611101256422,0.0070866114879496,6.138547005923697e-05,1.3641215568719329e-05,0.0005013146721504,3.410303892179832e-06,0.0,53,1,0,1,0,0,3,0,0,0,0,0,0,0,0,3,__MSG_extName__,
1,1,0,0,0,1,0,0,0,0,0,47,0.5112377201651648,59.35367536176084,0.0897337683429991,3.626580482600504,2.78456419013304,501,52,76,0,0,11,0.0455133589085873,0.0160746943882953,0.0016684313536753,0.000352937401739,0.0024384765938332,0.0,0.0,31,0,0,14,0,1,5,0,1,0,0,0,0,0,0,5,__MSG_extension_oc_name__,
0,0,0,0,0,0,0,0,0,0,0,0,0.0,0.0,0.0,0.0,0.0,0,0,0,0,0,0,0.0,0.0,0.0,0.0,0.0,0.0,0.0,0,0,0,0,0,0,0,0,0,0,0,0,0,0,0,0,Daum Equation Editor,
0,0,0,0,0,1,0,0,0,0,0,12,0.559380094774704,44.01544240400668,0.0800309962372168,3.7653800238758457,2.5736601388814604,1110,7,15,0,0,0,0.0517651071570689,0.0243827431684386,0.0001537650470081,0.0,0.0003294965293032,0.0,0.0,1,0,0,0,0,0,1,0,0,0,0,0,0,0,0,1,__MSG_extName__,
0,0,0,0,0,0,0,0,0,0,0,0,0.0,0.0,0.0,0.0,0.0,0,0,0,0,0,0,0.0,0.0,0.0,0.0,0.0,0.0,0.0,0,0,0,0,0,0,0,0,0,0,0,0,0,0,0,0,Google News,
0,0,0,0,0,0,0,0,0,0,0,1,0.3930723897849821,37.67390180878553,0.0823054616402293,5.406531697945914,3.377819980574732,4,0,5,0,0,0,0.0750701935865228,0.0020671834625322,0.0,0.0,0.0025839793281653,0.0,0.0,94,0,0,40,0,0,2,0,0,0,0,0,0,0,0,2,__MSG_allapps_h1__,
0,0,0,0,1,1,1,1,0,0,1,194,0.4536605847819458,45.99252354668967,0.076584280030727,4.812877986532788,2.3374613895918195,263,96,153,0,0,0,0.057174752396862,0.0004837164134359,0.0001765656870336,0.0,0.0002814015637098,0.0,0.0,3,4,0,3,0,0,4,0,0,0,0,0,0,0,0,4,__MSG_ext_name__,
0,0,1,0,1,1,1,1,0,0,1,122,0.5225815020312388,51.52098390432652,0.0795861698771579,3.815040750721405,2.7208203819637986,2800,35,68,0,1,3,0.0430342095478759,0.0213693151897671,0.000267116439872,2.289569484617909e-05,0.00051896908318,7.631898282059696e-06,0.0,124,0,0,0,0,0,6,0,0,0,0,0,0,0,0,6,__MSG_EXTENSION_NAME__,
0,0,0,0,0,0,0,0,0,0,0,75,0.48954827523498,25.674607525541987,0.0671340526185986,6.043800253914515,2.8080547799254054,463,90,92,0,0,45,0.0712432611455592,0.0076916687432511,0.0014951407924246,0.0007475703962123,0.0015283661433673,0.0,0.0,19,0,1,0,0,0,0,0,0,0,0,0,0,0,0,0,GMass: Powerful mail merge for Gmail,
1,1,0,0,1,1,1,1,0,0,0,28,0.6629066249742773,36.535123737653976,0.0509651614673387,4.363752370275846,1.17123371676898,86,8,9,0,0,1,0.0478348499123445,0.0019087781600266,0.0001775607590722,2.219509488403063e-05,0.0001997558539562,0.0,0.0,3,0,0,10,0,5,80,0,0,0,0,0,0,0,0,80,__MSG_appName__,
0,1,0,0,0,1,1,1,0,0,0,0,0.4574780058651026,40.45303867403315,0.1070381231671554,3.4357976653696496,2.8918017292310743,0,0,0,0,0,0,0.0233463035019455,0.0,0.0,0.0,0.0,0.0,0.0,0,0,0,0,0,0,0,0,0,0,0,0,0,0,0,0,L.O.C,
0,1,1,0,0,1,0,1,0,0,0,66,0.3815995528268703,35.096586901969786,0.0860231130339151,5.194386281238488,3.23739394672764,639,19,280,0,1,0,0.0671154927392931,0.0104803923176592,0.000311623558741,0.0,0.0045923471814469,1.6401239933738992e-05,0.0,193,0,16,12,2,0,28,0,0,0,0,0,0,0,0,28,__MSG_extensionName__,
0,0,0,0,0,1,0,0,0,0,0,8,0.2838510744244839,18.913250714966637,0.0736488298157582,7.012057786372426,3.542576304249009,7,31,21,0,0,0,0.0218405187123194,0.0013346043851286,0.005910390848427,0.0,0.004003813155386,0.0,0.0,1,0,0,0,0,0,0,0,0,0,0,0,0,0,0,0,Steamcito: Steam con impuestos Argentina 2025,
0,0,0,0,0,1,0,0,0,0,0,134,0.4110899451956142,46.62562742529877,0.0579928243902405,5.224547244917814,2.8595131458582443,390,50,63,0,0,10,0.0494625493943565,0.003172717880299,0.0004067587026024,8.135174052048844e-05,0.000512515965279,0.0,0.0,42,0,0,0,0,0,2,0,0,0,0,0,0,0,0,2,Readium,
0,0,0,0,0,1,0,0,0,0,0,0,0.4962128524971181,46.97814748201439,0.1022895326279486,4.028750708274748,3.0511136903019853,2,0,0,0,0,0,0.0396633858680825,0.0001798561151079,0.0,0.0,0.0,0.0,0.0,52,0,0,2,0,0,1,0,0,0,0,0,0,0,0,1,VKSaver - скачать музыку ВК,
0,0,0,0,0,1,0,0,0,0,0,17,0.473108102427931,57.20250548338114,0.0831643545930088,4.145815830243797,2.901274408875534,148,10,67,0,0,1,0.1005711466868096,0.0062426185253922,0.0004217985490129,4.2179854901299136e-05,0.002826050278387,0.0,0.0,30,0,0,7,2,0,4,0,0,0,5,0,0,0,0,3,"Number Pieces, by The Math Learning Center",
0,0,0,0,0,0,0,0,0,0,0,0,0.0,0.0,0.0,0.0,0.0,0,0,0,0,0,0,0.0,0.0,0.0,0.0,0.0,0.0,0.0,0,0,0,0,0,0,0,0,0,0,0,0,0,0,0,0,Full Screen Weather,
0,0,0,0,0,0,0,0,0,0,0,0,0.0,0.0,0.0,0.0,0.0,0,0,0,0,0,0,0.0,0.0,0.0,0.0,0.0,0.0,0.0,0,0,0,0,0,0,0,0,0,0,0,0,0,0,0,0,Oceanic,
0,0,0,0,0,1,0,0,0,0,1,67,0.5203195811308385,50.03232451275551,0.0791647279093668,4.016225535976354,2.8540676322017093,105,5,56,0,0,2,0.0400353041389997,0.0023768024084931,0.0001131810670711,4.5272426828440135e-05,0.0012676279511963,0.0,0.0,0,0,0,0,0,0,2,0,0,0,0,0,0,0,0,2,__MSG_extName__,
0,0,0,0,1,1,0,0,0,0,1,6,0.4741477695949841,39.65665981987676,0.1072589368413552,3.355207793303835,2.837607049484184,61,5,8,0,0,0,0.0487322619148089,0.0032127244957075,0.0002633380734186,0.0,0.0004213409174698,0.0,0.0,0,0,0,0,0,0,1,0,0,0,0,0,0,0,0,1,__MSG_extName__,
0,0,1,1,1,1,0,0,1,0,1,72,0.4317113099794148,45.71100782367292,0.1015239899649349,3.743623985777718,2.808882768881128,76,9,22,0,1,2,0.0479875639286526,0.0015983847901068,0.0001892824093547,4.206275763439051e-05,0.0004626903339782,2.1031378817195256e-05,0.0,31,0,0,1,0,0,1,0,0,0,0,0,0,0,0,1,__MSG_name__,
0,0,0,0,0,1,0,0,0,0,1,44,0.4035334292048522,37.106066030649565,0.0691372926575754,5.294193743833693,2.448181575073254,243,18,53,0,0,2,0.0568712618362392,0.0017058736811069,0.0001263610134153,1.4040112601703064e-05,0.0003720629839451,0.0,0.0,69,1,0,70,4,10,55,0,0,0,0,2,15,0,0,55,Muzli - Design inspiration hub,
0,0,0,0,0,0,0,0,0,0,0,0,0.0,0.0,0.0,0.0,0.0,0,0,0,0,0,0,0.0,0.0,0.0,0.0,0.0,0.0,0.0,0,0,0,0,0,0,0,0,0,0,0,0,0,0,0,0,__MSG_appName__,
1,1,1,0,1,1,0,1,1,0,1,46,0.453115551769385,46.34871623086169,0.065129300173915,6.378707919154366,3.141140623541014,226,43,46,0,0,4,0.0640507096835173,0.0014844299066648,0.0002824357787017,2.627309569318279e-05,0.0003021406004716,0.0,0.0,7,0,0,0,0,1,3,0,0,0,0,0,0,0,0,3,SwagButton,
0,0,0,0,0,1,0,0,0,0,1,31,0.6045715873890273,37.35047600822848,0.0658174558504183,3.1785665223234285,2.884114942528172,420,10,55,0,0,1,0.0493385097804987,0.0040185619289097,9.568004592642204e-05,9.568004592642204e-06,0.0005262402525953,0.0,0.0,0,0,0,0,0,0,2,0,0,0,0,0,0,0,0,2,__MSG_name__,
0,0,0,0,0,1,0,0,0,0,0,23,0.3844016071627547,38.63196176226101,0.096707675971868,3.598505961486076,2.9123639916877417,32,4,23,0,0,1,0.0449049724451522,0.0016625103906899,0.0002078137988362,5.195344970906068e-05,0.0011949293433083,0.0,0.0,0,0,0,0,0,0,1,0,0,0,0,0,0,0,0,1,Arcade Classics,
0,0,0,0,0,1,0,0,0,0,0,2,0.2870656721848281,31.63204747774481,0.0815899581589958,5.923783287419651,3.303271872350258,10,0,3,0,0,0,0.024793388429752,0.029673590504451,0.0,0.0,0.0089020771513353,0.0,0.0,0,0,0,3,0,0,1,0,0,0,0,0,0,0,0,1,TinEye Reverse Image Search,
0,0,0,0,0,0,0,0,0,0,0,0,0.0,0.0,0.0,0.0,0.0,0,0,0,0,0,0,0.0,0.0,0.0,0.0,0.0,0.0,0.0,0,0,0,0,0,0,0,0,0,0,0,0,0,0,0,0,PDF Mergy - Merge PDF files,
0,0,1,0,1,1,0,0,0,0,0,9,0.5372690547611454,37.54996550137994,0.0861127469417149,3.5525914592793937,2.593388017216097,44,3,16,0,2,0,0.0377339040891507,0.0004216498006746,2.874885004599816e-05,0.0,0.0001533272002453,1.916590003066544e-05,0.0,3,0,0,0,0,0,2,0,0,0,0,0,0,0,0,2,Ahrefs SEO Toolbar,
1,1,0,0,1,1,0,0,0,0,1,441,0.4732651824546022,74.02679147295187,0.0721269624722457,5.49804856833616,2.7875052789682284,828,409,283,0,0,39,0.0300456190402675,0.0001598430603691,7.895629431277234e-05,7.528839799995406e-06,5.4632350343556406e-05,0.0,0.0,1,0,0,0,0,0,32,0,0,0,0,0,0,0,0,32,Ctrl Wallet,
0,0,0,0,0,0,1,0,0,0,0,0,0.0,0.0,0.0,0.0,0.0,0,0,0,0,0,0,0.0,0.0,0.0,0.0,0.0,0.0,0.0,0,0,0,0,0,0,0,0,0,0,0,0,0,0,0,0,Dictionary,
1,1,1,0,0,1,0,0,0,0,0,4,0.4065379234535825,17.869149186896063,0.1043569501349055,4.708240534521158,3.4232709066408558,100,47,12,0,0,1,0.0990174243416743,0.004713646005185,0.0022154136224369,4.713646005185011e-05,0.0005656375206222,0.0,0.0,3,0,4,0,0,0,4,0,0,0,0,0,0,0,0,4,__MSG_appName__,
0,0,0,0,1,1,0,0,0,0,1,15,0.3839368813406275,71.91058744722478,0.0638368641254494,7.297210639515402,2.7260944177552706,10,8,41,0,0,2,0.0414534445767258,1.3615018999759014e-05,1.0892015199807211e-05,2.723003799951803e-06,5.582157789901196e-05,0.0,0.0,8,0,0,0,0,0,3,0,0,0,0,0,0,0,0,3,Xverse: Bitcoin Crypto Wallet,
0,0,0,0,0,1,0,0,0,0,1,19,0.3419507132279418,22.95285735940579,0.0880301745414963,6.2536870913790485,3.329749034745295,441,2,61,0,0,1,0.0888703056104606,0.0668485675306957,0.0003031681067151,0.0001515840533575,0.0092466272548127,0.0,0.0,11,0,0,5,0,1,1,0,0,0,2,0,0,0,0,1,__MSG_extension_name__,1.0
0,0,1,0,1,1,0,0,0,0,1,563,0.5627357316233568,56.2274953162349,0.0748926272465342,4.171564484386369,2.438045519848381,2417,218,173,0,1,16,0.0395402760127527,0.0104098025281564,0.0009389064754398,6.891056700475913e-05,0.0007450955057389,4.306910437797446e-06,0.0,267,0,0,6,3,0,8,0,2,0,0,1,0,3,0,8,__MSG_Kernel_AppName__,
0,1,0,0,0,1,0,0,0,0,0,15,0.5380686300899412,47.49380345086272,0.0825083304714257,3.52817693183714,2.551969183377851,1126,16,14,0,0,0,0.0561289994994958,0.0168942235558889,0.0002400600150037,0.0,0.0002100525131282,0.0,0.0,0,0,0,0,0,0,1,0,0,0,0,0,0,0,0,1,__MSG_extName__,
0,0,1,0,0,1,0,0,0,0,0,66,0.4725577552802684,38.447697447246384,0.0908244036516287,3.602751008977844,2.801136046867397,2229,13,165,0,0,2,0.0442234302501166,0.0314195903753717,0.0001832457042978,2.81916468150487e-05,0.0023258108622415,0.0,0.0,2,1,0,0,0,0,2,0,0,0,0,0,0,0,0,2,Responsive Viewer,
0,0,0,0,1,1,1,0,0,0,1,426,0.4389409888449125,66.94327833866362,0.0671591082473179,5.964498397220662,2.4457372868116845,1241,178,446,0,0,33,0.049675965106175,0.0018971938042328,0.0002721196592694,5.044915031400774e-05,0.0006818279103044,0.0,0.0,4,0,0,0,0,0,7,0,0,0,0,0,0,0,0,7,Vidyard - Screen Recorder & Screen Capture,
0,1,0,0,0,0,0,0,0,0,1,106,0.5047580228632821,53.2959910685089,0.0745421959628196,4.205377748716944,2.678346880657716,3950,44,222,0,0,4,0.0293217935749166,0.0130471116337295,0.000145334914401,1.3212264945548953e-05,0.0007332807044779,0.0,0.0,18,2,0,6,0,0,2,0,0,0,0,0,0,0,0,2,daily.dev | The homepage developers deserve,
0,0,0,0,1,1,0,0,0,0,0,74,0.3947811349316372,51.03383964622188,0.0944866954105987,5.234599115751782,3.132809760877306,112,3,50,0,0,1,0.0634554014992585,0.0035890533871691,9.613535858488752e-05,3.204511952829584e-05,0.0016022559764147,0.0,0.0,0,0,0,0,0,0,1,0,0,0,0,0,0,0,0,1,__MSG_name__,
0,0,0,0,1,1,0,0,0,0,1,65,0.541985376836163,44.02269749467304,0.0870370147181118,3.6386742537010472,2.6556387342704104,182,25,81,0,0,1,0.0495514086984762,0.0024087137204039,0.0003308672692862,1.3234690771450124e-05,0.0010720099524874,0.0,0.0,8,0,0,0,0,0,9,0,0,0,0,0,0,0,0,9,__MSG_appName__,
0,0,0,0,0,1,1,0,0,0,1,118,0.2717940309736755,114.37912621755568,0.0378340307359085,3.4036622927626623,2.527640859591106,1516,157,87,0,0,0,0.0087953191452602,0.0123776320838674,0.0012818523991867,0.0,0.0007103258517786,0.0,0.0,13,0,0,0,0,0,2,0,0,0,0,0,0,0,0,2,__MSG_application_title__,
1,1,0,0,1,1,0,1,0,0,0,310,0.4228211868296931,51.411746434661694,0.0827582669214505,3.734793427029529,2.7926752645697905,5239,132,625,0,0,19,0.0353609912085762,0.0107767531508478,0.0002715272792349,3.908347201109148e-05,0.0012856405266806,0.0,0.0,21,1,3,0,0,0,1,0,0,0,0,0,0,0,0,1,GPTZero: AI Detection & Writing Tools for Google Docs,
0,0,1,0,1,1,0,0,0,0,0,6,0.5361895503337917,41.80168528316676,0.0653832868624497,5.420274442031875,2.929598212917663,292,32,33,0,0,3,0.0612767905939351,0.0063579158229363,0.0006967578984039,6.532105297537396e-05,0.0007185315827291,0.0,0.0,35,0,0,0,0,1,2,0,0,0,0,0,0,0,0,2,__MSG_extName__,
0,0,0,0,0,1,0,0,0,0,0,169,0.4378713438128448,36.757537427551966,0.0733375467382945,4.694778768534653,2.792173859184486,1250,142,145,0,0,15,0.0645978113180234,0.0047197417357322,0.0005361626611791,5.663690082878665e-05,0.0005474900413449,0.0,0.0,95,0,0,46,0,0,22,15,1,0,21,0,0,0,2,16,Sketchpad 3.5,
0,0,1,0,0,1,0,0,0,0,1,26,0.3695365223874498,78.41267411602632,0.0622255684083025,4.1998950871861656,3.005715093919013,164,30,31,0,0,0,0.0255516966934375,0.0050206643196081,0.0009184142048063,0.0,0.0009490280116332,0.0,0.0,8,0,0,3,0,0,6,0,0,0,0,0,0,0,0,6,__MSG_EXTENSION_TITLE__,
0,1,0,0,0,1,0,0,0,0,0,28,0.3936565426260995,35.56684643769515,0.0901582260232348,5.230680550390479,3.2042665891089794,123,68,117,0,0,1,0.0528821123094087,0.0049876322939053,0.0027573902112647,4.054985604801103e-05,0.0047443331576172,0.0,0.0,11,0,0,32,0,16,30,0,0,0,0,0,0,0,0,30,__MSG_extName__,
0,0,0,0,0,1,0,0,0,0,0,60,0.5434306182251608,47.92676262269149,0.0788903403497435,3.5607369712818326,2.8023990479292764,2717,18,79,0,0,2,0.04280993154954,0.0325619299864574,0.0002157212880957,2.396903201064225e-05,0.0009467767644203,0.0,0.0,9,2,0,18,0,0,3,0,0,0,0,0,0,0,0,3,Raindrop.io,
0,0,0,0,1,1,0,0,0,0,0,217,0.3225818287303776,75.8291490486258,0.0679665473074228,5.786874074987667,3.00435770691059,482,199,117,0,0,3,0.0385514306857424,0.0053074348132487,0.0021912438336856,3.30338266384778e-05,0.0012883192389006,0.0,0.0,313,1,0,1,0,0,94,0,2,0,0,0,0,0,0,94,__MSG_extName__,
0,0,1,0,1,1,0,0,0,0,1,155,0.404880118412236,39.64560289535394,0.0813131776817119,3.9856031963545706,3.0123188542523183,390,22,311,0,0,2,0.0370219850977334,0.0020879956312706,0.0001177843689434,1.07076699039522e-05,0.0016650426700645,0.0,0.0,2,0,0,0,0,0,8,0,0,0,0,0,0,0,0,8,Tango – Document and Automate Your Processes,
0,0,0,0,1,1,0,0,0,0,1,134,0.5301800404846451,57.04750164459571,0.0821244455928331,3.782661646003342,2.7864009576185675,866,144,178,0,0,12,0.0651337981657882,0.0049538083116437,0.0008237279409661,6.864399508051369e-05,0.0010182192603609,0.0,0.0,37,0,0,0,0,0,12,0,0,0,0,0,0,0,0,12,__MSG_default_title__,
0,0,0,0,1,1,0,0,0,0,0,100,0.4288289819083832,37.70387055016181,0.0940792167167502,3.898972118538627,2.605360333299348,191,31,68,0,0,1,0.0684241036081891,0.0049449838187702,0.0008025889967637,2.5889967637540453e-05,0.0017605177993527,0.0,0.0,23,3,0,1,0,0,148,11,0,0,0,0,0,0,0,148,__MSG_appName__,
0,0,0,0,0,1,0,0,0,0,0,11,0.4412856913269405,37.61335429422472,0.0794107248084855,5.185818336545441,3.131073018443044,87,10,11,0,0,0,0.0558656421295021,0.0071984113850736,0.0008274036074797,0.0,0.0009101439682277,0.0,0.0,13,0,1,1,0,0,3,0,0,0,0,0,0,0,0,3,__MSG_appName__,
0,0,0,0,1,1,0,0,0,0,0,34,0.2803769842834592,72.31443102660333,0.0393755280486354,6.048691873116454,3.5071332141444467,111,6,51,0,0,1,0.0220173283675473,0.0003843011258984,2.0773033832347767e-05,3.462172305391295e-06,0.0001765707875749,0.0,0.0,28,10,0,0,0,0,0,0,0,0,0,0,0,0,0,0,"Record, Transcribe & ChatGPT for Google Meet",
0,1,0,0,1,1,0,1,0,0,0,438,0.4907415970807783,45.6539259972024,0.0946182838971109,3.954520546188335,2.59261565723662,2123,220,224,0,0,52,0.0447583303748034,0.0027021419852788,0.0002800147135004,6.618529591827643e-05,0.0002851058901094,0.0,0.0,60,5,0,0,0,0,25,0,0,0,0,0,0,0,0,25,__MSG_main_name__,
0,0,0,0,0,1,0,0,0,0,0,44,0.3885111696961287,18.75661708533681,0.1001553589747672,4.522833017404791,3.336880212195189,175,31,85,0,0,3,0.0627754117328475,0.0078641082101289,0.0013930705972228,0.0001348132836022,0.0038197097020626,0.0,0.0,39,0,0,2,0,0,9,0,0,0,0,0,0,0,0,9,__MSG_AppName__,
1,1,1,0,1,1,0,0,0,0,1,80,0.5190259298166706,39.03690935777101,0.0744682030886579,3.775551675087741,2.5644844840231458,346,61,148,0,0,0,0.0360883506748914,0.002133774066628,0.0003761856013419,0.0,0.0009127126065345,0.0,0.0,5,0,3,0,0,0,1,0,0,0,0,0,0,0,0,1,CSS Peeper,
0,1,0,0,1,1,0,0,0,0,1,36,0.41646375328981,53.15195856175206,0.0623285956009344,8.493654816929007,3.0487927774383405,360,50,48,0,0,0,0.0696457858527338,0.004946209966613,0.000686973606474,0.0,0.000659494662215,0.0,0.0,0,0,0,0,2,0,4,0,0,0,0,0,0,0,0,4,Lusha - Easily find B2B contact information,
0,0,0,0,0,0,0,0,0,0,0,226,0.3953518323110828,42.63280500695571,0.092929489631663,3.730191336636109,2.9749467754770924,378,38,167,0,0,12,0.0456413180645337,0.0010887190845543,0.0001094479502991,3.4562510620771494e-05,0.0004809949394724,0.0,0.0,80,2,0,0,0,0,28,0,0,0,0,0,0,0,0,28,__MSG_appName__,
0,0,0,0,0,1,0,0,0,0,0,47,0.5857271367491216,57.97006448928646,0.0757609324509292,3.400567029510368,2.6068872685975384,95,1,21,0,0,4,0.0600844335913248,0.0019762845849802,2.080299563137092e-05,8.321198252548368e-05,0.0004368629082587,0.0,0.0,2,0,0,0,0,0,6,0,0,0,0,0,0,0,0,6,__MSG_ext_name__,
0,0,0,0,1,1,1,1,0,0,0,328,0.5162123686532839,48.52724460905621,0.0843567132164599,3.807789974652232,2.525214340182273,7234,358,476,0,0,0,0.0476989326324425,0.0091475018872887,0.0004526963886714,0.0,0.0006019091648257,0.0,0.0,0,0,0,2,0,0,3,0,0,0,0,0,0,0,0,3,DSers -  AliExpress.com Product Importer,
0,0,0,0,1,1,0,0,0,0,0,42,0.339305280286181,45.22040038880325,0.0872958315542611,4.555905569743285,3.189417794832275,768,14,160,0,0,6,0.0372381105429565,0.0075404267017505,0.0001374556950839,5.890958360742653e-05,0.0015709222295313,0.0,0.0,2,0,0,92,2,7,22,0,4,0,8,0,2,0,0,22,SingleFile,
0,0,0,0,0,1,0,0,0,0,0,22,0.4232143195476224,38.32047678710508,0.0906176097227413,3.9234209856105946,2.8407062544298465,71,8,24,0,0,0,0.0487234178021138,0.0024042531576986,0.0002709017642477,0.0,0.0008127052927432,0.0,0.0,0,0,0,0,0,0,1,0,0,0,0,0,0,0,0,1,__MSG_extensionName__,
0,0,0,0,1,1,1,1,0,0,0,62,0.2976231222665906,46.25638977635783,0.1196523772298634,4.93655720742798,3.3948891691730365,260,42,192,0,0,0,0.0395904808582475,0.0173056443024494,0.0027955271565495,0.0,0.0127795527156549,0.0,0.0,435,0,1,66,0,2,18,0,0,0,5,0,0,0,0,18,SelectorsHub,
0,1,1,0,0,1,0,0,0,0,0,14,0.5018848503180544,38.12941633691351,0.0963797330058735,3.4667953089617862,2.756326646723981,177,9,22,0,0,0,0.0461438150370507,0.0062535330695308,0.0003179762577727,0.0,0.0007772752967778,0.0,0.0,2,0,0,0,0,0,2,0,0,0,0,0,0,0,0,2,Fathom AI Note Taker for Google Meet,
0,0,0,0,1,0,0,0,0,0,1,0,0.1853658536585365,17.727272727272727,0.1121951219512195,5.25,3.3700048520203705,0,0,0,0,0,0,0.0416666666666666,0.0,0.0,0.0,0.0,0.0,0.0,0,0,0,0,0,0,0,0,0,0,0,0,0,0,0,0,Add to Google Classroom,
0,0,0,0,0,1,0,0,0,0,1,11,0.4370062301756249,33.65279886148008,0.1079253693134759,3.444620365337808,2.9325895361092007,79,12,22,0,0,0,0.0428551173287331,0.0037476280834914,0.0005692599620493,0.0,0.0010436432637571,0.0,0.0,0,0,0,0,0,0,1,0,0,0,0,0,0,0,0,1,__MSG_appName__,
0,0,0,0,0,1,0,0,0,0,0,16,0.3836764403189716,52.29178645672077,0.0933020271032939,4.302973002176497,3.265441958364908,129,9,66,0,0,1,0.1008829476868931,0.0057056924233712,0.0003980715644212,4.423017382458313e-05,0.0029191914724224,0.0,0.0,36,0,0,8,2,0,2,0,0,0,4,0,0,0,0,1,"Number Line, by The Math Learning Center",
0,0,0,0,0,1,1,1,0,0,1,162,0.4703461686524298,54.81781769449131,0.0712323317173528,5.633379534917503,2.517910486856327,2653,30,428,0,0,1,0.0443728891525136,0.0066705722913528,7.543051969113717e-05,2.514350656371239e-06,0.0010761420809268,0.0,0.0,0,0,0,0,0,0,5,0,0,0,0,0,0,0,0,5,Toggl Track: Productivity & Time Tracker,
0,0,0,0,1,1,1,1,0,0,1,106,0.4190068653530113,44.39806692099726,0.067723791019408,6.4195344082000085,3.125180675239759,261,11,111,0,0,1,0.0627141291907302,0.0016296305546363,6.868174751340856e-05,6.243795228491686e-06,0.0006930612703625,0.0,0.0,0,0,0,2,0,0,17,0,0,0,0,0,0,0,0,17,__MSG_adRemoverAdBlockerFor__,
0,0,0,0,0,0,0,0,0,0,0,0,0.4135089744935447,45.17812784004847,0.1314225359504566,3.200402545830386,3.1964330307481355,77,9,7,0,0,0,0.0533101234836533,0.023326264768252,0.0027264465313541,0.0,0.0021205695243865,0.0,0.0,0,0,0,0,0,0,0,0,0,0,0,0,0,0,0,0,TeachingBooks Book Connections,
0,0,0,0,0,0,0,0,0,0,0,0,0.0,0.0,0.0,0.0,0.0,0,0,0,0,0,0,0.0,0.0,0.0,0.0,0.0,0.0,0.0,0,0,0,0,0,0,0,0,0,0,0,0,0,0,0,0,__MSG_appName__,
0,1,0,0,1,1,1,1,0,0,1,35,0.4948724537000322,58.09743173155034,0.0849842714925428,4.334970675569869,2.6918887130723625,681,6,53,0,0,3,0.0525229843455309,0.0085109042054614,7.498594013622446e-05,3.749297006811223e-05,0.0006623758045366,0.0,0.0,0,0,0,1,0,0,6,0,0,0,0,0,0,0,0,6,MarketApp P2P,
0,0,0,0,0,1,0,0,1,0,1,4,0.4106570059247518,46.66906474820144,0.0864183554096381,3.938327526132404,2.935401370292892,3,0,2,0,0,0,0.0167247386759581,0.0053956834532374,0.0,0.0,0.0035971223021582,0.0,0.0,2,0,0,0,0,0,2,0,0,0,0,0,0,0,0,2,__MSG_extName__,
0,1,1,0,1,1,0,1,1,0,0,47,0.5625655668709938,52.10625272909407,0.0721083629430514,3.5460354422024403,2.724898241071914,298,12,76,0,0,0,0.0349801519999266,0.0025514353964571,0.000102742364958,0.0,0.000650701644734,0.0,0.0,0,0,0,4,0,0,1,0,0,0,0,0,0,0,0,1,__MSG_extName__,
1,1,1,0,1,1,0,1,0,0,0,45,0.4583852783560443,58.87128342346051,0.0790696744097956,4.342761299795059,2.531416271539402,367,21,48,0,0,0,0.0345986656742491,0.0068671294650375,0.0003929420129857,0.0,0.0008981531725389,0.0,0.0,8,0,0,0,0,0,2,0,0,0,0,0,0,0,0,2,CouponBirds: Coupons & Deals,
0,0,0,0,1,1,0,1,0,0,1,233,0.4202432522209516,40.79266740692292,0.0843333165911204,4.981157823268545,2.8075872468671315,1286,92,197,0,0,26,0.0740916365360678,0.0065203393010155,0.0004664628426854,0.0001318264555415,0.0009988389131415,0.0,0.0,230,0,0,13,3,1,97,0,1,0,0,18,0,0,0,95,__MSG_extName__,1.0
0,1,0,0,0,1,0,0,0,0,0,8,0.4318568961302177,18.670441324749863,0.0793277761567155,5.434289368353741,3.395753222437607,181,10,73,0,0,0,0.0825616370224759,0.0070193128053982,0.0003878073373148,0.0,0.0028309935623982,0.0,0.0,53,0,1,1,0,0,5,0,0,0,0,0,0,0,0,5,__MSG_app_name__,
0,0,1,0,1,1,0,1,0,0,0,362,0.4225881653659876,53.59559127245841,0.060312457645335,8.317329133822227,2.9578893669519486,1485,98,166,0,1,14,0.0729164431742925,0.0016944356331255,0.0001118213414453,1.5974477349332154e-05,0.0001894116599992,1.141034096380868e-06,0.0,12,0,1,0,0,0,9,0,0,0,0,0,0,0,0,9,FCM Extension,
0,0,0,0,0,0,1,0,0,0,0,0,0.0,0.0,0.0,0.0,0.0,0,0,0,0,0,0,0.0,0.0,0.0,0.0,0.0,0.0,0.0,0,0,0,0,0,0,0,0,0,0,0,0,0,0,0,0,Bible,
0,0,0,0,1,1,1,0,0,0,1,2662,0.4772711686658832,61.13903973187061,0.0793394506953222,4.253035749459722,2.774208036012522,5632,3286,1574,0,0,118,0.0501403166124339,0.0009307844734837,0.0005430677876185,1.950152128392728e-05,0.000260130461872,0.0,0.0,11,0,0,0,0,0,9,0,0,0,0,0,0,0,0,9,Coin98 Wallet Extension: Crypto & Defi,
0,0,1,0,1,1,0,0,0,0,1,377,0.5170312949984387,57.42417494391344,0.0536789870535917,4.957249088911408,2.642548660672434,1263,77,317,0,0,17,0.0318452585834411,0.0011655667764557,7.105989056776852e-05,1.5688547268208635e-05,0.000292545263766,0.0,0.0,85,14,0,0,0,0,8,0,0,0,0,0,0,0,0,8,SolvelyAI - AI Homework Tutor &  Study Helper,
0,0,0,0,1,1,1,1,0,0,0,61,0.4261437654258106,43.02680774219803,0.0859547302224667,4.449860231414316,2.770471053941447,1145,20,114,0,0,0,0.0344133454426791,0.0097074208781612,0.0001695619367364,0.0,0.0009665030393977,0.0,0.0,0,2,0,0,0,0,1,0,0,0,0,0,0,0,0,1,SignalHire - find email or phone number,
0,0,1,0,1,1,0,0,0,0,0,1,0.4097456252028258,26.04974116587891,0.0990122902052805,5.303135552339604,3.3776905049337045,19,5,23,0,0,0,0.0645441389290882,0.0042763898266936,0.0011253657438667,0.0,0.005176682421787,0.0,0.0,0,0,0,2,0,0,2,0,0,0,0,0,0,0,0,2,AdLock: Free Adblocker & Privacy Protection,
0,0,1,0,1,1,0,0,0,0,1,31,0.4211705647983624,80.7934145686578,0.0586328035106719,6.582523450002217,2.9782264521666817,318,180,49,0,0,0,0.0478822105145765,0.0012556464604984,0.0007107432795274,0.0,0.0001934801149824,0.0,0.0,0,0,0,0,1,0,4,0,0,0,0,0,0,0,0,3,zkPass TransGate,
0,0,0,0,0,0,0,1,0,0,0,31,0.4598516413190187,25.252688228007536,0.0940639874131441,5.998876764114425,3.2704206936841973,118,17,8,0,0,68,0.0442893117462694,0.0012283094090582,0.0001769598301185,0.0007078393204742,8.327521417344145e-05,0.0,0.0,0,0,0,0,0,0,0,0,0,0,0,0,0,0,0,0,e-Filing - CompuOffice Online,
0,0,0,0,0,0,0,0,0,0,0,0,0.0,0.0,0.0,0.0,0.0,0,0,0,0,0,0,0.0,0.0,0.0,0.0,0.0,0.0,0.0,0,0,0,0,0,0,0,0,0,0,0,0,0,0,0,0,__MSG_appName__,
0,0,0,0,0,0,0,0,0,0,0,0,0.0,0.0,0.0,0.0,0.0,0,0,0,0,0,0,0.0,0.0,0.0,0.0,0.0,0.0,0.0,0,0,0,0,0,0,0,0,0,0,0,0,0,0,0,0,Sudoku,
0,0,0,0,0,1,0,1,0,0,0,129,0.2766494141006231,55.32821885845183,0.0783250363429066,6.2000564385273575,3.068485604713079,633,26,224,0,0,6,0.0420668594983018,0.0020744100384404,8.5204835702137e-05,1.9662654392800848e-05,0.0007340724306645,0.0,0.0,5,1,6,0,0,0,5,0,0,0,0,0,0,0,0,5,Read AI,
0,0,0,0,1,1,0,0,0,0,0,15,0.4673088666942458,37.127835361273846,0.1155093276599097,3.233332146798135,3.069292340229168,1,0,1,0,0,0,0.0576656106503399,0.0001502178158329,0.0,0.0,0.0001502178158329,0.0,0.0,0,0,0,0,1,0,1,0,0,0,0,0,0,0,0,1,Tab Manager by Workona,
0,0,0,0,1,1,0,0,0,0,0,3,0.3727772610384636,32.46086956521739,0.1003446955189582,4.720528729430806,3.656450485848371,111,0,73,0,0,0,0.0306177502023199,0.0508009153318077,0.0,0.0,0.0334096109839816,0.0,0.0,2,0,0,3,0,0,2,0,0,0,0,0,0,0,0,2,__MSG_extName__,
0,0,0,0,1,1,0,0,0,0,0,90,0.3524364793297335,39.26890801506186,0.0862412464905812,5.869859197449882,2.857974358450968,411,9,94,0,0,5,0.0705611013809438,0.003158380081457,6.916160762314609e-05,3.842311534619227e-05,0.0007223545685084,0.0,0.0,0,3,0,0,0,0,1,0,0,0,0,0,0,0,0,1,"Knowt: Quizlet Import, AI Notes & Flashcards",
0,0,0,0,0,1,0,0,0,0,0,36,0.507909334232924,50.87060984722684,0.0675845452095299,6.781273305987641,2.8455430965245085,629,48,58,0,0,4,0.0877070903473258,0.0065281467950846,0.0004981733643307,4.15144470275656e-05,0.0006019594818997,0.0,0.0,41,0,0,0,0,0,4,0,0,0,0,0,0,0,0,4,__MSG_name__,
0,1,0,0,0,1,0,0,0,0,1,6,0.1172154880741984,94.49100736184884,0.0549481756319586,7.095500629384959,4.010224983567159,32,2,19,0,0,0,0.0464573921019506,0.0029820147236976,0.0001863759202311,0.0,0.0017705712421955,0.0,0.0,0,0,0,0,0,0,2,0,0,0,0,0,0,0,0,2,__MSG_extName__,
0,0,0,0,0,1,0,0,0,0,0,28,0.3683771681507025,14.244939588890633,0.079890884759895,6.197842177894869,3.2737910439682514,43,15,17,0,0,0,0.0457909923472588,0.0067472148124901,0.0023536795857523,0.0,0.0026675035305193,0.0,0.0,11,0,0,1,0,0,6,0,0,0,0,0,0,0,0,6,__MSG_AppName__,
0,0,0,0,1,1,0,0,0,0,0,81,0.4249868300951884,42.66503869181677,0.0921999971023311,4.212132384611409,3.006051676357938,283,62,97,0,0,12,0.0555277983563909,0.0014322804637956,0.0003137858259905,6.073274051430509e-05,0.0004909229858239,0.0,0.0,0,2,0,0,3,0,10,0,0,0,0,0,0,0,0,10,__MSG_extension_name__,
1,1,0,0,1,1,0,0,0,0,1,2,0.3511571809053377,38.6099481865285,0.0691796913835415,5.830330840697938,3.3027765638830147,82,4,6,0,0,0,0.0840131429866304,0.0169948186528497,0.0008290155440414,0.0,0.0012435233160621,0.0,0.0,0,0,0,0,0,0,1,0,0,0,0,0,0,0,0,1,Joplin Web Clipper,
0,0,0,0,0,1,0,0,0,0,0,53,0.3356275164194768,40.1795521757499,0.0997436494989512,5.807945774497799,2.97223209727627,1021,16,182,0,0,5,0.0736365269936522,0.0154052749109783,0.0002414146900838,7.544209065121612e-05,0.0027460920997042,0.0,0.0,26,0,0,21,0,0,9,0,0,0,0,0,0,0,0,8,Grepper,
0,1,0,0,0,1,0,0,0,0,0,103,0.340353528624624,45.52773660808808,0.0721434723813188,4.807559999811507,2.9331106558572464,1488,441,644,0,0,2,0.0314147844813368,0.0175029995059637,0.005187380901969,2.352553697038135e-05,0.0075752229044627,0.0,0.0,6,0,0,9,0,0,1,0,0,0,0,0,0,0,0,1,Superpower ChatGPT,
0,0,0,0,1,1,0,0,0,0,1,19,0.3790314300004306,29.96594871794872,0.1144119585702976,4.20036656208257,3.3385194285442403,133,19,14,0,0,0,0.060016774874965,0.0136410256410256,0.0019487179487179,0.0,0.0014358974358974,0.0,0.0,22,0,0,4,0,2,12,0,0,0,0,0,0,0,0,12,__MSG_name__,
1,0,0,0,1,1,0,1,0,0,1,74,0.5553677513830645,53.16506031786557,0.0807535246343383,4.001912268046727,2.936195103695767,450,88,130,0,0,0,0.070235910941562,0.0095742643773536,0.0018723005893491,0.0,0.0027658985979021,0.0,0.0,0,0,0,0,0,0,4,0,0,0,0,0,1,0,0,4,__MSG_extension_name__,
0,0,0,0,0,1,0,0,0,0,0,43,0.3847467547774199,46.3553769777167,0.0907074822100503,4.541515754640316,2.6421978034822007,1856,9,39,0,0,0,0.0252423569573625,0.0084455385623472,4.095358139069261e-05,0.0,0.0001774655193596,0.0,0.0,1,1,0,0,0,0,0,0,0,0,0,0,0,0,0,0,__MSG_name__,
1,1,1,0,1,1,0,0,0,0,0,145,0.4438798097852356,46.62719394712533,0.0823680051032628,6.0546162335534826,2.8561631502125087,724,39,41,0,0,1,0.0642082392095325,0.0106159914368245,0.0005718558923151,1.4662971597824017e-05,0.0006011818355107,0.0,0.0,0,0,0,0,0,0,2,0,0,0,0,1,0,0,0,2,PriceBlink Coupons and Price Comparison,
0,0,0,0,0,1,0,0,0,0,0,9,0.0543168118257467,1329.8227706113291,0.0543570586759039,5.290594880768723,2.9562327719905266,174,24,36,0,0,0,0.0035443202695738,0.0162647223780145,0.0022434099831744,0.0,0.0033651149747616,0.0,0.0,0,0,0,1,0,1,2,0,1,0,0,0,0,0,0,2,ExCITATION journal ranking in Google Scholar™,
1,1,1,0,0,1,0,0,0,0,0,10,0.454604177471828,21.90690139323901,0.1050214531566787,3.6918089672176055,3.251418124936197,86,15,10,0,0,0,0.0670715003196055,0.0092882600712819,0.0016200453612701,0.0,0.0010800302408467,0.0,0.0,0,0,2,1,0,0,2,0,0,0,1,0,0,0,0,2,Redirect Path,
0,0,1,0,1,1,0,1,0,0,0,104,0.5568805870908956,49.34721596032462,0.0822960438974919,3.62975750708975,2.663061545525298,52,0,0,0,0,0,0.0280438994629891,0.0014652840396753,0.0,0.0,0.0,0.0,0.0,75,0,0,0,0,0,6,0,0,0,0,0,0,0,0,6,United Airlines MileagePlus Shopping℠,
0,0,0,0,0,0,0,0,0,0,0,0,0.0,0.0,0.0,0.0,0.0,0,0,0,0,0,0,0.0,0.0,0.0,0.0,0.0,0.0,0.0,0,0,0,0,0,0,0,0,0,0,0,0,0,0,0,0,BeFunky Photo Editor,
0,1,0,0,0,1,0,0,0,0,1,11,0.3356216495891677,50.84519713723254,0.0414789111754765,2.924320350939593,2.6062550894294367,77,66,55,0,0,0,0.0073863299543541,0.0014166651334792,0.0012142844001251,0.0,0.0010119036667709,0.0,0.0,4,1,0,0,0,0,1,0,0,0,0,0,0,0,0,1,__MSG_appName__,
0,0,0,0,1,1,0,0,0,0,0,65,0.4848002910501418,33.51193494297209,0.0380399815871651,4.299950197719311,1.836245295491529,1822,28,95,0,0,0,0.0180139531518033,0.0104269796668173,0.0001602389850004,0.0,0.000543667984823,0.0,0.0,0,0,0,0,0,0,1,0,0,0,0,0,0,0,0,1,__MSG_extensionName__,
0,0,0,0,0,0,0,0,0,0,0,3,0.3156145219100474,23.538297872340426,0.1017747716499017,5.481703830760434,3.8313020489530087,15,0,7,0,0,0,0.0769010863350486,0.0106382978723404,0.0,0.0,0.0049645390070921,0.0,0.0,0,0,0,0,0,0,0,0,0,0,0,0,0,0,0,0,Dimensions,
0,1,0,0,1,1,0,0,0,0,1,40,0.2192961466272879,99.16520476004246,0.0238815960108096,3.3334069263272803,2.4462550767764224,310,1,65,0,0,0,0.0019348824658559,0.0173194033186211,5.586904296329404e-05,0.0,0.0036314877926141,0.0,0.0,6,4,0,1,0,0,23,0,0,0,0,0,0,0,0,23,Shortcuts for Google™,
0,0,0,0,0,0,0,0,0,0,0,0,0.0,0.0,0.0,0.0,0.0,0,0,0,0,0,0,0.0,0.0,0.0,0.0,0.0,0.0,0.0,0,0,0,0,0,0,0,0,0,0,0,0,0,0,0,0,__MSG_appName__,
0,0,0,0,0,1,0,0,0,0,1,19,0.4673725283767139,31.863553023835184,0.1040066403980831,4.288471654594748,3.175472790991181,107,11,104,0,0,3,0.0459002684147344,0.0014975716944953,0.0001539559685929,4.198799143444975e-05,0.0014555837030609,0.0,0.0,3,0,0,15,0,0,4,0,0,0,0,0,0,0,0,4,CheerpJ Applet Runner,
0,0,1,0,1,1,1,1,0,0,0,10,0.4886714079306862,37.214365723886864,0.097178813560357,3.4178996710714817,2.8910943831449822,31,7,21,0,2,0,0.0532703746576048,0.0014468402875011,0.0003267058713712,0.0,0.0009801176141136,9.334453467749464e-05,0.0,18,0,0,0,0,0,2,0,0,0,0,0,0,0,0,2,AB Download Manager Browser Integration,
0,0,0,0,1,1,1,0,0,0,0,142,0.284680679068047,30.403671667342437,0.0950542600444537,6.406645564228983,3.3281387840974834,2339,124,183,0,0,4,0.0405228134614925,0.0105374600171194,0.0005586340496463,1.8020453214398343e-05,0.0008244357345587,0.0,0.0,36,0,0,2,0,0,12,0,2,0,0,0,0,0,0,11,Qui-Quo,
0,0,0,0,1,1,0,0,0,0,0,277,0.3894373142393822,78.80303712816817,0.0714824096353255,5.218480389942634,2.583708800214491,1858,227,353,0,0,11,0.0390226170090905,0.0027441082165216,0.0003352597229011,1.6246065867458687e-05,0.0005213510228375,0.0,0.0,38,0,0,0,0,0,6,0,0,0,0,0,0,0,0,6,AnswerAI - Homework AI Tutor & Study Helper,
0,0,0,0,0,1,1,0,0,0,0,50,0.3271368723311114,54.14726114649682,0.1003346181345241,4.849439117983315,3.2416508489905183,351,10,88,0,0,0,0.0505982364194107,0.0223566878980891,0.0006369426751592,0.0,0.0056050955414012,0.0,0.0,0,0,0,1,0,1,4,0,0,0,0,0,0,0,0,4,Flickcall: Netflix Party with Video Call,
1,1,1,0,1,1,0,0,0,0,1,34,0.4944755602435592,42.88385955108503,0.0918812171170616,3.499479300922823,2.8626373682293305,619,7,9,0,2,0,0.0469350930556271,0.0288255564869144,0.000325975598398,0.0,0.0004191114836546,9.313588525658936e-05,0.0,0,0,0,0,0,0,6,0,0,0,0,0,0,0,0,6,__MSG_PKG_NAME__,
0,1,0,0,0,1,0,0,0,0,0,24,0.4524836121705684,48.72732912832178,0.0821639513036792,4.1937335536677445,2.59223805003564,115,12,72,0,0,0,0.0562313123627957,0.0013212467974126,0.0001378692310343,0.0,0.0008272153862061,0.0,0.0,3,2,0,0,0,0,2,0,0,0,0,0,0,0,0,2,__MSG_extension_name__,
0,0,0,0,0,0,0,0,0,0,0,0,0.0,0.0,0.0,0.0,0.0,0,0,0,0,0,0,0.0,0.0,0.0,0.0,0.0,0.0,0.0,0,0,0,0,0,0,0,0,0,0,0,0,0,0,0,0,__MSG_appName__,
0,0,0,0,0,0,0,0,0,0,1,5,0.506587103669398,41.19858689116055,0.0791948699679373,4.9300725311512,3.1034980838877653,40,23,11,0,0,5,0.0706713780918728,0.0060132291040288,0.0034576067348165,0.0007516536380036,0.0016536380036079,0.0,0.0,0,0,0,2,0,0,0,0,0,0,1,0,0,0,0,0,bilibili哔哩哔哩下载助手,
0,0,0,0,0,1,0,0,0,0,0,10,0.4209787491987807,32.25851258801968,0.1299874995286945,3.2791136028612167,3.1299936544115186,12,0,1,0,0,0,0.0707329450714095,0.0011575190508343,0.0,0.0,9.645992090286486e-05,0.0,0.0,118,0,0,0,0,0,2,0,0,0,0,0,0,0,0,2,Gismeteo,
1,1,1,0,1,1,0,0,1,0,0,53,0.4373568032279765,37.17613921874587,0.0817944118704624,5.187443438914027,3.13241603748035,513,50,70,0,1,0,0.064192792501616,0.0067837401814286,0.0006611832535505,0.0,0.0009256565549707,1.322366507101108e-05,0.0,44,0,0,7,0,4,21,0,1,0,0,0,0,0,0,21,__MSG_extName__,
0,0,0,0,0,0,0,0,0,0,0,0,0.0,0.0,0.0,0.0,0.0,0,0,0,0,0,0,0.0,0.0,0.0,0.0,0.0,0.0,0.0,0,0,0,0,0,0,0,0,0,0,0,0,0,0,0,0,__MSG_appName__,
0,0,0,0,1,1,0,0,0,0,0,14,0.1170145468145869,89.35710129358579,0.0483980670297797,21.819237990924737,3.973033571418668,90,4,24,0,0,0,0.0789521723256663,0.0040284678393984,0.0001790430150843,0.0,0.0010742580905062,0.0,0.0,0,0,0,3,1,0,4,0,0,0,3,0,0,0,0,4,Pearltrees Extension,
1,1,0,0,0,1,0,0,0,0,0,60,0.3676629666321654,74.96287242033772,0.0456921483837434,6.065311476993097,1.7122539777579342,1233,34,70,0,0,0,0.018632348966371,0.0054804627946359,0.0001511238726825,0.0,0.0003111373849347,0.0,0.0,0,0,0,0,0,0,0,0,0,0,0,0,0,0,0,0,__MSG_appName__,
1,1,0,0,1,0,0,0,0,0,1,0,0.3222941442119524,41.11568938193344,0.099954839680867,5.149883810999225,3.347142362643392,11,2,2,0,0,0,0.0236250968241673,0.0174326465927099,0.0031695721077654,0.0,0.0031695721077654,0.0,0.0,0,0,0,0,0,0,2,0,0,0,0,0,0,0,0,2,WordPress Theme Detector and Plugin Detector,
0,0,0,0,1,1,0,0,0,0,0,57,0.5147389228914196,40.98977135980746,0.0681143891745469,4.900062130981037,2.3457095264997747,346,19,94,0,0,2,0.0535423960236172,0.0020410089426865,0.0001120785257544,1.1797739553101626e-05,0.0005544937589957,0.0,0.0,17,0,0,1,0,0,11,0,1,0,0,0,0,0,0,8,Hypothesis - Web & PDF Annotation,
0,1,0,0,0,1,0,0,0,0,0,4,0.440907601715235,62.27462850853055,0.0869688333251186,4.035840779199871,3.0198788263058027,2,0,4,0,0,0,0.0577960235047895,0.0001223017183391,0.0,0.0,0.0002446034366782,0.0,0.0,1723,3,0,0,0,0,0,0,0,0,0,0,0,0,0,0,Octotree - GitHub code tree,
1,1,0,0,0,1,1,1,0,0,0,16,0.4425895541497928,33.824493031243804,0.1041588027200561,3.790994006803088,3.043296964604842,58,3,34,0,2,0,0.0416464193798031,0.0038311645419116,0.0001981636832023,0.0,0.002245855076293,0.0001321091221348,0.0,0,0,0,0,0,0,2,0,0,0,0,0,0,0,0,2,Truffle,
0,0,1,0,0,1,0,0,0,0,0,1,0.4667260305277342,14.007706711343252,0.066881532323097,5.541653427038747,2.530328575233904,75,5,33,0,1,0,0.0372142576774265,0.0014782694392431,9.855129594954174e-05,0.0,0.0006504385532669,1.971025918990835e-05,0.0,2,0,0,14,0,1,13,0,0,0,0,0,0,0,0,13,Omnibug,
0,0,0,0,1,1,0,0,0,0,0,16,0.399035984052386,58.91113810063813,0.065619769898201,4.419245136400398,2.538518438573283,29,3,8,0,0,1,0.0247408508580587,0.0001945929986781,2.0130310208080308e-05,6.710103402693435e-06,5.368082722154748e-05,0.0,0.0,0,0,0,1,1,0,8,0,0,0,0,0,0,1,0,8,__MSG_appName__,
0,0,0,0,1,1,0,0,0,0,0,118,0.3753926692563627,19.238384541735574,0.0747112397166244,6.301866866151087,3.214497439255047,828,134,139,0,0,2,0.0896359776020065,0.014413787100705,0.0023326660283749,3.4815910871268166e-05,0.0024197058055531,0.0,0.0,0,0,0,0,0,0,0,0,0,0,0,0,0,0,0,0,__MSG_app_name__,
0,0,0,0,0,1,0,0,0,0,0,5,0.5413146568900933,35.568306010928964,0.1273013469355224,2.334766481200472,2.8351203179494053,9,1,10,0,0,0,0.0401281402798853,0.0032786885245901,0.0003642987249544,0.0,0.0036429872495446,0.0,0.0,0,0,0,6,0,1,1,0,0,0,0,0,0,0,0,1,__MSG_extName__,
0,1,0,0,0,0,0,1,0,0,1,80,0.4255685715479769,40.26905489010902,0.0875609960895788,4.081607297696545,2.893389208667887,178,20,154,0,0,5,0.0485835199109604,0.00140825013054,0.000158230351746,3.955758793651798e-05,0.0012183737084447,0.0,0.0,0,0,0,0,0,0,2,0,0,0,0,0,0,0,0,2,Otter.ai: Record & Transcribe Meetings - Google Meet & Web Audio,
0,0,0,0,1,1,1,1,0,0,1,101,0.2598486144676115,76.99906199368978,0.0763525565372541,4.551838096437114,2.7784581006981,220,72,89,0,0,5,0.015154853329976,0.0093800631022426,0.0030698388334612,0.0002131832523236,0.0037946618913618,0.0,0.0,2,0,0,8,0,1,10,0,0,0,0,0,0,0,0,10,Email Tracker + Pixelblock Detector & Blocker,
0,1,0,0,0,1,1,0,0,0,0,167,0.4438102502686161,43.62743599171714,0.0777433836842481,3.702583005967837,2.5426179882719397,863,114,314,0,0,3,0.0445031005441527,0.004175294641302,0.0005515452944477,1.4514349853888878e-05,0.0015191686180403,0.0,0.0,6,0,0,0,0,0,0,0,0,0,0,0,0,0,0,0,"FC26 Enhancer | SBC Solver, Trader & Keyboard Shortcuts",
1,1,0,0,1,1,0,1,0,0,0,97,0.5204978797486272,56.79922231380625,0.0718733227366378,4.283335926926687,2.403145328056816,301,39,80,0,0,2,0.0403129651011156,0.0002539417924915,3.2902757166684526e-05,1.6873208803427962e-06,6.749283521371184e-05,0.0,0.0,556,0,0,0,0,0,5,0,0,0,0,0,0,0,0,5,__MSG_appTitle__,
0,0,0,0,0,1,1,0,0,0,0,19,0.3953107545577717,35.036609659838376,0.1018297840827663,3.4268372010509154,2.883665730753029,49,5,51,0,0,1,0.0314176374680036,0.0018417590678443,0.0001879345987596,3.758691975192633e-05,0.0019169329073482,0.0,0.0,14,0,0,0,0,0,2,0,0,0,0,0,0,0,0,2,Ddict: AI Translation & Writing Assistant,
0,0,0,0,0,0,0,0,0,0,0,0,0.0,0.0,0.0,0.0,0.0,0,0,0,0,0,0,0.0,0.0,0.0,0.0,0.0,0.0,0.0,0,0,0,0,0,0,0,0,0,0,0,0,0,0,0,0,__MSG_appName__,
0,0,0,0,1,1,0,0,0,0,0,74,0.3605775258462966,50.41440233101312,0.0735697546689077,4.576482749009696,2.887482584445955,434,25,86,0,0,6,0.0389695023465517,0.0025090766135559,0.0001445320629928,3.468769511828504e-05,0.0004971902966954,0.0,0.0,0,0,0,0,0,0,2,0,0,0,0,0,0,0,0,2,__MSG_name__,
0,1,0,0,0,1,0,0,0,0,0,20,0.4989933595338122,31.3518992669496,0.1044195690472963,3.200649878147847,2.914248973597405,20,4,24,0,0,0,0.0490995600662538,0.0007014836378941,0.0001402967275788,0.0,0.0008417803654729,0.0,0.0,14,1,1,0,0,0,4,0,0,0,0,0,0,0,0,4,__MSG_extension_name__,
1,1,1,0,1,1,1,0,0,0,1,116,0.5133796477353806,39.37683294150351,0.0377143973566804,4.887535464191417,1.2773625439494487,830,225,156,0,0,14,0.0353271373984101,0.0014068583497043,0.000381377263474,2.373014083838588e-05,0.000264421569342,0.0,0.0,53,0,0,2,1,0,5,0,0,0,2,0,0,0,0,5,Word Bank,
1,1,1,0,1,1,0,0,0,0,1,21,0.4588268029229326,40.449050111969626,0.0891495866287129,3.853087602004547,3.100113587527633,88,10,21,0,0,2,0.0618930398970701,0.000435025483595,4.943471404489661e-05,9.88694280897932e-06,0.0001038128994942,0.0,0.0,45,0,0,0,0,0,3,0,0,0,0,0,0,0,0,3,__MSG_appName__,
0,0,0,0,0,1,1,0,0,0,1,7,0.2132981502920211,33.11997635933806,0.0426382661766446,2.920424441581378,3.377114874814861,134,22,43,0,0,1,0.0129996091431549,0.0131993695823483,0.0021670606776989,9.850275807722616e-05,0.0042356185973207,0.0,0.0,2,1,0,8,0,0,8,0,0,0,0,0,0,0,0,8,__MSG_name__,
0,0,0,0,0,1,0,0,0,0,0,11,0.5375888312318481,35.05320368561844,0.0722545054541257,3.6275427610526174,3.3262449157859324,57,12,27,0,0,3,0.0459171508527112,0.0024202793936563,0.0005095325039276,0.0001273831259819,0.0011464481338372,0.0,0.0,11,0,0,3,0,0,6,0,0,0,0,0,0,0,0,6,__MSG_extName__,
1,1,1,0,1,1,1,0,0,0,1,308,0.5082567835346724,52.84292352304091,0.0696180343636989,5.50745877046233,2.573734974464009,2251,131,700,0,1,33,0.0761490445892826,0.0031457219718408,0.0001830695594452,4.611675924955456e-05,0.0009782342871117,1.3974775530168049e-06,0.0,0,1,3,0,0,0,143,1,0,0,0,0,0,0,0,10,__MSG_extension_name__,
0,0,0,0,0,1,0,0,0,0,0,4,0.3394313617947311,30.300110741971206,0.071477857787371,5.97979797979798,3.2792094098051137,53,4,17,0,0,0,0.0223806694394929,0.0293466223698781,0.0022148394241417,0.0,0.0094130675526024,0.0,0.0,0,0,0,2,0,1,5,0,0,0,0,0,0,0,0,5,ChatGPT to PDF by PDFCrowd,
0,0,0,0,0,1,0,0,0,0,0,14,0.246728071439952,36.09977483816493,0.0563151066364195,3.978341488539789,3.220535170341402,81,21,32,0,0,0,0.0237960339943342,0.0113988179003658,0.00295524908528,0.0,0.0045032367013791,0.0,0.0,0,0,0,0,0,0,1,0,0,0,0,0,0,0,0,1,__MSG_appName__,
0,0,0,0,0,0,0,0,0,0,0,0,0.0,0.0,0.0,0.0,0.0,0,0,0,0,0,0,0.0,0.0,0.0,0.0,0.0,0.0,0.0,0,0,0,0,0,0,0,0,0,0,0,0,0,0,0,0,Learn States and Capitals,
0,0,0,0,0,1,0,0,0,0,0,18,0.5566466345400652,49.7564673452078,0.0881559790362437,3.65587219343696,2.610167285862101,27,7,12,0,0,0,0.050230282095567,0.0028625954198473,0.0007421543681085,0.0,0.0012722646310432,0.0,0.0,0,0,0,0,0,0,3,0,0,0,0,0,0,0,0,3,__MSG_packageName__,
0,0,0,0,0,0,0,0,0,0,0,0,0.0,0.0,0.0,0.0,0.0,0,0,0,0,0,0,0.0,0.0,0.0,0.0,0.0,0.0,0.0,0,0,0,0,0,0,0,0,0,0,0,0,0,0,0,0,High Contrast Colorful,
0,0,0,0,0,1,0,0,0,0,0,4,0.2986482927090787,51.217745861733206,0.114455739103477,3.609363948453431,3.293887122120576,84,22,22,0,0,0,0.0466989839046353,0.0102239532619279,0.0026777020447906,0.0,0.0026777020447906,0.0,0.0,0,0,0,0,0,0,0,0,0,0,0,0,0,0,0,0,VisBug,
0,0,0,0,1,1,0,1,0,0,0,20,0.4222801454185879,34.6524043471788,0.0920641973122783,4.0793999326847565,2.878437206899444,318,15,23,0,0,2,0.0561361050117801,0.0094685127288968,0.0004466279589102,5.95503945213637e-05,0.0006848295369956,0.0,0.0,0,0,0,0,0,0,2,0,0,0,0,0,0,0,0,2,Manus AI Browser Operator,
0,0,1,0,1,1,0,0,0,0,0,2,0.3161606351083146,16.16594202898551,0.0979266078290612,5.791964285714286,3.635195208638169,11,0,0,0,0,0,0.0580357142857142,0.0079710144927536,0.0,0.0,0.0,0.0,0.0,0,0,0,0,0,0,1,0,0,0,0,0,0,0,0,1,Affixa - Gmail (TM) Draft Display,
0,0,0,0,0,1,0,0,0,0,1,28,0.4516391719359952,48.61898286646723,0.0740366926143008,6.386056480229558,2.98368832366094,50,6,13,0,0,1,0.0780898511533988,0.0009712887058549,0.0001165546447025,1.942577411709857e-05,0.0002525350635222,0.0,0.0,1,0,0,0,0,0,12,0,0,0,0,0,0,0,0,12,__MSG_APP_NAME__,
0,0,0,0,0,1,0,0,0,0,0,273,0.545247891440892,53.837069384676205,0.0850661204327189,3.620071838435709,2.343754694616768,302,78,206,0,0,3,0.0599905568161642,0.0013723342860908,0.0003544439546857,1.3632459795603986e-05,0.0009360955726314,0.0,0.0,514,0,0,0,0,0,2,0,0,0,0,0,0,0,0,2,__MSG_name__,
1,1,0,0,1,0,0,0,0,0,1,19,0.3583261487287399,35.477600050981394,0.0896315455241878,6.662903370183055,3.1945151240014367,87,28,75,0,0,0,0.1131786241775947,0.0027721131786897,0.0008921743563599,0.0,0.0023897527402498,0.0,0.0,169,0,0,3,0,0,4,0,0,0,2,0,0,0,0,4,__MSG_extName__,
0,0,0,0,0,0,1,1,0,0,0,28,0.3513056237269569,42.98919359017061,0.1158752100179288,4.297797350263036,2.669112301634323,378,4,67,0,0,9,0.0494851045438965,0.0139891195736649,0.0001480330113615,0.0003330742755634,0.0024795529403056,0.0,0.0,7,0,0,3,0,0,34,0,1,0,0,0,0,0,0,34,Pushbullet,
0,0,0,0,0,1,0,0,0,0,0,13,0.584311764828754,47.01976962402122,0.0828041099850211,3.847517938819185,2.773321111676199,50,8,35,0,0,0,0.0629432252108598,0.0016178088397075,0.0002588494143532,0.0,0.0011324661877952,0.0,0.0,16,1,0,0,0,0,3,0,0,0,0,0,0,0,0,3,__MSG_extName__,
0,0,0,0,0,0,0,0,0,0,0,5,0.402418259582835,37.42211838006231,0.1264062595017533,3.343677334798969,3.155621695531704,101,12,11,0,0,1,0.0491269606392423,0.0196651090342679,0.0023364485981308,0.0001947040498442,0.0021417445482866,0.0,0.0,0,0,0,3,0,0,3,0,0,0,0,0,0,0,0,3,Pacman Game Offline for Google Chrome,
0,0,0,0,0,1,0,0,0,0,0,167,0.4479056981570186,39.55815375862314,0.098491831932608,3.85558996916457,3.0385421416928087,603,33,208,0,0,3,0.0553601143801189,0.0042884574354597,0.000234691700448,2.1335609131640708e-05,0.0014792688997937,0.0,0.0,10,0,0,0,0,0,1,0,0,0,0,0,0,0,0,1,Easy Scraper - One-click web scraper,
0,0,0,0,1,1,0,0,0,0,0,99,0.3871841644030727,20.045554672663517,0.0881583268125547,5.497090918689009,2.695104276740837,1772,3,33,0,0,0,0.0376615737319195,0.0027182166535255,4.601946930347999e-06,0.0,5.062141623382799e-05,0.0,0.0,11,1,0,23,1,0,52,0,0,0,2,0,0,0,0,52,__MSG_extName__,
1,1,0,0,0,1,0,0,0,0,1,19,0.394990341332949,97.92426426269031,0.0991194877250686,5.9424022955946905,2.734595058301221,922,59,186,0,0,0,0.0178186822119905,0.0120810293770801,0.0007730810555832,0.0,0.0024371707853979,0.0,0.0,5,0,0,5,0,8,5,0,0,0,0,0,0,0,0,5,Obsidian Web Clipper,
0,0,0,0,1,1,0,0,0,0,0,30,0.4543791572070211,54.04265379740665,0.0938029302871171,3.825205150443659,2.831508675640506,136,7,41,0,0,3,0.0584517535081281,0.0033148093984595,0.0001706151896265,7.312079555425563e-05,0.0009993175392414,0.0,0.0,0,0,0,2,0,0,24,0,0,0,0,0,0,0,0,20,Bibcitation Bibliography & Citation Generator,
0,0,0,0,1,1,0,0,0,0,0,26,0.5483044040312762,43.06934457964602,0.0717019968121289,4.677053885033839,2.2163328480583124,272,3,4,0,0,0,0.0785573545789428,0.0188053097345132,0.0002074115044247,0.0,0.0002765486725663,0.0,0.0,24,0,0,7,0,0,3,0,0,0,4,0,0,0,0,3,Tab Manager Plus for Chrome,
0,0,0,0,1,1,0,0,0,0,0,18,0.448583455263869,26.04971848144612,0.0901697613894481,4.176708279809935,3.245436469697888,257,25,87,0,0,1,0.096791090380754,0.0084620196898356,0.0008231536663264,3.2926146653057194e-05,0.0028645747588159,0.0,0.0,9,0,0,0,0,0,3,0,0,0,0,0,0,0,0,3,Add to MyRegistry.com Button,
0,0,0,0,1,1,0,0,0,0,0,12,0.5247945941707549,53.96822007285517,0.0474825351307631,6.722762932120051,2.9506410592107266,180,12,32,0,0,0,0.0672444351340346,0.0014131390528828,9.420927019218692e-05,0.0,0.0002512247205124,0.0,0.0,0,0,0,0,0,0,6,0,0,0,0,0,0,0,0,6,__MSG_appName__,
1,1,1,0,0,1,0,0,0,0,0,44,0.4687643272552679,60.675259954049125,0.0523868011938249,3.832936152226036,2.2856299706193592,3537,37,69,0,0,2,0.0151949102516452,0.0167554892347047,0.0001752765342618,9.47440725739596e-06,0.0003268670503801,0.0,0.0,7,0,0,0,0,0,1,0,0,0,0,0,0,0,0,1,TripChipper (TravelArrow) - Travel Better,
1,1,0,0,1,1,1,1,0,0,1,197,0.4443399462373086,53.47781580917745,0.0793003624691569,4.330658110950269,2.647443163679228,299,47,86,0,0,3,0.0535072227882324,0.0015991015081826,0.0002513637822226,1.6044496737618995e-05,0.0004599422398117,0.0,0.0,2,0,4,1,0,0,2,0,0,0,0,0,0,0,0,2,Axiom Browser Automation & Web Scraping,
0,1,0,0,0,1,0,0,0,0,1,30,0.5312573874708494,58.7635472682725,0.0984735222396149,3.3367971731448764,2.9551372701653387,652,69,107,0,0,2,0.0480226148409894,0.020746491870048,0.0021955643236707,6.363954561364432e-05,0.0034047156903299,0.0,0.0,23,0,0,14,0,0,1,0,0,0,0,0,0,0,0,1,GamersClub Booster,
0,1,0,0,1,1,0,0,0,0,1,130,0.4354995144026909,61.514535061130665,0.0729233901704821,4.830553750631723,2.943550159098322,167,23,102,0,0,3,0.0574801743366429,0.0016986390544581,0.0002339443009133,3.05144740321826e-05,0.0010374921170942,0.0,0.0,16,1,0,0,0,0,8,0,0,0,0,0,0,0,0,8,__MSG_extName__,
0,0,0,0,0,1,0,1,0,0,1,51,0.3616147523065086,78.61228472903414,0.0791495784182456,3.9678114299432674,2.6396223136833386,1056,87,55,0,0,1,0.0326318604719726,0.0106788556635351,0.0008797920859162,1.011255271168101e-05,0.0005561903991424,0.0,0.0,0,0,0,1,1,0,2,0,0,0,0,0,0,1,0,2,Seamless.AI,
1,1,1,0,1,1,1,1,0,0,1,97,0.5496772719985418,48.833362518058046,0.0909012445727011,3.500565778550816,2.66151052359778,1552,31,88,0,0,0,0.0501541684784757,0.0169855097841789,0.0003392724248128,0.0,0.0009630959155977,0.0,0.0,97,1,0,0,0,0,1,0,0,0,0,0,0,0,0,1,__MSG_appName__,
0,0,1,0,1,1,0,1,0,0,0,104,0.5573237440303275,49.32520991772921,0.0822684222087268,3.613893549902678,2.710955755318708,52,0,0,0,0,0,0.0278139472447815,0.0014701308981934,0.0,0.0,0.0,0.0,0.0,61,0,0,0,0,0,6,0,0,0,0,0,0,0,0,6,American Airlines AAdvantage eShopping®,
0,0,1,0,0,1,1,1,0,0,0,8,0.4358134975679225,32.588198757763976,0.0844908049590954,5.09796307151231,2.821030619574497,16,5,5,0,0,0,0.0583235638921453,0.0033126293995859,0.0010351966873706,0.0,0.0010351966873706,0.0,0.0,18,0,0,4,1,0,12,0,0,0,0,0,0,0,0,12,Notifier for Gmail™,
1,1,1,0,1,1,0,0,1,0,1,27,0.3965387272906784,79.6405603448558,0.0560852920949716,8.656448628076692,2.6099021161707574,126,2,10,0,0,1,0.054927611100939,8.245754908678265e-05,1.3088499855044865e-06,6.544249927522432e-07,6.5442499275224325e-06,0.0,0.0,0,0,0,0,0,0,2,0,0,0,0,0,0,0,0,2,Compose AI: AI-powered Writing Tool,
0,1,0,0,0,1,0,0,0,0,0,1518,0.4343373091315979,50.760805247565486,0.0962261742618035,3.920756594851031,2.9389495624711435,6815,323,2532,0,0,48,0.0344685781410527,0.0033616106529762,0.000159325053692,2.3676788164762823e-05,0.0012489505756912,0.0,0.0,34,2,2,0,0,0,1,0,0,0,0,0,0,0,0,1,Nexlev YouTube Research & Analytics,
0,1,0,0,0,1,0,1,0,0,0,21,0.3572881293540579,56.01784027704901,0.1112724662488611,3.6106415507990537,3.3896435923534995,25,2,2,0,0,0,0.0632464085847804,0.0026235701542659,0.0002098856123412,0.0,0.0002098856123412,0.0,0.0,0,0,1,0,0,0,2,0,0,0,0,0,0,0,0,2,__MSG_appName__,
0,0,0,0,0,0,0,0,0,0,0,0,0.0,0.0,0.0,0.0,0.0,0,0,0,0,0,0,0.0,0.0,0.0,0.0,0.0,0.0,0.0,0,0,0,0,0,0,0,0,0,0,0,0,0,0,0,0,Turkey,
0,0,0,0,0,0,0,0,0,0,0,2,0.4961230976690425,37.31365313653136,0.1247832787516856,2.370255474452555,3.177453584611568,3,5,3,0,0,0,0.0343065693430656,0.0027675276752767,0.0046125461254612,0.0,0.0027675276752767,0.0,0.0,1,0,0,3,0,0,2,0,0,0,0,0,0,0,0,2,YouTube DJ effects / EQ / Volume Booster / Bass Booster,
0,1,0,0,0,1,0,0,0,0,0,68,0.4322886004270621,33.979546884833226,0.0912439608094389,3.9642189382600335,2.9985346501491312,463,14,107,0,0,2,0.0688345573867257,0.0026979465305456,8.157937673356176e-05,1.1654196676223107e-05,0.0006234995221779,0.0,0.0,82,0,0,0,0,0,1,0,0,0,0,0,0,0,0,1,EVIRMA 2 — экспертная аналитика продвижения и рекламы на Wildberries,
0,0,0,0,0,1,0,0,0,0,1,322,0.5509823856271515,53.83188218750602,0.0772024427679366,3.568436569329278,2.6093181389421143,844,171,356,0,0,17,0.0458332532148258,0.0011612835760929,0.0002352837577155,2.3390782930782544e-05,0.0004898305131387,0.0,0.0,50,10,0,0,0,0,169,0,0,0,0,0,1,0,0,168,__MSG_ext_title__,
1,1,0,0,0,1,0,0,0,0,0,46,0.5193094562923254,58.41492499038338,0.0908450841005321,3.573482214883899,2.7588889359445137,503,52,76,0,0,11,0.0465100082991404,0.016123862033594,0.0016668803692781,0.0003526093088857,0.0024362097704833,0.0,0.0,31,0,0,18,0,1,5,0,1,0,0,0,0,0,0,5,__MSG_extension_pdf2go_name__,
1,1,0,0,1,1,0,0,0,0,1,1,0.3230333051940812,45.37296898079764,0.0860264721341764,7.319297503173932,3.5631686209077293,67,0,24,0,0,0,0.0323741007194244,0.0494830132939438,0.0,0.0,0.017725258493353,0.0,0.0,0,0,0,4,0,1,2,0,0,0,0,0,0,0,0,2,NoFollow,
0,0,0,0,1,1,0,0,0,0,0,70,0.397225921109217,42.85435128379914,0.0850312232118544,4.564754664823774,3.080493508275598,654,58,74,0,0,5,0.0915514858327574,0.0165113989244868,0.0014643136660859,0.0001262339367315,0.0018682622636269,0.0,0.0,3,0,2,5,0,0,2,0,0,0,0,0,0,0,0,2,Just Read,
0,0,1,1,0,0,0,0,0,0,1,0,0.2820332300760349,39.14689265536723,0.087721768515911,5.585535465924895,3.358203428785926,9,0,0,0,1,0,0.03894297635605,0.0508474576271186,0.0,0.0,0.0,0.0056497175141242,0.0,2,0,0,4,0,0,1,0,0,0,0,0,0,0,0,1,Windows Remix ClickOnce Helper,
0,1,0,0,0,1,0,0,0,0,0,33,0.392127335371378,52.10156270869507,0.0679992434048191,6.367853995508429,2.8783096767486165,1873,13,64,0,0,2,0.0570227389740139,0.0250166956057165,0.0001736342994523,2.6712969146520635e-05,0.0008548150126886,0.0,0.0,0,0,0,0,0,0,9,0,0,0,0,0,0,0,0,9,Slido,
0,0,0,0,0,1,0,0,0,0,0,106,0.4666342954169235,49.823428193984206,0.0992871226098217,3.640551131792293,2.6178290505506308,335,32,77,0,0,6,0.0543149912857406,0.0018594685805316,0.0001776208793343,3.330391487519358e-05,0.0004274002408983,0.0,0.0,10,0,0,1,0,0,4,0,0,0,0,0,0,0,0,4,Elevate for Strava,
0,0,0,0,1,1,0,1,0,0,1,32,0.5927397188756254,46.570854638422205,0.0955835158051845,3.025235265833219,2.689158042466022,130,26,19,0,0,0,0.0507624673718917,0.0047479912344777,0.0009495982468955,0.0,0.0006939371804236,0.0,0.0,0,0,0,0,1,1,2,0,0,0,0,0,0,0,0,2,__MSG_appName__,
0,0,0,0,0,1,0,0,0,0,0,87,0.5662503496850179,46.424710813751965,0.059846953048368,4.756132526598971,2.946932144717323,332,42,31,0,0,4,0.0604454271244877,0.002230193596926,0.0002821329249123,2.686980237260355e-05,0.0002082409683876,0.0,0.0,0,0,0,0,0,0,1,0,0,0,0,0,0,0,0,1,__MSG_appName__,
0,1,0,0,1,1,1,0,0,0,1,39,0.4167316402440785,38.90002658867323,0.0862082753013774,4.719577831482844,3.14482304166517,302,5,70,0,0,0,0.0507629621846286,0.0133829655233537,0.0002215722768767,0.0,0.003102011876274,0.0,0.0,26,1,0,0,1,0,4,0,0,0,0,0,0,0,0,4,__MSG_extName__,
0,0,0,0,0,1,1,0,0,0,1,175,0.5530122856959412,44.5704990059706,0.0677309961246131,3.743638407057127,2.908776256190845,3342,100,106,0,0,12,0.0382029967996293,0.0107335904855809,0.0003211726656367,3.854071987641276e-05,0.0003404430255749,0.0,0.0,74,0,0,0,0,0,3,0,0,0,0,0,0,0,0,3,Polarr Photo Editor,
0,0,0,0,0,1,0,0,0,0,1,43,0.5801434597058296,48.15177836922332,0.0822022194584485,3.5908175971372613,2.4301384006947573,1014,15,90,0,0,0,0.0470695616431731,0.0122671183159932,0.000181466247278,0.0,0.001088797483668,0.0,0.0,9,0,0,0,0,0,1,0,0,0,0,0,0,0,0,1,__MSG_extension_name__,
0,0,0,0,1,1,0,0,0,0,1,8,0.3626853370543546,17.288613639755262,0.0693121822647637,7.338151717321472,3.563168584748902,98,5,35,0,0,0,0.0354583642204101,0.0146246828831517,0.0007461572899567,0.0,0.005223101029697,0.0,0.0,0,0,0,6,0,0,3,0,0,0,0,0,0,0,0,3,__MSG_appName__,
1,1,0,0,1,1,1,0,0,0,1,118,0.394217963407808,44.39132685568652,0.1029104952948133,4.280295617242622,3.138996933831637,123,13,19,0,0,5,0.0763334535029441,0.0048980567059573,0.0005176807900605,0.0001991079961771,0.000756610385473,0.0,0.0,542,0,0,76,1,5,141,0,0,0,33,0,0,0,18,127,__MSG_app_name__,
0,0,0,0,1,1,0,1,0,0,1,41,0.4265854583359723,48.68497931925302,0.1052628230994592,4.012657477237565,3.083870712158683,311,36,37,0,0,1,0.0533684091362403,0.0042735629972654,0.0004946889643136,1.374136011982466e-05,0.0005084303244335,0.0,0.0,5,0,0,0,0,0,1,0,0,0,0,0,0,0,0,1,__MSG_appName__,
1,1,0,0,1,1,1,0,0,0,1,259,0.5113377032991525,58.043815449247816,0.0716991872065462,4.470187788034655,2.541878818677217,1014,119,330,0,0,3,0.0358406073006201,0.0018425274970881,0.0002162335031099,5.451264784284367e-06,0.0005996391262712,0.0,0.0,0,0,0,0,0,0,3,0,0,0,0,0,0,0,0,3,__MSG_listingName__,
0,0,0,0,0,1,0,0,0,0,0,65,0.3641546028984504,37.069525121264746,0.0947541287896067,6.3546564463234425,3.376820049783223,383,6,274,0,0,0,0.0450432652416136,0.022935505120067,0.0003593029522725,0.0,0.0164081681537816,0.0,0.0,47,0,0,25,0,14,3,0,0,0,0,0,2,0,0,3,__MSG_extensionName__,
0,0,0,0,0,1,0,0,0,0,0,72,0.4715062058282722,46.587113635757525,0.0889489909889815,4.026935928076902,2.856314573841532,244,13,48,0,0,1,0.0802557944249029,0.0065071872416459,0.0003466944022188,2.666880017068032e-05,0.0012801024081926,0.0,0.0,6,0,0,4,0,0,4,0,1,0,0,0,0,0,0,4,Mouse Dictionary,
0,1,0,0,0,1,0,0,0,0,1,52,0.4552026813739682,42.13809395050316,0.0755025262089271,5.815632285898664,3.004131110190549,416,48,83,0,0,0,0.0828192004246638,0.0004359846650778,5.030592289359668e-05,0.0,8.698732500351093e-05,0.0,0.0,194,0,0,0,0,1,3,0,0,0,0,0,0,0,0,3,"Everhour — Time Tracking, Budgets, Expenses",
0,0,0,0,0,1,0,0,0,0,0,39,0.5566842119581242,56.04949716422497,0.0585851395172923,6.361226228559487,2.7481064460136206,170,18,57,0,0,2,0.0681627469577378,0.0008853659425762,9.374462921395128e-05,1.0416069912661252e-05,0.0002968579925108,0.0,0.0,5,0,0,1,0,0,1,0,0,0,0,0,0,0,0,1,__MSG_appName__,
0,1,0,0,0,0,0,0,0,0,0,24,0.4010901206734216,53.41239870340357,0.0872692265647735,4.133182461417844,2.5378048070817543,63,13,22,0,0,0,0.0341074322953011,0.0010210696920583,0.0002106969205834,0.0,0.0003565640194489,0.0,0.0,23,0,1,0,0,0,0,0,0,0,0,0,0,0,0,0,MobileMind,
0,0,1,0,1,1,0,0,0,0,0,22,0.4062931400864275,33.85538977186723,0.0674668296360178,4.820002330497895,1.8281607993495013,108,12,43,0,2,2,0.0336091089174837,0.0029192345118391,0.0003243593902043,5.405989836739107e-05,0.0011622878148989,5.405989836739107e-05,0.0,20,0,4,4,0,1,32,0,0,0,0,0,0,0,0,32,NoScript,
0,0,0,0,1,1,0,0,0,0,1,22,0.5626018921608386,40.00910001669728,0.0777238695975778,3.2781873315963117,2.878383862153882,229,8,28,0,0,1,0.0549963095693311,0.0038236767406912,0.000133578226749,1.6697278343629988e-05,0.0004675237936216,0.0,0.0,0,0,0,0,0,0,2,0,0,0,0,0,0,0,0,2,__MSG_name__,
0,0,0,0,0,1,0,0,0,0,0,7,0.3992844978620698,47.65871833084948,0.1259908601952928,3.362731079562864,3.262776047701844,75,14,22,0,1,1,0.0538249412725972,0.022354694485842,0.0041728763040238,0.0002980625931445,0.0065573770491803,0.0002980625931445,0.0,14,0,0,1,0,0,4,0,0,0,1,0,0,0,0,4,グランブルーファンタジー[ChromeApps版],
1,1,1,0,0,0,0,0,0,0,1,0,0.4374772744477303,43.127621707464,0.073579288443568,5.822324561062318,3.3258597953290963,104,14,33,0,0,1,0.1161580409026908,0.0028475987076282,0.0003833305952576,2.7380756804118067e-05,0.0009035649745358,0.0,0.0,0,0,0,1,0,1,5,0,0,0,0,0,0,0,0,5,HLS Player - m3u8 Streaming Player,
0,0,0,0,0,1,0,0,0,0,0,0,0.3182773109243697,30.91247672253259,0.0877100840336134,7.531384015594542,3.4780386890828514,0,0,3,0,0,0,0.0460038986354775,0.0,0.0,0.0,0.0027932960893854,0.0,0.0,1,0,0,4,0,0,3,0,0,0,0,0,0,0,0,3,__MSG_appName__,
0,0,1,0,1,1,1,0,0,0,1,164,0.4453333329910472,46.297140602234094,0.0955149008061223,4.019580548655279,3.026798393352529,703,112,194,0,2,12,0.0662272707463321,0.0042678484701311,0.0006799417192812,7.285089849441477e-05,0.0011777561923263,1.2141816415735792e-05,0.0,15,0,0,1,0,2,7,0,0,0,0,0,0,0,0,7,__MSG_name__,
0,0,0,0,0,0,0,0,0,0,0,6,0.393727891864206,46.5225576420252,0.1030869359924452,3.83284035017432,3.253524558799469,23,5,15,0,0,1,0.0892313724821631,0.0010934157356786,0.0002376990729736,4.753981459472308e-05,0.0007130972189208,0.0,0.0,0,0,1,6,0,0,4,0,0,0,0,0,0,0,0,4,Tiktok Stacking Blocks Challenge Game,
0,0,1,0,0,1,0,0,0,0,0,5,0.2857836766308272,30.570244508910072,0.0910690139550759,5.743087557603687,3.727950981480336,60,0,10,0,0,0,0.0579877112135176,0.0248653128885205,0.0,0.0,0.0041442188147534,0.0,0.0,0,0,0,0,0,0,7,0,0,0,0,0,0,0,0,7,IPvFoo,
0,0,0,0,1,1,0,0,0,0,0,101,0.5412249247945147,47.94763719090557,0.0635046646189941,5.107680581336462,2.4369024849634644,389,27,109,0,0,4,0.0349087450088907,0.001344941085357,9.335066659290812e-05,1.3829728384134536e-05,0.0003768600984676,0.0,0.0,22,0,0,0,0,0,1,0,0,0,0,0,0,0,0,1,PerkSpot: Save While You Shop,
0,0,0,0,0,0,0,0,0,0,0,10,0.4105990515129666,29.11584625758597,0.1079295844659498,3.2634103150593963,2.719879112226653,11,2,4,0,0,0,0.0391057330480336,0.0014834794335805,0.0002697235333782,0.0,0.0005394470667565,0.0,0.0,256,0,1,0,0,0,1,0,0,0,0,0,0,0,0,1,SEO Search Simulator by Nightwatch,
1,1,0,0,1,1,0,0,0,0,1,127,0.535076183952758,24.94079945755707,0.0485087143568224,3.804341978604149,2.419195464204422,834,63,216,0,0,4,0.027840548345474,0.0026928416906138,0.0002034160989312,1.291530786865132e-05,0.0006974266249071,0.0,0.0,48,1,0,22,6,0,269,2,0,0,0,0,0,0,0,269,ScreenPal - Screen Recorder & Video Editor,
0,0,0,0,0,0,0,0,0,0,1,113,0.4846582081844731,44.98559813809155,0.0626420972878973,5.7867730676570055,2.6896092615741045,3099,258,148,0,0,19,0.0715813333985629,0.0048083785880527,0.000400310318076,2.948021722265322e-05,0.0002296353762606,0.0,0.0,0,0,0,2,0,0,6,0,0,0,0,0,0,0,0,6,"Genie - Extemp, Congress, Debate",
0,0,0,0,1,1,1,0,0,0,1,84,0.4987572054204593,54.40754410098313,0.0749021558516518,4.753326368961824,2.5658578781692496,188,49,119,0,0,12,0.051720092715557,0.0003165404153077,8.250255505361824e-05,2.020470736006977e-05,0.0002003633479873,0.0,0.0,0,0,2,2,0,0,5,1,0,0,0,0,0,0,0,5,Martian Aptos & Sui Wallet Extension,
0,0,0,0,1,1,0,0,0,0,0,74,0.5762315911949061,50.54966427815466,0.0630799384686115,3.517675982873329,1.6027287352583752,2268,7,115,0,0,1,0.022388192653268,0.0196748616340198,6.07248815864809e-05,8.674983083782986e-06,0.000997623054635,0.0,0.0,0,0,0,0,0,0,2,0,0,0,0,0,0,0,0,2,__MSG_appName__,
0,0,0,0,0,1,1,1,0,0,1,13,0.3503108922957524,39.18058347036969,0.108174148191489,4.829884124622391,3.3831007553332566,110,21,18,0,0,1,0.0625216045207929,0.006699555393142,0.0012790060295998,6.090504902856447e-05,0.0010962908825141,0.0,0.0,0,0,1,0,0,0,0,0,0,0,0,0,0,0,0,0,Readwise,
0,0,0,0,1,1,0,0,0,0,0,28,0.2355759848609034,23.03076263465352,0.0634356694333209,7.928307299968123,3.691247724677552,228,30,93,0,0,3,0.0829136117309531,0.0061096521785733,0.0008039016024438,8.039016024438609e-05,0.0024920949675759,0.0,0.0,107,0,0,3,0,0,30,0,0,0,1,0,0,0,0,30,Tabs Outliner,
0,0,0,0,0,0,0,0,0,0,0,0,0.0,0.0,0.0,0.0,0.0,0,0,0,0,0,0,0.0,0.0,0.0,0.0,0.0,0.0,0.0,0,0,0,0,0,0,0,0,0,0,0,0,0,0,0,0,Stay Flo,
0,0,0,0,0,1,0,0,0,0,0,69,0.4391053111101833,41.39276109173564,0.1018050783843275,3.4162671123733173,2.9321309186729985,308,24,88,0,0,0,0.0740550570471462,0.0053441604636232,0.0004164280880745,0.0,0.0015269029896066,0.0,0.0,15,0,0,2,0,1,2,0,0,0,0,0,0,0,0,2,JSON Viewer Pro,
0,0,0,0,0,1,0,0,0,0,0,9,0.319153278381841,29.01224906430759,0.0737309946824793,5.693402038758822,3.627544437656784,10,1,8,0,0,0,0.0431275904559202,0.0034025178632187,0.0003402517863218,0.0,0.002722014290575,0.0,0.0,0,0,0,0,0,1,1,0,0,0,0,0,0,0,0,1,Controls for Instagram Videos,
0,1,0,1,0,1,0,1,0,0,1,85,0.2679194671594944,71.45674074978629,0.0475758276754634,3.5841514612397214,2.638207408839594,4052,1,172,0,0,2,0.0062837647263023,0.1237025277811698,3.0528758090120894e-05,6.105751618024179e-05,0.0052509463915007,0.0,0.0,17,1,0,0,0,0,32,0,0,0,0,0,0,0,0,32,Black Menu for Google™,
0,0,0,0,1,1,0,0,0,0,0,11,0.4429909253008073,35.566630270888574,0.1101576341511274,3.4281221301060523,2.922895006623273,163,3,23,0,0,0,0.0343317943363232,0.0084750168980398,0.0001559819060988,0.0,0.0011958612800915,0.0,0.0,0,0,0,0,0,0,3,0,0,0,0,0,0,0,0,3,__MSG_manifest_name__,
1,1,0,0,1,1,0,0,0,0,1,44,0.4475586642082479,35.700338867290114,0.1014981705012654,3.372002694207454,2.65559391870771,153,88,79,0,0,0,0.0450959009558021,0.0020095618367132,0.0011558264158873,0.0,0.0010376168960806,0.0,0.0,2,0,0,0,1,0,5,0,0,0,0,0,0,0,0,4,Boomerang - SOAP & REST Client,
0,0,0,0,0,1,1,0,0,0,0,120,0.4507901819782879,55.51063046479521,0.0850534367473482,3.3507847538792728,2.628918138570143,373,83,107,0,0,3,0.0512817365393497,0.0038144909750984,0.0008488009408395,3.067955207853965e-05,0.0010942373574679,0.0,0.0,123,0,1,0,0,0,1,0,0,0,0,0,0,0,0,1,__MSG_appName__,
1,1,0,0,1,1,0,0,0,0,1,249,0.4911718839879605,57.79131697298063,0.070394265673846,4.937055988391732,3.092867280325017,1533,91,424,0,0,6,0.0402863093543746,0.0028571907831833,0.000169604932335,1.1182742791324428e-05,0.0007902471572535,0.0,0.0,5,0,0,0,0,0,10,0,0,0,0,0,0,0,0,10,Petra Aptos Wallet,
0,0,0,0,0,1,0,0,0,0,0,8,0.4438048146677735,31.88783382789317,0.1075089327606741,3.632593608088425,2.7516020045484373,17,11,5,0,0,0,0.0305886385056978,0.0050445103857566,0.0032640949554896,0.0,0.0014836795252225,0.0,0.0,3,0,0,1,0,0,2,0,0,0,0,0,0,0,0,2,Copytables,
0,0,0,0,1,1,0,0,0,0,0,1,0.3974506930098903,42.39484226339509,0.1249841317468927,3.645252525252525,3.2366560840868392,75,7,13,0,0,0,0.0557575757575757,0.0187781672508763,0.0017526289434151,0.0,0.0032548823234852,0.0,0.0,0,0,0,0,0,0,0,0,0,0,0,0,0,0,0,0,TrustBuilder Backup,
0,0,0,0,1,1,1,0,0,0,0,262,0.6744561591047574,33.88730191405204,0.0507081300542983,3.4235638912885547,2.1450587792704905,626,125,349,0,0,3,0.023654810611542,0.0003952878655465,7.893128305642134e-05,1.894350793354112e-06,0.0002203761422935,0.0,0.0,72,3,3,0,0,0,4,0,0,0,0,0,0,0,0,4,__MSG_name__,
0,0,0,0,0,1,1,0,0,0,0,2,0.2892168846514281,39.839850249584025,0.0866540357739477,5.870144511632674,3.499430830012432,67,14,60,0,0,0,0.0334119093983806,0.0278702163061564,0.0058236272878535,0.0,0.0249584026622296,0.0,0.0,0,0,0,0,0,0,8,0,0,0,0,0,0,0,0,8,__MSG_extensionName__,
0,0,0,0,0,0,0,0,0,0,0,0,0.2597478745236001,25.449612403100776,0.1055408970976253,6.025806451612903,3.623605958349868,0,0,0,0,0,0,0.032258064516129,0.0,0.0,0.0,0.0,0.0,0.0,0,0,0,0,0,0,0,0,0,0,0,0,0,0,0,0,Wikiwand - Elevate Wikipedia with AI,
0,0,0,0,1,0,0,0,0,0,0,3,0.2686133709943707,25.9597855227882,0.1069162373441012,6.407456140350877,3.7696928649264767,180,14,56,0,0,0,0.0785087719298245,0.0965147453083109,0.0075067024128686,0.0,0.0300268096514745,0.0,0.0,13,0,0,10,0,0,12,0,0,0,8,0,0,0,0,12,SimpleUndoClose,
0,0,0,0,0,0,0,0,0,0,0,0,0.0,0.0,0.0,0.0,0.0,0,0,0,0,0,0,0.0,0.0,0.0,0.0,0.0,0.0,0.0,0,0,0,0,0,0,0,0,0,0,0,0,0,0,0,0,Free Rider HD,
0,1,0,0,0,1,0,0,0,0,0,88,0.5429933162442183,53.02889678903443,0.0875538579820652,3.6817676692843375,2.7380392899393677,791,30,127,0,0,0,0.0380714838412275,0.0150377369251535,0.0005703313625216,0.0,0.0024144027680082,0.0,0.0,1,0,0,4,0,0,4,0,0,0,0,0,0,0,0,4,__MSG_deArrowFullName__,
0,0,0,0,0,1,0,0,0,0,0,26,0.3556217559527375,36.77730595196658,0.0552864436718675,6.226996691871456,2.596807281782744,195,87,64,0,0,0,0.0316044423440453,0.006787330316742,0.003028193525931,0.0,0.0022276366167768,0.0,0.0,29,0,0,8,0,6,36,0,8,0,0,0,0,0,0,36,__MSG_extension_name__,
0,0,0,0,0,0,0,0,0,0,0,0,0.0,0.0,0.0,0.0,0.0,0,0,0,0,0,0,0.0,0.0,0.0,0.0,0.0,0.0,0.0,0,0,0,0,0,0,0,0,0,0,0,0,0,0,0,0,pro grey,
0,1,0,0,1,1,0,1,0,0,1,60,0.4232292471256168,36.16748948619492,0.1079129788793718,3.804209846054423,3.2014812860762336,250,17,92,0,0,0,0.0345281233411037,0.0228560980069482,0.0015542146644724,0.0,0.0084110440665569,0.0,0.0,16,0,0,4,1,0,6,2,0,0,2,0,1,0,0,6,__MSG_exname__,
0,0,0,0,1,1,0,0,0,0,1,31,0.55380247512182,49.85570293327101,0.0769658099526507,3.940135070292413,2.424738494531118,331,8,80,0,0,4,0.0517793326696793,0.0096704452495033,0.0002337267734018,0.0001168633867009,0.0023372677340189,0.0,0.0,6,0,0,0,0,0,2,0,0,0,0,0,0,0,0,2,__MSG_extName__,
0,0,1,0,0,1,0,0,0,0,0,38,0.6003460917621953,47.90637230306072,0.0808671445377691,3.982799976013912,2.5043811774043645,75,4,19,0,0,5,0.0422355034080233,0.0025087807325639,0.00013380163907,0.0001672520488375,0.0006355577855828,0.0,0.0,0,0,0,0,0,0,0,0,0,0,0,0,0,0,0,0,__MSG_appName__,
0,0,0,0,0,0,0,0,0,0,0,0,0.0338983050847457,59.0,0.0508474576271186,5.625,3.796960730356964,1,0,0,0,0,0,0.0,1.0,0.0,0.0,0.0,0.0,0.0,0,0,0,0,0,0,1,0,0,0,0,0,0,0,0,1,__MSG_appName__,
0,0,0,0,0,1,1,0,0,0,0,14,0.3706778957357214,43.935834358343584,0.1219746980971107,3.608427073403241,3.2828528077197783,66,9,6,0,0,1,0.0722974261201143,0.013530135301353,0.0018450184501845,0.0002050020500205,0.001230012300123,0.0,0.0,147,0,0,6,0,0,3,0,0,0,2,0,0,0,0,3,__MSG_application_title__,
0,0,0,0,1,1,0,0,0,0,0,41,0.4745939539274664,43.37389921722114,0.0883027032986721,3.905019191024505,2.752106147295007,50,20,22,0,0,0,0.0340862119870091,0.0030577299412915,0.0012230919765166,0.0,0.0013454011741682,0.0,0.0,3,0,0,0,0,0,3,0,0,0,0,0,0,0,0,3,__MSG__extensionName__,
1,1,0,0,0,1,0,0,0,0,0,240,0.5121226024700521,54.10715572219319,0.0880469294165397,3.6189648779039776,2.7597734115532204,3172,75,127,0,0,2,0.055716629125808,0.0080466359886555,0.000190257786617,5.0735409764536965e-06,0.0003221698520048,0.0,0.0,0,0,0,3,0,0,1,0,0,0,0,0,0,0,0,1,Sender Wallet,
0,0,0,0,0,0,0,0,0,0,0,0,0.0,0.0,0.0,0.0,0.0,0,0,0,0,0,0,0.0,0.0,0.0,0.0,0.0,0.0,0.0,0,0,0,0,0,0,0,0,0,0,0,0,0,0,0,0,ThingLink,
0,0,0,0,0,0,0,0,0,0,0,0,0.2886029411764705,14.4468085106383,0.0955882352941176,6.28974358974359,3.414999474669873,2,2,1,0,0,0,0.0666666666666666,0.0070921985815602,0.0070921985815602,0.0,0.0035460992907801,0.0,0.0,20,1,0,0,0,0,2,0,0,0,0,0,0,0,0,2,__MSG_AppName__,
1,1,1,0,1,1,0,1,0,0,0,268,0.5190520021110624,54.291341805866736,0.0732873567393809,4.105302694527862,2.394745211797193,1639,83,429,0,0,15,0.0507657456952603,0.0044727771880176,0.000226504274927,4.093450751694007e-05,0.0011707269149844,0.0,0.0,0,0,0,0,0,0,5,0,0,0,0,0,0,0,0,5,__MSG_Meta_appName__,
0,0,0,0,0,1,1,1,0,0,0,99,0.2343433322330417,108.25264272995696,0.0637768196071959,14.14490632816621,2.8847037569904663,1025,64,250,0,0,0,0.0886096411373343,0.0231027565532941,0.0014425135799129,0.0,0.0056348186715351,0.0,0.0,52,0,0,9,0,0,13,0,0,0,0,0,0,0,0,13,Schoology Plus,
0,0,0,0,0,1,0,0,0,0,1,474,0.4383200857727155,62.41595666897136,0.0776824960473282,4.808119034836525,3.135452244784948,1853,197,336,0,0,23,0.038156867683213,0.0020466047126027,0.0002175829079237,2.5403080620542035e-05,0.0003711058734131,0.0,0.0,13,0,0,2,0,0,18,0,0,0,0,0,0,0,0,18,Leap Wallet,
0,1,0,0,0,1,0,1,0,0,0,6,0.0208506510706982,689.099158337717,0.0648520917539938,170.25954402620846,3.3592111887865457,12,3,19,0,0,0,0.1636023266697867,0.0015781167806417,0.0003945291951604,0.0,0.0024986849026827,0.0,0.0,1,0,0,0,0,0,1,0,0,0,0,0,0,0,0,1,YouTube Auto HD + FPS,
0,0,0,0,1,1,0,0,0,0,0,70,0.3332783025671808,40.87615302109403,0.084664579092377,6.302304046372019,3.7080636314182978,641,49,88,0,0,2,0.0633280529194501,0.0024123591065615,0.0001844081064298,7.5268614869314865e-06,0.0003311819054249,0.0,0.0,0,0,0,0,0,0,2,0,0,0,0,0,0,0,0,2,Razor Wallet,
0,0,0,0,0,0,0,0,0,0,0,0,0.0,0.0,0.0,0.0,0.0,0,0,0,0,0,0,0.0,0.0,0.0,0.0,0.0,0.0,0.0,0,0,0,0,0,0,0,0,0,0,0,0,0,0,0,0,__MSG_name__,
1,1,1,0,0,1,0,1,0,0,1,78,0.5372486617834183,49.296906424334615,0.0869938404039104,3.4552040824947827,2.8108136648857265,266,24,56,0,1,0,0.0472866448685778,0.0010428223634431,9.408923579938608e-05,0.0,0.0002195415501985,3.92038482497442e-06,0.0,0,0,0,0,0,0,1,0,0,0,0,0,0,0,0,1,__MSG_name__,
1,1,0,0,0,1,0,0,0,0,1,36,0.3719085312567513,19.10891941606982,0.0960231065818335,4.655496289424861,3.0668270733929006,94,10,6,0,0,0,0.0669758812615955,0.003678916676451,0.000391374114516,0.0,0.0002348244687096,0.0,0.0,14,0,0,2,0,5,21,0,4,0,0,0,0,0,0,21,__MSG_ext_name__,
1,1,0,0,1,1,0,0,0,0,0,16,0.5082264281850736,41.903064721433466,0.0990708894675701,3.5598267836880253,3.247258146803691,24,4,20,0,0,0,0.066646597040502,0.0023499461470674,0.0003916576911779,0.0,0.0019582884558895,0.0,0.0,3,0,0,0,0,0,4,0,0,0,0,0,0,0,0,4,__MSG_ExtensionName__,
0,0,0,0,0,1,0,1,0,0,0,28,0.4330757049327566,19.02613428899858,0.0767381475741399,5.64286171779927,3.138624819929277,120,23,163,0,0,0,0.1194944383953543,0.0040570694435053,0.0007776049766718,0.0,0.0055108526607613,0.0,0.0,3,0,0,5,0,0,2,0,0,0,0,0,0,0,0,2,Toolbox for Google Play Store™,
0,1,0,0,0,1,0,0,0,0,1,16,0.5349563062612785,46.599136042071,0.0875466268223261,3.555338015180535,2.639896847101947,102,4,29,0,0,1,0.0573171596793644,0.0063857759969949,0.0002504225881174,6.260564702936204e-05,0.0018155637638514,0.0,0.0,1,0,0,2,0,1,2,0,0,0,0,0,0,0,0,2,GitZip for github,
0,1,0,0,0,1,0,0,0,0,0,1,0.6648463610469336,47.67019368723099,0.0701480932851357,3.050283819761893,2.6516018939057355,8,1,2,0,0,0,0.0361179484603405,0.0014347202295552,0.0001793400286944,0.0,0.0003586800573888,0.0,0.0,0,0,0,0,0,0,0,0,0,0,0,0,0,0,0,0,__MSG_appName__,
1,1,0,0,0,1,0,0,0,0,0,29,0.3989470267643972,40.08762169680112,0.1098513133292313,4.013292376431164,3.2264688120455687,91,28,25,0,0,1,0.0471749045890347,0.0074449807739507,0.0022907633150617,8.181297553792031e-05,0.002045324388448,0.0,0.0,31,0,0,5,0,0,15,0,0,0,0,0,0,0,0,15,Datalayer Checker,
0,0,0,0,0,0,0,0,0,0,0,0,0.0,0.0,0.0,0.0,0.0,0,0,0,0,0,0,0.0,0.0,0.0,0.0,0.0,0.0,0.0,0,0,0,0,0,0,0,0,0,0,0,0,0,0,0,0,Stargazers,
1,1,1,0,0,1,0,0,1,0,0,5,0.442582768647322,39.82261822575078,0.0956557492276194,3.718745336795296,2.877022880120585,16,1,2,0,0,0,0.0273077267436655,0.0006903693476009,4.3148084225060405e-05,0.0,8.629616845012081e-05,0.0,0.0,0,0,0,0,0,0,3,0,0,0,0,0,0,0,0,3,__MSG_appName__,
0,0,0,0,0,1,0,0,0,0,0,228,0.5323325994885756,52.37255852705767,0.0850896099494941,3.4358817577055265,2.2122546867595174,301,107,149,0,0,4,0.0472680912523347,0.0010278088890102,0.000365367279482,1.3658589887180047e-05,0.0005087824732974,0.0,0.0,533,1,0,21,0,0,17,24,0,0,0,24,1,0,0,10,__MSG_name__,
0,0,0,0,0,0,0,0,0,0,0,1,0.2899257195914577,30.00719424460432,0.1193129062209842,6.403846153846154,3.552560612945552,2,0,3,0,0,0,0.0357142857142857,0.014388489208633,0.0,0.0,0.0215827338129496,0.0,0.0,0,0,0,1,0,0,1,0,0,0,0,0,0,0,0,1,__MSG_ext_name__,
0,0,0,0,1,1,0,0,0,0,1,198,0.6213761008436869,47.42226412418621,0.0606756848955856,3.911353014940836,2.429056608096922,3730,95,273,0,0,3,0.0384796212648859,0.009795605371038,0.0002494859276805,7.87850297938721e-06,0.0007169437711242,0.0,0.0,1,0,0,0,0,0,9,0,0,0,0,0,0,0,0,9,Aura,
0,1,1,0,0,1,1,0,0,0,0,2,0.2965969767069675,40.246624662466246,0.0794669227299841,7.533953226260919,3.677811567705561,179,2,36,0,1,0,0.0347515732131116,0.0537053705370537,0.0006000600060006,0.0,0.0108010801080108,0.0003000300030003,0.0,7,0,0,10,0,2,7,0,0,0,0,0,0,0,0,7,__MSG_extensionName__,
1,1,1,0,1,1,0,0,0,0,1,72,0.4879355671974291,41.39014085457625,0.0800639920926968,5.111558943386424,2.5144682136006056,448,111,72,0,0,13,0.0828564122546393,0.00302361524496,0.0007491546700682,8.773883523321658e-05,0.0004859381643685,0.0,0.0,4,0,0,16,0,1,35,0,0,0,3,0,0,0,0,34,Jobalytics - Resume Keyword Analyzer,
0,0,0,0,1,1,0,0,0,0,0,5,0.4468120634356113,34.32518768193657,0.0728884975787686,5.2730302308974055,2.9720749531404262,73,9,9,0,0,0,0.0547224205876907,0.0055921556611,0.0006894438486287,0.0,0.0006894438486287,0.0,0.0,0,0,0,0,0,0,4,0,0,0,0,0,0,0,0,4,__MSG_name__,
0,0,1,1,0,1,0,0,0,0,1,6,0.3583548469739668,33.63288979870352,0.0927320024436868,6.715823735603405,3.421427569809901,48,5,20,0,1,1,0.1042814221331998,0.0163766632548618,0.0017059024223814,0.0003411804844762,0.0068236096895257,0.0003411804844762,0.0,23,0,0,3,0,0,12,0,0,0,0,0,0,0,1,12,__MSG_appName__,
0,0,0,0,0,1,1,0,0,0,0,44,0.3991827751717967,19.396392959761936,0.086106647533014,5.871049112678079,2.367875820591632,115,16,45,0,0,0,0.0819383092652378,0.0002182519348508,3.0365486587944143e-05,0.0,8.54029310285929e-05,0.0,0.0,0,0,0,2,0,0,2,0,0,0,1,0,0,0,0,2,Caret,
0,0,0,0,1,1,0,0,0,0,0,22,0.3083278148369486,38.33940485015355,0.071387807622524,3.7871744078226417,3.040474993221796,110,4,107,0,0,0,0.0090617887549523,0.0116488404108863,0.0004235941967595,0.0,0.0113311447633167,0.0,0.0,3,0,2,9,0,0,4,0,0,0,0,0,0,0,0,4,Screen Shader | Smart Screen Tinting,
0,0,0,0,0,0,0,0,0,0,0,0,0.0,0.0,0.0,0.0,0.0,0,0,0,0,0,0,0.0,0.0,0.0,0.0,0.0,0.0,0.0,0,0,0,0,0,0,0,0,0,0,0,0,0,0,0,0,Photopea,
0,1,0,0,0,1,0,0,0,0,0,79,0.4953934815486905,46.51642717345504,0.0797134425374666,3.921040298856528,2.6718307611563885,2999,25,88,0,0,1,0.0385577968202138,0.0118099228554889,9.844884007576622e-05,3.937953603030649e-06,0.0003465399170666,0.0,0.0,0,0,0,0,0,0,1,0,0,0,0,0,0,0,0,1,__MSG_extName__,
0,0,0,0,0,0,0,0,0,0,1,7,0.3865095489638358,34.98245614035088,0.1112014086414736,4.750658472344162,3.2261872350259675,6,5,19,0,0,0,0.0766754462979221,0.0058479532163742,0.0048732943469785,0.0,0.0185185185185185,0.0,0.0,0,0,0,1,1,1,2,0,0,0,0,0,0,0,0,2,Scientific Calculator,
0,0,0,0,0,1,0,0,0,0,0,6,0.4136429989183058,44.16220061655205,0.129840056290104,3.3054309694036146,3.250210479782893,75,8,10,0,1,0,0.0551978329410719,0.0177851553236898,0.0018970832345269,0.0,0.0023713540431586,0.0002371354043158,0.0,0,0,0,0,0,0,0,0,0,0,0,0,0,0,0,0,__MSG_name__,
1,1,1,0,0,1,0,0,0,0,1,53,0.4055784260165816,67.08184422316191,0.0738521840993453,3.892274806732557,3.026283429838032,902,15,41,0,0,1,0.0471670417849104,0.0205065248033465,0.0003410175965079,2.273450643386532e-05,0.0009321147637884,0.0,0.0,5,0,1,0,0,0,2,0,0,0,0,0,0,0,0,2,__MSG_appName__,
0,0,0,0,0,0,0,0,0,0,0,0,0.0,0.0,0.0,0.0,0.0,0,0,0,0,0,0,0.0,0.0,0.0,0.0,0.0,0.0,0.0,0,0,0,0,0,0,0,0,0,0,0,0,0,0,0,0,Bits + Pieces,
0,0,0,0,0,1,0,0,0,0,0,39,0.4365720438256401,16.808064184324213,0.0691764901595634,6.05172680332684,3.0332958871557447,339,35,96,0,0,0,0.0217357697183316,0.0139477473770829,0.001440032915038,0.0,0.0039498045669615,0.0,0.0,0,0,0,0,0,0,0,0,0,0,0,0,0,0,0,0,__MSG_extName__,
0,0,0,0,0,0,0,1,0,0,1,1,0.1919067796610169,18.42798353909465,0.1065254237288135,7.626547795938584,3.808665729137058,0,0,30,0,0,0,0.0297176820208023,0.0,0.0,0.0,0.0246913580246913,0.0,0.0,0,0,0,15,0,0,2,0,1,0,0,0,0,0,0,2,Family Search,
0,0,0,0,0,1,0,0,0,0,0,63,0.5444453850228691,21.127097534130183,0.0720982452588302,5.443983291023626,2.8418760630777125,119,10,38,0,0,6,0.0499926125908315,0.0022978739838183,0.0001930986541023,0.0001158591924614,0.000733774885589,0.0,0.0,2,0,0,0,0,0,7,0,0,0,0,0,0,0,0,7,__MSG_appName__,
1,1,1,0,0,1,0,0,0,0,0,141,0.3327580276458743,69.35389166378091,0.0705803971761634,9.619567324736328,2.992926256743374,245,20,131,0,0,0,0.0443324581228396,0.0014379875217899,0.0001173867364726,0.0,0.0007688831238958,0.0,0.0,1,0,0,0,0,0,3,0,0,0,0,0,0,0,0,3,Pocket Universe,
0,0,0,0,1,1,0,0,0,0,1,53,0.5468010177311046,52.36267181461312,0.0777016960855751,3.9901256647673926,2.493395261727006,1029,22,277,0,0,5,0.0658552445648205,0.0039103618889822,8.360346118329299e-05,1.9000786632566588e-05,0.0010526435794441,0.0,0.0,0,0,0,0,0,0,7,0,0,0,0,0,0,0,0,7,__MSG_ext_name__,
0,0,0,0,0,0,0,0,0,0,0,0,0.3457051961823966,15.88120423108218,0.0734599440856068,6.209478021978022,2.908172152477318,11,1,2,0,0,0,0.0741758241758241,0.0089503661513425,0.000813669650122,0.0,0.0016273393002441,0.0,0.0,0,0,0,0,0,0,0,0,0,0,0,0,0,0,0,0,__MSG_ext_name__,
0,0,0,0,1,1,0,0,0,0,0,206,0.4044255960637454,29.13594375107992,0.1091577637691508,3.4391182549298014,3.267738013407029,1642,184,784,0,0,5,0.0847609701900287,0.0109121841647061,0.0012228026104177,3.322833180483007e-05,0.0052102024269973,0.0,0.0,5,1,0,1,0,0,2,0,0,0,0,0,0,0,0,2,Annotate: Web Annotations with Screen Sharing,
0,0,0,0,0,0,1,0,0,0,0,0,0.0,0.0,0.0,0.0,0.0,0,0,0,0,0,0,0.0,0.0,0.0,0.0,0.0,0.0,0.0,0,0,0,0,0,0,0,0,0,0,0,0,0,0,0,0,__MSG_appName__,
0,0,0,0,1,1,0,0,0,0,1,6,0.521601856169603,38.80780549644587,0.107851187971293,2.896263316902528,2.8657293195462072,24,3,3,0,0,0,0.0366247946149361,0.0010866120342282,0.0001358265042785,0.0,0.0001358265042785,0.0,0.0,18,0,0,0,0,0,4,0,0,0,0,0,0,0,0,4,Quick Javascript Switcher,
0,1,0,0,1,1,0,0,0,0,0,7,0.2609495553277049,42.29335851432169,0.0703767534195772,5.620105335470575,3.3335028195892784,70,15,47,0,0,0,0.0110678574154644,0.0220333648095687,0.0047214353163361,0.0,0.0147938306578533,0.0,0.0,0,0,0,13,0,0,3,0,0,0,0,0,0,0,0,3,__MSG_extName__,
1,1,1,0,0,1,0,0,1,0,0,5,0.4425799618859177,39.82287711425613,0.0956456299340349,3.718805025815501,2.877022647357923,16,1,2,0,0,0,0.0273077267436655,0.0006903693476009,4.3148084225060405e-05,0.0,8.629616845012081e-05,0.0,0.0,0,0,0,0,0,0,3,0,0,0,0,0,0,0,0,3,__MSG_appName__,
0,0,1,0,1,1,0,0,0,0,0,73,0.5518420374590781,45.90328982916996,0.076135096556566,3.7251075627881978,2.5218816122990684,1401,27,126,0,0,0,0.0320493205650472,0.0145579616775427,0.0002805602892888,0.0,0.0013092813500145,0.0,0.0,0,0,0,0,0,0,1,0,0,0,0,0,0,0,0,1,Skrapp.io - Email Finder,
0,1,0,0,0,1,0,0,0,0,1,77,0.5046948825130048,32.40079962915749,0.0918670322530838,3.694383358098068,2.9600837408967613,171,36,10,0,0,4,0.0658726711624185,0.0024771120639703,0.0005214972766253,5.794414184725924e-05,0.0001448603546181,0.0,0.0,0,0,0,0,0,0,13,0,0,0,0,0,0,0,0,13,__MSG_extension_name__,
0,0,0,0,0,0,0,0,0,0,0,7,0.4520252229733568,39.46896551724138,0.1187865704709424,3.2973790322580645,3.229205145778726,4,1,3,0,0,0,0.0549395161290322,0.0091954022988505,0.0022988505747126,0.0,0.0068965517241379,0.0,0.0,0,0,0,0,0,0,0,0,0,0,0,0,0,0,0,0,__MSG_extension_name__,
0,0,0,0,0,0,0,0,0,0,1,16,0.3635007733087218,39.05665257712448,0.0995237300254829,6.288658803642091,3.595863479849462,20,7,34,0,0,5,0.0991202120711514,0.0012617500473156,0.0004416125165604,0.0003154375118289,0.0021449750804365,0.0,0.0,2,0,0,0,0,0,1,0,0,0,0,0,0,0,0,1,__MSG_appName__,
0,1,0,0,0,1,0,0,0,0,0,150,0.5391662267630827,56.742377565638506,0.076750557066869,3.548094797462048,2.3816357214021258,341,62,171,0,0,20,0.0300235553517659,0.0014410257060392,0.0002620046738253,8.45176367178421e-05,0.0007226257939375,0.0,0.0,9,0,0,0,0,0,2,0,0,0,0,0,0,0,0,2,__MSG_extensionName__,
0,0,0,0,0,0,0,0,0,0,0,0,0.2192192192192192,27.382978723404257,0.069069069069069,5.937062937062937,3.967335865998303,1,0,0,0,0,0,0.0069930069930069,0.0212765957446808,0.0,0.0,0.0,0.0,0.0,0,0,0,0,0,0,1,0,0,0,0,0,0,0,0,1,Tab for a Cause,
1,1,1,0,1,1,0,0,0,0,0,80,0.4542162743042037,36.9404300457801,0.0870753307339337,4.633240723973275,2.9846398984113014,160,47,32,0,4,3,0.0740318906605922,0.0012761002376736,0.0003748544448166,2.39268794563813e-05,0.0002552200475347,3.190250594184173e-05,0.0,6,0,0,5,3,0,68,0,0,0,0,0,0,0,0,61,__MSG_extensionName__,
0,0,0,0,1,0,0,0,0,0,1,284,0.4588635114711107,59.83792545210456,0.0830488831203794,4.400225128350614,2.9480416779331344,326,45,199,0,0,3,0.0599180724282535,0.0012872147200505,0.0001776830135039,1.1845534233593936e-05,0.0007857537708283,0.0,0.0,63,2,17,10,0,0,10,0,0,0,0,0,0,0,0,10,Hashpack,
0,1,1,0,0,1,0,0,0,0,0,56,0.5272214983556189,33.67277660185771,0.0479321831511406,3.5823751519383453,1.351752670392133,659,20,50,0,0,1,0.0349005612020586,0.0047933896320218,0.0001454746474058,7.273732370291167e-06,0.0003636866185145,0.0,0.0,5,0,0,4,0,0,7,0,0,0,3,0,0,0,1,6,vLex,
0,0,0,0,0,0,0,0,0,0,1,35,0.578309606515226,43.416361767728674,0.0755500391976105,2.794461735627975,2.7169417256704387,142,21,20,0,0,0,0.0680794580739655,0.0058376156217882,0.0008633093525179,0.0,0.0008221993833504,0.0,0.0,72,0,0,19,2,0,5,0,0,0,16,0,0,2,0,5,__MSG_appName__,
0,0,0,0,0,0,0,0,0,0,1,0,0.3578439456204115,48.07818064098414,0.0904314615338948,7.254544609233344,3.468421085996396,49,5,7,0,0,1,0.0484913292110279,0.0079313693752023,0.0008093234056328,0.0001618646811265,0.001133052767886,0.0,0.0,0,0,0,0,0,0,1,0,0,0,0,0,0,0,0,1,AdGuard Extra,
0,0,0,0,0,1,0,0,0,0,0,27,0.4432619997106889,37.17123381049761,0.1048806056244207,4.098836475151078,3.0041756097124104,133,10,37,0,0,0,0.0595652566068368,0.0090661213360599,0.0006816632583503,0.0,0.0025221540558963,0.0,0.0,3,0,0,0,0,0,6,0,0,0,0,0,0,0,0,6,__MSG_extension_name__,
0,1,1,0,0,0,0,0,0,0,0,9,0.3759409011262021,35.30913978494624,0.1143724446565042,3.6569842237118286,3.3018712047184278,11,4,9,0,1,0,0.0434017198185388,0.0032855436081242,0.001194743130227,0.0,0.0026881720430107,0.0002986857825567,0.0,0,0,0,0,0,0,1,0,0,0,0,0,0,0,0,1,myfaveTT - download all TikToks you've loved,
0,0,0,0,0,0,0,0,0,0,0,0,0.0,0.0,0.0,0.0,0.0,0,0,0,0,0,0,0.0,0.0,0.0,0.0,0.0,0.0,0.0,0,0,0,0,0,0,0,0,0,0,0,0,0,0,0,0,Space Catboy,
0,1,0,0,0,1,1,1,0,0,0,154,0.4082242361517709,34.832809735312175,0.0739522186088837,4.065224336611412,3.173795644363982,564,126,166,0,1,6,0.0520300094743568,0.0040732315025457,0.0009099772505687,4.3332250027082654e-05,0.0011988589174159,7.222041671180443e-06,0.0,1,0,0,14,1,0,54,0,0,0,3,0,0,0,0,54,__MSG_appName__,
0,0,0,0,0,1,0,0,0,0,0,0,0.3916372202591284,31.07547169811321,0.127208480565371,4.580246913580247,3.7526291472465063,0,0,1,0,0,0,0.0308641975308641,0.0,0.0,0.0,0.0188679245283018,0.0,0.0,0,0,0,0,0,0,0,0,0,0,0,0,0,0,0,0,__MSG_name__,
0,0,0,0,0,1,0,0,0,0,0,15,0.3491376321719535,43.52459965271078,0.1176677067082683,3.886089813800657,3.415525685086249,140,11,13,0,0,4,0.0737860533041255,0.0270113833687053,0.0021223229789697,0.0007717538105344,0.0025081998842369,0.0,0.0,169,0,0,7,0,0,14,0,0,0,2,0,0,0,0,14,__MSG_extName__,
0,0,0,0,1,1,0,0,0,0,0,89,0.375419846715836,51.37169566891915,0.0949435212570799,5.111100236294235,3.127145447338245,102,9,69,0,0,0,0.0657848743725619,0.0035713035257869,0.0003151150169811,0.0,0.0024158817968558,0.0,0.0,0,0,0,0,0,0,2,0,0,0,0,0,0,0,0,2,__MSG_extName__,
0,0,0,0,0,0,1,0,0,0,0,0,0.0,0.0,0.0,0.0,0.0,0,0,0,0,0,0,0.0,0.0,0.0,0.0,0.0,0.0,0.0,0,0,0,0,0,0,0,0,0,0,0,0,0,0,0,0,__MSG_appName__,
0,0,0,0,0,1,0,0,0,0,1,330,0.3455677217614916,26.26161337092076,0.1062855657526566,4.214443689673149,3.1035118249838285,1158,196,378,0,0,7,0.0370136332759356,0.0021719681069553,0.0003676215448732,1.3129340888331203e-05,0.0007089844079698,0.0,0.0,185,4,17,27,5,5,145,11,1,0,12,0,0,3,0,113,__MSG_extName__,
0,1,0,0,1,1,1,1,0,0,1,58,0.4650270980828878,51.72455453191372,0.0921896346127218,4.164530914547629,3.08240407633862,102,15,58,0,0,0,0.0695103741837712,0.0018756551001268,0.0002758316323716,0.0,0.0010665489785035,0.0,0.0,41,0,0,1,0,0,4,0,0,0,0,0,0,0,0,4,__MSG_appName__,
0,0,0,0,1,1,0,0,0,0,0,7,0.4607671024475427,49.08120094017473,0.0857554246063073,4.332525314220819,2.9973369777683487,88,1,11,0,0,0,0.0631209261044253,0.0019513060446139,2.2173932325158542e-05,0.0,0.0002439132555767,0.0,0.0,0,0,5,0,0,0,4,1,0,0,0,0,0,0,0,4,AI Content Detector - Copyleaks,
0,0,0,0,1,1,0,0,0,0,1,1,0.2346458215365917,27.444619010212097,0.065283743284489,5.840140164330594,4.030797386948313,26,4,14,0,0,0,0.0731029482841952,0.0102120974076983,0.0015710919088766,0.0,0.0054988216810683,0.0,0.0,4,0,0,0,0,0,17,0,0,0,0,0,0,0,0,17,__MSG__pluginName__,
0,1,0,0,0,0,0,0,0,0,0,4,0.3557648599014492,29.15296052631579,0.1237703874756804,3.280770796580269,3.06229303342752,8,2,3,0,0,0,0.0335187949518252,0.0043859649122807,0.0010964912280701,0.0,0.0016447368421052,0.0,0.0,0,0,0,0,0,0,0,0,0,0,0,0,0,0,0,0,HTML to Framer,
0,1,0,0,1,1,0,1,1,0,0,386,0.2755505280416373,77.34815026860157,0.0873693061741212,5.043330675432277,3.0762944222145148,791,103,611,0,0,32,0.0217430082831978,0.0008145058235621,0.0001060608088835,3.2950930915284184e-05,0.0006291568371637,0.0,0.0,11,0,0,0,0,0,6,0,0,0,0,0,0,0,0,6,__MSG_appName__,
0,0,0,0,1,1,0,0,0,0,1,126,0.4237775684542177,36.803683693516696,0.0995744957287166,4.522898012363818,3.140447020165435,132,17,17,0,0,6,0.0720760679732764,0.0064833005893909,0.0008349705304518,0.0002946954813359,0.0008349705304518,0.0,0.0,5,0,0,38,0,0,8,0,0,0,1,0,2,0,0,8,Mr. E by Easyleadz: Free B2B Phone number & Email Finder,
0,0,0,0,0,0,0,0,0,0,0,0,0.0,0.0,0.0,0.0,0.0,0,0,0,0,0,0,0.0,0.0,0.0,0.0,0.0,0.0,0.0,0,0,0,0,0,0,0,0,0,0,0,0,0,0,0,0,Coggle - Collaborative Mind Maps,
0,0,0,0,1,0,0,0,0,0,0,8,0.3740317332335071,43.15297643372838,0.0973851140940149,3.7658392729711374,3.051460634624003,102,14,32,0,0,3,0.0476231418032998,0.0046315215910638,0.0006356990419107,0.0001362212232665,0.0014530263815102,0.0,0.0,35,3,0,6,0,7,88,0,3,0,1,0,0,0,0,88,Open SEO Stats(Formerly: PageRank Status),
0,0,0,0,1,1,1,0,0,0,1,25,0.4131550897399771,47.59948688979268,0.1152772626274055,4.5665781110025385,2.545736172806616,33,0,17,0,0,0,0.0266527781477332,4.427990805880908e-05,0.0,0.0,2.281086172726529e-05,0.0,0.0,0,0,0,0,0,0,1,0,0,0,0,0,0,0,0,1,__MSG_extensionName__,
0,0,0,0,0,0,0,0,0,0,0,0,0.3140495867768595,31.171875,0.0831307729703451,5.983516483516484,3.171819181510017,0,0,1,0,0,0,0.0329670329670329,0.0,0.0,0.0,0.015625,0.0,0.0,0,0,0,0,0,0,0,0,0,0,0,0,0,0,0,0,__MSG_extension_name__,
0,1,0,0,1,1,0,0,0,0,0,95,0.4225961768320635,41.617856457953785,0.1268590625166986,3.9489531505047566,2.8852886642151234,319,14,143,0,0,3,0.0372076327917645,0.0019117365039792,8.390066161664589e-05,1.7978713203566978e-05,0.00085698532937,0.0,0.0,1,0,0,0,0,0,0,0,0,0,0,0,0,0,0,0,MarketGuru — бесплатная аналитика маркетплейса Wildberries,
0,0,0,0,0,0,0,0,0,0,0,0,0.0,0.0,0.0,0.0,0.0,0,0,0,0,0,0,0.0,0.0,0.0,0.0,0.0,0.0,0.0,0,0,0,1,1,0,0,0,0,0,0,0,0,1,0,0,Color Tab,
1,1,0,0,1,1,0,1,0,0,0,0,0.4708626732443764,78.62771889776619,0.0632004617938866,6.430233581171502,2.570239873248725,7,1,4,0,0,0,0.0501227871683936,5.706831893037665e-05,8.152616990053807e-06,0.0,3.261046796021523e-05,0.0,0.0,11,0,0,3,0,0,4,0,0,0,0,0,0,0,0,4,__MSG_appName__,
0,0,0,0,0,0,0,0,0,0,0,7,0.4794743711110907,39.76303465501093,0.1052766621018415,3.3276838167309144,2.857863582936817,92,12,13,0,0,0,0.0543377761340521,0.0028723072119887,0.0003746487667811,0.0,0.0004058694973462,0.0,0.0,29,1,0,2,0,0,4,0,0,0,0,11,0,0,0,4,Calculator,
0,1,0,0,1,1,0,0,0,0,1,230,0.5654869860285895,52.01210661298415,0.0780226346550353,3.8576336551251575,2.552234808977752,5522,50,249,0,0,17,0.0563778690582775,0.017207906537571,0.0001558122649182,5.2976170072203407e-05,0.0007759450792928,0.0,0.0,0,0,0,10,0,0,4,0,0,0,3,0,0,0,0,4,Toby: Tab Management Tool,
0,0,0,0,0,0,0,0,0,0,0,1,0.3466476462196862,29.057142857142857,0.1307655729909652,5.473404255319149,3.631842487520753,2,0,5,0,0,0,0.026595744680851,0.0285714285714285,0.0,0.0,0.0714285714285714,0.0,0.0,0,0,0,0,0,0,1,0,0,0,0,0,0,0,0,1,Pasty,
0,0,1,0,1,1,0,0,0,0,0,13,0.5696650296018281,58.07778981581799,0.0962935755204226,3.252742818828584,2.831576145761291,571,66,55,0,2,8,0.0539366644712248,0.0176752824640148,0.00204302739514,0.0002476396842594,0.0017025228292833,6.190992106485064e-05,0.0,4,0,0,0,0,0,1,0,0,0,0,0,0,0,0,1,__MSG_name__,
1,1,0,0,1,1,1,0,0,0,0,36,0.4543459060285902,36.62762556205179,0.0872224597579978,3.686514408259708,2.769167787024293,87,15,55,0,0,2,0.0376386891308814,0.0011081814360502,0.0001910657648362,2.5475435311500885e-05,0.0007005744710662,0.0,0.0,19,1,0,1,0,0,1,0,0,0,0,0,0,0,0,1,Backit Plugin,
0,0,0,0,0,0,0,0,0,0,1,6,0.5611816457843252,50.43535469107552,0.0854674474604737,3.6455404396246633,2.6245265611579733,25,8,3,0,0,0,0.0444170265268352,0.0035755148741418,0.0011441647597254,0.0,0.000429061784897,0.0,0.0,4,0,0,0,0,0,1,0,0,0,0,0,0,0,0,1,Britannica Insights,
0,0,1,0,0,1,0,0,0,0,0,81,0.4214796004728868,34.76335573426032,0.0880659325259149,3.896576732488359,2.787795688985996,2133,18,153,0,0,1,0.0483095321098632,0.012696504145858,0.0001071434949017,5.952416383430854e-06,0.0009107197066649,0.0,0.0,4,1,0,0,0,0,1,0,0,0,0,0,0,0,0,1,__MSG_manifest_name__,
0,0,0,0,0,0,1,0,0,0,0,0,0.0,0.0,0.0,0.0,0.0,0,0,0,0,0,0,0.0,0.0,0.0,0.0,0.0,0.0,0.0,0,0,0,0,0,0,0,0,0,0,0,0,0,0,0,0,CloudConvert,
0,0,0,0,0,1,0,0,0,0,0,49,0.5373155366000483,46.61203230787505,0.0941278813187438,3.3398867383624844,2.846087485659742,903,12,54,0,0,0,0.0536961465456244,0.0107257393989785,0.0001425347428435,0.0,0.000641406342796,0.0,0.0,11,0,0,0,0,0,5,0,0,0,0,0,0,0,0,5,__MSG_internet_connection_monitor__,
0,0,0,0,0,1,0,0,0,0,0,5,0.3018221003134796,18.002978406552494,0.0741771159874608,5.989904988123516,3.718792996161964,109,2,17,0,0,0,0.0340459224069675,0.0405807892777364,0.0007446016381236,0.0,0.0063291139240506,0.0,0.0,9,0,0,8,0,0,2,0,0,0,0,0,0,0,0,2,Bulk URL Opener Extension,
0,0,0,0,0,1,0,0,0,0,1,442,0.4839914638122896,45.57940013320232,0.0844989199640549,4.063287192427602,2.4994464634563966,3102,110,586,0,0,11,0.0462979419611835,0.0044239142371029,0.0001568763913866,1.5687639138663043e-05,0.0008357233213869,0.0,0.0,1,3,0,0,0,0,7,0,0,0,0,0,0,0,0,7,__MSG_extensionName__,
0,0,0,0,0,1,0,0,0,0,0,0,0.0016339640652279,7036.439824945295,0.0498090081014146,27.804249011857703,3.4710657856349045,4,0,6,0,0,0,0.0288088393819619,0.0087527352297593,0.0,0.0,0.0131291028446389,0.0,0.0,0,0,0,1,0,0,2,0,0,0,1,0,0,0,0,2,PttChrome,
0,0,0,0,0,1,0,0,0,0,0,50,0.5280431673751738,56.30010180906884,0.0823402009393204,3.884089217422551,2.901456187938784,163,11,51,0,0,2,0.0878108878108878,0.0042550969796642,0.0002871537839037,5.22097788915864e-05,0.0013313493617354,0.0,0.0,0,0,0,0,0,0,4,0,0,0,0,0,0,0,0,4,__MSG_appName__,
0,0,0,0,0,0,0,0,0,0,0,3,0.3901320496367654,33.25343911958539,0.0869297198545193,5.157719977863863,2.9978208213812896,94,13,16,0,0,1,0.0765541413023427,0.0060144602981636,0.0008317870625119,6.398362019323054e-05,0.0010237379230916,0.0,0.0,11,0,0,0,0,0,0,0,0,0,0,0,0,0,0,0,feedly,
0,0,0,0,0,1,0,0,0,0,0,13,0.5080660679791718,53.24795664534471,0.0892675972607877,3.5923092392302243,2.775124678496535,650,9,17,0,0,2,0.0363291393797378,0.0288734896943852,0.0003997867803837,8.884150675195451e-05,0.0007551528073916,0.0,0.0,0,0,0,0,0,0,3,0,0,0,0,0,0,0,0,3,Tabliss - A Beautiful New Tab,
1,0,0,0,1,1,0,0,0,0,0,56,0.2558178664726542,132.81430745814308,0.0864618610954653,3.044187207892899,3.0822883373141057,87,6,31,0,0,0,0.0286560066599057,0.0009808895653644,6.764755623203112e-05,0.0,0.0003495123738654,0.0,0.0,0,0,0,0,0,0,0,0,0,0,0,0,0,0,0,0,__MSG_appName__,
0,0,0,0,0,1,1,0,0,0,0,68,0.3283311854644965,29.063586966919853,0.0751785913162458,5.29896561051365,3.4499546987777525,408,44,132,0,0,0,0.0551456757420586,0.0039030363326764,0.0004209156829356,0.0,0.001262747048807,0.0,0.0,2,1,0,30,1,0,25,0,0,0,0,1,0,0,0,25,Checker Plus for Google Calendar™,
0,0,1,0,1,1,0,0,0,0,0,69,0.5096767872267253,44.06133734433409,0.0664624470597059,5.533708927075193,2.395000815796012,458,58,137,0,0,2,0.0656207594065355,0.0020261452365679,0.0002565860779933,8.8477957928731e-06,0.0006060740118118,0.0,0.0,6,0,0,0,0,0,9,0,2,0,0,0,0,0,0,9,Web Highlights: PDF & Web Highlighter + Notes & AI Summary,
0,1,1,0,1,1,1,1,0,0,0,214,0.3721994057418438,49.88818888136332,0.0759873893874101,5.184388137876454,2.7843819453004874,11821,95,327,0,2,21,0.0417696071063457,0.0230068275062085,0.0001848954075873,4.087161641404115e-05,0.00063642945559,3.892534896575348e-06,0.0,0,0,0,0,0,0,2,0,0,0,0,0,0,0,0,2,__MSG_appName__,
0,0,0,0,0,0,0,0,0,0,0,0,0.0,0.0,0.0,0.0,0.0,0,0,0,0,0,0,0.0,0.0,0.0,0.0,0.0,0.0,0.0,0,0,0,0,0,0,0,0,0,0,0,0,0,0,0,0,Nebula,
0,0,0,0,1,0,0,0,0,0,0,1,0.3258908434821831,33.6640625,0.0956247180875056,6.092544987146529,3.3034855935824936,4,0,0,0,0,0,0.0359897172236503,0.03125,0.0,0.0,0.0,0.0,0.0,0,0,0,0,0,0,0,0,0,0,0,0,0,0,0,0,Odoo Debug,
0,1,0,0,1,1,0,1,0,0,0,22,0.381630768683196,34.65835204529923,0.0814888103425617,6.089584190333873,3.182786740430648,108,9,47,0,0,4,0.0490022414936575,0.0013179732500244,0.0001098311041687,4.881382407497803e-05,0.0005735624328809,0.0,0.0,12,1,0,0,0,0,2,0,0,0,0,0,0,0,0,2,Privacy | Protect Your Payments,
1,1,1,0,1,1,1,1,0,0,1,20,0.4826409920070157,35.1418307048847,0.0914508458272927,3.691028443991474,2.787683887078843,22,64,19,0,0,2,0.0258658951555898,0.0002110433214381,0.0006139442078201,1.918575649437857e-05,0.0001822646866965,0.0,0.0,0,0,0,0,0,0,4,0,0,0,0,0,0,0,0,4,J2TEAM Security,
0,0,0,0,0,0,1,0,0,0,0,0,0.0,0.0,0.0,0.0,0.0,0,0,0,0,0,0,0.0,0.0,0.0,0.0,0.0,0.0,0.0,0,0,0,0,0,0,0,0,0,0,0,0,0,0,0,0,__MSG_appName__,
0,0,0,0,0,0,0,0,0,0,0,0,0.3432020501753439,13.74751491053678,0.1021041273266792,6.053780202650039,3.523401240822097,11,6,3,0,0,0,0.0966484801247077,0.0109343936381709,0.0059642147117296,0.0,0.0029821073558648,0.0,0.0,20,1,0,0,0,1,3,0,0,0,0,0,0,0,0,3,__MSG_AppName__,
0,0,0,0,1,1,0,0,0,0,0,0,0.2456211812627291,27.226053639846743,0.0908350305498981,7.312989045383412,3.69080464179248,8,0,1,0,0,0,0.0344287949921752,0.0306513409961685,0.0,0.0,0.003831417624521,0.0,0.0,0,0,0,0,0,0,1,0,0,0,0,0,0,0,0,1,__MSG_name__,
0,0,0,0,0,0,0,0,0,0,1,12,0.3960152786563035,43.11508982035928,0.1189009574950387,3.6222339052717114,3.292796100480379,158,25,17,0,0,1,0.0573053577402858,0.0189221556886227,0.0029940119760479,0.0001197604790419,0.0020359281437125,0.0,0.0,5,0,1,0,0,0,2,0,0,0,0,0,0,0,0,2,__MSG_extName__,
0,0,1,0,0,1,0,0,0,0,0,8,0.3741843266422223,15.575351870923448,0.0881445114246058,5.967204843592331,3.414613395162219,57,22,15,0,0,0,0.0504540867810292,0.01956745623069,0.0075523515276347,0.0,0.0051493305870236,0.0,0.0,0,0,0,0,0,0,5,0,0,0,0,0,0,0,0,5,__MSG_name__,
0,0,0,0,0,0,0,0,0,0,0,0,0.0,0.0,0.0,0.0,0.0,0,0,0,0,0,0,0.0,0.0,0.0,0.0,0.0,0.0,0.0,0,0,0,0,0,0,0,0,0,0,0,0,0,0,0,0,__MSG_appName__,
0,0,0,0,0,0,0,0,0,0,0,0,0.0,0.0,0.0,0.0,0.0,0,0,0,0,0,0,0.0,0.0,0.0,0.0,0.0,0.0,0.0,0,0,0,0,0,0,0,0,0,0,0,0,0,0,0,0,Pixlr Express,
0,1,0,0,0,1,0,0,0,0,0,28,0.5931728253003938,68.8812958233035,0.060171317020632,4.308932703806669,2.626401638882814,310,9,42,0,0,3,0.0602761426996132,0.0056963304606677,0.0001653773359548,5.5125778651623456e-05,0.0007717609011227,0.0,0.0,0,0,1,0,0,0,0,0,0,0,0,0,0,0,0,0,Scite,
0,0,0,0,0,1,1,1,0,0,1,21,0.6041950880986718,51.52486814874157,0.0740776203783574,3.6886413317639146,2.648814993784122,493,10,72,0,0,0,0.0456700857575248,0.0054854574181632,0.0001112668847497,0.0,0.0008011215701982,0.0,0.0,0,0,0,3,0,0,1,0,0,0,0,0,0,0,0,1,__MSG_app_appName__,
0,0,0,0,0,1,0,0,0,0,0,118,0.4150277280760625,36.22549893826843,0.0976798061897007,3.710894099170873,3.0473026998121795,1051,37,212,0,0,2,0.0469914943251214,0.0039711027650361,0.0001398009536692,7.556808306443691e-06,0.000801021680483,0.0,0.0,2,0,0,0,0,0,2,0,0,0,0,0,0,0,0,2,__MSG_appName__,
0,0,0,0,0,1,0,1,0,0,0,185,0.4360596590355305,50.14679103255258,0.052511145951395,6.496144355939295,2.25480171906111,3403,67,192,0,0,6,0.0427268710236226,0.0060586530312849,0.0001192858516297,1.0682315071322257e-05,0.0003418340822823,0.0,0.0,0,0,1,0,0,0,3,0,0,0,0,0,0,0,0,3,"Careerflow AI Job Application Tracker, ATS Resume Checker, Autofill & more",
0,0,0,0,1,1,0,0,0,0,0,17,0.4632705423347766,22.73677913376406,0.102339918238962,4.199937563855148,2.9332929173821487,83,15,13,0,0,1,0.0609887614939266,0.0049653027039961,0.0008973438621679,5.9822924144532185e-05,0.0007776980138789,0.0,0.0,25,0,1,2,0,1,27,0,0,0,1,0,3,0,0,27,JSON-handle,
0,0,0,0,0,0,0,0,0,0,0,0,0.0,0.0,0.0,0.0,0.0,0,0,0,0,0,0,0.0,0.0,0.0,0.0,0.0,0.0,0.0,0,0,0,0,0,0,0,0,0,0,0,0,0,0,0,0,Quizizz Student,
0,0,0,0,0,0,0,0,0,0,0,0,0.0,0.0,0.0,0.0,0.0,0,0,0,0,0,0,0.0,0.0,0.0,0.0,0.0,0.0,0.0,0,0,0,0,0,0,0,0,0,0,0,0,0,0,0,0,Carbon Blackout,
1,1,0,0,0,1,1,0,0,0,0,20,0.5423062077494538,48.25505219806532,0.077946636824927,4.153510028653296,2.8154669527733747,69,5,40,0,0,1,0.0627626552053486,0.0033042811991188,0.0002394406666028,4.7888133320563166e-05,0.0019155253328225,0.0,0.0,31,1,2,0,0,0,3,0,0,0,0,0,0,0,0,2,__MSG_EXT_NAME__,
0,0,1,0,1,1,1,1,0,0,0,752,0.4172532451856006,47.59198457774666,0.0892886296030997,4.607047281448159,2.984294776901469,5772,1014,523,0,0,13,0.0487922415066377,0.008316259930669,0.0014609645824148,1.8730315159164454e-05,0.0007535349867879,0.0,0.0,472,145,2,6,0,3,27,0,0,0,3,0,0,0,0,24,壹伴 · 小插件,
0,0,0,0,0,1,0,0,0,0,0,14,0.405343869909208,27.577225340817964,0.0897236580926028,4.616642958748222,2.7493688739152624,47,21,33,0,0,0,0.0696222538327801,0.0025126971398021,0.0011226944667201,0.0,0.0017642341619887,0.0,0.0,42,2,0,11,0,0,22,0,0,0,2,0,0,0,0,22,__MSG_extName__,
0,0,1,0,1,1,0,1,0,0,0,0,0.5621150653904032,54.66258451333079,0.0778003353787961,3.4098145317376822,2.8341744804129374,420,0,56,0,0,0,0.0431693703223656,0.0041214048102681,0.0,0.0,0.000549520641369,0.0,0.0,63,0,0,0,0,0,6,0,0,0,0,0,0,0,0,6,Southwest Airlines Rapid Rewards Shopping®,
0,0,0,0,0,0,0,0,0,0,0,0,0.0,0.0,0.0,0.0,0.0,0,0,0,0,0,0,0.0,0.0,0.0,0.0,0.0,0.0,0.0,0,0,0,0,0,0,0,0,0,0,0,0,0,0,0,0,Arcane Legends,
0,1,0,0,0,0,0,0,0,0,0,1,0.488476821192053,29.47830474268416,0.0961258278145695,3.3692073170731707,3.035978918226873,30,0,2,0,0,0,0.0426829268292682,0.0302724520686175,0.0,0.0,0.0020181634712411,0.0,0.0,1,0,0,1,0,1,2,0,0,0,0,0,0,0,0,2,Wolfram|Alpha (Official),
0,0,0,0,0,0,0,0,0,0,0,0,0.2570307390451275,30.22448979591837,0.0850228907782864,5.093922651933702,3.3102810166215213,1,0,0,0,0,0,0.0441988950276243,0.0204081632653061,0.0,0.0,0.0,0.0,0.0,0,0,0,0,0,0,0,0,0,0,0,0,0,0,0,0,PWA Install Block,
0,0,0,0,1,1,0,0,0,0,0,120,0.40649782453513,49.69345242612352,0.0708533365648381,6.760855758644391,2.8692486683908816,575,178,292,0,0,14,0.0731548082889214,0.0021817657504515,0.0006753987888354,5.312125305447205e-05,0.0011079575637075,0.0,0.0,240,18,5,33,3,3,21,0,0,0,1,0,0,0,0,20,__MSG_extensionName__,
0,0,0,0,0,0,0,0,0,0,0,0,0.0,0.0,0.0,0.0,0.0,0,0,0,0,0,0,0.0,0.0,0.0,0.0,0.0,0.0,0.0,0,0,0,0,0,0,0,0,0,0,0,0,0,0,0,0,Under The Leaf,
0,0,0,0,1,0,0,0,0,0,0,0,0.3337090727973366,32.615859030837,0.0935591265368181,6.415782907049283,3.5227662609474173,8,3,7,0,0,1,0.1129132875857766,0.0070484581497797,0.0026431718061674,0.0008810572687224,0.0061674008810572,0.0,0.0,0,0,0,1,0,2,9,0,0,0,1,0,0,0,0,9,AutoPagerize,
0,0,0,0,0,0,0,0,0,0,0,1,0.2890988770199945,37.23560209424084,0.0778782068839587,5.552488687782805,3.5241685837331387,54,5,16,0,0,0,0.0248868778280542,0.094240837696335,0.0087260034904013,0.0,0.0279232111692844,0.0,0.0,0,0,0,0,0,0,0,0,0,0,0,0,0,0,0,0,Squarespace ID Finder,
0,0,0,0,1,1,1,0,0,0,1,166,0.5003986328094081,49.28489731201,0.0800400358324391,4.024995438922223,2.63987445452254,6358,128,216,0,0,1,0.035377111376024,0.0103501940457895,0.0002083713176881,1.6279009194384392e-06,0.0003516265985987,0.0,0.0,0,0,0,0,0,0,11,0,0,0,0,0,2,0,0,11,__MSG_appName__,
1,1,0,0,1,1,0,1,0,0,1,23,0.3617178935016293,44.1941825247157,0.0891520164283302,5.945351440083569,3.268669961019604,331,30,74,0,0,0,0.0568571854947022,0.0189153665923767,0.0017143836790673,0.0,0.0042288130750328,0.0,0.0,16,1,1,5,0,1,26,0,1,0,0,0,0,0,0,26,__MSG_appName__,
0,0,0,0,1,1,1,1,0,0,1,219,0.4215613210695395,35.29209400804574,0.0940052283079128,3.758032654515479,2.754106026786536,1011,70,276,0,0,14,0.035087423405038,0.0021405886089349,0.0001482108829134,2.96421765826805e-05,0.0005843743383442,0.0,0.0,108,4,15,0,0,0,8,0,0,0,0,0,0,0,0,7,__MSG_EXTENSION_NAME__,
0,0,0,0,1,1,0,0,0,0,0,22,0.5352854373426695,58.22480454107315,0.0786580249414079,4.353652872602295,2.8235646744033587,103,7,42,0,0,0,0.0289582462495936,0.0110313805290778,0.0007497054728499,0.0,0.0044982328370997,0.0,0.0,0,0,0,8,0,0,3,0,1,0,0,0,0,0,0,3,Prompt Security Browser Extension,
0,0,1,0,0,1,0,1,0,0,1,0,0.5396457141580264,74.0495555928224,0.0559528065784769,3.892131666255015,2.932728292243349,0,0,0,0,0,0,0.0279967690900716,0.0,0.0,0.0,0.0,0.0,0.0,0,2,0,0,0,0,0,0,0,0,0,0,0,0,0,0,__MSG_extension_name__,
0,1,0,0,0,1,0,1,0,0,0,10,0.4673488396483548,46.00347718919871,0.0789466127121151,4.256063895729107,2.770272095529246,204,7,88,0,0,0,0.0388661759774549,0.001496511807038,5.1350895339539455e-05,0.0,0.0006455541128399,0.0,0.0,0,0,0,0,0,0,2,0,0,0,0,0,0,0,0,2,__MSG_extName__,
0,1,0,0,0,0,0,0,0,0,0,27,0.5404580295207775,46.75680356683529,0.0752730991501986,3.8371928076567463,2.755587543435253,116,5,81,0,0,1,0.060326011238564,0.0019891966046471,8.574123295892996e-05,1.714824659178599e-05,0.0013890079739346,0.0,0.0,11,3,0,2,0,0,4,0,0,0,0,0,0,0,0,4,__MSG_extName__,
0,0,1,0,0,1,0,0,0,0,1,64,0.4903412495432955,46.74416405008334,0.0768637194008038,3.196048127617695,2.6266346351177647,187,18,81,0,1,6,0.0326593025039046,0.0014497809822847,0.0001395511105942,4.651703686475172e-05,0.0006279799976741,7.75283947745862e-06,0.0,11,4,0,2,0,0,52,0,1,0,0,0,0,0,0,52,__MSG_name__,
0,0,0,0,0,1,0,0,0,0,1,2,0.4021859733377494,52.70053357047577,0.1170447958930197,3.680153930731171,3.273480408216207,142,17,61,0,0,0,0.0756826094923951,0.0315695864828812,0.0037794575366829,0.0,0.0135615829257447,0.0,0.0,24,0,0,0,0,0,2,0,0,0,0,1,12,0,0,2,__MSG_name__,
1,1,1,0,0,1,0,0,0,0,0,27,0.3315347471832806,57.217780654906406,0.0817833153104066,5.1433692724799815,3.0701502201947246,298,7,9,0,0,0,0.0410282739301573,0.0160759561957166,0.0003776231321141,0.0,0.0004855154555753,0.0,0.0,3,0,0,0,0,0,1,0,0,0,0,0,0,0,0,1,穿梭Transocks回国加速器 - 海外华人回国追剧听歌,
0,1,0,0,0,1,0,0,0,0,0,139,0.5232819036018841,46.97786397998226,0.0843889843812303,4.051859790881567,2.774387809353576,963,42,77,0,0,3,0.0594938813678472,0.006374697152238,0.0002780241748639,1.985886963314048e-05,0.0005097109872506,0.0,0.0,0,0,0,0,0,0,3,0,0,0,0,0,0,0,0,3,__MSG_ext_fulltitle__,
0,0,0,0,0,0,0,0,0,0,0,0,0.0,0.0,0.0,0.0,0.0,0,0,0,0,0,0,0.0,0.0,0.0,0.0,0.0,0.0,0.0,0,0,0,0,0,0,0,0,0,0,0,0,0,0,0,0,Shaded Purple,
0,0,0,0,0,1,1,0,0,0,1,11,0.4625112250300131,58.03387047110746,0.0775707166024387,2.9274533074316933,2.822396788115142,125,5,15,0,0,0,0.0248695525336975,0.0064148619521707,0.0002565944780868,0.0,0.0007697834342604,0.0,0.0,0,0,0,0,0,0,1,0,0,0,0,0,0,0,0,1,Cursor Trails - Custom Cursor Trails,
0,0,1,0,0,1,0,0,0,0,1,41,0.4079460079155758,36.620388878793385,0.0914904340041284,3.7451477644414335,2.9447042831418258,80,8,43,0,0,0,0.019034307862999,0.0024229208310618,0.0002422920831061,0.0,0.0013023199466957,0.0,0.0,10,0,0,0,0,0,2,0,0,0,0,0,0,0,0,2,Analytics Debugger,
0,0,0,0,0,0,0,0,0,0,1,10,0.3546566563606795,38.67504845455473,0.0978087457335141,6.623767993775126,3.300654457193174,54,8,22,0,0,7,0.0908280378679808,0.0027542589003366,0.0004080383556054,0.0003570335611547,0.0011221054779149,0.0,0.0,2,0,0,0,0,0,1,0,0,0,0,0,0,0,0,1,__MSG_appName__,
0,0,0,0,0,1,1,0,1,0,0,283,0.4339340728202055,56.25861002215564,0.080057039545538,3.818956699771421,2.614869798763661,1748,65,202,0,0,13,0.049367595945294,0.0044876090132138,0.0001668733328712,3.3374666574244514e-05,0.0005185909729228,0.0,0.0,42,0,0,3,0,0,71,0,0,0,0,0,0,0,0,71,__MSG_extName__,
1,1,1,0,1,1,0,0,1,0,1,65,0.5363893525229158,48.79452334606974,0.059763867175105,5.676169123554359,1.8445461842732709,679,4,41,0,0,4,0.0550791248622087,0.0081585081585081,4.8061903732006825e-05,4.8061903732006825e-05,0.000492634513253,0.0,0.0,0,0,0,0,0,0,3,0,0,0,0,0,0,0,0,3,__MSG_appName__,
0,1,0,0,0,1,0,0,0,0,0,276,0.4529986651374415,52.05101748937561,0.0901398100998181,4.333651999735134,3.0938053924581164,418,51,308,0,0,0,0.0611384253741226,0.0085403726708074,0.0010420071918927,0.0,0.0062929061784897,0.0,0.0,0,0,0,0,0,0,1,0,0,0,0,0,0,0,0,1,InstaText,
0,0,0,0,0,1,0,0,0,0,0,33,0.5716805882270901,37.20803867801992,0.0774930382512645,3.273701824006042,2.542289868783384,321,32,71,0,0,1,0.030125561151243,0.0017818088968327,0.00017762580903,5.550806532189127e-06,0.0003941072637854,0.0,0.0,1,0,0,0,0,0,0,0,0,0,0,0,0,0,0,0,Rabatta,
0,0,0,0,0,0,0,0,0,0,0,0,0.0,0.0,0.0,0.0,0.0,0,0,0,0,0,0,0.0,0.0,0.0,0.0,0.0,0.0,0.0,0,0,0,0,0,0,0,0,0,0,0,0,0,0,0,0,iPiccy Photo Editor,
0,0,0,0,1,1,0,0,0,0,0,10,0.6142189971247307,47.47288065405412,0.0724901488170818,3.374463379896126,2.3510511420753293,55,5,4,0,0,1,0.0429270852650395,0.0001301482506891,1.1831659153563104e-05,2.366331830712621e-06,9.465327322850483e-06,0.0,0.0,8,0,0,0,2,0,6,0,0,0,0,0,0,0,0,6,Automa,
0,0,0,0,1,1,1,0,0,0,1,174,0.4018291774316595,32.61487909435219,0.0895282767907713,5.66646057990414,3.2106565003590246,483,326,153,0,0,7,0.0767505619865963,0.001005119240854,0.000678403462771,1.4566945519623757e-05,0.0003183918092146,0.0,0.0,568,1,0,1,1,0,47,0,0,0,1,0,0,1,0,47,__MSG_extName__,
0,0,0,0,1,1,1,0,0,0,1,8,0.5698393966215041,48.658339594290005,0.0775594035812359,4.093656183867316,2.6751233873484503,91,10,9,0,0,0,0.0486244401791426,0.0170924117205108,0.0018782870022539,0.0,0.0016904583020285,0.0,0.0,0,0,0,1,0,0,1,0,0,0,0,0,0,0,0,1,__MSG_appName__,
0,1,0,0,1,1,0,1,1,0,1,53,0.4601018657573927,35.40455252918288,0.0864864864864864,5.7019901857794535,3.204603961330444,279,32,81,0,0,3,0.0760961851174972,0.0108560311284046,0.0012451361867704,0.0001167315175097,0.0031517509727626,0.0,0.0,12,0,0,9,3,0,3,0,0,0,0,0,0,1,0,3,"EverSync - Sync bookmarks, backup favorites",
0,0,1,0,1,1,0,1,0,0,0,455,0.5145000178296434,47.80708558039952,0.0776240941454831,4.183273165203643,2.688733483727378,1782,82,972,0,2,15,0.0583952305100533,0.00299945464461,0.0001380220431302,2.5247934718939992e-05,0.0016360661697873,3.3663912958586656e-06,0.0,0,1,0,0,0,0,5,0,0,0,0,0,0,0,0,5,Jam,
0,1,0,0,0,1,0,0,0,0,0,418,0.4631631470954199,53.85521635110796,0.0857761137565037,3.802681714482632,2.545850288929038,725,202,376,0,0,5,0.0666224639798994,0.00216545251984,0.0006033398744933,1.4934155309241557e-05,0.0011230484792549,0.0,0.0,10,0,0,0,0,0,2,0,0,0,0,0,0,0,0,2,__MSG_name__,
0,0,1,0,1,1,0,1,0,0,1,583,0.4801951059642566,54.42311973487819,0.0826193468669914,4.147003445061808,2.8496555295244144,903,174,521,0,3,6,0.0577724761896443,0.0057109969895519,0.0011004578916744,3.794682385084368e-05,0.0032950492043815,1.897341192542184e-05,0.0,1,0,1,0,0,0,2,0,0,0,0,0,0,0,0,2,Functionize Architect,
0,0,0,0,1,1,1,0,0,0,0,121,0.430130207756335,39.34564958283672,0.0946063117157438,4.146170927859801,3.2133945052701183,139,9,9,0,0,0,0.0370603769055335,0.0082836710369487,0.0005363528009535,0.0,0.0005363528009535,0.0,0.0,24,0,0,1,0,0,2,0,0,0,0,0,0,0,0,2,Email Finder for LinkedIn - LeadLeaper,
0,0,0,0,0,0,0,0,0,0,0,0,0.0,0.0,0.0,0.0,0.0,0,0,0,0,0,0,0.0,0.0,0.0,0.0,0.0,0.0,0.0,0,0,0,0,0,0,0,0,0,0,0,0,0,0,0,0,SoundCloud,
0,0,0,0,0,1,0,1,0,0,1,1,0.4760350265787326,40.52014652014652,0.0834638374837329,3.99720605355064,2.5891253176560167,53,0,13,0,0,0,0.019091967403958,0.0485347985347985,0.0,0.0,0.0119047619047619,0.0,0.0,3,0,0,25,1,0,2,0,0,0,0,0,0,0,0,2,__MSG_extName__,
0,1,0,0,0,1,0,0,0,0,1,118,0.4750938791775695,44.21235588463309,0.0843920004570056,4.569771752983431,2.9083538572932297,677,66,173,0,0,9,0.0764027132640271,0.0014033240331159,0.000136808546803,1.865571092768632e-05,0.0003586042211655,0.0,0.0,40,0,1,15,1,1,73,0,1,0,2,0,0,0,0,73,__MSG_app_name__,
0,0,0,0,0,0,0,0,0,0,0,0,0.2685240071132187,12.404761904761903,0.0865441612329579,6.772413793103448,3.077482200509656,0,0,0,0,0,0,0.0551724137931034,0.0,0.0,0.0,0.0,0.0,0.0,0,0,0,0,0,0,0,0,0,0,0,0,0,0,0,0,__MSG_app_name__,
0,0,0,0,0,1,0,0,0,0,0,24,0.5605969753846408,48.56797397115723,0.0818369328550528,3.5786703487497777,2.6445921337092018,246,6,24,0,0,0,0.068410187704212,0.0072106929300035,0.0001758705592683,0.0,0.0007034822370735,0.0,0.0,0,0,0,0,0,0,0,0,0,0,0,0,0,0,0,0,__MSG_extName__,
0,0,0,0,0,0,0,0,0,0,0,0,0.0,0.0,0.0,0.0,0.0,0,0,0,0,0,0,0.0,0.0,0.0,0.0,0.0,0.0,0.0,0,0,0,0,0,0,0,0,0,0,0,0,0,0,0,0,__MSG_appName__,
0,0,0,0,0,0,0,0,0,0,0,3,0.3304597129034184,33.16938775510204,0.0879009297788042,4.856879039704524,3.4937258178607964,12,7,21,0,0,0,0.0321329639889196,0.0081632653061224,0.0047619047619047,0.0,0.0142857142857142,0.0,0.0,0,1,0,0,0,0,0,0,0,0,0,0,0,0,0,0,Click to Remove Element,
0,0,0,0,1,1,0,0,0,0,0,110,0.5567989058077072,47.247125520276846,0.0810880311810428,3.5745105434728224,2.659337839399228,701,31,120,0,0,10,0.0396799433473553,0.0055894876170124,0.000247181335417,7.973591465067696e-05,0.0009568309758081,0.0,0.0,0,0,0,0,0,0,2,0,0,0,0,0,0,0,0,2,MY AD FINDER,
0,0,0,0,0,0,0,0,0,0,0,0,0.0,0.0,0.0,0.0,0.0,0,0,0,0,0,0,0.0,0.0,0.0,0.0,0.0,0.0,0.0,0,0,0,0,0,0,0,0,0,0,0,0,0,0,0,0,World Time Buddy,
0,0,0,0,0,1,0,0,0,0,0,8,0.3185023432911711,91.83058909623124,0.0825847546146478,5.701636661211129,3.3220075910917144,282,26,75,0,0,0,0.0238543371522094,0.1031833150384193,0.0095133552872301,0.0,0.0274423710208562,0.0,0.0,0,0,0,0,0,0,0,0,0,0,0,0,0,0,0,0,__MSG_appName__,
0,0,0,0,0,1,0,0,0,0,1,28,0.321287991565965,62.94623239607027,0.0619913676774541,14.210402099441676,2.81323837118352,405,17,30,0,0,1,0.0702220969758881,0.0196002516575521,0.0008227266127861,4.839568310506703e-05,0.001451870493152,0.0,0.0,31,0,0,2,0,0,3,0,0,0,0,0,0,0,0,3,__MSG_appName__,
1,1,1,0,0,1,0,0,0,0,0,35,0.4184443406970364,74.12052397453857,0.0672813209844109,6.092631551885924,2.8062103965087117,467,9,126,0,1,4,0.0694554538170506,0.0114773034481063,0.0002211900022119,9.830666764973334e-05,0.0030966600309666,2.4576666912433332e-05,0.0,8,0,0,0,0,0,6,0,1,0,0,0,0,0,0,6,__MSG_name__,
0,0,0,0,0,0,0,0,0,0,0,1,0.2103658536585365,28.90909090909091,0.1280487804878048,6.466666666666667,3.726998782998628,0,0,0,0,0,0,0.0333333333333333,0.0,0.0,0.0,0.0,0.0,0.0,0,0,0,0,0,0,0,0,0,0,0,0,0,0,0,0,Twitch Channel Points Auto Clicker,
0,0,0,0,0,1,0,0,0,0,0,35,0.5803197540893459,43.314371134865056,0.0754293593735415,2.785104555092491,2.7142643435866507,135,21,20,0,0,0,0.0683720845214593,0.0055289347585698,0.0008600565179997,0.0,0.000819101445714,0.0,0.0,44,0,0,1,0,0,4,0,0,0,1,0,0,0,0,4,__MSG_appName__,
0,1,0,0,1,1,0,0,0,0,0,1,0.4488568198099447,19.94108078799928,0.112229309258508,3.632315416906741,3.2672750026836024,78,13,13,0,0,0,0.0521853650506214,0.0070486173865895,0.0011747695644315,0.0,0.0011747695644315,0.0,0.0,0,0,0,4,0,0,12,0,0,0,0,0,4,0,0,12,Emsisoft Browser Security,
0,0,0,0,0,0,0,0,0,0,0,0,0.0,0.0,0.0,0.0,0.0,0,0,0,0,0,0,0.0,0.0,0.0,0.0,0.0,0.0,0.0,0,0,0,0,0,0,0,0,0,0,0,0,0,0,0,0,Command & Conquer Tiberium Alliances,
0,1,0,0,0,1,0,1,0,0,1,146,0.4106339468302658,48.90641510071936,0.077766692751296,4.892901303973598,3.08938588477468,1044,140,137,0,0,3,0.0589039845725387,0.0029416985773337,0.0003944806521328,8.453156831418693e-06,0.0003860274953014,0.0,0.0,22,1,0,24,0,5,40,0,0,0,1,0,0,0,0,40,SN Utils - Tools for ServiceNow,
0,0,0,0,0,1,0,0,0,0,0,52,0.5025671429301808,35.095696921302455,0.0943894506255137,3.793023808894644,2.4070623228327204,287,6,117,0,0,2,0.0528499326163359,0.0050927158193594,0.0001064679265371,3.548930884571023e-05,0.002076124567474,0.0,0.0,7,0,0,2,0,0,1,0,0,1,0,0,0,0,0,1,GPT Workspace,
0,0,0,0,0,0,0,0,0,0,1,9,0.3544300921923608,38.65810810810811,0.098548017643384,6.524129361059552,3.274267351779037,48,8,22,0,0,6,0.094677069242143,0.0024024024024024,0.0004004004004004,0.0003003003003003,0.0011011011011011,0.0,0.0,2,0,0,0,0,0,1,0,0,0,0,0,0,0,0,1,__MSG_appName__,
0,0,0,0,1,0,0,0,0,0,0,0,0.3419343032299387,12.978260869565217,0.0886631896788361,5.458132820019249,3.335956969722369,13,0,0,0,0,0,0.0317613089509143,0.0166240409207161,0.0,0.0,0.0,0.0,0.0,0,0,0,2,0,0,1,0,0,0,0,0,0,0,0,1,Shodan,
0,0,1,0,0,1,0,0,0,0,0,12,0.3911427941885709,50.04340474060383,0.0979553834609405,4.05613139937342,3.106351051003461,79,9,61,0,0,0,0.033380503087309,0.0007766646676563,8.848078492287425e-05,0.0,0.0005997030978105,0.0,0.0,1,0,1,0,0,0,2,0,0,0,0,0,0,0,0,2,__MSG_extensionName__,
0,0,1,1,1,1,1,0,1,0,1,50,0.4572954429931906,39.54276739836956,0.0788576469982332,5.145719727891157,2.5307905242451687,225,33,74,0,1,7,0.0737306122448979,0.0040851898251538,0.0005991611743559,0.0001270947945603,0.001343573542495,1.8156399222906117e-05,0.0,12,0,0,4,0,5,31,0,0,0,0,0,0,0,0,30,Ads Killer,
0,0,0,0,1,1,1,0,0,0,0,99,0.4566013637418685,36.37157682001907,0.1016666403364755,3.831838678172691,3.1540757668325403,385,11,133,0,0,4,0.0604719369959063,0.0043712248512648,0.0001248921386075,4.541532313002407e-05,0.0015100594940733,0.0,0.0,4,0,0,4,0,1,3,0,0,0,0,0,0,0,0,3,Readwise Highlighter,
0,0,0,0,0,1,0,0,1,0,0,11,0.5259154187521531,40.63921700978738,0.1076820198990861,3.0897901215086003,2.868879389567481,39,3,5,0,0,0,0.0576376834464257,0.0065811677354033,0.0005062436719541,0.0,0.0008437394532568,0.0,0.0,12,0,0,8,0,1,18,0,0,0,5,0,0,0,0,17,Extensity,
0,0,0,0,0,0,0,0,0,0,0,37,0.2246892262400621,36.85596203887953,0.0538000533794877,6.802003565241407,3.2065405687583888,276,24,147,0,0,0,0.018529212382937,0.0211235267105464,0.0018368284096127,0.0,0.011250574008878,0.0,0.0,5,5,1,53,0,1,54,0,0,0,0,0,0,0,0,54,MYNT: Material You New Tab,
0,0,0,0,0,1,1,0,0,0,0,24,0.3117471914214245,47.820932386539056,0.0435117681181416,5.944822086097772,3.097426477290329,151,11,18,0,0,2,0.0277773064327286,0.0021190603160346,0.0001543686322939,2.8067024053439613e-05,0.0002526032164809,0.0,0.0,3,0,0,0,0,0,18,0,4,0,0,0,0,0,0,18,__MSG_extTitle__,
0,0,0,0,1,1,1,1,0,0,0,296,0.3400951101847534,32.80961045224368,0.0812833454712416,6.943616010227168,3.480615971817855,847,111,147,0,0,0,0.0288480138605034,0.0185676392572944,0.0024333033737422,0.0,0.0032224828463072,0.0,0.0,20,0,0,26,0,14,3,0,0,0,2,0,0,0,0,3,__MSG_extName__,2.0
0,0,0,0,0,0,0,0,0,0,0,1,0.1859688195991091,17.367346938775512,0.1135857461024498,7.2375,3.339941568352156,6,0,2,0,0,0,0.04375,0.0612244897959183,0.0,0.0,0.0204081632653061,0.0,0.0,11,0,0,2,0,0,1,0,0,0,0,0,0,0,0,1,Youtube TV On PC,
0,1,0,0,1,1,1,1,0,0,1,248,0.3560224781575088,71.0283791867532,0.0678833280042722,7.31292866981443,3.077938774622679,8804,47,264,0,0,4,0.0490635222353051,0.0221282756332597,0.0001181314123992,1.0053737225470138e-05,0.000663546656881,0.0,0.0,1,0,0,0,0,0,13,0,0,0,0,0,0,0,0,13,__MSG_appName__,
1,1,0,0,1,0,0,0,0,0,0,3,0.2654083460492271,20.952427184466018,0.0717176408147017,5.926741625130404,3.3302857320287917,17,2,4,0,0,0,0.0052161817549553,0.004126213592233,0.0004854368932038,0.0,0.0009708737864077,0.0,0.0,0,0,0,0,1,0,2,0,0,0,0,0,0,0,0,2,__MSG_extensionName__,
0,1,0,0,0,1,1,0,0,0,1,22,0.4845494296663559,32.83519134564108,0.08307927630147,3.762697043277301,2.591877526911273,51,3,68,0,0,0,0.0243127395944753,0.0012951065288605,7.618273699179766e-05,0.0,0.0017268087051474,0.0,0.0,3,1,0,0,0,0,3,0,0,0,0,0,0,0,0,3,__MSG_extName__,
0,0,0,0,0,1,0,0,0,0,1,62,0.5262439584597698,46.182994671195175,0.0777776812482754,3.8943892234282234,2.6926710957509115,858,9,79,0,0,0,0.0489899296145827,0.0167476723077824,0.0001756748843473,0.0,0.001542035095938,0.0,0.0,0,0,0,0,0,0,2,0,0,0,0,0,0,0,0,2,Chessvision.ai Chess Position Scanner,
0,0,0,0,0,1,0,0,0,0,0,7,0.3246098092199799,52.24914982354829,0.0645464870026781,4.781857817761472,3.155568024934289,85,9,10,0,0,0,0.0270329697944413,0.0027269810715431,0.000288739172281,0.0,0.0003208213025344,0.0,0.0,31,1,0,8,0,0,5,0,0,0,0,0,0,0,0,5,Google Translate Plus,
0,0,1,0,1,1,1,1,0,0,0,56,0.2835274732930897,50.08741781908864,0.074276118810194,7.447571861070459,3.0876362712655894,172,13,33,0,3,1,0.043418274440584,0.0038993425527091,0.0002947177510768,2.2670596236681024e-05,0.0007481296758104,6.801178871004307e-05,0.0,7,1,0,3,0,0,2,0,0,0,0,0,0,0,0,2,Slickdeals: Automatic Coupons and Deals,
0,0,0,0,0,1,0,0,0,0,0,38,0.5136077165031382,40.203177531165394,0.0939304313165944,3.470845292384527,2.7140281987704946,96,8,28,0,0,0,0.0512976680801821,0.0028562077891166,0.0002380173157597,0.0,0.000833060605159,0.0,0.0,2,0,0,0,0,0,1,0,0,0,0,0,0,0,0,1,__MSG_appName__,
0,1,0,0,0,1,0,0,0,0,0,17,0.5808566141836856,46.89677334300122,0.0889045321706842,3.112770640553409,2.552713305558948,32,4,14,0,0,0,0.0394319168688048,0.0010546784878547,0.0001318348109818,0.0,0.0004614218384364,0.0,0.0,0,0,0,0,0,0,1,0,0,0,0,0,0,0,0,1,FACEIT Mappio,
0,0,0,0,1,1,0,0,0,0,1,190,0.5538261312282035,50.31596677997842,0.0831373404061134,3.632849207341309,2.6703106851829257,787,130,372,0,0,21,0.0510087600780569,0.0026699506720676,0.0004410337831877,7.124391882264336e-05,0.0012620351334296,0.0,0.0,0,0,0,0,0,0,18,0,0,0,0,0,0,0,0,18,__MSG_extName__,
0,0,1,0,0,1,0,1,0,0,0,15,0.3666894057033094,31.73685370152761,0.0934080729564038,6.403088014077711,3.362839196450325,39,1,52,0,1,0,0.0771435869781171,0.002864277320799,7.344300822561692e-05,0.0,0.003819036427732,7.344300822561692e-05,0.0,1,0,0,1,0,0,1,0,0,0,0,0,0,0,0,1,__MSG_extName__,
0,1,1,0,0,1,0,1,0,0,1,73,0.3991143015312489,38.557933316365485,0.0958931890987077,3.879728074814217,3.071750499502082,399,17,80,0,3,1,0.0457244380120051,0.0040621023161109,0.0001730720285059,1.0180707559175364e-05,0.000814456604734,3.054212267752609e-05,0.0,0,0,2,0,0,0,3,0,0,0,0,0,0,0,0,3,Points Path for Google Flights,
0,0,0,0,0,1,0,1,0,0,0,98,0.3750086522370352,38.48185083161896,0.0777366653157953,4.7738414665515805,3.1581576026121385,1013,8,155,0,0,4,0.0423262699995998,0.0044152515778095,3.486871927194114e-05,1.743435963597057e-05,0.0006755814358938,0.0,0.0,9,4,0,0,0,0,4,0,0,0,0,0,0,0,0,4,Any.do,
0,0,0,0,0,0,0,0,0,0,0,0,0.0,0.0,0.0,0.0,0.0,0,0,0,0,0,0,0.0,0.0,0.0,0.0,0.0,0.0,0.0,0,0,0,0,0,0,0,0,0,0,0,0,0,0,0,0,__MSG_calc_name__,
0,1,1,0,0,1,0,0,0,0,0,13,0.4866825651737524,64.2051271624589,0.0570568898450483,4.318272070082733,2.8147995802485326,11,7,7,0,0,0,0.0167646630059769,6.390073311568357e-05,4.066410289179863e-05,0.0,4.066410289179863e-05,0.0,0.0,5,0,0,0,0,0,2,0,0,0,0,0,0,0,0,2,__MSG_name__,
0,0,0,0,0,1,0,0,0,0,0,1,0.3183488012374323,32.81372549019608,0.0890371229698375,7.233799237611182,3.1534456618873947,11,2,6,0,0,0,0.0228716645489199,0.0359477124183006,0.0065359477124183,0.0,0.0196078431372549,0.0,0.0,0,0,0,2,0,0,2,0,0,0,0,0,0,0,0,2,RevEye Reverse Image Search,
1,1,1,0,0,1,1,1,0,0,0,29,0.4291077602128147,34.70433082331406,0.1071787707218854,3.6329833072675615,3.1321366351065665,176,21,21,0,0,0,0.0691540859425701,0.0073220451803469,0.0008736531181095,0.0,0.0008736531181095,0.0,0.0,115,1,0,1,0,1,5,0,1,0,0,0,0,0,0,5,__MSG_appName__,
0,0,1,0,0,1,0,0,0,0,0,153,0.5585626773022266,58.38321127544692,0.0754172117170576,3.835045648371812,2.66125554366579,2556,61,122,0,0,0,0.0507045689604816,0.0104632741533385,0.0002497103768989,0.0,0.0004994207537978,0.0,0.0,30,0,0,1,0,0,1,0,0,0,0,0,0,0,0,1,Cently: Automatic Coupons + Cashback for Free,
0,0,0,0,0,0,0,0,0,0,0,0,0.0,0.0,0.0,0.0,0.0,0,0,0,0,0,0,0.0,0.0,0.0,0.0,0.0,0.0,0.0,0,0,0,0,0,0,0,0,0,0,0,0,0,0,0,0,Copy Folder,
0,0,0,0,0,1,1,1,0,0,1,64,0.3996100701095887,46.35013812154696,0.0921683408045585,4.761583734617442,3.087366846380353,10,5,26,0,0,0,0.03884430176565,0.0023020257826887,0.0011510128913443,0.0,0.0059852670349907,0.0,0.0,48,2,0,45,0,0,37,0,0,0,0,0,0,0,7,37,__MSG_extension_name__,
0,0,0,0,0,0,0,0,0,0,0,0,0.0,0.0,0.0,0.0,0.0,0,0,0,0,0,0,0.0,0.0,0.0,0.0,0.0,0.0,0.0,0,0,0,0,0,0,0,0,0,0,0,0,0,0,0,0,Plotly,
0,0,0,0,1,1,0,1,0,0,1,24,0.160703180330992,183.5981406467893,0.04791209749435,34.82608013406938,1.9799095368337685,223,10,42,0,0,0,0.0733176207707106,0.0029616840427651,0.0001328109436217,0.0,0.0005578059632113,0.0,0.0,0,0,0,6,0,0,7,0,0,0,0,0,0,0,0,7,Torii - Secure Browsing,
0,0,0,0,0,0,0,0,0,0,0,0,0.0,0.0,0.0,0.0,0.0,0,0,0,0,0,0,0.0,0.0,0.0,0.0,0.0,0.0,0.0,0,0,0,0,0,0,0,0,0,0,0,0,0,0,0,0,SparkChess,
0,0,0,0,0,0,0,0,0,0,0,0,0.0,0.0,0.0,0.0,0.0,0,0,0,0,0,0,0.0,0.0,0.0,0.0,0.0,0.0,0.0,0,0,0,0,0,0,0,0,0,0,0,0,0,0,0,0,Storybird,
1,1,0,0,0,1,0,0,0,0,0,172,0.4047201452324466,42.22642563745625,0.0888664256286064,4.221603635116452,3.2381306781728383,1485,153,253,0,0,5,0.0472995456104435,0.0029115648926054,0.0002999794131775,9.80324879665121e-06,0.0004960443891105,0.0,0.0,38,0,0,0,0,0,3,0,0,0,0,0,0,0,0,3,Suiet | Sui Wallet,
0,0,0,0,0,1,0,1,0,0,0,111,0.5597658187964498,52.28036788977242,0.0712961290464954,3.7052330967859457,2.3451504426443,121,62,82,0,0,3,0.0604890125925737,0.0010538509105794,0.0005399897227762,2.6128534973044066e-05,0.0007141799559298,0.0,0.0,0,0,0,0,0,0,6,0,0,0,0,0,0,0,0,6,__MSG_extName__,
0,0,1,0,1,1,0,0,0,0,1,28,0.3972707327607624,49.29815455594002,0.1005601486085151,4.081939000765869,3.189194444693148,122,9,32,0,1,1,0.07749695904852,0.0058631295655517,0.000432525951557,4.805843906189927e-05,0.0015378700499807,4.805843906189927e-05,0.0,0,0,0,1,1,1,2,0,0,0,0,0,0,0,0,2,SellerAmp SAS - Amazon FBA Analysis Tool,
0,0,0,0,0,0,0,1,0,0,0,153,0.4037306288819239,45.31249118620166,0.0865693190955815,4.144866903477612,2.7733023696205867,379,54,124,0,0,0,0.037350348638337,0.0041112979335032,0.0005857785973856,0.0,0.0013451212236264,0.0,0.0,0,0,0,3,0,0,1,0,0,0,0,0,0,0,0,1,__MSG_extName__,
0,1,0,0,0,1,0,0,0,0,1,144,0.4989263323854852,55.26751507719852,0.072600720893776,4.521507398513036,2.7266396045067567,1681,115,259,0,0,4,0.0518354172040156,0.0039187894414151,0.0002680908898053,9.32490051496763e-06,0.0006037873083441,0.0,0.0,0,0,0,0,0,0,0,0,0,0,0,0,0,0,0,0,__MSG_appName__,
1,1,0,0,0,1,0,0,0,0,0,56,0.3643288261724206,51.365190610864296,0.0849371192059854,5.4858763109338105,2.9034450630901896,647,34,70,0,0,2,0.0530270401791151,0.0008705105470358,4.5745531065251965e-05,2.690913592073645e-06,9.418197572257758e-05,0.0,0.0,4,0,0,70,0,0,6,0,0,0,0,0,0,0,0,6,__MSG_appName__,
0,0,0,0,1,1,0,0,0,0,0,146,0.5635485630000939,51.88218365681646,0.0755845721073528,3.7414588950471424,2.6741764622834445,535,28,146,0,0,5,0.048428756636416,0.0038978259602494,0.000203998368013,3.642828000233141e-05,0.001063705776068,0.0,0.0,0,0,0,0,0,0,2,0,0,0,0,0,0,0,0,2,HyperWrite - AI Writing Assistant,
1,1,0,0,1,1,0,0,0,0,1,712,0.4027324292180981,38.40228936566375,0.0863202930406077,5.42041463835341,2.878422655208277,720,389,545,0,0,45,0.0665554404679261,0.0003462324142786,0.000187061679381,2.163952589241405e-05,0.0002620787024747,0.0,0.0,45,0,0,0,0,0,8,0,0,0,0,0,0,0,0,8,Eternl,
0,0,0,0,0,0,1,0,0,0,0,0,0.0,0.0,0.0,0.0,0.0,0,0,0,0,0,0,0.0,0.0,0.0,0.0,0.0,0.0,0.0,0,0,0,0,0,0,0,0,0,0,0,0,0,0,0,0,__MSG_appName__,
0,0,0,0,0,0,0,0,0,0,0,0,0.0,0.0,0.0,0.0,0.0,0,0,0,0,0,0,0.0,0.0,0.0,0.0,0.0,0.0,0.0,0,0,0,0,0,0,0,0,0,0,0,0,0,0,0,0,Greek Beach,
0,0,0,0,0,0,0,0,0,0,0,0,0.0,0.0,0.0,0.0,0.0,0,0,0,0,0,0,0.0,0.0,0.0,0.0,0.0,0.0,0.0,0,0,0,0,0,0,0,0,0,0,0,0,0,0,0,0,Until AM Web App,
0,0,1,0,1,1,1,1,0,0,1,112,0.4973994986123069,46.04737740833816,0.0756627002721628,3.9544171815589353,2.644324423475489,3143,36,97,0,0,0,0.0474895288735741,0.0253157419936851,0.0002899671370578,0.0,0.0007813003415168,0.0,0.0,0,0,0,0,0,0,17,0,0,0,0,0,0,0,0,17,__MSG_global_extension_name__,
0,0,0,0,0,1,0,0,0,0,0,16,0.3861970665317946,42.06831683168317,0.1271276840314497,3.544038045159295,3.186535357041421,123,16,39,0,0,0,0.0527373956077946,0.0243564356435643,0.0031683168316831,0.0,0.0077227722772277,0.0,0.0,0,0,0,0,0,0,3,0,0,0,0,0,0,0,0,3,__MSG_extension_name__,
0,1,1,0,0,1,0,1,0,0,1,929,0.4723242582174949,48.098675218256496,0.090494023354727,3.933705529315153,2.646407733864644,14793,371,1305,0,0,7,0.0352718263682236,0.0123893642253653,0.0003107181861428,5.862607285713328e-06,0.0010929575011222,0.0,0.0,26,0,0,0,0,0,2,0,0,0,0,0,0,0,0,2,__MSG_extensionName__,
1,1,0,0,1,0,0,0,0,0,0,128,0.3636035915161402,48.22380906966764,0.0924991717251173,4.294561054391695,2.9873841338847127,241,64,90,0,0,8,0.0408368607313857,0.0014365075580563,0.0003814791855419,4.768489819274236e-05,0.0005364551046683,0.0,0.0,34,2,0,0,0,0,2,0,0,0,0,0,0,0,0,2,HiTab 新标签页,
0,0,0,0,0,0,0,0,0,0,0,0,0.0,0.0,0.0,0.0,0.0,0,0,0,0,0,0,0.0,0.0,0.0,0.0,0.0,0.0,0.0,0,0,0,0,0,0,0,0,0,0,0,0,0,0,0,0,__MSG_name__,
0,0,0,0,0,1,0,0,0,0,0,2,0.3460752649199535,40.03955486998678,0.0538672809426774,6.954598075392519,2.966604575957667,17,6,20,0,0,0,0.0429419000072353,0.001873071837814,0.000661084178052,0.0,0.00220361392684,0.0,0.0,0,0,0,0,0,2,2,0,0,0,0,0,0,0,0,2,__MSG_extensionName__,
0,0,1,0,0,1,0,0,0,0,0,2,0.6670516946378163,46.60917512130569,0.0539306826113544,4.295677172061329,2.895062967329476,8,0,3,0,1,0,0.0634050255536626,0.0011762976032936,0.0,0.0,0.0004411116012351,0.0001470372004117,0.0,0,0,0,0,0,0,0,0,0,0,0,0,0,0,0,0,Vercel,
1,1,1,0,0,0,0,0,0,0,0,22,0.4145721158089858,45.38340156943023,0.0957903021743607,4.506364096376163,3.155355318356481,137,25,146,0,1,0,0.0893698182242808,0.0116854315933128,0.0021323780279767,0.0,0.0124530876833845,8.5295121119072e-05,0.0,5,0,0,23,0,0,4,0,0,0,0,0,0,0,0,4,SEO Pro Extension,
0,0,0,0,1,1,0,0,0,0,1,7,0.3857481604615347,29.88358749811264,0.0925367296550712,6.407872110056684,3.338359243136148,98,0,97,0,0,0,0.0784026495127698,0.0147969198248527,0.0,0.0,0.0146459308470481,0.0,0.0,0,0,0,5,2,4,6,0,0,0,1,0,0,0,0,6,__MSG_namechrome__,
0,0,0,0,1,1,0,1,0,0,1,50,0.4109556388829882,53.995201427806016,0.0852608900318598,5.027737339866799,2.530072408372478,105,27,40,0,0,3,0.0557244087923895,0.0001900603848994,4.8872670402710805e-05,5.430296711412312e-06,7.240395615216415e-05,0.0,0.0,0,0,0,0,0,0,1,0,0,0,0,0,0,0,0,1,SalesQL - B2B Email Finder,
0,1,0,0,0,0,0,0,0,0,0,4,0.403831904308246,41.62192646063614,0.1222980840478458,3.706689043394869,3.246274753591604,97,6,8,0,0,0,0.0521697434667945,0.0218813444619896,0.0013534852244529,0.0,0.0018046469659372,0.0,0.0,1,0,0,0,0,0,0,0,0,0,0,0,0,0,0,0,Instant Gaming,
0,0,0,0,0,0,0,0,0,0,0,0,0.0,0.0,0.0,0.0,0.0,0,0,0,0,0,0,0.0,0.0,0.0,0.0,0.0,0.0,0.0,0,0,0,0,0,0,0,0,0,0,0,0,0,0,0,0,Ultra Violet,
0,0,0,0,1,1,0,0,0,0,0,243,0.4864323170831836,56.34818660152213,0.0927609347307429,3.841281506416173,2.7789744500091573,985,157,384,0,0,4,0.0522697188824428,0.0021033884841082,0.0003352609055888,8.541679123282055e-06,0.000820001195835,0.0,0.0,0,0,0,0,0,0,2,0,0,0,0,0,0,0,0,2,"Recall | Summarize Anything, Forget Nothing",
0,0,0,0,0,0,0,0,0,0,0,0,0.0,0.0,0.0,0.0,0.0,0,0,0,0,0,0,0.0,0.0,0.0,0.0,0.0,0.0,0.0,0,0,0,0,0,0,0,0,0,0,0,0,0,0,0,0,Ride the Wave,
0,0,0,0,0,1,1,0,0,0,1,38,0.4352083219898067,47.67164660012774,0.0704449260846011,6.339394061924891,2.8531581248565163,717,65,47,0,0,5,0.0524182443685768,0.0013670031744215,0.0001239263686714,9.532797590108769e-06,8.960829734702242e-05,0.0,0.0,0,0,0,0,0,1,14,0,0,0,0,0,0,0,0,14,Leather,
0,0,1,0,1,1,0,0,0,0,0,74,0.4772781888212716,43.68808137336459,0.107702891143799,3.392690284222507,3.061198660448396,181,13,51,0,7,1,0.0652255235154129,0.0068441352189367,0.000491567722907,3.781290176208122e-05,0.0019284579898661,0.0002646903123345,0.0,0,1,0,0,0,0,1,0,0,0,0,0,0,0,0,1,__MSG_name__,
0,0,0,0,0,1,1,0,0,0,0,3,0.5556076910315952,47.57203061258892,0.0660759316189245,3.435608982414782,1.933864566632555,72,6,12,0,0,0,0.0296582626255622,0.0024274299585314,0.0002022858298776,0.0,0.0004045716597552,0.0,0.0,0,0,0,3,0,0,4,0,0,0,0,0,0,0,0,4,Button for Google Calendar,
0,1,0,0,0,0,0,0,0,0,0,0,0.4530531574352507,35.605947625388374,0.0721505480647977,5.329135132012248,3.1980796717421662,93,16,10,0,0,0,0.0614131376740424,0.0082556591211717,0.0014203284509542,0.0,0.0008877052818464,0.0,0.0,0,0,0,1,0,0,2,0,0,0,0,0,0,0,0,2,__MSG_key_logo_name__,
1,1,1,0,1,1,0,1,0,0,0,190,0.4033070447926716,43.632331558416816,0.0872828679028916,6.297478057795499,3.095584952351858,856,83,85,0,1,3,0.0605676152671392,0.008583777062463,0.0008323054861967,3.0083330826389097e-05,0.000852361040081,1.00277769421297e-05,0.0,15,0,0,14,1,1,2,0,0,0,0,5,0,0,0,2,CNET Shopping,
0,1,0,0,0,0,0,0,0,0,1,0,0.2229238423268274,43.54261363636363,0.0937619594336012,5.977047146401985,3.4492065886940213,65,7,7,0,0,0,0.0254342431761786,0.1846590909090909,0.0198863636363636,0.0,0.0198863636363636,0.0,0.0,13,1,0,7,0,1,1,0,0,0,0,0,0,0,0,1,__MSG_name__,1.0
0,1,0,0,0,1,0,0,0,0,0,370,0.559245555410015,53.69924407158683,0.0776662131779186,3.733222509866464,2.396865177394396,788,66,348,0,0,0,0.0477603632569196,0.0027026841632311,0.0002263669476817,0.0,0.0011935711786858,0.0,0.0,0,0,0,0,0,0,1,0,0,0,0,0,0,0,0,1,Viewstats - YouTube video & channel analytics,
0,0,0,0,0,0,0,0,0,0,0,0,0.0,0.0,0.0,0.0,0.0,0,0,0,0,0,0,0.0,0.0,0.0,0.0,0.0,0.0,0.0,0,0,0,0,0,0,0,0,0,0,0,0,0,0,0,0,Numerics Calculator & Converter,
0,1,0,0,0,1,0,0,0,0,0,65,0.3179197380240952,58.07677832141513,0.1067590038289766,4.454617117117117,3.285402518025831,117,22,50,0,0,0,0.0381193693693693,0.0440346255175009,0.0082800150545728,0.0,0.01881821603312,0.0,0.0,0,0,0,9,0,1,1,0,0,0,0,0,0,0,0,1,__MSG_extName__,
0,0,0,0,0,1,0,0,1,0,1,79,0.434969401917381,39.0603812161984,0.0855684394401629,4.412062922116782,3.048755140788391,247,29,20,0,0,1,0.0757972129605881,0.0081453634085213,0.0009563382139559,3.297717979158422e-05,0.0006595435958316,0.0,0.0,229,0,0,23,0,0,7,1,0,0,3,4,0,0,0,7,Solitaire,
0,0,0,0,1,1,0,0,0,0,0,221,0.6448476894783413,67.22236000637744,0.0704294574201854,3.5689398043435645,2.640382173966564,713,47,281,0,2,2,0.0417435176421734,0.0018044100490202,0.0001189442809312,5.061458763030093e-06,0.0007111349562057,5.061458763030093e-06,0.0,3,0,0,13,0,0,3,0,0,0,0,0,0,0,0,3,__MSG_appTitle__,
0,0,0,0,0,0,0,0,0,0,0,0,0.0,0.0,0.0,0.0,0.0,0,0,0,0,0,0,0.0,0.0,0.0,0.0,0.0,0.0,0.0,0,0,0,0,0,0,0,0,0,0,0,0,0,0,0,0,AudioSauna,
0,0,0,0,0,1,0,0,0,0,0,30,0.5793670697843567,61.762696906319135,0.073251346037088,3.9623298569517713,2.3272899202223374,98,12,45,0,0,0,0.0574624915591454,0.0011847625034757,0.0001450729596092,0.0,0.0005440235985347,0.0,0.0,5,0,0,0,1,0,1,0,0,0,0,0,0,0,0,1,__MSG_appName__,
0,0,0,0,0,1,0,0,0,0,0,14,0.5864797161737869,46.90118362471495,0.047046688505265,4.391332895600788,3.4327194302874786,0,0,16,0,0,0,0.0473736047275114,0.0,0.0,0.0,0.0017374307742425,0.0,0.0,4,0,0,0,0,0,2,0,0,0,0,0,0,0,0,2,__MSG_extensionName__,
1,1,0,0,1,1,0,0,0,0,1,8,0.4874062975821774,40.782211938917165,0.0893513827931771,3.5637798968266376,2.419098650918192,26,14,25,0,0,0,0.0540326807602828,0.0004812586765386,0.0002591392873669,0.0,0.0004627487274409,0.0,0.0,4,1,0,0,0,0,2,0,0,0,0,0,0,0,0,2,Briskine: Email templates for Gmail™,
0,0,0,0,0,1,0,1,0,0,1,49,0.2376155287479736,125.89568913175472,0.0871444183513911,4.517602519970474,3.00147940601826,275,89,189,0,0,0,0.0073084990535493,0.0333940497874924,0.0108075288403157,0.0,0.0229508196721311,0.0,0.0,0,0,0,0,0,0,2,0,0,0,0,0,0,0,0,2,飛比購物幫手：網路購物即時比價工具,
0,0,0,0,0,0,0,0,0,0,0,2,0.2849995662107059,17.624663435648895,0.0819283380086179,4.873373373373373,3.429503818163838,81,6,6,0,0,0,0.018018018018018,0.0436187399030694,0.0032310177705977,0.0,0.0032310177705977,0.0,0.0,0,0,0,1,0,0,6,0,0,0,0,0,0,0,0,6,Chrome Notes,
0,0,0,0,0,1,0,0,0,0,0,6,0.4666997088160585,40.02287166454892,0.0910724242611981,4.3450925602514845,3.058167164259517,32,3,15,0,0,0,0.0321341250436605,0.0406607369758576,0.0038119440914866,0.0,0.0190597204574332,0.0,0.0,0,0,0,0,0,0,2,0,0,0,0,0,0,0,0,2,__MSG_AppName__,
1,1,0,0,1,1,1,0,1,0,1,20,0.4359547964768328,32.53196789371713,0.1110936842192156,4.00282371924163,3.2096980044132613,23,1,7,0,0,0,0.1294876966518757,0.0063659009133683,0.0002767783005812,0.0,0.0019374481040686,0.0,0.0,0,0,0,0,0,0,1,0,0,0,0,0,0,0,0,1,__MSG_extName__,
0,0,0,0,0,0,0,0,0,0,0,0,0.0,0.0,0.0,0.0,0.0,0,0,0,0,0,0,0.0,0.0,0.0,0.0,0.0,0.0,0.0,0,0,0,0,0,0,0,0,0,0,0,0,0,0,0,0,__MSG_appName__,
0,0,1,0,1,1,0,0,0,0,1,126,0.3682906952510902,29.720597339453697,0.079573337370385,6.517567880888076,3.349788344257931,1896,23,414,0,2,0,0.0477500454314736,0.0286288069820465,0.0003472903800564,0.0,0.0062512268410165,3.019916348317152e-05,0.0,37,0,0,12,0,2,46,4,0,0,0,0,11,0,0,46,BeFrugal: Automatic Coupons and Cash Back,
0,1,0,0,0,1,0,1,0,0,1,156,0.545985408977174,48.54550767459936,0.085375081184816,3.828774237737141,2.503646480551403,2020,39,183,0,0,7,0.0461008765350684,0.0059925360293812,0.0001156974777949,2.076621396320227e-05,0.000542888165038,0.0,0.0,11,0,0,1,0,0,1,0,0,0,0,0,0,0,0,1,__MSG_extName__,
0,0,0,0,0,0,0,0,0,0,0,0,0.0,0.0,0.0,0.0,0.0,0,0,0,0,0,0,0.0,0.0,0.0,0.0,0.0,0.0,0.0,0,0,0,0,0,0,0,0,0,0,0,0,0,0,0,0,__MSG_appName__,
0,0,0,0,1,1,0,0,0,0,0,19,0.4487461251148765,35.79350102112039,0.0939598164224868,4.043405474807233,3.2707187239981783,29,48,19,0,0,18,0.0769934668340746,0.0007496833234237,0.0012408551560116,0.0004653206835043,0.0004911718325879,0.0,0.0,2,0,0,6,0,0,6,0,0,0,0,0,0,0,0,6,__MSG_extensionName__,
0,1,0,0,1,1,1,1,0,0,0,61,0.4964607496175971,59.82872788039748,0.085311902418827,3.803023896437927,2.9138947264482304,106,11,101,0,0,1,0.0610884125669593,0.0015815702306705,0.0001641252126167,1.4920473874250249e-05,0.0015069678612992,0.0,0.0,7,0,0,5,0,0,2,0,0,0,0,0,0,0,0,2,BetterBLOX - Better Roblox Extension,
0,0,0,0,1,1,0,0,0,0,0,61,0.406388068668899,22.456164471846872,0.0699419699445344,5.932623480878582,3.4150515284967238,358,61,42,0,0,4,0.0493477533727282,0.0076908204257878,0.0013104470557906,8.593095447807687e-05,0.0009022750220198,0.0,0.0,15,0,0,1,0,0,1,0,0,0,0,0,0,0,0,0,Story Saver,
0,0,0,0,0,1,0,0,0,0,0,2,0.4209139218175168,38.64349680170576,0.0917148942578688,5.98217270194986,3.1777975248576507,0,0,1,0,0,0,0.1006963788300835,0.0,0.0,0.0,0.0004264392324093,0.0,0.0,0,0,0,2,0,0,2,0,0,0,0,0,0,0,0,2,Codebender App,
0,0,0,0,1,1,0,0,0,0,0,109,0.4174285816926714,49.3665288090986,0.092400460391538,3.934371141603692,2.882576514223476,230,32,41,0,0,1,0.0402148880463051,0.0027023216467713,0.0003759751856377,1.1749224551179624e-05,0.0004817182065983,0.0,0.0,14,0,0,0,0,0,1,0,0,0,0,0,0,0,0,1,__MSG_extName__,
1,1,1,0,1,1,0,0,0,0,0,7,0.4809204254280494,44.13526331390179,0.0895962330112814,3.843704727305146,3.0336081609834635,93,9,32,0,1,1,0.1015557090957719,0.0045944076672265,0.0004446200968283,4.940223298093074e-05,0.0015808714553897,4.940223298093074e-05,0.0,26,2,0,0,0,0,3,0,0,0,0,0,0,0,0,3,__MSG_manifest_name__,
0,0,0,0,0,1,0,0,0,0,0,5,0.3680099576343766,46.61145342515404,0.1184410364161651,3.629188051898371,3.1419928762302187,91,11,9,0,0,0,0.0719181357391055,0.016491482421167,0.0019934758970641,0.0,0.0016310257339615,0.0,0.0,0,0,0,20,0,0,5,0,0,0,0,0,0,0,0,5,__MSG_extName__,
0,0,0,0,0,0,0,0,0,0,0,0,0.0,0.0,0.0,0.0,0.0,0,0,0,0,0,0,0.0,0.0,0.0,0.0,0.0,0.0,0.0,0,0,0,0,0,0,0,0,0,0,0,0,0,0,0,0,__MSG_appName__,
0,0,0,0,0,0,0,0,0,0,0,0,0.0,0.0,0.0,0.0,0.0,0,0,0,0,0,0,0.0,0.0,0.0,0.0,0.0,0.0,0.0,0,0,0,0,0,0,0,0,0,0,0,0,0,0,0,0,__MSG_appName__,
0,0,0,0,0,1,1,0,0,0,0,53,0.3437820194332367,41.77298822613603,0.0820354183083972,5.502340373222514,3.053930758019169,255,57,80,0,0,1,0.0453244085620702,0.0016541792351853,0.0003697577113943,6.486977392883786e-06,0.0005189581914307,0.0,0.0,2,1,0,6,2,0,36,0,0,0,0,1,0,0,0,36,__MSG_name__,
0,0,0,0,0,1,0,1,0,0,1,118,0.4459037527214705,57.90870018018614,0.0796233149402121,4.315136116823972,2.8214279284072434,693,46,138,0,0,3,0.0489937314417683,0.0057279354636073,0.0003802092804126,2.479625741821368e-05,0.0011406278412378,0.0,0.0,23,1,0,4,0,0,10,0,0,0,0,0,0,0,0,10,GoLinks,
0,0,1,0,1,1,0,0,0,0,1,83,0.4647773667614472,40.02575009878017,0.0953796728062287,3.627991386538908,2.826681430952935,1785,27,167,0,2,0,0.0457245660791824,0.0150061790148884,0.0002269842203932,0.0,0.0014039394372472,1.6813645955057123e-05,0.0,0,0,0,0,0,0,3,0,0,0,0,0,0,0,0,3,__MSG_extName__,
0,0,0,0,0,0,1,0,0,0,0,0,0.0,0.0,0.0,0.0,0.0,0,0,0,0,0,0,0.0,0.0,0.0,0.0,0.0,0.0,0.0,0,0,0,0,0,0,0,0,0,0,0,0,0,0,0,0,BIODIGITAL HUMAN,
0,0,0,0,1,1,0,0,0,0,0,63,0.2891674035225084,59.66011839770711,0.0817542962632971,8.193566535457098,3.357092263081947,817,40,58,0,0,2,0.0551118332723056,0.0069690869387198,0.0003412037668895,1.7060188344479325e-05,0.0004947454619899,0.0,0.0,36,0,1,0,0,0,6,0,0,0,0,0,0,0,0,6,__MSG_name__,
0,0,0,0,1,1,1,0,0,0,1,451,0.4513231098055723,50.78351930124027,0.0697738689864612,5.798997837714913,2.537825267597232,4055,210,535,0,0,25,0.0605331308972751,0.0037495642460786,0.0001941821187858,2.3116918903074454e-05,0.0004947020645257,0.0,0.0,0,0,0,0,0,0,3,0,0,0,0,0,0,0,0,3,Fireflies: AI meeting notes,
1,1,1,0,0,1,0,1,0,0,0,64,0.4998155565412548,50.770733557562245,0.0775961001617576,4.173334794083567,2.636456729875193,1855,72,79,0,0,3,0.0549893503412036,0.0084771323072423,0.0003290315504697,1.3709647936240996e-05,0.0003610207289876,0.0,0.0,0,0,0,1,0,0,2,0,0,0,0,0,0,0,0,2,"Ibotta: Price compare, cashback, item alerts",
0,1,0,0,0,0,0,0,0,0,0,112,0.3961064241364374,65.75992090364872,0.0788556636090031,5.746909468126163,3.044563191577204,499,67,127,0,0,5,0.0428335795598404,0.0067584039873229,0.0009074410163339,6.771947883089092e-05,0.0017200747623046,0.0,0.0,0,0,0,0,0,0,0,0,0,0,0,0,0,0,0,0,__MSG_Application_Name__,
0,0,0,0,0,0,0,0,0,0,0,0,0.0,0.0,0.0,0.0,0.0,0,0,0,0,0,0,0.0,0.0,0.0,0.0,0.0,0.0,0.0,0,0,0,0,0,0,0,0,0,0,0,0,0,0,0,0,__MSG_appName__,
0,1,0,0,0,1,0,1,0,0,0,56,0.5261829218896608,52.61764641296471,0.0883430185769101,3.803931740865038,2.9567534001386786,113,18,52,0,0,8,0.0640904979868421,0.0024813895781637,0.0003952655965216,0.000175673598454,0.0011418783899514,0.0,0.0,0,0,0,0,0,0,0,0,0,0,0,0,0,0,0,0,Save to Cosmos,
0,0,0,0,0,0,0,0,0,0,1,0,0.3576427559392401,48.12479766914859,0.0906224257800916,7.247923530230616,3.468421627873806,49,5,7,0,0,1,0.048396826133358,0.0079313693752023,0.0008093234056328,0.0001618646811265,0.001133052767886,0.0,0.0,0,0,0,0,0,0,1,0,0,0,0,0,0,0,0,1,AdGuard Extra (Beta),
0,0,0,0,0,1,0,0,0,0,0,30,0.5630823112325115,49.84557409428764,0.090423976757642,3.45005268581883,2.7738806290257085,80,4,57,0,0,0,0.0557195956508146,0.0041582202817194,0.0002079110140859,0.0,0.002962731950725,0.0,0.0,0,0,0,0,0,0,1,0,0,0,0,0,0,0,0,1,Remove YouTube Shorts,
0,0,0,0,0,0,0,0,0,0,0,0,0.0,0.0,0.0,0.0,0.0,0,0,0,0,0,0,0.0,0.0,0.0,0.0,0.0,0.0,0.0,0,0,0,0,0,0,0,0,0,0,0,0,0,0,0,0,Black & White,
0,0,1,0,1,1,0,0,0,0,0,2,0.3960620525059666,39.44028950542823,0.0946300715990453,4.927984215718514,3.0377633313136223,31,2,3,0,0,0,0.0374876685300887,0.0373944511459589,0.0024125452352231,0.0,0.0036188178528347,0.0,0.0,0,0,0,0,0,0,1,0,0,0,0,0,0,0,0,1,__MSG_appName__,
0,0,0,0,1,1,0,0,0,0,1,13,0.3919057133189843,31.801873654893026,0.0999396620819283,3.661600025817278,2.8748983338070966,79,5,38,0,0,0,0.0452017512720388,0.0033337553276786,0.0002109971726378,0.0,0.0016035785120479,0.0,0.0,0,0,0,0,0,0,5,0,0,0,0,0,0,0,0,5,Tab Copy,
0,0,0,0,0,1,0,0,0,0,0,6,0.3253579382755329,13.337488598358163,0.0869869551384028,7.108436992969173,3.194475425242792,19,0,5,0,0,0,0.0373174689021092,0.0057768318637883,0.0,0.0,0.0015202189115232,0.0,0.0,0,0,0,6,0,1,1,0,0,0,4,0,0,0,0,1,Reload All Tabs,
0,0,1,0,1,0,1,0,0,0,1,0,0.3977522477522477,32.321131447587355,0.0805194805194805,6.515498652291105,3.1319700514039046,9,0,0,0,2,0,0.0970350404312668,0.0149750415973377,0.0,0.0,0.0,0.0033277870216306,0.0,0,0,0,0,0,0,1,0,0,0,0,0,0,0,0,1,Techloq,
1,1,0,0,1,1,0,0,0,0,0,98,0.5392832700808999,54.46058662825921,0.0813427976162934,3.7586378518120154,2.170839087348596,3010,50,50,0,0,0,0.0455197335522281,0.0172033423636592,0.0002857698067053,0.0,0.0002857698067053,0.0,0.0,0,0,1,0,0,0,0,0,0,0,0,0,0,0,0,0,Huntr - Job Search Tracker & Autofill,
1,1,0,0,1,1,0,0,0,0,1,25,0.42637520452967,36.0390274073999,0.09183460889766,4.884779748673048,3.1149221857396734,290,39,31,0,0,3,0.0645495924632158,0.0029404905549415,0.0003954452815266,3.041886780974012e-05,0.0003143283007006,0.0,0.0,0,0,0,0,0,0,1,0,0,0,0,0,0,0,0,1,Milanote Web Clipper,
0,0,0,0,0,1,0,0,0,0,0,90,0.3856444416580284,62.93746424200288,0.0925879013706164,4.708417972210632,2.4499872515519256,374,40,125,0,0,2,0.0183883081179019,0.001354277561721,0.0001448425199701,7.242125998508122e-06,0.0004526328749067,0.0,0.0,41,0,0,0,0,0,0,0,0,0,0,0,0,0,0,0,__MSG_PKG_NAME__,
0,0,0,0,0,0,0,0,0,0,0,0,0.0,0.0,0.0,0.0,0.0,0,0,0,0,0,0,0.0,0.0,0.0,0.0,0.0,0.0,0.0,0,0,0,0,0,0,0,0,0,0,0,0,0,0,0,0,ChemReference: Periodic Table,
1,1,0,0,0,1,0,0,0,0,0,183,0.5070981609400008,53.54814500060292,0.0803495217723972,4.182027533889608,2.64264540119653,6726,124,169,0,0,9,0.0467534709179267,0.0193108279596442,0.0003560128853695,2.583964490585756e-05,0.0004852111098988,0.0,0.0,4,0,0,0,0,0,0,0,0,0,0,0,0,0,0,0,Guru,
0,0,0,0,0,1,0,0,0,0,1,22,0.4571588807494048,59.17762306958335,0.0822510683959885,3.9670217407217625,2.76347748602748,11,84,34,0,0,0,0.0526339213820364,1.943668940170336e-05,0.0001484256281584,0.0,6.00770399689013e-05,0.0,0.0,0,0,0,0,0,0,3,0,0,0,0,0,0,0,0,3,Magic Eden Wallet,
0,0,0,0,0,1,0,0,0,0,0,9,0.3880330132162341,42.08831236897274,0.0935110905673918,4.44692905792297,3.3064390496188625,31,4,15,0,0,0,0.0758242420589476,0.0081236897274633,0.0010482180293501,0.0,0.0039308176100628,0.0,0.0,20,1,0,0,0,0,3,0,0,0,0,0,0,0,0,3,__MSG_app_name__,
0,1,0,0,1,1,0,0,0,0,1,0,0.3087437867148667,38.35111111111111,0.1006552191595119,5.864197530864198,3.170855887489749,23,0,1,0,0,0,0.045679012345679,0.1022222222222222,0.0,0.0,0.0044444444444444,0.0,0.0,0,0,0,0,0,0,1,0,0,0,0,0,0,0,0,1,__MSG_name__,
0,0,0,0,0,0,0,0,0,0,0,0,0.0,0.0,0.0,0.0,0.0,0,0,0,0,0,0,0.0,0.0,0.0,0.0,0.0,0.0,0.0,0,0,0,0,0,0,0,0,0,0,0,0,0,0,0,0,ZIP Extractor,
0,0,0,0,0,0,0,0,0,0,0,110,0.4185014232638554,36.34940503371028,0.0911533735212991,4.469596736100404,2.974141605994325,667,27,128,0,0,3,0.093912983888534,0.0059720468810156,0.0002417470251685,2.6860780574283487e-05,0.0011460599711694,0.0,0.0,17,1,0,0,0,0,45,0,0,0,0,0,0,0,0,45,Boxel Golf,
0,0,0,0,0,1,0,1,0,0,0,73,0.5079722603648615,61.10724296088674,0.0808254708212014,3.793077661480895,2.808777501910711,33,26,25,0,0,3,0.059507202158064,0.0005255446553701,0.0004140654860491,4.777678685182826e-05,0.0003981398904319,0.0,0.0,1,0,0,2,0,0,1,0,0,0,0,0,0,0,0,1,Kaisar ZeroNode,
1,1,0,0,1,1,0,0,0,0,1,8,0.4930282577011787,35.75307700308567,0.1066028969921655,3.1421832256316007,2.6933523439814,69,8,16,0,0,0,0.0464797201731132,0.0023922615539298,0.0002773636584266,0.0,0.0005547273168533,0.0,0.0,0,0,0,0,0,0,1,0,0,0,0,0,0,0,0,1,__MSG_appName__,
0,0,1,0,1,1,1,0,0,0,0,96,0.5143128956354821,60.29363294106504,0.0776911260858306,4.169423975730137,2.793088087027847,642,54,163,0,0,5,0.0623162628105918,0.0050671276016385,0.0004262069945303,3.946361060466144e-05,0.0012865137057119,0.0,0.0,55,0,0,12,0,0,34,0,0,0,0,0,0,0,0,34,__MSG_app_name__,
0,0,0,0,0,0,1,0,0,0,0,0,0.0,0.0,0.0,0.0,0.0,0,0,0,0,0,0,0.0,0.0,0.0,0.0,0.0,0.0,0.0,0,0,0,0,0,0,0,0,0,0,0,0,0,0,0,0,My Study Life,
0,0,0,0,1,1,0,0,0,0,0,14,0.3316859929701456,54.94199870307659,0.1037914588171349,4.13365234439903,3.240026521135748,110,15,16,0,0,1,0.071345495630213,0.0079256430578571,0.0010807695078896,7.20513005259745e-05,0.0011528208084155,0.0,0.0,16,0,0,1,0,0,15,0,0,0,0,0,0,0,0,11,__MSG_appName__,
0,0,0,0,1,1,0,1,0,0,1,114,0.4804140870305364,52.375934864786274,0.0914162537396597,3.588232338353248,2.7901418364130435,1488,30,64,0,0,0,0.0436655074733423,0.0173073567897644,0.0003489386449549,0.0,0.0007444024425705,0.0,0.0,0,0,0,0,0,0,7,0,0,0,0,0,0,0,0,7,IEability - Open in IE,
0,0,0,0,0,1,0,0,0,0,0,16,0.4125182883149502,66.24144144144144,0.0812022025175201,4.702838914266299,2.8895813264928587,151,11,67,0,0,1,0.0850541734304805,0.006046046046046,0.0004404404404404,4.004004004004004e-05,0.0026826826826826,0.0,0.0,0,0,0,8,2,0,4,0,0,0,4,0,0,0,0,3,"Pattern Shapes, by The Math Learning Center",
0,1,1,0,0,1,1,1,0,0,1,122,0.415948851084866,54.806989508789,0.0930294740049804,4.1864848292046455,2.9226512371697866,3287,124,169,0,0,12,0.0557969911985873,0.0175673003436499,0.0006627153156716,6.413374022628522e-05,0.0009032168415201,0.0,0.0,23,0,6,0,0,0,1,0,0,0,0,0,0,0,0,1,AliHunter - AliExpress Dropship (Promer),
0,0,0,0,0,1,0,0,0,0,1,9,0.3219151713193799,57.95294768890119,0.088246617275604,4.048286724031961,3.175834204156771,117,20,29,0,0,0,0.0235095267363245,0.0323830611680044,0.0055355660116246,0.0,0.0080265707168557,0.0,0.0,0,0,0,0,0,0,1,0,0,0,0,0,0,0,0,1,FACEIT FORECAST,
0,0,0,0,0,0,0,0,0,0,0,17,0.567507730927876,49.60259740259741,0.083020432118434,3.393935381355932,2.3676957900327857,95,5,41,0,0,2,0.0410376942090395,0.0046557216368537,0.000245037980887,9.8015192354815e-05,0.0020093114432737,0.0,0.0,7,0,0,0,0,0,5,0,0,0,0,0,0,0,0,5,SVG Export,
0,0,0,0,0,1,0,0,0,0,0,31,0.3847863402749462,32.77823591923486,0.1100816986061402,3.818089342914033,3.121210093311602,82,4,37,0,0,3,0.0597134447234005,0.0034856535600425,0.0001700318809776,0.0001275239107332,0.0015727948990435,0.0,0.0,1,0,1,0,0,0,1,0,0,0,0,0,0,0,0,1,Conch AI,
1,1,0,0,1,1,0,0,0,0,1,2,0.5459944992475386,59.78979065098939,0.0976454326299352,3.338010730499381,2.8807269112001648,75,7,11,0,0,0,0.0536009079653322,0.0215084599942644,0.0020074562661313,0.0,0.0031545741324921,0.0,0.0,0,0,0,3,0,0,1,0,0,0,0,0,0,0,0,1,__MSG_PRODUCT_NAME_TRADEMARKED__,
0,0,0,0,0,1,0,0,0,0,0,18,0.4415064974186045,18.565546596815786,0.1144851015404697,3.412025082995205,3.1833231945483047,116,14,48,0,0,0,0.0528771670970121,0.0047476773216551,0.0005729955388204,0.0,0.0019645561330986,0.0,0.0,4,0,0,2,0,0,8,0,0,0,0,0,0,0,0,8,DroneBlocks,
0,0,0,0,0,1,0,0,0,0,1,25,0.5449390617687577,50.308116677235255,0.0867479945422546,3.5091151097765403,2.7126818631636627,115,7,21,0,0,1,0.0570665382571128,0.002430775734517,0.000147960262101,2.113718030014796e-05,0.0004438807863031,0.0,0.0,3,0,0,6,0,0,4,0,0,0,0,0,0,0,0,4,__MSG_appName__,
0,0,0,0,0,0,1,0,0,0,0,0,0.0,0.0,0.0,0.0,0.0,0,0,0,0,0,0,0.0,0.0,0.0,0.0,0.0,0.0,0.0,0,0,0,0,0,0,0,0,0,0,0,0,0,0,0,0,__MSG_appName__,
0,0,0,0,0,1,1,0,0,0,1,39,0.5471731754252914,49.39188031509225,0.084032874749295,3.5084932454575246,2.382292066730472,200,10,75,0,0,1,0.0389296508028984,0.0041789423097014,0.000208947115485,2.0894711548507076e-05,0.001567103366138,0.0,0.0,0,0,0,0,0,0,3,0,0,0,0,0,0,0,0,3,Custom Progress Bar for YouTube™,
1,1,0,0,0,1,0,0,0,0,0,12,0.2971719496460578,26.98292682926829,0.0902291034627053,6.14158453373768,3.39911192947236,20,3,11,0,0,1,0.0722137983320697,0.0097560975609756,0.0014634146341463,0.0004878048780487,0.0053658536585365,0.0,0.0,0,0,0,21,0,0,7,0,0,0,1,0,0,0,0,7,SmoothScroll,
0,0,0,0,1,0,0,0,0,0,0,0,0.2886029411764705,23.75,0.1167279411764705,6.02970297029703,3.127021001755567,0,0,0,0,0,0,0.099009900990099,0.0,0.0,0.0,0.0,0.0,0.0,0,0,0,0,0,0,1,0,0,0,0,0,0,0,0,1,Download,
0,0,1,0,0,1,1,0,1,0,1,28,0.4180283982609813,35.90310853530032,0.0961728738783115,4.5415410912689484,3.0260653180891013,112,12,12,0,0,0,0.0802333078434018,0.0059009483667017,0.0006322444678609,0.0,0.0006322444678609,0.0,0.0,13,0,0,1,0,4,105,0,0,0,0,0,0,0,0,105,__MSG_name__,
0,0,0,0,0,1,0,0,0,0,0,83,0.4613412613074745,52.321054621365285,0.1032790443026112,4.194006379871378,2.812471037153004,420,5,55,0,0,4,0.0283379025852571,0.0069036934760096,8.218682709535316e-05,6.574946167628253e-05,0.0009040550980488,0.0,0.0,0,0,1,10,0,0,2,0,0,0,0,0,0,0,0,1,Full Screen for Google Tasks,
0,0,0,0,0,1,0,0,0,0,0,83,0.4799147407918724,45.52551869319677,0.060563674534041,6.13322428780956,2.926737691308967,1612,13,198,0,0,4,0.0613097317454892,0.0065259194785741,5.262838289172722e-05,1.6193348582069916e-05,0.0008015707548124,0.0,0.0,27,0,0,0,0,0,2,0,0,0,0,0,0,0,0,2,Feedly Mini,
0,1,0,0,1,1,0,0,0,0,1,378,0.4594121821814034,67.50738194676278,0.0590677337740603,5.825031255651572,2.8383402355990603,12997,84,290,0,0,11,0.0331936638561634,0.0295164319568688,0.0001907655831635,2.498120731903954e-05,0.0006585954656837,0.0,0.0,16,4,0,0,0,0,4,0,0,0,0,0,0,0,0,4,Leo Wallet,
0,0,0,0,0,0,0,0,0,0,0,0,0.0,0.0,0.0,0.0,0.0,0,0,0,0,0,0,0.0,0.0,0.0,0.0,0.0,0.0,0.0,0,0,0,0,0,0,0,0,0,0,0,0,0,0,0,0,Mahjong Solitaire,
0,0,1,0,1,1,0,1,1,0,0,246,0.5105452380368083,58.35288945147679,0.0743679461503351,4.227024523239077,2.753444669789085,2406,149,341,0,0,5,0.0470920783644801,0.0040607594936708,0.0002514767932489,8.438818565400844e-06,0.0005755274261603,0.0,0.0,0,0,0,3,0,0,12,0,0,0,0,0,0,0,0,12,__MSG_SHOPPING_EXTENSION_NAME__,
1,1,0,0,0,1,0,1,1,0,0,0,0.408529594092702,22.83836798744606,0.122320786908269,3.551427189163038,3.2702665653085705,80,10,9,0,0,1,0.0579583938074504,0.0104616189355302,0.0013077023669412,0.0001307702366941,0.0011769321302471,0.0,0.0,0,0,0,0,1,0,4,0,0,0,0,0,0,0,0,4,__MSG_ExtnName__,
0,0,0,0,1,1,0,0,0,0,0,48,0.3927653066713801,23.38173574158735,0.0868824112570414,6.021295047215263,3.330892258190899,220,28,67,0,0,2,0.0671227596839468,0.0082440230832646,0.0010492393015064,7.494566439331484e-05,0.002510679757176,0.0,0.0,0,1,0,13,0,0,9,0,0,0,0,0,0,0,0,9,__MSG_name__,
0,0,0,0,0,0,1,0,0,0,0,0,0.0,0.0,0.0,0.0,0.0,0,0,0,0,0,0,0.0,0.0,0.0,0.0,0.0,0.0,0.0,0,0,0,0,0,0,0,0,0,0,0,0,0,0,0,0,Wixie,
0,0,0,0,0,1,0,0,0,0,1,93,0.4110229306845451,46.10633557442214,0.0906521825645286,4.389284703508189,3.1023287643070043,717,32,184,0,0,5,0.0662692113650067,0.0070373460273838,0.0003140795995485,4.907493742945478e-05,0.0018059576974039,0.0,0.0,40,0,0,14,0,0,51,0,0,0,0,0,0,0,0,51,UV Weather,
0,1,0,0,1,1,0,1,0,0,1,368,0.5514871971120926,65.07727760426395,0.0635272445286376,4.102987101706218,2.4880005201327764,1494,159,584,0,0,1,0.0327987508335908,0.0064897549617955,0.0006906767328818,4.3438788231563496e-06,0.0025368252327233,0.0,0.0,171,0,0,25,0,0,2,0,0,0,2,0,0,0,0,0,Alura: All-in-One Etsy Seller Solution,
0,1,0,0,0,1,0,0,0,0,0,97,0.3311998022402859,57.54476757499428,0.0739439842480632,6.604376880021323,3.406918851591448,1243,185,237,0,0,0,0.0274245135742299,0.0569269521410579,0.0084726356766659,0.0,0.0108541332722692,0.0,0.0,0,0,0,1,0,0,1,0,0,0,0,0,0,0,0,1,RoValra - Roblox Improved,
0,1,0,0,0,1,0,0,0,0,0,103,0.3687755221259283,31.059607716782796,0.1140765615096975,4.174992908807261,3.19975656399435,380,58,57,0,0,0,0.0542239871413038,0.0076523420194127,0.0011679890450682,0.0,0.0011478513029119,0.0,0.0,347,0,0,10,0,0,12,0,0,0,0,0,0,0,0,12,easyScholar,
0,0,1,0,0,1,0,1,0,0,0,12,0.4579846205109458,23.123614796316527,0.0864538210945511,4.217024405616443,2.880508612572018,87,40,33,0,0,0,0.0699954480198886,0.0067894490401123,0.0031215857655689,0.0,0.0025753082565943,0.0,0.0,0,0,0,0,0,0,0,0,0,0,0,0,0,0,0,0,__MSG_extName__,
0,0,0,0,1,1,0,1,0,0,1,60,0.393428824770731,41.97554855586995,0.0841657450739263,4.191562575923299,2.797145094989548,465,35,56,0,0,3,0.0356358555545366,0.0019096273967877,0.0001437353954571,1.2320176753469156e-05,0.0002299766327314,0.0,0.0,36,0,0,0,0,0,0,0,0,0,0,0,0,0,0,0,__MSG_appName__,
0,0,0,0,0,0,0,0,0,0,0,0,0.0,0.0,0.0,0.0,0.0,0,0,0,0,0,0,0.0,0.0,0.0,0.0,0.0,0.0,0.0,0,0,0,0,0,0,0,0,0,0,0,0,0,0,0,0,Color Fusion,
0,1,0,0,1,1,1,0,0,0,0,58,0.4311075878649642,33.842047857166826,0.0997501406301773,3.676171035201633,2.9512724319670665,523,7,57,0,0,1,0.0399009750483181,0.0087760512803302,0.0001174614894116,1.6780212773097964e-05,0.0009564721280665,0.0,0.0,4,0,0,0,0,0,1,0,0,0,0,0,0,0,0,1,__MSG_full_name__,
0,1,0,0,0,0,0,0,0,0,0,1,0.1984095427435387,36.56716417910448,0.0874751491053678,3.9388297872340425,3.4141775066045885,1,1,1,0,0,0,0.0106382978723404,0.0149253731343283,0.0149253731343283,0.0,0.0149253731343283,0.0,0.0,0,0,0,0,0,0,0,0,0,0,0,0,0,0,0,0,__MSG_appName__,
0,0,0,0,0,1,0,0,0,0,1,30,0.428307882144976,34.95524421093598,0.1063896430023495,3.5054980173995385,3.0458562286589714,53,44,43,0,0,1,0.0486476889388648,0.001289161315431,0.0010702471297917,2.4323798404358825e-05,0.0010459233313874,0.0,0.0,31,1,0,4,0,0,1,0,0,0,0,0,0,0,0,1,__MSG_appName__,
0,0,0,0,0,1,0,1,0,0,0,306,0.2625072936283726,113.91607015147513,0.0828462270740943,3.992070468850807,3.821600536567484,1367,221,326,0,0,8,0.0187243820394223,0.0044037962205312,0.0007119524248261,2.577203347787149e-05,0.0010502103642232,0.0,0.0,0,0,0,0,0,0,1,0,0,0,0,0,0,0,0,1,Crystal,
0,1,0,0,0,1,0,1,0,0,0,34,0.4067282016265714,39.20799117538914,0.1024014485508395,3.8836398785618016,3.1754018122009824,134,13,55,0,0,0,0.091010578192858,0.0082117906606201,0.0007966662581198,0.0,0.0033705110920455,0.0,0.0,0,0,0,0,0,0,0,0,0,0,0,0,0,0,0,0,mymind — An extension for your mind,
0,1,0,0,0,1,0,0,0,0,0,8,0.2364516419335252,66.30869498543169,0.0781921928558491,6.030395370838925,3.472901330493488,983,71,132,0,0,0,0.0435193945127719,0.0753718754792209,0.0054439503143689,0.0,0.0101211470633338,0.0,0.0,0,0,0,6,0,0,1,0,0,0,0,0,0,0,0,1,Fluff Busting Purity,
0,0,0,0,0,0,0,0,0,0,0,0,0.0,0.0,0.0,0.0,0.0,0,0,0,0,0,0,0.0,0.0,0.0,0.0,0.0,0.0,0.0,0,0,0,0,0,0,0,0,0,0,0,0,0,0,0,0,Milky Way Over The Sea,
0,0,1,0,1,1,0,0,0,0,0,10,0.3898985838531322,37.24032825322392,0.115604868792647,4.13437071521954,3.2857372149415567,100,12,9,0,0,1,0.0727017633366283,0.013025921583952,0.0015631105900742,0.0001302592158395,0.0011723329425556,0.0,0.0,0,0,0,8,0,0,14,0,0,0,0,0,0,0,0,11,Link Redirect Trace,
0,1,0,0,1,1,1,0,0,0,0,993,0.4622965795846617,57.30853474345762,0.0690743437406768,4.467850330035918,3.228682324817211,14921,148,616,0,0,32,0.0380938750362348,0.0100832896893108,0.0001000152050142,2.162490919227585e-05,0.0004162795019513,0.0,0.0,0,0,0,0,0,0,4,0,0,0,0,0,0,0,0,4,Uniswap Extension,
0,0,0,0,0,1,1,0,0,0,0,3,0.385252870196395,53.23479271600155,0.1003264915376536,4.575588686080535,3.3491834057877785,56,7,15,0,0,0,0.0463982165250104,0.0216970166602092,0.0027121270825261,0.0,0.0058117008911274,0.0,0.0,0,0,0,0,1,0,4,0,0,0,0,0,0,0,0,4,__MSG_name__,
0,0,0,0,0,1,0,0,1,0,0,28,0.2588234111646555,76.74547133622221,0.0937000305185039,5.672571005543217,3.3127299586469428,227,24,25,0,0,0,0.0520737410396692,0.0161255949421041,0.0017049087163458,0.0,0.0017759465795268,0.0,0.0,35,0,0,0,0,1,3,0,0,0,0,0,0,0,0,3,__MSG_name__,
1,1,0,0,1,1,0,0,0,0,1,19,0.3649253181478479,43.11628524046434,0.0757419690506014,6.789632611977856,3.3032309956271497,221,30,20,0,0,3,0.0521466455034648,0.0146600331674958,0.0019900497512437,0.0001990049751243,0.0013266998341625,0.0,0.0,0,0,0,12,0,0,16,0,0,0,0,0,0,0,0,14,__MSG_ext_extension_name__,
1,1,0,0,1,1,0,0,0,0,0,14,0.3866903703258251,40.27815699658703,0.1100566407204308,4.004762394216603,3.12195861656234,161,12,10,0,0,0,0.0574228252304108,0.0249767297548867,0.0018616196090598,0.0,0.0015513496742165,0.0,0.0,11,0,0,3,0,0,6,0,0,0,2,0,0,0,0,6,__MSG_extension_name__,
0,0,0,0,1,1,0,0,0,0,0,10,0.2633347010628582,60.05754000323258,0.1053698825958624,4.555042404903854,3.4654052225910736,213,10,77,0,0,0,0.0362960785960198,0.0344270244060126,0.0016162922256343,0.0,0.0124454501373848,0.0,0.0,20,1,0,1,0,1,10,0,0,0,0,0,0,0,0,10,__MSG_extName__,
1,1,0,0,1,1,0,1,0,0,1,245,0.4789625539903999,58.53430817058725,0.0823309199849937,4.05856020915345,2.963784291218689,1012,125,178,0,0,13,0.0526930842361078,0.0021637709481678,0.0002672641981432,2.7795476606899265e-05,0.000380584218156,0.0,0.0,0,0,0,0,0,0,5,0,0,0,0,0,0,0,0,4,ProWritingAid: Grammar Checker & Paraphrasing Tool,
0,0,0,0,0,1,0,0,0,0,1,102,0.4732638140458895,50.76621822887419,0.0977129761213558,3.5123594991186504,2.8792240707348937,217,23,16,0,0,0,0.0522491587116269,0.0052982396171594,0.0005615645677173,0.0,0.0003906536123251,0.0,0.0,98,0,0,8,0,0,9,0,0,0,1,0,0,0,0,8,Scientific Calculator,
0,0,0,0,0,1,0,0,0,0,0,91,0.4578847090486772,76.83968656372436,0.0634365224703215,5.335202836559231,2.90723126688444,258,34,153,0,0,3,0.0367569503096162,0.005946070523162,0.0007835906890988,6.91403549204886e-05,0.0035261581009449,0.0,0.0,0,0,0,6,0,2,5,0,0,0,0,87,0,0,0,4,__MSG_appName__,
0,0,0,0,1,1,0,1,1,0,1,506,0.4053212807696416,36.523315391036526,0.0865371209129713,5.617086756067308,3.142698605426835,244,28,46,0,0,27,0.0748039972852161,0.0017558504360841,0.000201491033649,0.0001942949253043,0.0003310209838519,0.0,0.0,286,0,0,57,0,17,172,0,11,0,6,0,0,0,0,159,__MSG_appName__,1.0
0,1,1,0,1,1,0,0,0,0,0,8,0.5685881062891776,47.39147410868591,0.0872551133379981,3.466322416995063,2.5623262900751063,150,7,17,0,0,0,0.0448430493273542,0.0096012289573065,0.0004480573513409,0.0,0.001088139281828,0.0,0.0,0,0,0,3,0,0,1,0,0,0,0,0,0,0,0,1,Поток – ускоритель YouTube,
0,0,0,0,0,1,0,0,0,0,0,143,0.4859544220172147,65.0339542230925,0.0671143197316374,3.989868810418941,2.880242581532157,292,28,160,0,0,8,0.0262760289765905,0.0024023826370263,0.0002303654583449,6.581870238428249e-05,0.0013163740476856,0.0,0.0,45,4,1,3,0,0,2,0,0,0,0,0,0,0,0,2,__MSG_app_name__,
0,0,0,0,0,1,0,0,0,0,0,18,0.3815716117522439,46.81252776543759,0.108003010536879,3.939976143818693,3.205747539982126,101,13,32,0,0,0,0.0477549629377183,0.0224344735673034,0.0028876055086628,0.0,0.0071079520213238,0.0,0.0,0,0,0,7,0,0,9,0,0,0,0,0,0,0,0,9,Context Menu Search,
1,1,0,0,1,1,0,1,0,0,0,242,0.5089762528131775,55.19976228085266,0.0794115238685528,4.062256653313926,2.555930843127012,2064,56,191,0,0,2,0.0468340370588683,0.0080699394754539,0.0002189518462332,7.81970879404451e-06,0.0007467821898312,0.0,0.0,0,0,0,0,0,0,0,0,0,0,0,0,0,0,0,0,"Jobright Autofill – Instant Job Applications, Job Match, AI Tailor Resume",
1,1,0,0,0,1,0,0,0,0,0,95,0.4766949404023658,63.46307559496949,0.0606432520893336,5.317376601816043,2.774971606156885,1365,23,48,0,0,4,0.0426510253523625,0.0133904922600011,0.0002256273421099,3.923953775824521e-05,0.0004708744530989,0.0,0.0,2,0,0,0,0,0,0,0,0,0,0,0,0,0,0,0,__MSG_pkgName__,
1,1,0,0,0,0,0,0,0,0,0,35,0.4461804417196686,42.2437605221963,0.08131638908924,4.914045354791514,2.9319983184319454,405,47,35,0,0,0,0.0644757116842285,0.0119620757893493,0.0013881915113565,0.0,0.0010337596361166,0.0,0.0,0,0,0,0,0,0,0,0,0,0,0,0,0,0,0,0,Readlang Web Reader,
1,1,0,0,1,0,0,0,0,0,0,0,0.3360307773945343,12.072790294627383,0.0940567789864685,6.381180223285487,3.468525546702877,6,0,3,0,0,0,0.1036682615629984,0.0103986135181975,0.0,0.0,0.0051993067590987,0.0,0.0,0,0,0,0,0,0,1,0,0,0,0,0,0,0,0,1,__MSG_name__,
0,0,0,0,0,0,0,0,0,0,0,0,0.0,0.0,0.0,0.0,0.0,0,0,0,0,0,0,0.0,0.0,0.0,0.0,0.0,0.0,0.0,0,0,0,0,0,0,0,0,0,0,0,0,0,0,0,0,Socrative Teacher,
0,0,0,0,0,1,1,0,0,0,0,57,0.4684755928165589,44.09651134054588,0.0594528315529491,5.910103730403351,3.0582690863829987,534,26,53,0,0,1,0.0654085216625536,0.0036657696743368,0.0001784831676643,6.8647372178593e-06,0.0003638310725465,0.0,0.0,0,0,0,4,0,0,13,0,0,0,1,0,0,0,0,8,Web Server for Chrome,
0,1,0,0,0,0,0,0,0,0,0,0,0.4420529389147218,45.07040907353129,0.0933733689984537,3.838625004971299,2.945309291634064,24,7,11,0,0,0,0.0636989116169315,0.0015292468459283,0.0004460303300624,0.0,0.0007009048043838,0.0,0.0,0,0,0,0,0,0,3,0,0,0,0,0,0,0,0,3,리뷰언즈 엔서포터,
0,1,0,0,0,1,0,0,0,0,0,0,0.2595362752430815,30.11627906976744,0.1174270755422587,6.516666666666667,3.8797683174502415,0,0,0,0,0,0,0.025,0.0,0.0,0.0,0.0,0.0,0.0,0,0,0,0,0,0,0,0,0,0,0,0,0,0,0,0,__MSG_appName__,
0,0,1,0,0,1,0,0,0,0,0,89,0.4884137186992799,40.924893549742485,0.0831958239153459,3.890772628416403,2.5390359110536043,277,28,130,0,2,7,0.0548687249164816,0.0011998665852316,0.0001212861530198,3.032153825495216e-05,0.0005631142818776,8.663296644272045e-06,0.0,1,0,0,0,0,0,1,0,0,0,0,0,0,0,0,1,__MSG_name__,
0,0,0,0,0,0,0,0,0,0,0,0,0.0,0.0,0.0,0.0,0.0,0,0,0,0,0,0,0.0,0.0,0.0,0.0,0.0,0.0,0.0,0,0,0,0,0,0,0,0,0,0,0,0,0,0,0,0,Powtoon - Edu,
0,1,0,0,1,1,0,0,0,0,0,84,0.2048093755563348,116.76674707852324,0.06185851196765,14.383329041937728,2.8757335821708843,443,86,22,0,0,0,0.0701733844708812,0.0013648449221915,0.0002649586079197,0.0,6.778010900273893e-05,0.0,0.0,123,0,0,2,0,0,5,0,0,0,0,0,0,0,0,5,Stylebot,
0,0,0,0,0,1,0,0,0,0,0,23,0.4743014239175321,49.74388824214203,0.0914572595322943,3.876513511346324,2.8070953279190807,235,16,5,0,0,2,0.0194050196455777,0.0455956538610787,0.003104384943733,0.0003880481179666,0.0009701202949165,0.0,0.0,0,0,0,0,0,0,0,0,0,0,0,0,0,0,0,0,GMB Everywhere - GBP Audit for Local SEO,
0,0,0,0,1,1,0,0,0,0,0,25,0.4892680831360562,36.571547086329126,0.0934872473593422,2.9906688682183296,2.869172929916943,57,5,16,0,0,0,0.0249202329257328,0.0014329528885313,0.0001256976218009,0.0,0.0004022323897631,0.0,0.0,0,0,0,0,0,0,1,0,0,0,0,0,0,0,0,1,RocketReach Chrome Extension,
0,0,0,0,0,1,0,0,0,0,0,1,0.2669881630863656,14.425675675675675,0.1012713722051731,6.341463414634147,3.386289320986054,8,0,1,0,0,0,0.0146341463414634,0.054054054054054,0.0,0.0,0.0067567567567567,0.0,0.0,0,0,0,5,0,0,1,0,0,0,0,0,0,0,0,1,Go Incognito,
1,1,0,0,1,1,0,0,0,0,1,5,0.343778801843318,32.880624426078974,0.1160748170235836,4.9994565217391305,3.4368411309878555,31,6,29,0,0,0,0.117391304347826,0.0284664830119375,0.0055096418732782,0.0,0.0266299357208448,0.0,0.0,0,0,0,3,0,14,3,0,0,0,0,0,0,0,0,3,Weblioポップアップ英和辞典,
1,1,0,0,1,1,1,1,0,0,0,85,0.4476687982119202,55.94119852485054,0.0729638535177679,4.726085725975038,3.037833528934692,2647,37,118,0,0,22,0.0474796697846202,0.0180439954463963,0.0002522205634743,0.0001499689836874,0.0008043790943236,0.0,0.0,47,0,0,0,0,0,3,0,0,0,0,0,0,0,0,3,__MSG_EXTENSION_NAME__,
0,0,0,0,1,1,0,1,0,0,0,29,0.3827600663313607,23.847459198813056,0.1025162873844768,4.217151904716892,3.21779206873985,79,12,15,0,0,0,0.0835263257396729,0.0024418892185954,0.0003709198813056,0.0,0.000463649851632,0.0,0.0,23,0,0,1,0,0,8,4,0,0,0,0,0,0,0,8,EditThisCookie (V3),
0,0,0,0,0,0,0,0,0,0,0,0,0.0,0.0,0.0,0.0,0.0,0,0,0,0,0,0,0.0,0.0,0.0,0.0,0.0,0.0,0.0,0,0,0,0,0,0,0,0,0,0,0,0,0,0,0,0,__MSG_appName__,
0,0,0,0,0,0,0,0,0,0,0,0,0.0,0.0,0.0,0.0,0.0,0,0,0,0,0,0,0.0,0.0,0.0,0.0,0.0,0.0,0.0,0,0,0,0,0,0,0,0,0,0,0,0,0,0,0,0,Piktochart – Visual Content Creator,
0,0,0,0,0,0,0,0,0,0,1,20,0.4189178573057683,37.241302451787966,0.0964633077043937,5.115328215302338,3.172852738753033,228,39,18,0,0,4,0.0760660168492481,0.0110475821300513,0.0018897179959298,0.0001938172303517,0.000872177536583,0.0,0.0,2,0,0,3,0,0,10,0,0,0,0,0,0,0,0,10,Check My Links,
0,0,1,0,1,1,0,0,0,0,0,45,0.5571499513749508,45.40406465034405,0.0955959269911555,3.7134145490573673,2.877460901584391,125,4,35,0,0,5,0.0585395124265639,0.0066677335040273,0.0002133674721288,0.000266709340161,0.0018669653811276,0.0,0.0,0,0,0,1,0,0,1,0,0,0,0,0,0,0,0,1,__MSG_appName__,
1,1,0,0,1,1,0,1,0,0,1,20,0.45364092554046,37.947120559741656,0.1034642989782434,3.169963989444679,3.0408793860007197,36,2,8,0,0,4,0.0383578020439999,0.0024219590958019,0.0001345532831001,0.0002691065662002,0.0005382131324004,0.0,0.0,4,0,0,0,0,0,1,0,0,0,0,0,0,0,0,1,__MSG_appName__,
0,1,0,0,0,1,1,0,0,0,0,35,0.4909683941996671,48.63341503542289,0.0769835184144773,4.315727847256389,3.0030193425807283,616,25,76,0,0,2,0.083309495749282,0.010341469966088,0.0004197025148574,3.3576201188597525e-05,0.0012758956451667,0.0,0.0,57,1,0,7,1,0,11,0,0,0,0,0,0,0,0,11,__MSG_extName__,
0,0,0,0,0,0,1,0,0,0,0,5,0.3657276004159727,36.30892648774796,0.0704065116933686,4.038894538059268,3.0899496356161817,5,2,18,0,0,0,0.033556072051133,0.0007292882147024,0.0002917152858809,0.0,0.0026254375729288,0.0,0.0,0,0,0,0,0,0,1,0,0,0,0,0,0,0,0,1,__MSG_extensionName__,
0,0,0,0,1,1,1,1,0,0,1,126,0.4779791206670952,36.25447870546898,0.0720696396188129,5.49666401109705,2.8469519614143297,827,47,197,0,0,6,0.0667806270374548,0.0026060787495863,0.0001481084658168,1.8907463721303985e-05,0.0006207950588494,0.0,0.0,97,1,0,0,0,0,16,2,1,0,0,0,0,0,0,16,__MSG_appTitle__,
0,0,0,0,1,1,1,0,0,0,1,367,0.4701449410450181,58.18361173818844,0.0588740132883027,5.658198070329288,2.4676371864441773,30817,91,210,0,0,13,0.0335834863078467,0.0269332990734987,7.953175895409619e-05,1.136167985058517e-05,0.0001835348283556,0.0,0.0,1,0,0,0,0,0,66,0,0,0,0,0,0,0,0,66,SubWallet - Polkadot Wallet,
1,1,0,0,1,0,0,1,0,0,1,14,0.5333289893489199,46.26362921544644,0.0828638133158834,3.726971910259431,2.495214212069808,60,4,69,0,0,0,0.0582842482787507,0.001310501485235,8.736676568233443e-05,0.0,0.0015070767080202,0.0,0.0,15,0,0,6,0,0,7,0,0,0,0,0,0,0,0,7,Cookie Editor,
0,0,0,0,1,1,0,0,0,0,0,128,0.4432821675743826,36.50577824370992,0.1018326084540241,3.59472071193319,2.9957658650397354,670,57,295,0,0,4,0.0512620195926133,0.00413172175629,0.0003515046867291,2.46669955599408e-05,0.0018191909225456,0.0,0.0,3,0,0,0,0,0,1,0,0,0,0,0,0,0,0,1,Teal - Job Search Companion,
0,0,0,0,0,0,0,0,0,0,0,0,0.0,0.0,0.0,0.0,0.0,0,0,0,0,0,0,0.0,0.0,0.0,0.0,0.0,0.0,0.0,0,0,0,0,0,0,0,0,0,0,0,0,0,0,0,0,__MSG_appName__,
1,1,0,0,1,1,1,0,0,0,1,37,0.4784559928619954,63.20384323955034,0.0650358151989211,3.96919909242666,2.654495606993855,68,9,38,0,0,2,0.0281858657460128,0.0001689336066082,2.2358859698155395e-05,4.968635488478976e-06,9.440407428110056e-05,0.0,0.0,2,0,0,0,0,0,5,0,0,0,0,0,0,0,0,5,__MSG_appName__,
0,0,0,0,0,1,0,0,0,0,0,54,0.5044486796177334,46.683712819615366,0.0773384732142038,3.8208988322479223,2.6766662708793576,527,13,249,0,0,5,0.068038401077925,0.0032938117589704,8.1251523466065e-05,3.1250585948486536e-05,0.0015562791802346,0.0,0.0,9,0,0,19,0,1,9,0,0,0,0,0,11,0,0,9,__MSG_extension_name__,
0,0,0,0,0,1,0,0,0,0,0,89,0.573631908283299,33.68922720147732,0.0569854947074614,3.923025930614692,2.5988122364091377,447,20,260,0,0,2,0.0320680313452921,0.0013711782623766,6.13502578244585e-05,6.1350257824458505e-06,0.0007975533517179,0.0,0.0,4,0,0,0,0,0,7,0,0,0,0,0,0,0,0,7,__MSG_appName__,
0,1,1,0,1,1,0,1,0,0,0,190,0.4769230238450708,55.564718570254726,0.0838614967422256,4.274175957099369,2.538136799196629,2065,27,236,0,0,9,0.0368737777956978,0.0106049712407559,0.0001386606409202,4.62202136400986e-05,0.0012119967132292,0.0,0.0,0,0,0,0,0,0,4,0,0,0,0,0,0,0,0,4,__MSG_name__,
0,1,0,0,1,1,0,0,0,0,0,97,0.325611168141081,45.61529734904092,0.094309548605883,4.275805589795291,2.4624320066233216,2869,28,136,0,0,1,0.0186225712908702,0.0049843381636301,4.864463875275146e-05,1.7373085268839808e-06,0.0002362739596562,0.0,0.0,4,0,0,0,0,0,7,0,0,0,0,0,0,0,0,7,__MSG_appName__,
0,1,0,0,0,0,0,0,0,0,0,34,0.4004427854638269,34.37686984837692,0.1185673617829545,3.823379599068155,3.004763202963093,221,20,29,0,0,0,0.0404935200998283,0.003748176791832,0.0003392015196228,0.0,0.000491842203453,0.0,0.0,0,0,0,0,0,0,0,0,0,0,0,0,0,0,0,0,Comparador EscolhaSegura,
0,0,0,0,0,0,0,0,0,0,0,0,0.0,0.0,0.0,0.0,0.0,0,0,0,0,0,0,0.0,0.0,0.0,0.0,0.0,0.0,0.0,0,0,0,0,0,0,0,0,0,0,0,0,0,0,0,0,MathStudio,
0,0,0,0,0,1,0,0,0,0,0,16,0.3942748280246764,52.10207100591716,0.0944469156770503,4.185199686765857,3.230235388341253,129,9,64,0,0,1,0.1032506372981889,0.0061557549150601,0.0004294712731437,4.77190303493033e-05,0.0030540179423554,0.0,0.0,20,0,0,8,2,0,2,0,0,0,4,0,0,0,0,1,"Number Rack, by The Math Learning Center",
0,1,0,0,1,1,0,0,0,0,0,16,0.4288672483275071,45.99558068961947,0.0925149144099428,4.016934625212947,2.913587995987613,80,2,4,0,0,4,0.0450010647359454,0.0005176351836634,1.294087959158584e-05,2.588175918317168e-05,2.588175918317168e-05,0.0,0.0,12,0,0,0,0,0,1,0,0,0,0,0,0,0,0,1,Brisk Boost,
0,0,0,0,1,1,0,0,0,0,0,1,0.3532837391042981,23.33363802559415,0.0778479110309588,5.885987815491732,3.28916262136922,40,33,3,0,0,0,0.0678851174934725,0.036563071297989,0.0301645338208409,0.0,0.0027422303473491,0.0,0.0,0,0,0,1,0,0,2,0,0,0,1,0,0,0,0,2,__MSG_appName__,
1,1,0,0,1,1,0,0,0,0,0,196,0.5944130039018306,52.46882635976952,0.0699257477239321,3.6458267904333015,2.392745472074042,1945,91,119,0,0,7,0.0462340660471052,0.0073343087272617,0.0003431476062626,2.639596971251018e-05,0.0004487314851126,0.0,0.0,0,0,0,0,0,0,4,0,0,0,0,0,0,0,0,4,__MSG_extName__,
0,0,0,0,1,0,1,1,0,0,1,73,0.5159592624500812,57.00034224936815,0.0824051622321134,3.848312859782936,2.876442700910726,832,124,55,0,0,20,0.0411223837128461,0.0109519797809604,0.0016322662173546,0.0002632687447346,0.0007239890480202,0.0,0.0,3,0,0,0,0,0,8,0,0,0,0,0,0,0,0,8,Visualping,
0,0,0,0,0,0,0,0,0,0,0,55,0.5170029254528304,30.388412073376237,0.0676158741629691,5.399763472227697,2.883796006904201,173,17,61,0,0,1,0.0708479520637048,0.0015104816952319,0.0001484288371037,8.73110806492452e-06,0.0005325975919603,0.0,0.0,14,0,0,8,0,0,9,0,0,0,0,0,0,0,0,8,__MSG_appName__,
0,0,0,0,1,1,0,1,0,0,1,215,0.4567399907272719,42.4460497840239,0.0738698434062493,5.490402890902981,3.206289461635629,2626,113,214,0,0,12,0.0663377875408169,0.0057520611917675,0.0002475182462565,2.628512349627189e-05,0.0004687513690168,0.0,0.0,0,0,0,2,1,0,3,0,0,0,0,0,0,1,0,2,__MSG_extName__,
0,0,0,0,0,0,0,0,0,0,0,0,0.0,0.0,0.0,0.0,0.0,0,0,0,0,0,0,0.0,0.0,0.0,0.0,0.0,0.0,0.0,0,0,0,0,0,0,0,0,0,0,0,0,0,0,0,0,MIT App Inventor,
0,0,0,0,1,1,1,0,0,0,0,5,0.3973323553564167,35.60198424277794,0.0940532093853893,6.387266163439449,3.220979609592857,71,2,16,0,0,0,0.0776720271305108,0.0207178290049606,0.0005836008170411,0.0,0.0046688065363291,0.0,0.0,1,0,0,14,0,0,4,0,0,0,0,0,0,0,0,4,Cold Turkey Blocker,
0,0,0,0,0,1,0,0,0,0,0,59,0.3494988070379179,58.86355897682289,0.0655008416803457,4.833452838686086,2.8340567392175253,972,24,88,0,0,4,0.0342601722136034,0.0033841301010016,8.355876792596693e-05,1.3926461320994489e-05,0.0003063821490618,0.0,0.0,0,0,0,0,0,0,4,0,0,0,0,0,0,0,0,4,__MSG_appName__,
0,0,1,0,1,1,0,0,0,0,1,106,0.428468803672193,43.239288649399725,0.1017278137060682,3.649258639295091,2.97700238037396,3000,65,116,0,1,4,0.0518672093398703,0.0254174821442187,0.0005507121131247,3.388997619229172e-05,0.0009828093095764,8.47249404807293e-06,0.0,11,1,0,9,0,0,2,0,0,0,0,0,0,0,0,2,Dropship - Product Research,
0,0,0,0,0,0,0,0,0,0,0,0,0.0,0.0,0.0,0.0,0.0,0,0,0,0,0,0,0.0,0.0,0.0,0.0,0.0,0.0,0.0,0,0,0,0,0,0,0,0,0,0,0,0,0,0,0,0,__MSG_appName__,
0,0,0,0,1,1,0,0,0,0,0,219,0.3248626669556235,46.73287134376522,0.0926966603066266,5.230780728007942,3.091482619233907,1886,178,229,0,0,18,0.0552229098577464,0.0041177331071418,0.0003886301659974,3.9299679707610384e-05,0.0004999792585023,0.0,0.0,21,0,0,0,0,0,1,0,0,0,0,0,0,0,0,1,"Pontem Crypto Wallet - Eth, Sol, BTC +",
0,0,0,0,0,1,0,0,0,0,0,1,0.3379032728545592,46.353591160220994,0.0906598214806604,5.710594315245478,3.3739617882468056,25,0,25,0,0,0,0.1088501291989664,0.0345303867403314,0.0,0.0,0.0345303867403314,0.0,0.0,4,0,0,0,0,0,1,0,0,0,0,0,0,0,0,1,DocsAfterDark,
0,0,0,0,1,1,0,0,0,0,1,7,0.3315420397031159,52.636600173460536,0.080942396524495,4.243664906245457,3.0872206400336157,15,2,4,0,0,0,0.0456417462086341,0.0043365134431916,0.0005782017924255,0.0,0.0011564035848511,0.0,0.0,0,0,0,0,0,0,0,0,0,0,0,0,0,0,0,0,G-calize,
0,0,0,0,0,1,0,0,0,0,0,6,0.3951791874491881,43.02660217654172,0.1276229922436334,3.363930099208155,3.270371013817018,99,13,18,0,0,0,0.057795576590516,0.0239419588875453,0.0031438935912938,0.0,0.0043530834340991,0.0,0.0,147,0,0,0,0,0,2,0,0,0,0,0,0,0,0,2,__MSG_extName__,
0,0,0,0,0,0,0,0,0,0,0,0,0.0,0.0,0.0,0.0,0.0,0,0,0,0,0,0,0.0,0.0,0.0,0.0,0.0,0.0,0.0,0,0,0,0,0,0,0,0,0,0,0,0,0,0,0,0,Serenity,
0,1,0,0,1,0,0,1,0,0,0,51,0.4123148407384677,39.14712669346434,0.097731828017199,3.625447408849245,2.9662278053184368,159,21,32,0,0,0,0.0356559717519123,0.0059178204555605,0.0007815989280928,0.0,0.0011910078904272,0.0,0.0,20,0,0,0,0,0,1,0,0,0,0,0,0,0,0,1,Wiza - Phone Number & Email Finder,
1,1,0,0,1,1,1,0,0,0,1,281,0.4459918108078654,49.82818427003815,0.0862659703458517,4.025645247785385,2.6682649247755506,1273,152,117,0,0,10,0.063890971908533,0.0046209077016338,0.0005517501733294,3.629935350851401e-05,0.0004247024360496,0.0,0.0,966,0,0,37,0,5,248,1,0,0,1,10,0,0,0,248,FeHelper(前端助手),
0,0,0,0,0,0,0,0,0,0,0,5,0.2985878723151774,34.98462852263023,0.0749970333451999,6.588789942378209,3.8156084990853167,29,3,17,0,0,0,0.0353588266107909,0.0247651579846285,0.0025619128949615,0.0,0.0145175064047822,0.0,0.0,1,0,0,6,0,0,1,0,0,0,0,0,0,0,0,1,Wordmark Extension,
0,0,1,0,1,1,0,1,0,0,0,151,0.563574952588431,60.18076558272031,0.0564807425240708,5.1883340170992325,2.753833880833352,1587,82,185,0,0,11,0.0378105146870506,0.005034307521008,0.0002601217496677,3.489438105298553e-05,0.000586860044982,0.0,0.0,1,0,0,5,0,0,2,0,0,0,0,0,0,0,0,2,easyfundraising Donation Reminder,
0,0,0,0,0,1,0,0,0,0,1,33,0.5446659760729226,40.61242258898509,0.0307512586508967,5.208812316288816,2.245084901409665,175,18,55,0,0,0,0.0112349889277219,0.0006576178451178,6.764069264069264e-05,0.0,0.0002066798941798,0.0,0.0,76,0,0,0,0,0,2,0,0,0,0,0,0,0,0,2,Time Zone Converter - Savvy Time,
0,0,0,0,0,0,0,0,0,0,0,0,0.0,0.0,0.0,0.0,0.0,0,0,0,0,0,0,0.0,0.0,0.0,0.0,0.0,0.0,0.0,0,0,0,0,0,0,0,0,0,0,0,0,0,0,0,0,__MSG_appName__,
0,0,0,0,1,1,0,0,0,0,0,88,0.4599191280062941,44.74294301148901,0.1045663900518465,3.617266818762691,3.14160603695592,153,15,60,0,0,0,0.0679257708681233,0.0058205889066423,0.0005706459712394,0.0,0.0022825838849577,0.0,0.0,0,0,0,0,0,0,2,0,0,0,0,0,0,0,0,2,__MSG_name__,
0,0,0,0,0,1,0,0,0,0,0,106,0.4823842468132485,30.01918170700852,0.0752454340731758,4.436627992926987,2.543232424894536,230,39,148,0,0,9,0.0707550882878662,0.0012123640043855,0.000205574765961,4.744033060639285e-05,0.0007801298810829,0.0,0.0,25,0,0,1,0,0,61,0,0,0,0,0,0,0,0,61,Sticky Notes 3.8 - Super Quick & Personal,
0,0,0,0,1,1,0,1,0,0,0,68,0.5623558195704093,46.24931804539272,0.0869410905198608,3.129285536768676,2.6333011959114443,192,29,78,0,0,1,0.0430597571322061,0.0014588889648726,0.0002203530207359,7.59838002537859e-06,0.0005926736419795,0.0,0.0,10,0,0,0,0,0,2,0,0,0,0,0,0,0,0,2,EHunt - Etsy™ Rank Tool,
0,0,0,0,1,1,0,0,0,0,0,95,0.3821489801301213,54.37055442866802,0.0914298937147099,5.403886793734923,3.017417302466757,133,9,89,0,0,0,0.061910100907145,0.0044962812711291,0.0003042596348884,0.0,0.0030087897227856,0.0,0.0,0,0,0,0,0,0,1,0,0,0,0,0,0,0,0,1,__MSG_name__,
0,0,0,0,0,1,1,0,0,0,1,71,0.2832151765338638,34.42566750020166,0.0811353982651512,5.276989784972853,3.412648763846681,255,27,96,0,0,4,0.0717403501823522,0.0041138985238364,0.000435589255465,6.45317415503751e-05,0.001548761797209,0.0,0.0,15,0,0,41,0,1,98,0,0,0,1,0,0,0,0,98,DEPRECATED Secure Shell App,
1,1,0,0,1,0,0,1,0,0,0,0,0.4600336558687421,38.29752066115702,0.0940260832982751,3.835095137420719,3.401494038408277,6,5,3,0,0,0,0.0211416490486257,0.0495867768595041,0.0413223140495867,0.0,0.024793388429752,0.0,0.0,37,0,0,1,0,1,1,0,0,0,0,0,0,0,0,1,Share Your Cookies,
0,0,0,0,0,1,0,0,0,0,0,24,0.442248068373825,48.451616641557536,0.0919821988080981,4.05018233526754,3.2005247675631066,25,2,25,0,0,1,0.090043806334717,0.0028972070923629,0.000231776567389,0.0001158882836945,0.0028972070923629,0.0,0.0,15,1,0,15,1,0,0,0,0,0,0,0,0,1,0,0,__MSG_appName__,
0,0,0,0,0,0,0,0,0,0,0,0,0.0,0.0,0.0,0.0,0.0,0,0,0,0,0,0,0.0,0.0,0.0,0.0,0.0,0.0,0.0,0,0,0,0,0,0,0,0,0,0,0,0,0,0,0,0,Canvas Rider,
0,0,0,0,0,0,0,0,0,0,0,0,0.0,0.0,0.0,0.0,0.0,0,0,0,0,0,0,0.0,0.0,0.0,0.0,0.0,0.0,0.0,0,0,0,0,0,0,0,0,0,0,0,0,0,0,0,0,Damnation Creek Trail - 2560x1440,
0,0,0,0,0,0,0,0,0,0,0,0,0.0,0.0,0.0,0.0,0.0,0,0,0,0,0,0,0.0,0.0,0.0,0.0,0.0,0.0,0.0,0,0,0,0,0,0,0,0,0,0,0,0,0,0,0,0,__MSG_appName__,
0,0,1,0,0,1,0,0,0,0,1,44,0.4528120970647704,47.034078312175936,0.0975531316163267,4.118543555545405,2.901492740994976,328,11,19,0,2,2,0.052001735674972,0.011728946897908,0.0003933488288932,7.151796888968353e-05,0.0006794207044519,7.151796888968353e-05,0.0,0,0,1,1,0,0,2,0,0,0,0,0,0,0,0,2,AliSave Plus - Download AliExpress Images,
0,0,0,0,0,1,0,0,0,0,0,14,0.4322268948190721,61.55652635302441,0.0818132314597897,5.647474129218681,2.797583232727431,584,14,50,0,0,0,0.0437276699927405,0.0206579412805093,0.0004952246197382,0.0,0.0017686593562079,0.0,0.0,0,0,0,6,1,0,3,0,0,0,0,0,0,1,0,3,Video Screenshot,
