id,version
chmfnmjfghjpdamlofhlonnnnokkpbao,1.0.3
lklmhefoneonjalpjcnhaidnodopinib,1.3.9
geokkpbkfpghbjdgbganjkgfhaafmhbo,1.1.0
diapmighkmmnpmdkfnmlbpkjkealjojg,1.0.0
ciifcakemmcbbdpmljdohdmbodagmela,1.0.5
ophphnmgejinohdhkaocnieffjdbedde,0.3.2
ooaehdahoiljphlijlaplnbeaeeimhbb,4.1
lipmdblppejomolopniipdjlpfjcojob,1.1.5
agmalodjnljmmplbmcpjnkpimfojbihl,1.0.2
fniobaamocffdlfnpdniiimnoihmjbkn,1.1.4
bahogceckgcanpcoabcdgmoidngedmfo,2.3.2
eibcbmdmfcgklpkghpkojpaedhloemhi,2.0.5
magnkhldhhgdlhikeighmhlhonpmlolk,0.9.0
keecjmliebjajodgnbcegpmnalopnfcb,2.0.5
ajneghihjbebmnljfhlpdmjjpifeaokc,0.7.6
nadenkhojomjfdcppbhhncbfakfjiabp,1.2.3
pbdpfhmbdldfoioggnphkiocpidecmbp,1.1.6
hdgdghnfcappcodemanhafioghjhlbpb,0.7.3
fbjfihoienmhbjflbobnmimfijpngkpa,1.5.1
djmpbcihmblfdlkcfncodakgopmpgpgh,0.4.3.0
kjeffohcijbnlkgoaibmdcfconakaajm,0.9.4
aiimdkdngfcipjohbjenkahhlhccpdbc,32.0.2
klbibkeccnjlkjkiokjodocebajanakg,7.1.9
obeokabcpoilgegepbhlcleanmpgkhcp,0.9.3
jcjhgomglcabcikgghokgnheeeobakkb,1.90.1
akcmmnpacjobndnaleljkfhjfkgehghi,1.1.9
aeaobdmllhanfegkedbmainkbjalhknn,2.35
lppeflehbcbgihabdpekbpjbedkhhhap,1.0.9
idgncaddojiejegdmkofblgplkgmeipk,1.0.5
deebfeldnfhemlnidojiiidadkgnglpi,1.6.4
bjlcpoknpgaoaollojjdnbdojdclidkh,0.1.2.0
pbebadpeajadcmaoofljnnfgofehnpeo,0.8.8
bacakpdjpomjaelpkpkabmedhkoongbi,2.8.5.6
jmiahkaangbfpgehomhibfholfmdmmnm,0.1.3
kbiednjbhdaadladaojicdjcdpkiijai,3.5.2
olkpikmlhoaojbbmmpejnimiglejmboe,5.7.3
nilbfjdbacfdodpbdondbbkmoigehodg,1.7.9
akkaefkdhhehhcbenacaphmfojlglppe,1.0.6
bpconcjcammlapcogcnnelfmaeghhagj,12.0.1
bapoeoceggfnnoomenaapjkofjlpmbeh,3.5.17
pfnhhhdfcbpdfpbnlgdaldnaddeaimpj,1.0.4
mbacbcfdfaapbcnlnbmciiaakomhkbkb,2.1.207
fmlpbbognkocpajihchioognkmdeeldo,1.0.2
ggojihjaaaalhgaocfbgklcidfmlboko,2.0.1
dojlcagbdegkkckioghcjjjeldklkpof,1
ibppednjgooiepmkgdcoppnmbhmieefh,1.0.16
finepngcchiffimedhcfmmlkgjmeokpp,1.94.1
enboggfaknddfnohoekbibhcidadficg,0.0.18
ceiekmdcekohaonbmapmnnnkppbjlbkp,1.2.0.8
bobfmpklpigelfolbgnijbjpojkimnhj,1.3.0
efjpeicagianogimhkaoncnhghapfkpn,0.1.2
pbgcleacpaihhcogohancpfbhphiifgf,1
nhnfcgpcbfclhfafjlooihdfghaeinfc,1.2.10
dodnpoijjkmcmlhlelmggejhfocfjgfc,23.41
mkmmbdcjmkngacdcmmjdfeapfmbncpfk,22.4
pcjmcnhpobkjnhajhhleejfmpeoahclc,1.0.1
hcecmmhbjjkelmnmbkbmofoadahndjnl,1
ppdonaappkjkbgbncmmjencphdclioab,1.4.7
fbgnkgdmcmhiaakjbilpjnpenhinkgon,2.33
imkngaibigegepnlckfcbecjoilcjbhf,10.0.2
ofpofjdkohlmhjppphilpcpjgfenenja,0.1.3
hinhmojdkodmficpockledafoeodokmc,1.0.2
dgdpebjegmddbloaoiggfpdmkjmgiajj,2.14.0
mhapkjngbbknjmpbnjbbhmogbhagncjd,1.0.1
onepmapfbjohnegdmfhndpefjkppbjkm,0.1.18
ojpnlpccfabehnhgomligckdldhcebnn,1.2.3
bgnodfikjoihkcjjnefbjkeclamhipak,17.44
onomjaelhagjjojbkcafidnepbfkpnee,3.3.3
mkelkmkgljeohnaeehnnkmdpocfmkmmf,7.0.4
nekgikkcllkpoehepjbckjnobdppbfff,1.2
mdnmhbnbebabimcjggckeoibchhckemm,2.68
konkphcpahjcebjdfkeihbalppeicalp,1.2.5
olenplikmfdcbehhnahdiefdfehapape,1.9.4
pekpblgmdlmdpmleogokpeahkhginkab,0.0.4
emeokgokialpjadjaoeiplmnkjoaegng,1.4.09
eggeoellnjnnglaibpcmggjnjifeebpi,1.4.2
nihmppmidbbbkfademfpjmhhogegjbjd,1001.0.6
cgpbghdbejagejmciefmekcklikpoeel,1.1.9
cjobgkekcenldbaenikebmbhffhhffef,20.12.2025
fkpjicpkpglboclfabfeflgifhoifhdl,26.37
dcaffjpclkkjfacgfofgpjbmgjnjlpmh,0.8
bgmpjmdignpongmfjpgaikghaajeidid,1.0.0.17
obfhoiefijlolgdmphcekifedagnkfjp,0.0.570
phjbepamfhjgjdgmbhmfflhnlohldchb,1.2.3
ddppjphjahihociddnfpkoeofkmlphkj,9.6
ichhfdldoddmimpajkijflgkifkgeffg,31.3
afhdhdllpdmajoopkogfdmdfdgmpjipp,1.0.0.11
jfhbealifiddpdbakoaogajmffjdonie,1.4.3
emipoepfakonicaobeeejombhfkbicld,1.0.1
dhnkeanajeheaifbmgalejfoebggoggk,1.0.3
dknlfmhongfkfakmhhnmgfgnhhcbmldm,15.23.35
cnfianechkepmfdoakelcbamnbfbecke,0.56.1
gfjocjagfinihkkaahliainflifnlnfc,2.0.0.6
bonieeblbnamfclndbgnhblogabjijbp,1.0.3
opnbmdkdflhjiclaoiiifmheknpccalb,8.1.15
ablgadjkhamckdjbbjolcbfjdhhcobmo,2.4.0
epeigjgefhajkiiallmfblgglmdbhfab,1.0.7
clheapgdjdfjphklijefinjjdgkgipeh,1.2.3
ahkaodmjhcgdbolnbfieablpjjkcnmeo,2.7.3
jlefbegdfidfdnpedmmnfkppfmehdkga,1
jelekeablhppennchpapdillkjaikejh,0.1.1
ohdgnoepeabcfdkboidmaedenahioohf,3.2.3
pnnclahpifbjkboanbjecjoaoelleoep,1.5
mdadjjfmjhfcibgfhfjbaiiljpllkbfc,2.7
moacggdlfmplipnlkkaeeilfekjmicej,1.09
jldlpapkegmnolfgpmmalkhlahjdchkk,2.0.2
paoemgakkjiejmaceemllabefconpdbg,0.34.8
chlpbdodahbpifpjbcoocpfadoffdbpb,1.1
gbgkoodppmcmfeaegpelbngiahdcccig,1.4.3
hpneobeplmfdahlecoofjnbdkediijof,5
cbeplhdfbnhldomfdjhfnpaghdjdeadp,2.0.5
pigfcegpjglokkoepljficmhccdliidd,1.5
kojjendakpnlcgepocgjlmihheljihaj,8.3.42
nlgphodeccebbcnkgmokeegopgpnjfkc,6.1.2
ghfkgecdjkmgjkhbdpjdhimeleinmmkl,1.2.0
bnghijefocbfghbcinnikcebpghclojc,1.2.4
fbcgkphadgmbalmlklhbdagcicajenei,6.0.3
eklanaffifkpfdpnkngfilpcgodfdimb,2.0.7
gjahpflpgafifhkomjcafmdloplepple,2.0.4
egjccdchfhlbekkihbhokadfghodjhmj,6.9.7
biokbpahnhnolgnfoblfflgopeepaoik,2.41
cpakggdipddapbfeceakkgdmdlegiajb,1.4.1
pfnmibjifkhhblmdmaocfohebdpfppkf,4.1.1
oacemiijpacmjnmhokeehdnhjbeeklod,1.0.14
hdbipekpdpggjaipompnomhccfemaljm,3.0.17
lfagjcmdalpklemkmdcblfghhkjjohbm,0.4.6
lfedlgnabjompjngkpddclhgcmeklana,8.98
kdnlfofefaichijbmflgibbdlfdapmbe,0.25
njkmonlnhpfkaldcnhikggmdaepedcep,1.5
dhgoabjenoijkkndgplmfmgjejmmimbf,1.45
lgcepfflkhikbdaobkechbfcfhkkmihi,1.2
nhhmipmnjgihgmjopcekniaphobeooki,1.7.5
joloankmmcmhbjbjanlcjcjnbbigppaa,1.8.1
kkpbhfhodkdgphjhechkidabiojjdggn,2.16.2
ijadnlicajhbcfnhekakiifijldonnem,0.16.0
jkhciiggmmhdpdfhhbfogahghjipmhkj,1.4.1
aemjbieioebobglekneinkpijacjiohn,1.0.9
kehdmnjmaakacofbgmjgjapbbibhafoh,0.7.3
cecenaopmmngedippakmjoolmjekklak,0.9.6
inciclflfkdachiidapjkfginabhhdkd,1.0.5
abeenondinkebapdmgcgmjhjekooeeae,1.5.0
aonedlchkbicmhepimiahfalheedjgbh,5.3
jiomcgpfgkeefipihnplhadgdoollmap,1.30.0
medhnjegdfgmhpammlpfokdacikkdpjj,0.5.2
jhcdlkgjiehgpnpolkbnmpffjodigbkb,2.0.20
nngejcmlgmalflneljigalajfiblfgmn,3.1.1
aoanickgmocpddnppajakfcafbkncdab,10.8.8
peibcpfenpdcfbimikogecbihhcdalcd,1.0.2
gcjpbmhldpkkabppgaljnohpelojbcak,1.0.1
goiejopegncpjmocklmfiipofdbkhpic,1.0.0.10
efcapamiilmdfbbilogcddbdckjhpajj,10.4.4
iamhhblhmpldjchjecmapgoikpjmmfoe,2.0.6
giaoehhefkmchjbbdnahgeppblbdejmj,8.0.2
alplpnakfeabeiebipdmaenpmbgknjce,4.0.16
ijelnahiojlfbmiihbmgkaldffppfelp,1.2.52
pojgkmkfincpdkdgjepkmdekcahmckjp,2.0.3
maphflkcbedibdcdhkgoegionjnpkmeb,1.3
akpcgndjlpfglpopcbegfbcpchmdooca,1.1.10
bbdengonknjdlnahehkamhbdlgmoicnp,0.3.1
gbninmjpdneeeicocheiibaegnkmpmkc,16.48
cogmkaeijeflocngklepoknelfjpdjng,2.0.5
pleaojdbmipmniiafnfmiainmdhkomgn,0.3.5
pgpidfocdapogajplhjofamgeboonmmj,15.0.3
mdomkpjejpboocpojfikalapgholajdc,1.2.0
gfcjepjdkheiliokjanjkhfhfdmapcah,1.0.58
eagiakjmjnblliacokhcalebgnhellfi,22.9.29.1452
oejfpkocfgochpkljdlmcnibecancpnl,1.4.1
bjeejieamikgomobcpgdnepmiodidpkl,3.0.0.7
gamlckmepdclkglolaedeigblmmpmfhf,3.4.0.1
cmcgjnlehmgilhlcnaapgmhnomdidgek,0.0.28
lhhgpflelfbhnihnbjigpgdbahgkbghp,1.6.0
ekajjllcmeckibblgckgoceinmmgnfop,3.9
bmjpkofchmpeocghahckbbbgomlgbmff,1.2.2
ceoldlgkhdbnnmojajjgfapagjccblib,4.2.0
efjchbcjcajmmjkoaneomgkphanidfan,1.92
ihbiedpeaicgipncdnnkikeehnjiddck,2.0.6.6
gcnceeflimggoamelclcbhcdggcmnglm,0.5.2.0
aeeajafchghccbnppaimjhhfpejabole,2.0.1
odkapofdbiffeboekegbhhbbpioljied,0.3.5
hihhfemgoelfhhjonnmkaacfnpghhmlc,2.4.6
jaekigmcljkkalnicnjoafgfjoefkpeg,7.0.201
bojkanljjkdplobhhbjhcaneomfacejj,1.3.1
cjegcaiafliiomjbcplcfekkjjeppkkk,1.2.0
kadbillinepbjlgenaliokdhejdmmlgp,4.00.1
ohoicclioikehjddmoohhahbkmbohlch,1.0.4
ipjbhjmcbgmdjfiichbgbmpmgonokpkb,7.15
mopkbocbdopiojecoghimklobpokfifk,1.1
jcmfojaomblckfilhgjalebhdjmemcdo,5.0.0.0
kjcloihghgncbdkaafgkckbokjnehfmo,2.1.1
hnaenmhgjlogfiaikmlieimdpjdmbfgh,1.0.8
hjklmcoeckggljjcebaelfnifaihpaid,1
bgaddhkoddajcdgocldbbfleckgcbcid,1.9
kanbnempkjnhadplbfgdaagijdbdbjeb,2.19.2
hgipekhmpnenaglmikfklchkelgcgdno,5.0.0.0
hopfkembkmkllehkacjjbncmpdnnlogg,0.2.5
hegbjcdehgihjohghnmdpebepnoalode,1.3.89
ilppkoakomgpcblpemgbloapenijdcho,1.4.2
gmabgcinfefhdgfmjeiobhoianebmlkh,17.58
ckiahbcmlmkpfiijecbpflfahoimklke,7.3.3
aohddidmgooofkgohkbkaohadkolgejj,2.5.2
mpppfkbjnjihilffdmikbaiilonolbch,1.1.9
adkpffmlkncmmimpnmogphiijidakdhm,2.2.9
bofdamlbkfkjnecfjbhpncokfalmmbii,1.5.1
gmdffbblaahnjmpcjaenakkdplibibge,2.2.6
pcpjpdomcbnlkbghmchnjgeejpdlonli,5.2.5
dkfmiibnoifcbiblibjpfalbdfpdoeni,1.2.10
hahdcngambgkdkkgkllijfbnboccieba,1.1.2
njjijbcogjkninkeeobbbkcbiblpjafa,1.0.10
elmekokodcohlommfikpmojheggnbelo,2.4
hgiidlnejdlfoacoeleopkljhbckmlko,5.66.0
ihblhcdfebidnflfeinmfcidibiigcoo,3.1
nmbpddnmmfipcepjmbhjcidhdeceioei,1.0.2
acdfdofofabmipgcolilkfhnpoclgpdd,1.40.0
bjemkmoeimabpgeopncibdnbjblbjlbm,1.5
agljpjecdbecjanckkbhpifjhemgdnlm,2.0.3
haenjjpahcbdgakaondodigejminlacn,3.3.8
emggnjhjgejmlfinhacfoadjjmlmniak,0.0.3
pocmgnhmjgjghodelfkhbjaoidmbadpo,1.0.4
iclapcfoobhdjoacplkdciklnbemejbl,1.2
eignaoffibhilfdkmddbpigikiglehcc,1.0.6
mgccclinjajhpeiciiaflagddlhcillp,1.21.0
ehbcbdefgokbnkgnkecmlabccnfnodab,2.0.0.9
kmjaecainjoaomeebaofnnbobomfigoa,1.7.7
aaobedojijeiidpphiekailnomhdpfkd,3.0.0
iobpniagncaiecodmngkfihaklkkamdj,4.0.4
oobppndjaabcidladjeehddkgkccfcpn,1.26.0
ipmlaaecoiapbecaaalooaocfkkmkbdh,2.1.5
lcfejpdcinbjgdpddgklkiaogfjnahag,2.3.1
bgjhhpmlmkfmomgdpjnefegddlkefnpo,1.2
klgkdeofobgfneffgdgbblkjnaofnecl,2.0.0
chkgcomlgjogfhiecccbmeckigbjjlhg,1.3.4
fkenjikfjemceaendeccicknbpfnlfnp,1.3.1
cnlmgnlnpjaniibglhnppikopdcclfjp,1.6.9
onbkgaihieieegnepgdclfehaacnjaof,3.0.10
pjibmohboojlacgcphdbifoimgecjnoo,1.3
dkpedpjjafnceedhomeijlphmjbblmdj,3.12
mhkffmllohoiiflajcdmpkfdioknejhb,1.1.2
ffmdedmghpoipeldijkdlcckdpempkdi,2023.07.25
ajdhmgifiicbjghlnjmmlccohenlmdak,0.0.2
biaadiadclhidahbhfemkpiiblgjmkbm,1.0.4
ccloodnkfdhboaplaopmpfefoiebllkf,2.7.7
onjjgbgnpbedmhbdoikhknhflbfkecjm,6.2.9
nghmdhdchgaechlnhemhmbdnagbhieoa,1.1
lhphbkophojhkjlhbdgalgmcjhgpmghg,1.1
bcappnbhlaicekdeeolchjbpadlajjeb,2.7.2
khmlalkcjmglpgdkmkmmgjcajahkoigj,3.1.14
jmphljmgnagblkombahigniilhnbadca,2.8
hkdadjbdfdkdchikgblckfadokjfpmld,4
acbiaofoeebeinacmcknopaikmecdehl,4.0.1
ldoldiahbhnbfdihknppjbhgjngibdbe,1.3.8
mjghjegfmfomembnenjalebddlooncmb,2.0.7
jnpffedocibnnflpkjidanccehbepobm,1.0.3
klgphpkamcimchkgojijbllkolhagcik,1.0.2.1
lioppfcbaohgghplacfgajfhbpmlhnbc,3.0.1
hjfjkioheffddeeeddgmpmbonkgibjia,1.0.1
kdnmnhneccackiehedjmnpgfpjicicgo,1.2.3
hmooaemjmediafeacjplpbpenjnpcneg,2.0.2
foiopecknacmiihiocgdjgbjokkpkohc,3.0.0
jnhijdocabbfbhdjkdckkkfheobmckgf,1.54
ngahaphlngmdfhbhkplbglnfhehnpgdb,7.1.9
dkiipfbcepndfilijijlacffnlbchigb,1.6
imfnolmlkamfkegkhlpofldehcfghkhk,0.9.5
cpljgiahieggmkgneoongakhhgmcjmhb,2.2.3
fgnbplaclhmficpjagkncijoeclgflab,21.9.21.7
dionggdmdobjjolppiiejleechniphok,0.8.1
jolpphelkfknggikoffmidbnogahbdkb,1.2.3.2
ldghelicfokhcjkcmdhagcchhhkkaonb,3.0.4
opgmkcnbfkfkpefcbcidclkcenhgjnim,1.12.3
anbeheknilinnhalejpdnaobfhlokibb,1.0.0.4
gkjdeijmijpplplkbmnjgkokfacnfhdi,1.2.7
ogcaehilgakehloljjmajoempaflmdci,3.0.3
dckfeefbegoiajkgbipebibkhkoeiibj,1
omflgbampleamlpmegfhongjnbbhilhl,1.2.2.1
kjfpdndppionnohookafiemhhcpojpgh,1.1.4.1
flcjnflecolckmhfcmhhkichjhajjnlb,1.0.3
bojaonpikbbgeijomodbogeiebkckkoi,1.1.5
icngebmpnhfbjilmgbdfjbfdhcnocjac,2.0.6
gdocgbfmddcfnlnpmnghmjicjognhonm,4.0.4
djpbcgbfllffgmoedmonmjbaofikcnnc,1.0.14
angjmncdicjedpjcapomhnjeinkhdddf,2.0.4
hjjieibpndakgofhpfbjfphacgpcipki,5.81
eemiojeoeomfggoapmnfnmpnkieojonj,2.87
gahgachhcblgfnjdfghcjcpgbkbadfgg,1.4.0
pkgciiiancapdlpcbppfkmeaieppikkk,1.3.7
eeinkeamfcgfkondkobnhjmobocnicdl,4.0.4
kjjcelfokaohpfalfcibhajdhonklhjn,1.0.0.1
gaiceihehajjahakcglkhmdbbdclbnlf,1.0.12
piojkjkndneggfaibepkmabjnkjlhlmk,1.9.2
lgedbeeggigjjpgdpomcgmhjepeongle,1.0.3
eokjikchkppnkdipbiggnmlkahcdkikp,1.0.12
emdpgbjlcekliljeofijhkcooppcifmk,8.0.0.0
icakbiccbbbbofdokllppnmjadhgence,0.7.2
bgbclojjlpkimdhhdhbmbgpkaenfmkoe,1.3.8
mkdijghjjdkfpohnmmoicikpkjodcmio,1.1.5
cjljdgfhkjbdbkcdkfojleidpldagmao,1.1.13
fpomnccddldmmklkabkcpcgdgjdadnff,1.2
hibhbklljenkheombjhgkmkpkjcjkgej,0.1.0
idhfcdbheobinplaamokffboaccidbal,3.1.1
gnenphobenhbahdikiocbngfclhdcckh,0.0.1
mnhfajmpgiahjmnbhemaehbgadnhnhbd,1.0.3.0
plcidhggkobmplknfamnlcnhampkgjjo,2.4.7
fglgihdikioiilfgkilkihimhbdhfpcg,10.0.1.4
ainljcjkogbbfncjbcdgeplknhekoean,1.1
kgifkabikplflflabkllnpidlbjjpgbp,4.0.1
blndkmebkmenignoajhoemebccmmfjib,1.6.7
pokhdljaddondejmmnnnobkocelgohdf,0.9.6
ccfiidenpcbbnglknoomldammkfpkopj,0.1
npgkcfnmadahgfpboifplmodkddpcbjp,1.1.10
aciipkgmbljbcokcnhjbjdhilpngemnj,1.3
dmfoecgllpmmfgeajbakcgabbpijncag,1.5.1
bgjfekefhjemchdeigphccilhncnjldn,7.3.2
ljfliehnflhpkclbblfjnbgigeenohlh,1.0.5
bedkmppnhldpheapcmnlchkdhfldcedd,1.0.4
kcnienldjfojomphekhgmpjbemoimhfl,2.0.2
kjnmedaeobfmoehceokbmpamheibpdjj,0.5.2
jampfdkpcoalfbgifjoogcananhneolf,1.0.0.8
oihdhfbfoagfkpcncinlbhfdgpegcigf,3.0.1
akohoneeidbaiagopekmdeicbfggcccg,1.3
ebldcmdjfokdlhlldbfgljogkjkadoag,12.0.1
namfblliamklmeodpcelkokjbffgmeoo,1.5.0
hjlekdknhjogancdagnndeenmobeofgm,2.2.9
dhfmblljcphajfhdfcjkidbiacaofakn,1
blajlmahdldgpjhpmfkbeohokkhgcjfh,2.5.9
ehhgaobakclpaachikjhcpelknghhbfh,2.0.0
gadndffmjdmdkjkmfmioeibmlabhbccb,0.1.8
jbfhiijofbfhghlicidhcnlljofpfgag,2.1.2
gdomjeenihapmpljdcclmoiabnlkmjjj,1
jngnlpdkjfadjlmdcghhcjgfkbolhlmo,4
nebefpchehpbgknhilngemlmdbmmecco,4
egokoghkkmcnnemgcaadjhdihpceopkn,1.4.0
limpjojjhgkggehbdcpknjminfcidfno,4
noopakeamhnccokplfggpomjdgjfklfa,1
kobmhmhkgmmfdgdkbhalekohkdmmbakp,10.0.1.4
kimjncdkbadnjjanmgkkdcbfnflohadb,1.1.4
fdalcehiggljdbmaoacabgnhkhplgkgg,10.0.1.4
iangljcnfgklhlhjkokndlemjddgoifd,1.6.6
codommceejgdnbmfednpkhkfnlbepckf,0.15
ncepedbgendolfgojjondmgpimpfmgki,3.0.5
bkpdcjgoklacfoobifjkpnlifoibnpch,3.10.1
eklppombpkicbokmdmbnaodoobjecppb,4
bdgdkpbjcedffdjnndlkbiklnekjjcgb,1
bhfelhfpjghfmhogedjnlmdpkbhmjhlf,3.1.6
lljedihjnnjjefafchaljkhbpfhfkdic,1.8.8-chrome-prod
cmkmbhibddfjgokeipcjedbhphkmhied,1.0.0.5
ojnohcpmjmfginbfdpedmbaoaeockgno,2024.11.19.18
hcbgadmbdkiilgpifjgcakjehmafcjai,1.0.17
fcpcgeoaoopmpbikjcjpbfklaaalpkoo,10.0.1.4
mhjbebobeodgmngjjmmjjgpfmmikkgpd,1
jaafnhcmpiaoacjpnjlehbfeljdamfmf,3.0.5
fcfedkmnjidinagfaoifmdcohbcoldli,7.0.0.0
bfjkkjekpnompcnclfjidneejikmohij,2.1.2
pjmggapclimofedhfipbhppkejjcghko,7.0.0.0
mlmoighangjfhiookjppplipefbbnaoo,1.1.1
fgjifbgcfdmmlnbhhhblniafjdfejhme,0.6
bdggejoilaofkbdngdidhhlpjjcjmfng,0.2.8
aofdkfmfcfjnbknohogcbidgoefbalig,3.5.0
fgkgpobkacnpmcodffcnegabgihnomal,1
ahbojpmkkkcgacccmnfmfhljdfjfbpip,1.2.5
foiiplekakojffphfmkfaojpamlchibb,0.2.3
jhpemhkhbbhpefadnjnkgpnbpohcamce,0.2.0
labjajhkfjfncpiddbgdimcaldgeognn,1.2.2
cdlbbkjkgobfbbhgjkcehafcpoljjghd,0.6.4
fopnhepeflgcnppklfnejokkkeomdgik,3.2.1.3
oanhbddbfkjaphdibnebkklpplclomal,10.4.23
gmadbgbjdlmnkjkdcoikmlofefkckbim,1.6.1
pebcmofchocakhnljflecpkhadfplaea,7.2.1
agnbmfinlfpgonkehceknkpapgoibdno,1.9
fhoeefagjpjjjjmlfpdpkpemlbdbgpnj,10.0.1.4
cdepapeckhfipbgkoemeifhogkgjieje,4
jndnbfncjpbcknkdiadbijkibndaikkd,0.0.1
nlmjpeojbncdmlfkpppngdnolhfgiehn,1.4
piiiffonpmeolocfghlpeolmdabhiemi,1.2.8
mephifjhkkaodghadbipncgoggkikena,0.1.5
eadknamngiibbmjdfokmppfooolhdidc,1.2.2.100
kfodmaalecekglmdaflemefbimjaodjd,1.0.3
iecnohknckkefejnkpokbnmnhcbngoik,1.4.7
ncknaobecnibkpanffkegnkmilafnofh,1.0.0.4
hclgegipaehbigmbhdpfapmjadbaldib,0.3.5
icdgkinlkpckhjaoebhpjilnpehkkdpk,2.9.0
ghccdmbfigmijeekcmgieglignhcddcc,2.0.7
gjnbhjpcpiegmooelafaphjciekfindc,1.4.4
gjcnknhpkhmejbjfddcbgekmhbodanfa,1.1.2
ljnbnnicidjhpliiofckalaieebphmfo,1.9.9
nmibbjghlmdiafjolcphdggihcbcedmg,1.0.7
fandleohidkkemiklengnjjabkmbnmnd,10.0.1.4
bbdjfncmijjhadpakaoomccnoiahifdg,4
biobhimkjkgacocfklbhehiaplnjbbci,2.2
aipampdgchhkmiahbnkpjahoenfcnajn,0.0.2
jfopjnajohhgbneokahejpdddamndehg,3.0.6
eijfcjdmbjmpiioekgaiihgefagbagnk,3.1.2
cdoinklelehcpndgmcddkkdhibpoglnk,3.6.2
jopagjnolpmgjkobjnmfdmdnpedkokep,4
cgbhdenfmgbagncdmgbholejjpmmiank,6.3.3
kibdlmmcjbenipinmagkdagdgommjaig,1
lekdbhmflddpamabeldfbaheinkkaibj,3.2
klhnojamjpdafikjihkihhogapmedlkm,1.1.0.13
japghlhpdkilcppddfpodnmibeleoibl,2.10.2
kegnjkacbcfdcbgilpjmlmemlkppbpgf,3.6.3
fnelbbfoppifhaenladmfjcpkkpfaogm,0.0.26
kgeaejfodjnbogjfpjbphadocfikhogj,0.9.1
lfkgajffoenibieppaicgjlheepiecad,1.0.7
nboklealolmoppgnkoppfmniigplfoin,2.6.1
ioihmdlaodpflcjnilejomfecjnmgcko,1.1.0.21
popgkoojfccchdfkpbmfjhoonipbinoa,35.6
lgcjenocbhjjobcnlnblfbadgmpignoj,10.0.1.4
epmdnmdndfcjkjgehjliodngbkakbejm,3.9.7
cgmpmfilbdlmohglaobhngamnglfkgeb,1.1
fefdlmcillgocjjimfkakfjjodgbiajg,4
dpfnhpgalbikhfbdffipbalibdmpphka,2.2.10
kkmknnnjliniefekpicbaaobdnjjikfp,2.6
hkbmajmmaeonfhjdcofabfilgfigpbao,2.1.7
jcbpdngfokbfdpccckobnmjobaghmmmh,1.2.2
kmobjdioiclamniofdnngmafbhgcniok,3.8
hdfadhmdfllnfbckdhiikebblicdggbb,1.1.5
fnlacpeacnoeomjffhiimggekpnihegc,0.1.0
ebiepbbkmobnjbjoipacaafpmhkfbjhb,0.5.4
hiegmombimgkddklfddonlinagkkjbbl,8.0.0.0
jmpdoloapmhninneneekkepmkpmpkhjn,1.8
popkohipheagkijpjmllkbnifaokliim,0.0.21
mdaaheohigkbbponfjkbpagpelpchecc,0.7.6
lmofpjiangajjbdhlbnaaejheogognle,3.0.0
lnebjgioddkafaldaaeooeghlcholnnp,2.0.2
mhlepbeedmnmgdibopkdcbmfpgobjjho,1.3.4
kpicagemmbcbdimjlljbkliefjecbcco,1.10.1
edkljafinkpeoglndilllgfnailhkocn,3.4
kcoogabpnkjfgacfipjbpdljhbepjaka,10.0.1.4
gcknpgcojhiodplpknngmndiapdhhflg,0.0.1
dhachicaenaniophllepjpnchhkgfhah,1.2.0
cnjpabnafhigneknpcgjigihcmcaogna,3.3.8
hjeghnihcpdgpmfgebhfoclaednnbfaj,1.2.1
mckadhemhpalknplpmekkonnnfpjmddm,0.2.0
ccmdefikkocphggflmekkmncnihdcijg,1.2.3
acofcbahkeehobnpeebfkfijfklkmfbp,3.4.9
mddlplfahhkojhjmmnkjeaghalncgjdb,1.0.6
bkjhpoapmbbnkbgphenbbndpilioicon,3.5.8
gchlkohjaamkodekfkidlieinaoddcpe,1.2.1
pfpidmanmdaipcgglaoliodkdkdpelnj,0.1.3
eiealkflchehbbalnckbnadccbhlbmod,300.1011.501.101
mnafnfdagggclnaggnjajohakfbppaih,3.1.2
dcgdaaelingolbmpggbmjmedfeplekac,1.1
kfaopngpbkjjpifgbkfdggcfchnpgcde,4.2
phjhbkdgnjaokligmkimgnlagccanodn,4.1
bboamecjefgpaemgfpcjeediamdnkklc,0.1.4
alocdedpdekibencjfoncadfahngoecf,0.4.2
ljdibpbljaijjljlcloopmbebchmnhkj,0.0.0.1
knicjjlpbocflacfabnchhbmnoihhopl,1.1.0
kkblpobkohhpkbinecbhjepgcejpohcg,10.0.1.4
ggklnnaddcakeaekfefldeddlgffnmdb,4
nfdcllihdcnnfpjbakmifbokjajdnidm,4.1
gcmgocjegbkncaloemehdccenacicchh,10.0.1.4
kcdpcaaeifbhambgffephkojccnofgek,10.0.1.4
kklgmlplepccilmefnmjpoklnnbnjifm,4
emkcbdfnalflalgademjokefghbbnnjh,10.0.1.4
cfbkhcdfjingdbdollgbfaneknhchmko,1
lgecajjjddljdgjepligjlppoaanjcac,10.0.1.4
aolhpiajefmjkaecaohkncgfcipodppk,3.3.8
enblgdlgafknckfnnahpmbiclnepkfgn,10.0.1.4
fnjpdofhhokammgbeaakdajpmppeiodo,0.0.5
mlelkanneklcdfchoijokikonkmdjhbc,0.1.1
fbnfjhmfodkfmdmpbkmioepjojfnfnol,0.1.8
bmcnncbmipphlkdmgfbipbanmmfdamkd,1.1.2.4
ipbapneeldifjffolpgaghcpddddific,4
bkmfakhnedhonbkpbengdjbfninlbpbk,3.2.0.11
oacepnkmjogghgfoaaogmaknjooaffom,1.0.0.5
ndhodhgmjkljkgmigfhlhhcbebmbnbhl,1.1.5.3
hkoedmbnopkigkfofkknbmfambbljolg,1.0.3
didhgeamncokiaegffipckhhcpnmlcbl,1.3.1
nkjphakddmlpbnlpdnfikbikobmjmacb,4.1.1
fgkghpghjcbfcflhoklkcincndlpobja,2.2.4
clgmeeidjanhodpnonllffbdmgnhmgpk,1.0.3
ajpelgpbpnmabmblmkhibhebddjebpga,unblocked
padjipbilemhhpppjmkabednoeiaaaac,1.3.2
nomkmakjljpekcjbckcmffldeekdanpa,1.11
pdbfcnhlobhoahcamoefbfodpmklgmjm,1.2.13
pcobioigaodalmipibomfikhjaohlnfk,2.3.4
dnmmdbpmmhcfdeimgnlkjgmgphhpfbdc,1.2.4
hlgpnddmgbhkmilmcnejaibhmoiljhhb,1.4.3.1
eodojedcgoicpkfcjkhghafoadllibab,0.2.4
ggokfoffgmgmkckgeclppfpgfmddbdjg,4.0.3
gcmodjdigfgdkpelopekhcicmielbkbi,1.1.11
dgajbhgdocgdhagkjfikgfdphfalbhdk,1
aeackocogecdepagmboekdpalmmhlmmg,2.8.1
dkaimnianodhmablkafgfocobakfhlic,2.5.5
lhlhmcfdhkcfkjnncioidepebbmgccin,10.0.1.4
nmbnknblibmnbjcngeojiabgabpddmoi,0.2.0
mokaebkcdjejgknjpmdpcphgkoebiodg,1.4.3
agencljbacpfnclcbanachomfbeoilaa,1.1.0.48
agjfacokcigogmjlogmobpgmifhnopco,2
odanphnlpelgookhimkpaknejphjiadp,4
dmogpclcbmepmamdjnndpfenmbeccdhj,1.0.5
gejjammgonokahnneniaonbacjclpocj,2.10.10
ccachieepekabdbcpfegamckdidpepga,2.0.7
lmhkmibdclhibdooglianggbnhcbcjeh,0.0.7
mclglmgjooiimoaplncnbejpneiollcj,1.2
ohfbnjhbpjlkbkagpkdoocefjocageoa,1.4.7
hbldadpfobpfnbobgfahlgckhajhfhpj,0.2.3
lcebokhepdpopanpieoopnjiehmoabfp,1.4.2.5
jmpiianbpdklbeblndaaepmcfjlmlkgk,1.0.0.20
ncbkjblmblhdjckefnncheiganligmin,2.1.1
fmdaigicalbbnbafdmlnolgjoebkhgao,1.4
nhbfcommammkkekkdfahdfeheeaknodg,1.3.4
jnpjlcplnmjaaicbcppdaegfgkoaingj,3.5.1
ilmamaaimmhfmcpmcpanboohidnnpheo,1
mgogajflcepigolelknpjkekjgpgabnb,1
iccmddoieihalmghkeocgmlpilhgnnfn,3.5
alefinjnfgipkokneoockejfggplnbok,0.2.5
hcmoflnlkbjgnodldniblodbppmldlcn,1.9.9
fapckobhnbhdiegioeaoafbjgbimegag,10.0.1.4
oobccjpgjeiaebnakepogjnoddfdlicp,0.8.0
ifpmnnlpdbehancfjenddkfiheekhjng,3.0.3
hoklmbmljnehclgomkndpmdcoihkknkn,0.7.10
bpjkjejdannjfahgbahegaendgjgnpci,1.4
henekgkcgleealoeoeihljhkijalolai,2.18.0
oknpgmaeedlbdichgaghebhiknmghffa,1.4.8
kaomadkpgggphjcopcioeghadcemamng,1.3.5
nbkcbfpaaphehphjefpacemeijfbkicn,3.6.9
anckfjohcjagabcpdnegoklphnnfjjbc,0.2.1
aijmgmfcalnjfiodhhgojhdgpegndhae,3.8.1
akhaggiedohcakboedfcpjgbojahnppc,0.0.4
bpdeckolbogdkphjbenhjibkpmjhlihi,0.0.2
kjdlpbbgcehffbbdoddoaeafjjjpapck,0.6.2
gaonneapfjigdaklggdabodjpmnfhlch,0.1.0
ahdigjdpekdcpbajihncondbplelbcmo,5.0.3
pdlmjggogjgoaifncfpkhldgfilgghgc,0.9.5
ocpbafeegjjnfppckhackoojckloofan,1.5.1
kfcdniokcciaeklbdeggjpnefacboinb,1.4
dplmogdegjpkddacdbgcpnnamdignmof,1.0.0.3
heplphbdjibiknnnhlpfppjfafoaeafn,1.0.1
dkdjiiihnadmgmmfobidmmegidmmjobi,0.0.8
bheakcdnflonpkmfnlegjmnlbdblpban,4.0.4
lnfeimcodfbhcnbllmeemfadfnmeacac,1.1.7
bffaabkeplghdnehaeneehcblhagoagf,1.2.2
ppdmljnocbngbimpmhgdakdenooehfml,1.0.2
dnpipngojkejflmgjolflengnoegnffa,1.0.14
jefaeiiljgpblhdmbkkhikiahhoobalg,1.0.2
cnodohbngpblpllnokiijcpnepdmfkgm,1.0.1
pijignglcpccecojdibjfdklpmojhbda,2.6
hiembaoomcehoiehhdldabfgnmphappc,3.0.0
fedimamkpgiemhacbdhkkaihgofncola,3.0.3
cfemcmeknmapecneeeaajnbhhgfgkfhp,2.4.2
knmmpciebaoojcpjjoeonlcjacjopcpf,4.0.1
ohieekeimldcphmfhfooogcdmlmgomom,91.3
ffdigckgpggfihldimjbogjeookldfkf,1.0.9
bchbbbpmoennlbaccniopjhaedlojdeh,1.7
lcepkpoihljfbahimiadjoaachcikmcl,1.1.3
fgpecemjbefkjlcgnhjohdonijdkfooj,1.0.2
ljbmkjikheoaglnnifnghjbknejbmhap,1.9.46
hdigpgnfpockednepfiinhdjebkmpicn,6.0.0
ncaigiiphnbdcogcmjnnemonoojcjcmj,1.0.1
onkaeiahahbdkannmbhhmbkdknlcmalj,1.0.1
nignjcnhajjmkmhdhiklnfcbcijgedmf,4
oiegmjnjcjanadhmfebiafogkhmlfllm,1.8
ednbhfeabkkamjlkfmpohdlihhchbjdj,1
oibddichifjggjlabkpjphegomofmjmm,0.6.2
ipabfnbgnlahikcjiddfphfchdebcmmf,0.20.22
nplkegpdelpbflbhfeidfdlnmggjdjad,3.8.6
ipfkpcjnhnakdmmpihoocpgkgillbplb,0.0.1
cfhbglbifcchbdgklgehkampdmbnddfk,1.2
nebkejifefinffkhploobkfdcnpbkkok,0.0.2
ghboddebldobkmobnnoikfkhcinaeaok,0.0.2
lhkkbeaemakcpmhiachckhhcjljjfkpe,1.3.2
lfagpmldbojnpfgdhldnnjcikkmcnebb,0.0.1
aljglfjmkdjjihdghkimdajfgkjahobh,1.0.2
hfnghnjkcpgagjbiheidccjnneoipbmb,2.3
eofogjfkadmolbbmnlbohhbkhbodcjjm,1.0.0.5
ablkfpbbiiomkchpmhkjpfaecapbjonc,0.0.3
eaaidjlapgmpcenpgkeaonekgahfemcb,0.9.0
diniibcebbibcfbfglpiecbadipmegmj,1.0.5
dokefchgnfngegfgooimaolifcghhjgl,1
ehdiohcjdoaedbeejpljppolfamoplik,3.3.5
pnglhfabfkchkadgnkfacoakincdpeeg,1.7.2
kgeommjneacaolldloedmmcklcoofgdn,1.2.1
hehioigeioggoabbbafcnbongegicjel,1.10.1
dgninngccfimdaiikbanljbgjpaelknd,0.1.2
kmminjooemmhhbpkbfmjhknffplmjkfi,2.5.10
kplpcbodojdjlejmkfbghifakoinigie,2.1
eenhlkokglfppcakfmngnjebgckmbpom,0.2.0
gklmofklffpjfoghfnjfkecfgijoicke,3.8.6
fbjbgeggmimjljgggcimmihahghjjnjd,3.0.3
clegjkopllnjgmbgeldhbebmjgghcdci,4.4.5
ljnjmigkiopemkplnccpdhmffnpcmcok,0.6.0
jicjblfmbhkgjobmmiehiipndnimoijj,1.4.0
nodogckedbjonefieafgjckbhjdehggc,0.2.2
gfldbgjeciegongbgffhdpbgobjdcmgm,3.0.2
mjlpncbhjkmlcpcnfgclonhfbnflaega,0.1.2
kmaicpjnekdefodjkohkmkibcgkhapbh,1.0.1
bagjjmhodjocplgobhihhiehlepgmcib,0.9.1
pkljdjmnlaiglobeeifbjfijpefmcpch,2.6.4
ofncbjjbfchlegacifnndkkbdoaedcof,5.2
afbjfmdncdlpomhgjanodjfogbaiknho,6.0.2
peeblnkechlikhdpikkjeakjbpnifmkf,3.1
ochmbakdfinmmgckcfdeleomindklepm,0.2.4
emcehldbnlilnfipanopgpmeaafddonk,1.1.0.44
panacfpkgpfbedfdilbdimmadpamgkag,0.4.1
lbheoidagigbgcefabclaomphofmndao,2.1.1
ihnekdinpejhkbmhlfnfnhbgnohfkkil,0.0.1
fnnilleplgjmldpgphocbofoahheemok,10.0.1.4
obfienlhlombcmfhlmfdmmgaodigepgk,2.10.2
pncgcfgdblcjcccdjkieaonkhkcbngch,1
ljcagbpkbjgcehpkegknlmegeaenmolm,1
onlcemacoklknmpjfclgljdnfflfkmoo,1.9.9
dppobnjahaimobmfggcnocfdhekakaia,0.1.1
fgllepnoeikbabgajffpknmkfilbpacf,1.1.7
kbjfldjcbdepklhgiekgabhdeaeakloc,3.3.4
ffjjghbbbgolgkdhjegbgiedapcfmpin,1.3.10
pdgbdckpnipmejccfcbblndjkjpdmaob,0.0.2
hgpkgjcpgakfajlhpoomhapgkbblefbh,3.0.3
kmabfaomlcjlnplkoflgenkmmpilmead,2.5.6
nfjkjldlkjkgogamkjjifgabbbonmeif,2.1.7
fmmheokceopdkgafkifaicjphccaeihg,10.0.1.4
piefabnkhkmjaoelakiadelmojkcpkpd,7.1.0
nabjdccbcfponlofkobmigcgfaddnkll,2.8
kidocehhfldbiodgngdagphdgfdaoedg,0.10.0
elbfjmggiipolaelknpfmcdaonebipdd,10.0.1.4
gadkcldmeookpjlfcehemgagaemppcen,2.6
bcekchindciedlgcpejnbjehjocipcjp,1.14
inekcncapjijgfjjlkadkmdgfoekcilb,1.3.0
deiafejpkkabdfkhhnmdfbndgnckgldj,4.0.0.2
jijkkddhochpdbhnmhmjdnmeopoehmih,1.3
ljdekjlhpjggcjblfgpijbkmpihjfkni,1.4.6
olkoccbfkamfhhaicdkegfipjhcpdedo,1.0.2
jbnfnljbmaaacnifppbdgplhnccoadgm,0.1.1.5
gjobdmdbagphdeajhfeanmhfehhgdpej,1.0.1
jnfbbgcbjbmndefaeopjlicndkpoiijj,2.0.4
eonlnonhbdhmegjijlaficfaoodfipdl,2.0.0.2
bjnlfombjeamfelifpimnopcchmmeppk,2.0.5
mlgbkfnjdmaoldgagamcnommbbnhfnhf,0.2.6
ojfabkaghjkpnejfdkamhijkanghddfc,1.0.3
cmbkolgnkghmgajbbapoicfhjlabmpef,13.0.5
lfngfmpnafmoeigbnpdfgfijmkdndmik,4.8.8
fbokkfmimngbimjknehdklnfbogppojk,1.1.2.1
kggpndclohddceijekoijhhmcclpfjag,4.0.0.1
jkaddaomlnmhfjghihkioafdeacbdlla,3.2.0.4
oaaiakcplphnankiegbjjfkdjhaelkgp,1.4.9
oaceepljpkcbcgccnmlepeofkhplkbih,1.8
abhdadadmefcinkehbogolpfocgjkkgb,1.2.6
kgenkdpnlkjnidkldpbnfplchghdfckb,4.0.0.1
njkcpdaddgmicpgppdidfhfgnjcnlinb,1.1.7
bhepobfngomchdgpacboabjgaclpkkmh,3.2.0.5
mcnbfjjgfmgcbljkoaaadoddokbmnlln,0.0.9
ijjapkpjadbaegohjbkhbgdehhadmoon,2.0.0
imccchinfcnnpjoicclggnpdenhachco,1.0.0.4
gaoflciahikhligngeccdecgfjngejlh,2.0.2
ananjgomhlhilkjmkaamakfmlfjeapme,1
jahafkfpijolpcommpkhhmadjaphbgjf,1.5
loeniidbmeohdlmipbpkfmiogbcncibh,3.0.3
baajncdfffcpahjjmhhnhflmbelpbpli,1.2.2
mnngggofppeppickpphoggglkpnkgkjg,1.5
inhefjomnpfkkegfklclbjhkifmpkkmn,0.8.10
ibiejjpajlfljcgjndbonclhcbdcamai,22.9.29.1444
ndkkpmmdfmdhnkeedoidagdbpcapgofa,1.0.58
jchmabokofdoabocpiicjljelmackhho,1.4.2
jihicnfcjfaflbejkohdeodejenbldmk,1.0.9
lobjclmmcgedipklcpkpecgcjlclfahi,10.0.1.4
pageombfinmkpehopmhkloapnjpifopj,0.0.6
fnnaolmjooajipoiackbmjpmpgpidngc,0.1.4
eikbfklcjampfnmclhjeifbmfkpkfpbn,1.3.3
pggfglojkjgacpjfaikjmjcadmidhcig,3.9.8
cblmcdbkofcfoneikekbedgjjfkndmcp,1.0.7
ehhfgpcfmkhdgpjhhhnkdocmhkomojdk,2.0.7
lngjihgceddoaddkelapknlfmbdfcgkb,10.0.1.4
klmjckdmegccbpkngejfgilibngimggm,10.0.1.4
ikgbafpmfnheeagenombakpjkhgnbnhb,1.3
jogdhbifgngbpnohehnhlgpkedhbajga,10.0.1.4
cbkeibjdillfndajeclfbdhkgcdgainn,1.0.3
jkagmalggbclakcmmhehjjimnimenkni,10.0.1.4
lblaeennjagijegajppgcmcpaejngjim,10.0.1.4
acieicajkdddnnmngjignpgmaphpgagc,1.0.0
fnhmcdllilkgaeibglmpbjgplmfdgclf,1.1.0.19
inmcilafenhhdpdffijihbahkklbppki,3
lmkmncfjliookbebeiabjjlbjjpcilam,0.6.7
fhmhocodenpjbbmndbladmhbhpcogejc,1.8
jlejlomaahbkeidlankfpfheonpffgpa,3.2.9
ojmaoilakaepopilccjmipkigmlljkpi,1.0.2
ohklpeebknlgpcigfknfhaflcepobpio,1.3.0
emahmjfdojfhghkmhciaehdkobcohfbj,1.0.8
giicfedfkioiagbiepmffboeehjbmdoo,1
bchdlkdkmkbafmnjojelmnbijckcbbom,2.1.6
fkhoimdhngkiicbjobkinobjkoefhkap,2.6
omkbomiabplbmdejhickhlknocjkkjla,2.2.6
nooeamodddpbpckbofmdpkchgocfkmjd,2.1.2
fnjfldnkonnomeehghhhmcdlifdldhdc,1.3.5
oddcpmchholgcjgjdnfjmildmlielhof,2.6.8
aipcnjgjiilcbkjjglnbcmkohpmfdabe,1.5.3
bcgobkejgmjmpcdfflfcbennhclmlhhm,4
elldcnmgncfcifdakgcagccmlgcalkoo,10.0.1.4
mkbedenfmmfijapiicfomejpbcchogjf,1.17
ffaflfplmkhbbaedjannfmeklmmbcplp,10.0.1.4
mnmhfhpjnideidieinfioekdemddngdm,3.1.1
ehcbcolpnajcmjekmnnnffgpeckjbohd,3.0.10
klblfmpeelmpnadjahhdakiomhaepogb,10.0.1.4
nojikadpggaefcbhoacajihejlploibl,4
cjpnaccogegoaigcmccebcknlgnealbi,1.0.0.4
cmicijljgffpmplkpdenaoaepeajcbhj,4
ihlbeilinjfpfompinfnahojmhfacacn,1.114
pfhigbdapgaokcfemmpbddlogfmmidea,4
dngopicgmbombljnokddpopmohkmommc,3.2.5
jjbegdibdlohjdalboaiohfjnfjpmbec,10.0.1.4
ffanhdjflgaehmmjigiomklpppbdnpkk,4
kefodnhcphmjlmljfhickdldhpgpnkgf,10.0.1.4
klgfmliggkoldgiadhnhkalimmblmdjb,10.0.1.4
khkaadgdfahjplpdbmbdbjokcdgkkfkb,10.0.1.4
llpfhhkinenjagdhpgflgpekfgjhhnek,10.0.1.4
ecmdaobcheoomjmedohcfnbgckihnhjb,4
iheomjdnpgpejeofegebgcjalfhfmhnj,1.0.2
kdnhlikcaeiniflnnkkmmopkpemofmld,10.0.1.4
ioonmncejomibmfkfbncdjgbkgolcmfm,10.0.1.4
jhhcjffbelblkpknbgnbmnngmkomoonp,0.1.1
epbpgaidlgghdocnlmgmphkoabgcppcd,1.2.2
ppghficcomlgdpojfiegigaikgljdpjj,3.3.4
nabnonilgdjefoeihhmeoemljoifnhlb,1.10.2
hdnielahjjafipbkbjnldihokhbpomep,0.0.3
mncnjkognaelokhaogbplbajchofmjje,4
icppkihnmgkncknjlfkkjgfgoifkcgii,1.5.0
aicngbhmoiddjmjgciehlhlpgjlbadgj,1
eeadjodbgklnfofmdodkjfppindjfjjj,10.0.1.4
obpkeagneipmboepekcgefimjdmkmgci,3.0.6
ighdimaffbhlikdnbknegobblbanofff,1.0.0.5
dmokpclnabalkcpcgjkdobpiflndaajo,3.0.1
kpmdkdjlidklpcogkdgnkpaifnkbjpcb,1.3
jogccelhnmfgaceihjgcicgakgpehple,10.0.1.4
fdhpklbomcgmbblnffapeelbomdjagnb,10.0.1.4
fphpckflaojodkdijbghgmgakdkfhdic,10.0.1.4
obegjcjobmikigfceeaoebmfcojgekkd,7.2.1
mcimgdmbbdpeainonlhfnlmfdlkddafe,2.4.4
clhbfnjgejbmnebgdeanmlonklpkgofp,1.2.2
iffedoghdclbjokkaidcaaemgaeaclno,2.3
kfgkcdkoghfpamimfooimfdjmpbhbpoh,10.0.1.4
hmbcefbedcifpijjcmcfgpklegdgnndk,1.2
jggjjmplgdnnkaipkheoijeimepnblgl,0.0.3
iajhmklhilkjgabejjemfbhmclgnmamf,1.23.0
mcfibjkioemhkfgildelmbkejapdpapl,10.0.1.4
nnddimnbbfajaapbgimnoihbkifdkdjd,2
glidpofelnpcomibgknmkegfkmghdjlp,2.78
pkfpgamjjgkhfiibokaiijpdocgcpapn,2.3.02
ghndhbbeddkokkjignpapkejhhaofhak,2.1.2
aiecidoclegakjimjohjpacekhhgmgpm,3.4
jimjgccbonaphpebnlpbnpfnlamjjhof,10.0.1.4
bplgdkiipdlpahnglcleecoefjfdpgki,3.3.8
jgojemmfdlobdcdghpmicnbipklfopkj,10.0.1.4
pppfhnjcjgfkcipdfgocllpkcaaniopb,0.1.0
fdmkkgeokjapkfadnglcdjhdllnimanc,10.0.1.4
jiohndnnpecappdihlagmaffddmjafac,10.0.1.4
mjokaobojadbdchcfjogbkbbjgnklblc,4
mebbddfcgbhclhoglhiomgniinagcood,10.0.1.4
ndkbmdlpnnjlfkhjocopmijmmofafefh,1.6.7
ejcniippeghnejiodjkkmndlelbagmah,1.1.3
bhfoemlllidnfefgkeaeocnageepbael,1.5.1
figebfhjhfcbfmgicafogmhjjednkbbf,10.0.1.4
lpfokojepaidfhppgjfpbhcnohbdhmgg,0.0.1
ldpacinipfnmkmbkimijjbbhldfapepk,10.0.1.4
abpleihjmigldpcbdkfbligciodjlnbg,21.89.41.101
jfoinodmeimbjpheipphfdijjiblfchp,3.5.8
nfphimlncmkkcbelhkmpnanhdhihmgjg,0.0.1
fcdopghpidfdeglcheccmehiaedgpmkm,10.0.1.4
fdpcnlepohlkopdobgaecdmmebgigmki,3.6.9
ffldpofkjhaaoabooeibkakeehemojlf,0.10.0
mdjbpandnkpoaeaemedhhpaibjkcoblh,7.2.1
kgahininmanhkjafijbippfohfplkdjn,2.7.0
foocambipkgeabecnaahoneofdimebaj,4
lkbfenampnahomokopcaekkagogndgah,4
ndjanihhkjlnabdmbelkfobmhckoochg,3.0.6
epdehgdjehgebdopjhmholgeaobgknhc,3.5.8
hkjbfhefenbaacjpojhnecmajfnieeei,3.3.10
pmdojcimafiidnflodbinjhpfflfneic,2.2
pheipjdlghcikcmjkkbkbehcoiicgnjb,2.0.3
njopenlfhlggfndhgamcmmbbophpndel,1.3
lifadbaphniiepdffjahngcnndkhfoii,1.5.3
poehhoceghjijadngkbnkelfklijppid,1.7.8
jngmilcjjaipkgcfomnfjikhkeinjlkb,4.1
ofckjckbcjodaifegcmdegalggbekfhd,1.0.7
lodlkeaogndjodfllhmnpipehkmlpipj,1.1
ieifbfnagndmfnolgicleegodabbjlnd,1.0.1.3
ebgncohckaamaimgnecanbpncemdhmol,1.1
eelhcnnflfnddmoljbpkpmackhcmdfoj,1.0.1
gckdgflpkhhddabpbmmoanbamjhihknb,1.4.2
lbngfmkpnomjcaclajdbelbnlljechmd,1.11
ibagjooiebipmfmipiokhehgajmljmlf,0.0.27
mihahfnklghjjkomdejffppkdpoefkmc,3.2.0.8
kceofhgmmjgfmnepogjifiomgojpmhep,2.9
laoljecggfkekkmnncgahkaaiiephcll,6.5.1
kocippcmaonjcigemeicoohaapclllen,1.2.0
dolflifdbncknmooonbhphlkngcfpmnh,1.0.0.1
igpdcnepljjmmjlkganfhnopaaoegjdi,3.2.0.6
maagmnodfdojabjbjhkbnbheenakpheo,0.3
ogiabfmoeeenbmlkbgfmindbacnfikdc,2.0.3
cdpeckclhmpcancbdihdfnfcncafaicp,1.1.8
jlbdohafelamllahdggfiedfcikgkccg,1.1
efppklondgabgcjblaffdbdgbdjnfkcn,1.3.6
jadlkekfdcnbbnfhmpceonompemhhfkn,1.0.2
gelfgldejnhgpjcbnfpkglhpelajafao,3.1.8
bgcmndidjhfimbbocplkapiaaokhlcac,1.0.6
ododgdnipimbpbfioijikckkgkbkginh,24.12.18
bncibciebfeopcomdaknelhcohiidaoe,0.0.3
flddpiffdlibegmclipfcnmaibecaobi,0.0.3
bbdnohkpnbkdkmnkddobeafboooinpla,1.0.1
kkekefcpfdkdjgmnbcagcdgjddfebpnn,3.2.1
mnlklmelflkheijccafopdohgclfefcg,0.2.1
mdaboflcmhejfihjcbmdiebgfchigjcf,2.0.1
fpimmmjbglpnlpbfikgekaaeinminolo,1.3.3
klnkiajpmpkkkgpgbogmcgfjhdoljacg,3.4
ibibeegnncapfdcgpdnnbjbbojglhlmk,3.1
ldebpgljdepoakcfedmacnjmflebifej,3.2.0.3
nipbnfmgpgcabijookcnoienpfodnmhc,1.2.6
jijknheciphcicdogdihjknndkhhagdn,1.2.6.5
ijmhcfhmmgokijndpfgleackflajjkdn,1.0.4
omncngblclflmilacobmdogcjcmpalal,2021
fkpfknbmdggnegokafcfjobjgfnihego,1.3.4
kadfogmkkijgifjbphojhdkojbdammnk,2.2
higbahnjpnjneepannogpacakfplhngn,3.1
ndmmacbgbpobneeoomfjceafomeendkf,0.0.9
fjhdmknamgfeamanofggbiinceogpeeg,1.0.4
koebbleaefghpjjmghelhjboilcmfpad,2024.01.26
jfafeeeckkfdpneplmhmidhiklnafecc,12
pelmmeendcelbgoicapcgglhmhdibmnn,1.9.50
dkdfidploofibahgbibfaflonbgfjhkd,1.0.0.5
eipjdkbchadnamipponehljdnflolfki,1.0.5
nfhkknadfkkoodpcaecgpkdnbjkjhebf,1.1.1
aiccdefnpjkolgnpdamdimejlfmopcca,1.7
mjillkibdjeflldljbgaemfpencpfgkg,1.0.2.1
lhjhljeocdmhpjfdcijeifnbbkpenikd,8.0.0.0
fpbmnfnipncpbfenhgoodkocemppkbbi,2.4.1
ppcmpaldbkcoeiepfbkdahoaepnoacgd,1.3.5
cgnbfcoeopaehocfdnkkjecibafichje,2.3
odmmidbmgkkbabilcljmljbeopneabkn,0.9.9.1
dgejhipdiojpnoggmehdiicanhnbdngk,1.3.7
cianopbgdobcpihoajfonekopkjmdpid,2025.667.1487
egmlbimojingfmchokcniklnhnecdecf,4.1.5
mcmnakfbhlceodggjhioohphhnahgkjc,0.0.2
blmdcfilfnkjhjbjfaibhlkfhoalnaim,1.0.5
dceefkagippahflahjkiapelilbalpmo,1.5
jhckncogjkhehdmoeklnpamkopmccgfo,1.2.6
cnlgdjmefhkkahpeobcknbpimjajjdck,1.2.6
focoicefmnccfglbgkoimibpngmfipnk,0.1.1
cleiehaiogfbimmbplmogcfkjipciapc,4.5.0
pgojoninlmacfjfhphhhfmajhpnjlljm,1.0.3
ohhbcamfacjdhliamgjahefldkldkhfm,1
miihklplbmcbkkbcbckdelidbmkkfejd,0.0.3
kpccfonhohjnmfoiechkjkkekmjoemeh,6.8.5001
nihmbbcpceihmejjmbfhenfobdhdabng,5.3.1.1
dleekmmoileifalmdbkkkkpgipepfgcj,2.3.4
bdbphnfcggfemllpeklkkepbccinacmm,3.0.0.3
pandheiihffcpflpnhaijchgjpombhhe,1.1
oglpeeejikbcgohgemnalccgdnihljll,3.3.3
gnpaekbjphkkhflgakbomibmflcegloo,1.8.9
phlkkkjjnepaojnkgeijecmckbalmhjg,1.0.0.1
fogieopbllbiakpnikhdmjgdnnllambj,0.0.6
ggaklndeojmknodokepchmfheblhgljf,3.6
cphopfphfonegabcbkjjkmbbjmojgmno,0.0.4
ikhkcehfgphahmdjfpegbkakhbmflpii,3.1.7
allopecoemhijeaooipbgooobcklhlhd,0.6.4
gaegikfmajohpblokkhclimiemoekhjn,10.0.1.4
oddjddogbhkhfpajijcpfgpdoafdodmc,4
khlckgloaakfmdbjjhaekdmbdckpgbaj,3.8.6
opplnolnfggdhkflbeedmccaeonbcmng,4
kbpempefajhbliphgbepdgacopnmllab,8.99
fkengdmkjhbmikfdkegimjcjkliohoem,1.2.1
lhcajmbekdipkgpmihonecjefeggnjdo,4
apifjopbcgladjnfhhhedemcnnoponhf,1.0.3
pdbepcniajboeehponghfgfbfadhhfpp,2.10.2
ndaopgbllhodoinaochblkmmphompglc,1.1
fgijaidbdlkpmagpnidbjiohophomdfk,10.0.1.4
gdlmpgjfmclfndefdjgccgofcebbopih,2.1.2
apcgebbpbhfpiaphckplbddmjnaakoec,4
gcfheibdfbehfjehilhndobmjbgihcnb,4
jofdafdiheicpedhpeojmaffndjlifkj,4
ciglbkikmfajgoaoocjaidebcafbjlil,2.0.0.0
lakofeleaclijflimdfckgdhhpjhiakd,4
fkglkjihfiilncfbkamlfgkdlbakcnob,10.0.1.4
lcfebeebpcfaecbfejdkonngkejodadj,4
ilacpghnohpiccoahfjocicgnjibpbjh,4
phbhbnimcooppalkcgpkefjokdkomnpk,3.9.7
hbnmifajikjfbmleffnaamoelfobehng,1.9.9
kacphddhkmeljihmildhagonaogpidnl,10.0.1.4
dimmgdacaclijamlmoeffiofmbihgehn,4
fnblapfcdifokdbkpcbhpkajlkgmcjii,10.0.1.4
dhdhhfmgfpdeomhkmhibpcihdfildbop,4
papfkgllpgnjhlglciekpcigfpnhjipm,4
cbfgpfkjbodbeplbigkjmobpjfdipjeh,1.5.8
mmnicimdhohdpihiooibiclhbkddhjim,4
ahpkmdfaajdanbdjjmehhanhcfbelbmb,4
lfcgemkahnplnceghocohgajhkfogfja,4
omdidejndfbifbncgdnmjdlgpblcnamj,4
gkecpfflhogennfokbaakmljnajlpfjj,1.8.9
ccpgejedbeppkdlljlmgfkfdkgbdidge,4
bcafekkldggdnhfkpcokndemkleicobi,4
cfpleiajmggblpfgbpnfchjgodkpnndc,1.7.1
eflfpodfegemdkenkcikmhoicncinblg,4
jidbjfagongompemcgjjgnaeipmhckhj,4
gibgdljnoggahjijinldhmomalnmcloo,0.0.1
ohdokbojkpfifpcbnjdijllighmmmfbm,4
llkmgmfoacdfmdldbkjfapjahkjepdgc,4
polaenlkefpahnobnkemabldklnegnbn,1.82
bmiibenofdcgmbjfjhmfpdfdhokcglmi,4
kknbeffbhpgeodbldfgddbpchhpcmjpj,6.1.4
loeeonaepfhcladjcemgmkogimogaanp,4
noghlemnlmglibkppppgkdgnndfjpaoh,4
neelblgnbjfhmenclbadjgeiogfcndia,4
bajmkabbegclbpafkembjmancglfgomf,6
acloellhlncgdjhhnabcafpfebjabjke,4
dccaafbfpgcifokecidkcmihhhfmlhcl,4
oagkeaihnajgealokglcoknemknmbijm,4
imhmpdpbjnmjfenbbglakkfhocbiofap,4
pboohflmdlihpobcleijepcebkjijkpl,4
cifghccengknhplbmioamlgcgcbegkno,4
nncmghihfpbdpclneedknbfmbpmblkoc,4
fmjchkbgebnikkkcchpnmfcmjfodcjfe,4
knceoiogijnpoiojgbgnlemeoomgapbm,4
imbipeaafjfkpejeajkgogladomdkbil,1.4
jhjckekdpglnekmlddnmclpplgapanjp,4
llemacbcookjdkpobdogcnakeapiehha,4
ljecebblpjgepeidpnfgkhiphdbcoope,4
lkljghohionfknmallppmamnfmopajbp,4
kpophhobapmkgdefjgdfnpifidbbeiae,4
ngnpogcekigclpoabdehnpeagiihfppe,4
hgkkfpciijjlblcnkfhijgaohfcggbjh,0.0.1
nchbfadngdghinhjmfmpocmckhaenhio,4
dcpllgfmddahhgpfldmnkkkhdgoknenm,4
ldpbbelkbnhjnplpeajgacokhmjkflcn,4
legplghknienelehigannjlfdppdidnf,4
eekpmnnlilpdinabcdfigipekkdieklf,4
inabalbhjemdfkokjopnnbbnpgenlcln,4
lggaaifgaeefejnippgkhpcbfgmpmedo,3.2.0
ifeceplojfnaolnnkajklnpmkeckhnoi,1.10.0
kcjahchbheejjpdpohgfkaoknhcdjjnh,10.0.1.4
bfdpfinljoemegnjdmljgphamnokdgid,4
bocfeafoeipicbnlbgogelmhdpobcjbb,4
onkcdbgoigaikekknldjdeooedadecaa,1.10.1
noionhhoacgglenmehmahmhdjppceiff,4
lealamjcdibnnhmhipfnnnjaikfjgoci,4
gdblmhmiljgogkaahmmjnglmmcbonfke,4
blclahhoifbighkbbleeljfkmckbhijg,4
faindladmcipibjkkjmgidfodbmmgmgc,4
jbnnlfflfeiconemkhddaghenajjppci,4
jndpholhbdfnpemdkffcbolgjihkfgln,4
enhkmlimjbhopdafcaggkkccgbebhfbf,4
galldmllhlcahidkbajggjloidfkfkgl,4
hmjokjknahpedfmialhamecacjiiobad,1.9.9
ccebgncgpgcanbfjinlpdejldadmhdmo,4
ipjfmglnecnbhjclihpgfijkjhihpcab,4
ldfileejcpjobhaocggahidbikgedhon,4
jbiladnijpopcpliccgokgddoakjhkan,4
efmcmhjjooobnbjflpmodlihiligjkdp,4
dbbfhjadbnimagfcbnfphmnobikmfcjc,4
chalpaajmokgjhpmahhiaglkbiogidii,4
lfebcfppemnglkpmlfiplamknkfpalmi,4
kheplcbldpbjlacmcjphkieoigfaojhi,4
ibbjmdlfeadpdeecadjlaigfcahgcdef,4
dlkbhmcdmnmppdhajkpclkimekdbccne,4
jmhkdhicaiglmkggaaepgdkfjimfomkd,4
jojpmohmlbnhlndahjpiacmhjcojcmbp,4
pjigfcbdebipdhijdkidjahhficjcbpg,4
agfifpkfjgompfkghmpbgpdcokjhgfcd,1.10.0
mcdfilihaldbphdlffkhjebkllbegpig,4
dpnpamajodinagcnogjeiojghihcldko,4
haeeflijknpeohlnalggcaifpjomagib,4
jjnmcpfjdjnigfdbobpfleophadhhnla,4
emaipenfbahnpaeifhafmbhgbilagndl,10.0.1.4
aanejheojlkkkaacnehkbcobnbgabcjm,4
aipgjjicdibpfpeeepkabfoohdjcphnc,4
gdbicnpaafndoephhopjikniknkcnidn,4
fhikjepldekjmodpmbpgpcojagegpjhp,4
ogholbpfdkabcjelibcahfhmjjadbmao,4
phfccdiigmfnmeejlcjpafpgmoppjpok,4
loodalcnddclgnfekfomcoiipiohcdim,2.5.2
oepjpgggalpbbcolpokcckemkcipmmcl,4
digebcbmamkocjbbgjckmikblmffjmkl,4
gfnfniomjiigncilelcapdgnelnhapli,4
imffmfbhkpppbiijhlijedlpkealjdbc,4
edhkegjhhogofofokhmcipkikpilllhc,4
jmcmcnicinenajjihjnimpfnicagfbol,4
fjodiinokgjjjhopjgejfdajbchddffi,10.0.1.4
cnklbohllkpglmdcieagggnecddpgcng,4
ibhhhcbgmbbigenkgicekeldecadeklg,4
lmkoppafhhjnhfmipeahmhdahbglpfda,4
kdglefmkhclnbgknpagfnelhegndloli,4
ofccmagmfjofkdhjfdldkkjigkdacphb,4
felcigmnebloigjeiandgoikjmhnbmjc,4
mfpfeapmpjphoejgknpebgbbkhnldipl,4
pnelibaobmbihbfejhdleenhicofdlho,4
jbelfkahcfooandmodfnchmeoeklfana,4
mfdinigacmgkkckfldnpjmijdjjmfbkh,4
dpohhohgkpemjiinmedbmkhimnipidjo,4
jlddcocjlcbjedpannmlfdgihfopjkfm,10.0.1.4
acdminbknaahickmnoefebklgjnmleli,4
hpkedjhlhchblibllcfaghggbhedajcg,4
ojnenijkeonidjfijnnddminfjdddiee,4
dmdnllaokedccodkgcodhnkihffiklmk,4
cgakchagfjjibihkhdeihfmaecdpabba,4
dbbfcdalomklnkggapheojkljhfkgdpo,4
mkklahcaifjnlkmgddhgkaekggdmlmjb,4
nkbdfpobkgbchmikomkoamaecgelnhfp,4
kchioahgkmhkpbjjpalfkkgfglcfogeh,4
pfjcgfbnbobikagpnokgponileceobmn,4.0.0
llhjfgpbjibkbioeojlbmllbobejjmcl,4
cdakphgaifggfbcbofkglpopdkcpogen,Unblocked
dfblhdkpfmkchjnibihbchpkbeideemm,4
jokmfbdmdalhdgodpohkcpdbgjciohic,1.9.9
ghibgpgfmcgmgfiflhhiogbohokbonfj,4
akjpjlnkdhgkcmlgjhdeaflnkhnhceoe,4
mgmjnphfnbefndiopfggcoliinceggho,4
oljabkboeoginmimioplfaejmiephhaa,4
bhbldibgnkcalflnimlkgdiogeliphjg,4
enonklijnimdmochlfmciiekdnahbbof,4
njgfmjaajfbcggigchlbmnmndihkchlh,4
lfkbidjboobdhlgnnjgoeeildibilgbn,10.0.1.4
liiaoeinoiagcnfkjiogjcooplgihifp,10.0.1.4
jhlbibodeobonhalmjpkecmcboidmape,4
fflfebnkbhbpcjicfdlfcoclbfhnihbk,4
iomglndooajnpconljdiedpkkladeboo,4
llhnlhglonpnanlonfhfifpajejbkebk,10.0.1.4
cjhjhmdhdojpnaejohffpeopoejlooaa,4
cfaioicmepcmjdoaciaepmpdhdbmhhli,4
bigcbmmikhlfchkehnhihflhgheohdac,4
gdmoibifpbmndepabemaeicdpgipkegk,4
bgedkfignhiebcnolmjahaaalmmhegck,4
dcpiicjbacmiikfnfahlgimnminkcojd,4
flfnikhjjfeehankahdhnjfohlokkjdo,4
lccfkgbcigdojnkobegjlkmlcninmmch,10.0.1.4
mhedmmiljiappbfalcmbcnmincdkibgk,4
kofolnnhlhnfaoaoeeoomlcfhiakimhl,10.0.1.4
feflecpdkbelegkhlgbghibibcfjnpol,10.0.1.4
ejgjoegeaedpkpbbhfngkmfclcbkecgf,10.0.1.4
klmkjngbngolbdmcgfoblbfmmnlnmmlb,10.0.1.4
kcfceiobbikjddmnonnagkflnlghgjkc,10.0.1.4
fmldlejpinmoflmelefjgockmoijiedi,10.0.1.4
kepddojmeohnggoooncadbofgnjckmij,10.0.1.4
cgagopbklncgpdeihfdiaebofebhnhen,1.0.0.20
lfffcofekgjmbncbgfpmbhcjnkkjannd,10.0.1.4
epmceclnokddjmnkakhimfgnkfcfkjdc,10.0.1.4
boofekcjiojcpcehaldjhjfhcienopme,1.0.3
kchimfienohfaaacjlljpejipjadcajb,10.0.1.4
enfhohdiffehobcobmdninicjlmahnmc,10.0.1.4
hjocbbhfkmlodienlanaogcfgniedakl,2.5.8
kgilgofiaiiljabinjhkinpjhjfmefic,10.0.1.4
joigmdojkjillpkibmmaajpanbbmbofd,10.0.1.4
ekcemjdldmfaabolkjaaamcbfbnhjoel,10.0.1.4
jnhknaoamfgkdpokdlkgpbllkhiedldm,10.0.1.4
engjieijoinmdlmibhgimkfdablgbgcd,10.0.1.4
jjkmfpopblnpgeodohobmcjneggpedog,10.0.1.4
fmphcfohlmdglbppnbekaonpkfjikphe,10.0.1.4
fmamheejninkpneaflbopbneklegfaep,10.0.1.4
dpmppoecpaimpcblkjahhdbdoancoppe,1.8.7
fggpgffhbpmebhhggmhhdbokfgnpgnfp,10.0.1.4
ipjapbalbphepjoijgbmeljiacknahme,1.4
beacnflffmepbcoochfcachpofnjigdk,2.1
jmlbnlcodmikhdpbjjdemgaebjgmpooa,10.0.0.0
eciaehkkpnanhonajclefdadoblcejgh,5.4
fflnielbkpchjihmnfbeonkledjijaaj,0.9.0
jochnddiejkclkgpofolihiiaehdmbhc,1.0.7
epgccbbfifndgkhkobnfpmbfmjfcimif,10.0.1.4
bkgjndagmnpjdbcamnkkldpmompdmjhl,0.10.0
fdcgafeollfblpppklndmihjkjohjhbg,0.0.5
pkdoonmlibjlcnkjhfbgejioggbkgmfl,1.0.0
donghkohhbohphciihpmgddjmmnmjecg,0.0.7
jaimgnfieglfjalinlpaopkfihhljjmd,1
gopefgogjfmekifbagpkccgpngdclpjh,1.3.4
jmocjfidanebdlinpbcdkcmgdifblncg,0.12.1
abbiiipmnmgfecbjhfdlmjibefhfdadn,Unblocked
hbopppaboeljaomclpihopgbbebkilii,4
fjohhelccbogecmolmjemopgackpnmpg,10.0.1.4
gafbhcncfnpmcamhbnloocjgpncogbfn,0.10.0
cochmcncnidikojgjinnccimpipnompo,3.9.7
alnnnkofjijgjhhcnnionmdgbajiejme,3
bankcpekihijigplompggpdolehhnale,1.0.13
bhkekedeepabianlbhmehjodjgnnefoa,1.2.3
djhkijlnhpoifakigilboidmhdcmodbp,0.1
mcgfkahjhghbjdgiibjfkgpenehdldpg,4.1.3
mhggbdljlcghgehjifhadhhehakgfckc,3.4.9
dnachhnahohbfpnpfahhigfekgiceibk,2021.1.11.1
okgnnagohcnmlpdppgjngkceghfpkbpn,4
cmeckkgeamghjhkepejgjockldoblhcb,1.7
gleakjogfkpgllajpalkaakijlpmnegk,0.0.2
dfeeakcmjcdldjgaiabafpnnhcodacbc,0.2.3
knkpflfhpjcfonaolfoomibiidhncoji,3.5.8
oamacigemlhpfjhaopcjdeiohohhkabh,5.2
mbfionjabdfaodblnpnnnnekaffkhcjk,0.0.4
eokgacbobfmcimjfaliccndikcmfgdek,4
imoknpccebkpepcfkfaijbpjmkefadpe,0.1.1
ikdkbkbkdgffkcngafilhnamkgknlekc,4.0.0
jpakpbnehiacogglifbggajaakkcablh,3.3.10
kfeokgpcljbmjglinckbchneooijmkbc,7.2.1
fbfpfnkcmconnkfbjfhpiibdeogmphfc,1.31
aejklapfmbplpbkpamnjbhbgadjmneif,0.0.3
dafkcehbgfbahfnbkghlejnnlkcghlbe,0.1.1
homikgjjdbidfagalbckbindflogloan,1
bjhjecadlnhmejnanldfcbnblcfaoalg,1
hicihcniieebgnnnhijhffcnfnibbabb,0.1
mdbdhlfemdipggieapkbmioilggdfjlc,2.10.2
gbfajpcadppaogamnlbalkcdfipdhmnh,10.0.1.4
njfpmdblgblpcpkfdnmcdienmpncpbce,2.4.7
fhddpceeenaggopnfmhcahfbamifnmge,4
hliofmmamdbpmgjkjiopmkmgcemkifnm,0.2.8
nhmjejjmgcodjfboapdolfhafdgbghpl,2.21
finfpednopaapglmooelochoabamdbfh,2.3.9
aoeacblfmdamdejeiaepojbhohhkmkjh,1.0.1
cpfofgikjjmmmjemjenadeofpaaocnmg,2.55
bigpgdkdjjdedimablmaahcddgagkmbo,1
emnbplgkaalpachpfjdhkjehidaimjoe,0.2.0
mgjlicnmckgomfdnfoopdkkifhfinhcd,1.7.8
nfoopjppnhnmodcfnammphgffgfbcfeh,4.6
ffieaceemdgbbmomfhbkdkfhfaekocpj,0.7.6
bddmnknlngobipnfpogijedonmcimfla,1.1.0.12
fndpcbclkoameoccgeogeooedppjehcj,0.6.4
gmfdnjenednecppgjbiaockeipbnddmp,0.0.2
hihfnmkipblcehkbhffgekmigbpmnihg,1.13
fipjlpkijmbcomghoophdbmibhpmgkno,6.2
fplmpcijomgjmfbjcidbgpjdmhmamlkf,10.0.1.4
maeffhbjcibginojhpfndgmbggjnigld,3.3.11
gighcjbhfoddlkgakhdbhpbkfnlphenk,1.11.0
jijfflanegjfaknppkcdgflakmdmiiim,0.2.5
gaaihgjiiacfekccobpplncbeoopnnbg,0.9.4
keccildccjdafoojjblnjhepefcfhkll,3.0.5
jalhkdcnimgcnflcnngdbgbgdnbmoank,4
dkfejhjmaehfkabcmgnkifmdfgfhbmol,3.3.4
ijfkmjgkplogkeakmonhkhpilpnmbagk,0.2.4
emonffjlhbfdnkchclfmoolfcjlcfefg,v2
khgbojfllneamkggnagpeegkkdhidbek,4
eaoimfbcncfnjkojlfjinakmflglmegk,2
cbppmhmoknkbfaphkleodjhkfecceono,2.0.0
oopmlajhbamdjgegdlocdokllpdklgoh,0.0.3
ldgikodagmafbhdehpjoolmcikpenajp,0.9.1
hehhjmkigejnnidpaejbeklogjelaohg,1.1
ekhaljjjdbhhbfcbbbdhmcijlbhdfpoo,1.10.1
gollaplgcabblacakomoncpinjjhhpob,4.0.1
cfbchhjmpepecmjibkinmfpeikgdnaae,1.0.2
gabcdlhedoffpomcbpbocpfgfggaoelp,3.3.5
blmhkcdfchgdokjlmkdogmkmnhojacnm,1
gamkmdceianhadfombblalmajaccmibn,4
pgfpignfckbloagkfnamnolkeaecfgfh,1.0.0.1
hlkjgakhfffogipdedikjpaedaemkffi,3.2.7
meaeckjgngkmkkhlmdndjffloebfobpo,3.6.3
adkbkhialipbkbklcfpnhahbdbdpgfjn,1.5.3
gbfcnfnahbepfnhibcdoglpalfaollec,2.0.0.1
bmcleiancmakcoknkgnfgijomcddhpbi,2.5
honklnalgepnlgjibegmbnbbnleljofa,0.2.0
nbaefgoklineipjaliaimehcjaobndia,0.7.10
geoamdabadjjcnoiapoakogiafbenbph,3.4.3
oljcgmfholfikhnllffcckcodjmlmopc,1.0.0.0
ldijlbfajhmigicehkafenkhbfolheoi,0.0.2
oijlhjhfidakhbmfikakepcngehcnaen,2.10.1
lheklihdocmfahamjohpolickopgfjoo,2.1.6
jmafeeopopoobfhakeikilelaalccobp,0.407
jiooalefhlcefhhjgjbpnbbepoloigkj,0.4.10
cbbpmfjnhghogcpknfdciglakbfgeggf,2.10.10
kcjgnpbaojmjhlcfflcjhpkbcojomhci,3.3.8
cfgkdfebphejfcckpehiapdbbchafphj,0.9.4
oechmbmhjcmoagfpgcaeodakdenlgoma,3.3.8
dkaggibhcmofbelemckkfeeofolfiaei,1.0.2
lamdnkhdkbijpkfmjnmpgdaclbfhpnch,3.2.8
lhhofobmencgkabjnljnaeffhhokgohp,10.0.1.4
gilenelkocdmlbgieifonildoakfcejd,0.0.1
imkocmeocbopokfeekicdhcfgjeiabjg,1.3.6
kpicmpidcmeeopomhnfdlocbjginmfem,1.4
coegmjlpjblmfpcnleenkhggdebdcpho,1.0.0
ihdhjbmanoomaemecbinlpamicfeebgp,1.10.1
kjjdoenjhcmffdhgoapgnoikahjpnbnl,3.8.6
kejadeojcdifbanbfcjidhlniohahonm,1.2
ebchnejejddanejknhlpnnoakoipacaa,2
jaefjhechhaacjeajcgilckagihidecd,3.7.3
gejimoaagoohnpblajemejljoejhocfe,1.0.1
djngbdfelbifdjcoclafcdhpamhmeamj,1.2.8
dhddddflknjojlihoigpanocaoobnldk,8.0.0.0
bglggfjiagajfmchbcjolbggghckfhgm,1.0.2
cnbahdkfhbjllecjhdepdbfcakfgpobg,0.0.3
pfkfilglaljklhbeooebiedalfejgchl,1.4.4
jpndcdieibcjamippljnmmiibeaimfof,1.0.0.10
mofadjfiianjfpcmkohfnmdkkbpncjnd,1.0.0.1
nlgmiecjdnhodjaepkflkdmkkaidmoeb,0.0.3
anjafmelcafanhdjgifnicnfmmdofheo,0.0.3
gkgeceefcekjbbjekmipjiimofjbapdo,1.0.16.5
epdjhgbipjpbbhoccdeipghoihibnfja,1.4
loadoihlbodbdkfaphpeoojlemccdakd,3.2.0.5
dbaeahjfpemphebenmoklignajdgimna,1.0.11
pcmcpihehnplameofnkomnkmggpggbem,1.6.4
hablalfioeaeegjdjnadoakdhleccbgn,2.5.4
oaokpcjkmfmacfdnhmimangelmdpkgmf,1.0.0.2
neopknbjmplghljjlanogjhhbnbfdeam,0.0.3
ncmadgfkmhegakcbgkjcbljkfiibandk,8.0.0.0
plhkpkjoofcmgchmlikncogejapnonei,1.1.2
dcaeinilapppciboeogbnmbmdfabgkdb,9.4
liobppbaiilkpgebjjlgpchgnnjpdkji,1.0.0.45
jdjgnjieephgfljfnfplfebalfecmghl,1.4
lngcffiafhmgfnjgedfjijgfmhhnifll,1
fbcoajiggnpeidjhbdekdbdodilopcdh,0.0.5
jgofflaejgklikbnoefbfmhfohlnockd,0.9
bibnckpdfoafofnkmcdoacackddbhcfm,4.0.1
cicohiknlppcipjbfpoghjbncojncjgb,1.2.0
kdjbbmhflemofamdkjideiaaljbalecj,1
eebmcfokiimcgpoldlojdepgfiiamehe,1.6.4
fdackkjnldiakboejajeleaoicipfnpo,2
bmpabaiokihamfkpfblhidjiafomdaii,2
lpndlakofgdobiiebbbgeokiigpdahel,1.0.4
gccdbemheajgomoiecknbnmkbnfojcka,0.3.2
gjmclkeaflfadepoedlcblbmpdmdcloh,2
fmfgbopohghcgcnikjphmdbgengkoine,1.7
ialjkcfpkdoimdhnfhblcipaocipoiic,1.5
ilhpbdpdkhloknbnhjcdmagcjcpfpggo,2.1
jidfnhjfdphmdlamnlknenlipginlicd,1.0.2
pbakjpjedalbcfmokbooiljlbdkhkmol,1.0.4
pcefklnbkknmgeehkbehplgdnbacfjlg,1.4
pdhjbfmcdamaiiibccnjiccaflodlmfe,1.0.2
jefkhbmkcbkkfhammamdddjghdojbfgi,8.0.0.0
jdacdjpphmjekpfghmgfmniodedbdpih,2.0.0
dappkepdjjdlpamidfaojkefblkijeid,1.0.0.37
bbkjdpbpnkahjillbjmakmalipljdhnl,0.0.2
cjfcpmakfjpfcecggodampkeejhcgeec,1.3.0
kghcdbkokgjghlfeojcpeoclfnljkbdk,3.1.27
fggmlbpcfjfkgijgbkjfbniofgopbkgj,1.0.3
icficplcobgmnmfjhphfeknobiiidofo,0.0.93
nlhkmbclpnlcakkficocjciokfbpoafo,1.0.3
gmnljhlnmaoecphjhjgmooimkpfedmpl,1.4.7
gmcclfkhihihnnogdokopiaicenaalla,7.2
afcfomllpbdlnpigopaheodbpbpldcge,2.0.21
lhbicobpnnmpbhnneadgpcaonipnlpab,0.1.0
deljjimclpnhngmikaiiodgggdniaooh,3.0.1
badofhpojchkibikkedfphafacinpanp,1.0.6
cbibkodnmedfgmkaeagomjckphnegcgi,0.0.5
odflakaameapjccbifojbnpfeagdjbej,1.2.5
bmblbechbdbgaebdioelojhkhenkkjpf,1.0.0.0
fbbpiihnhkmoijjebdknginadddkmcdb,3.2.0.3
dbcfgdjlnoeniakcjlefekcainimpida,1
fpfmmadpecocfkeapbffclpmjpbgidaf,1.66
ncoogfahkohffmkpoifhekiegpbeldbo,0.1
gcmdngplhepicdnnhfhckfpafgoahdjk,1.3
nkciggljdfnkpcdngdohlpelojmklhin,1.0.7
kdgcliklfndcdgoaaijlboiheojjcmno,1.0.0.6
bgolclgcmibkmhenihmfgpbfijfaeenl,1.0.0.18
knfibedgjpdjjhfcompdkpebkdnljloo,1.7
jgffcjlffcnbmijmfdobnpgfdnfdiiop,2
elhaaigmbkooejoamjhbahjhpgncaonf,0.0.4.1
jdjldbengpgdcfkljfdmakdgmfpneldd,4.0.1
daappnkdciehakmkgjmhaddjmioijhjl,1.2
emmhnbdijonimplloocaihdbhbaaoefm,0.1.76
fogfgjiokbdehdkpjmomfgkpongafjgp,1.20.23.0
ndhaplegimoabombidcdfogcnpmcicik,2.1
holcdlbfgbidbikhnamlajgbaicjdjep,1.0.4
ccmcggibdigabiohoinpdbfgjalgbeoj,1.0.1
kdfcbnaohbhhdgohlckkpfegfnijdleb,8.0.0.0
edggkgdammihneiigjkbmbjbihobpoeo,2.0.5
obedkjaaifedcfidfdjoinfaphghmbfl,0.0.9
ilhhblmcbjjbekajbfeiplbgpgampbio,1.1.4
dfjejaldnpbdkacoehinpjplnmfahhop,4.8
fmopikahpohdfccohchaailaejpkbobg,5.901
blfehknobghonbjigahfbmmjecooeeja,1.57
bamfpcdkpoafmifcjlcdoehajoiabbbj,1.4
eebdacbalehoojfbinomkiobfepmdkhi,1.0.3
mfdjdcehbbppoogkamldmbihomamhmca,1.0.1
mojliakllambnopeaalgddbiipohdgol,1.0.0.12
baacjfeencnlcclennchejfnbcplfmbb,2.0.0
lepagnlpgljlehcmeaeblfpijhehekhb,3.0.6
pkmofjaigcnhgpflbmfelllaclobidjb,1.10.1
ojnekeljahimgdalmijbepkminkhogdc,1
nbpaaobmkakiicconcbihggclbkpnank,1
mfhcchbdblkggcenfmmpgkpgphfhfcbe,1.3.2
bmoelklabfkcdcfneoedippnpbiehjeh,1
nphpdenalmcdfmhfjkechmigkpijbmde,1.1
eeokepbngkdnjlnlekckhaojhndnkgon,1
ofmjocjmgjfdlpacdcphmefgopbefhhj,3.4.3
pkpgpgfgedgcfeihenljjlfgjbboggmk,0.1
ajgpaojefmgchgeicdicdhikdlaihjdk,1.2.0
mbnljflnnhnkcghdelckhekiifmpgifg,2.7.0
fhdeebjdnooojnhbipepffjabaeddbgg,2.3.9
mjkcjpkhkkigoheneaedgoopdddopglm,1.5.3
ddhlenlimkgkdcnfffahbgmdljiikaec,2.8.1
iihlkfggcbggmbgdkklanmfallibkhio,1.4
jnobobkbegfdnjkbnmlgbndiipnpkeeh,2.6
lgdjpeakpnmgeoodieonlijkaominjko,4.2.0
ofmkndjkiafoinjdfmnplkaiejcamlod,3.0.6
dfonjnmkcmofjhgieffkjmdjmmhbjbcf,1.0.5
dolaadefkghkcbikloaacfeikldhaagm,1
hanedfpljeheoohedhmjoaimpbhnkjlh,1.0.1
hcdppiiboimgiiebkcabcommimpinhoj,3.0.10
efpelmkokojiejifjlpibgppcnocdgaa,1
dnjipifepfmaafopgebcggaahlfoaemd,2.2.1.1
goodacndmmildppcbmlpoonacjnmcmhb,0.5.9
bdcfnkpacgcadeninledpikmcimaojbl,2.10.1
pgdlgdichknhjlefkepfkmadabmbgpea,1.10.0
hacfaophiklaeolhnmckojjjjbnappen,1.16.6
jnbmijobhlcefmmjeigkfanifpadaocm,10.0.1.4
flibpojkkogelemcaoldbgjinojfimgg,0.4.2
iafgapbmepdnenhfbaedfdnkciflkpin,1.3.5
gogcbpgbcllbnedcedflhikiopgnekkk,1.1
pbomhddppiadlgnipfkndjkapnhhhoec,1.10.2
fkhpfgpmejefmjaeelgoopkcglgafedm,2.0.1
lhedgenjpcadbbhdhpomhbeckikacpgi,0.6.4
bfhlipjmfmebjfkajnfchlhoabefeoie,Unblocked 2
fjoljegkbgnldflidhdeoanopeepefkp,1.0.1
akmlnidakeiaipibeaidhlekfkjamgkm,1.0.5
abdceahijcbcenfjofjhiajiofajgdma,4.0.0.0
jlhgcomgldfapimdboelilfcipigkgik,2.1.0
apdemmelakmialhgmghoipimckjidpia,1.0.0.0
mffdnldfmljdfgmhjkodmenfkhipjaol,1.0.0.9
glcojhgmmkgplgaigjnepgmfcklchffl,1.1.10
cegpgamphfoilingaldfdibaafppipaa,0.1
bdidaacagfelkdahkmlobdicghmamchc,1.0.2
loeommbdeopocpeggbpamkfaijcngogo,0.0.2
pjaeckaiegakihlhoeopmpcchblcaaee,1.0.2
plpmggfglncceinmilojdkiijhmajkjh,11.0.3
fpcillifoaafjkfhfpjmnaongjecnecm,1.1.0
ikmhkhpjcpeefaidcgnnglkhmcpbokda,2
jhhgnpidejebilebgdninhacjgemnncj,1.0.0.22
ljhmcehfpbcplfplblnneipppjffhceg,0.3
gcokaajpfngffiofmmgadkjhopjaklhj,3.0.13
oknmebmgehcafgcgpgjhbdhefmecllge,1.0.8
ifbkgglnplckcplnebolgedgmhgbgpmi,0.2.7.1
mlhbbefgbfmphiijpogfmjjogohlnehi,1.0.1
fdoejnblaocghlccajadleigpljgnood,1.4
ajofjjankhkhdnmkaogihoaaoajeblaa,1.3.1
nihhcfpgjdfckghandchgokggjppbbjk,2.2.9
dnbaghaabjeeimahpbopifelolnbekfi,1.4.3
hecgapaildnppiemomddoimfinhdkoig,1.8.9
ophfmemmmjoibkhpkhigbihiimhgegjm,1.1.7
hllnkdagaamhaapimkfdkbmdeohidmpe,2
jnadiadjgjlnmhjlmjclolnppljpbddc,3.10.1
iohfcdhigcbabmbclmdgjhbafpangidf,1.3
engobbaojiekffmclkdibgblennjocnc,10.0.1.4
kigbjgaiadjpbefkimiopeflimiokbke,0.2.8
gdfcigmdpehgddbdcfcodgbfdieckake,2020.11.23.1
hgpacaafpjofmpiianbifoamdidjklol,1.1
hjpbfllcngbnfehfppclpbefmgalebeo,1.2.0
hgamailnfdgohdlohlifkgendgpgcomc,0.0.1
blpficgmlignakeifncjikdpkamdlghc,0.2.0
clagncdlfbclpfdfkpicgfojmgdllick,1.2.1
jjaemgpkbigjbjcmfghbhfnjhkdgnhec,4
pbgmbfleimncdkoahobhhhaafkkaimdl,1
kfjacfhpkbjcfeammmpcbmmjmjmaamle,1.6
lilclpllcpobpmljcabioodolfnagiod,1
hgibgijgjgehiaphhncmemedgpfkbgkg,2.1
egladkhklkbpfgamdhochcijoojkbiio,2.10.9
dbibpagakohndfejfghlgepceioppmoe,1.1
dgagglpiapilifiakkjbmipaknopihdb,1.6.7
jdbeopffgohefkblgkpmcfnkjaoenfog,1.3.5
eohdodfenfbleacohgmoklmaeigheffh,1.2.3
mmgkllhfdkaaphopaaacbhjgfmjldpjg,1.0.0.2
pdgnickkolfaldghlnonpiefbokaecnb,0.1.3
dmhlcmbhibdoofmdcdgofnmapailbmho,1.5
lcpjmogdbclcdjljphelnijdjpflnnee,4.0.1
hognekmolcocgakponigacddpdblednh,1.5.0
kmhodilhcjdndopbnajbpbdeoelfgbmd,1.0.2
fgpdadlbkjgahflkomckadgbinfkglbo,1.0.8
hejnnndhjagfhnaolooinfnmgiokhakl,1
mjplablgelmdeifbebaohihdiignblgc,1
gmeehebfginpjfghebjgjgmbohcaimjn,15.10.2020.4
lepeiicaeekjkmkdghmgopakbhmannae,0.0.1
noddmaloflkfieahjkakcbigjagbfkid,0.0.4
micipiijknjbnabmhmcipbeijjgeihaj,1.0.4
gmmdfmcllbelhpjfggbmiamilhbfhlji,1.2.4
daealfiamljmndpdplfpkbkaljimnamh,1.1
pcdkafclgnafbkegnaffnklmcbacnknd,1
hlopmibeagheocnnahgbnfegbmihlbad,1.0.0.75
befajfpdjfcmdkhljkhlhpiehgonjbde,1.5.8
fdfchfidjajpidpjilnlboncflgnjdda,1.0.9
nnjpmkckpiemokajkiggmmelpkdnkamd,1.13
nabmpiijijhldknkojgioakchlijengg,8.0.0.0
gcpmonjkckddcljdphodlhmoceofifab,1.20.1
cbbhaadllfhdkedgdbbjgjpcchpphkeh,1.1.0
elmjpllbojmpngokjcclfklllfelmgfn,1.3.5
iejbkgfmiancjeealclhbigkmpjbeibj,1.2.3
eodjfnnbieghcpgljbalhmmnifhjbhkh,multiplayer
mmindkbjcpoaakgkbemladlcmpagfkjj,1.0.2
iokmdheiccfjcgdaomepnlocmennaghb,1.3.5
akhfijccmdncmgdenffjkkjaccokbihj,2.2
fmhkdnddjhdmifeblfeafepaadhhblmb,1.1.0
banenongkjjakkifoobfljjgilkkcjpl,1
bffbimkgfiomgbnpcphlbkaaffcemken,1.1.0.14
cnolgbibldkbpcapghnhnfhdobfmbloc,1.0.1
jnknmpldghkpmnfjbmabiiclejampbbj,1.1.0.34
gegcjcphfccbcnabkfoinambaoijmmpp,2.0 Beta
gjjfcelmpjpckmeiicmohficgpchmhlh,0.10.0
fgfakojheecfeiidfibmdndggfddkadb,4
iinkcnabiabolhljfcglndlaofapelbk,2.65
kgnddmccicfibljeodejjmekeiilkfhk,1.1.0
bofegjeejijdommchahgnabaoecpmlao,2.10.2
djnhpfdfedaeckljpdjgjhhogopdanoe,1.0.1
jcmlbfhloibnmjeajbclcpabjiielidi,6.0.1
bkaiifklppghapimkgkenlfmgnkonfjb,1.0.1
hinommlajomicfjdlclnmljbcldgicdm,1.1.2
mdhjhpcpajeggloliadkeclicnpjggdn,0.0.3
jbplmalhdmiimfdpjocmhkpffopfgade,1.1.0.30
eobnfhojbmmnpallmdapbeppigijmpop,2
accaibmhldblanpaieediijeemkilgcl,1.0.6
fpmhcccahdmbbgnpimepjpdjfaljilea,1.0.1
hikphkenedfdmkapinjemhobieignimi,8.3
mmmfoafhllobpoaegnfigfkiiakaebgp,1.0.2
hhhidlekcoaoflbdjbnfpchjckilgcag,0.0.2
jfbjailbgmjhincmamjdecfdmbbfbpla,1.0.8
fcndeephdjoooniplijgkhmcnlgpmgfa,1.0.3
ojjgeogaagbiillmjkobaihanhkfgeic,1.6
pkocadmokmpjeeaimigjpmfpdaighkga,2.0.1
mblfpogmdjcbkmeebimooilemmlhkcld,3.1
ckahdfhnclgmegehhifgcagenmaclkim,1.0.0.25
nblmpbopgfdlfijgjlldhjncdlchcdji,2.3
kckgiofedngehnocfnacbijabjgdhbjf,1.0.1
mfokegdmceddgpgjkkmemkaejknlkefn,1.1
cnoapfbajnohlnkelhoeakgidepaolho,5
ebahcgaiickmfebbhlpdnkijaafdhnff,8.0.0.0
bgcefbhggaofmpfmcjipeghobcppiofg,1.0.1
ipdnnmclhocahagbacmobpeimiellich,1.1.2
jbmchedljjfealnmchfkfimjakeodmhi,0.8.3
fehakahaflkmeafdflhmlfcgolbpahen,0.2.3
cigjkpfjamphlfpeohajjeebijijabfn,2.7.0
hbcoobamcahbcefhgfcanfbjbcbclpge,0.6.0
acfakgeobecjbalomaofoplcfcmklcdb,1.9.9
kpdfphhplelegiijichjfhcgplamnklf,1.2
lpmmilmhokppidnbpanmjahdgdkggcnm,1.8.3
dnnhenfageicbahkilhehcknjlebhofn,2.10.10
cimmccplpicabkkkljfgocfaofbaknem,2.79
khlogobjdcjaahoignhamecbcmkflmdp,0.0.1
imcaejcbmcggkohbjbmhdmabbmleacoe,0.1.2
mmobnjbhnepkejlielakgnonjbonggcn,0.2.5
aahgedicnflocieijakkchahpgbaekbi,no-flash
eodppldilocjojgocbefbklnmgileppo,4.23
bplgifolhjhbfgajdckplpgnikmheeol,1.6
oiccbkbmaolpljbegbbmacakiifjakpm,3.3.2
jidgmbnahcliiopcbebkcceeannaapld,2.3.4
bgmanpbgofaolmgjfpoekglieagfccje,3.01
onemaolanbjpchifogoheoihddifalhf,0.2.6
cckbpjcenaiffmlagojnncddacemkhkb,1.10.0
clccnbkobkannekkaneppadcdejepeki,2.0.1.1
jejapeklfpmcbeodmjhhakhfobglgnip,1.6.2
eafajmofnjmpohembnbcgahkgpdhkbed,4
bdmgljniaamlbefpkghkolgofpkjjhjm,2.3.1
adagigdcgdnlppfcneahgoimflpaehmi,1.2
ekfpafadakllnjookipcdegoknbiofcb,0.6.4
oifjbnnafapeiknapihcmpeodaeblbkn,1.0.1
djkkdgcdibopbgnjdaflomfgleemfodi,0.0.1
jjgkfjnmdngililimihbghejnndkilkd,3.2.7
ijjdnhihkgnepedjmaclmjgeofphbeob,1.0.24
oedjclabglldnnjnoegmokmifedfbchn,0.2.8
odefpbgilejkjcmcbommeeminhoibnho,1.6.7
onahcmklkigdfpmkhfeicamljnnfalmg,0.2.0
ececmkgelhdncajgmofiffjmhojnimmb,1.0.0.4
opafmmkoakahjoimjjnhjpdfclfgjjok,2.4.6
fiiepkcaceniapcjcabmfpiafoceiemh,1.4
mcmmiinopedfbaoongoclagidncaacbd,3.0.2
jaajgbmdhhkndooikebcindbdclpfjli,0.0.2
bdoocegmcoiaabdmdgdgedjkiacpjljl,1.2.3
lpndmmmpbpmnmdbbjogdlbogcoklglka,1.81
jadckbadhoaomgcobocnpafbbhikknbo,4
mpmedioklidnhhaokndmeceedjphnibn,0.9.4
bhpdmdlfjbjefllcogeopeoidogljcfj,3.8.0
pjegepahiphnelhdebibhljmieknjngg,4
ejhaegdiplggchagcidkmldakmgninof,3.0.10
mkpjokkgcknndfndhdcppnhoggaelalj,1.6.2
ceililpodlkcdjloggoglbfjplaficdb,2.3.0
emmfiapkfffkhbcomlakagbigpghnoef,2.4.6
dkfkkhipefcfebjbemhakplfgckoopio,3.3.8
egplikbapiomcoiiphgdcophakebjlka,0.3.4
hcdeigcbchchfjjoogdppdodbemopgbb,0.3.8
kikanbbgfabodhoafkmceiaflnjpiphj,0.1
hkkobljlnpcjnjpokcplaphdhghcjdoh,0.6
aaookifjncjmofcdfpdacnmaccjbikbi,1
aebimoinbhgklbfelgdlgccckihfcglk,1.0.0
ngeblkdnjimonmagbncgpimnnpgmcigc,0.10.0
cgfffooojidonlpcfdipillkpnnclcjm,1.6.2
hogolbjlbajbpmkmdjofpkfdoaocolga,1
nbbpcjiaiifkfajdncacepilpmdjkinp,1
kleljlflfamihgckcfgopmcnjdpdjpcn,2022.9.15
dibbmafbimpjkgghfnaiajeefkmnpgni,1.1.8
ofknoncbbaplplggkieceehlmcbchinb,0.6.1
ollllmddafdjeljeocfghmfijdkkpmja,0.6.1
agckcglooaipjmbeipibmbffnogjfdfb,3.7.2
lggllhcfbobghmpdpjkjacoebjeniage,1.6
lhkchcojclmmigeabolehpojobdahbcp,7.4.2021.1
edlmdickgiebhkpceonafdjigjgnlbon,1.0.3
ndamenljbplhpbafapnlbpahdjmknelc,1.2.5
dcfihfjjbnpjblbkpfjfhjbamkpjhpnp,1.2.9
kachnjlooeaafjhkfmgfgnnianmihbkc,2.0.3
kjlhaikngpcchodigcmnkaagcijdbpkk,1.1.4
pndpeknhcmdineikmncgjgihlhhcmhgm,0.0.2
fmkdckjkgmnfbpjaaodbnmbjipmohecl,1.0.0.2
bgckamkekfhmmdkhlnodgbiookglfmne,1.20.21
lmoahackichagnlbefiafmollpncgaam,0.3
nmggnjomgffcggkphdnmbnblpmdieifl,3.2.0.1
ommpmcogghjdmedbhllilmknpjoiopgd,1.1.0
eichomdindbdobljgncagfpbllmgncip,1.0.0.0
ofdcpdcmppbaeennafenmefkfjhjljap,3.11
gilnhdgkecdgodibilnamdpncddjopja,3.4
ineoifgcbfhcinfhjbenbblmjabpflfg,1.0.4
lpcpjnfniblaodlndjjbnfaafehlddnf,1.0.0.86
fblhcalppekfacdnogbijfnkckdpnbem,1.7
lcmigjnodgcdlaeplhhohhggcekdamok,2.5
emppemggbdnnfpahnmmifnfmlonnifon,0.0.2
kjlfbooongajooijpoopijlkeekkeaol,0.0.1
opompdjogdoepddnbhnghbfpggbkldjo,1.0.2
jleonlfcaijhkgejhhjfjinedgficgaj,2.2.7
eocniojjbdieglbdnpmhhmfhellhhgba,9.2
lfkdmdnfepkebjblbleflfeilnhllpae,1.1.14.released
cpcdkmjddocikjdkbbeiaafnpdbdafmi,2025.1116.1842
folldfccdcbadlknneaeooahkidmiikp,3.2.7
ankmahcbngofhjgpbpekhdelahndhncm,0.6.9
ogbhladjodnmhbgngbnonhiclchieeea,1.2
gndblbpephelcncfdjnkdkcoloacbbhd,3.0.10
gloepgckjhomfnhlpklelnbnckendljd,2.2.3
ijjilihdicbednjeklobhkhagmoipjee,2.4.6
ebobkbdfhmkikkpconlmohidckmckpij,10.9.2020.3
eeapdiamkhoacbmmmihmolikaffpldfh,2.1
lkinkpjkfbnplpdkjapnbcdknopbidpl,1
dndlmhgofalimhfhbdjhgebnpdepijba,unblocked-1.2
ooliejnanmkmfamajdfidknhaklmiedd,1
hidigpmfpiocjemklanbphbneefogjeo,4
aiepkpfodeebkcbbeiiknlcjfangocjn,0.6.4
npippemflkmhghcpgkjbmoipchneppbl,3.3.4
cpmfchlofecflfioofchboebmocaelip,1.3.0
glohbgcafehmkkmbpfeccodgffoinldn,2.7.0
hhonnpacdghaennjkjiipnaollobmpaa,0.2
apippijgbhoopklpmdnlegmcbbdihbmd,0.1.1
bemcejogidmpfmekigooenmkeohelhmh,2
icdfpmnnnmbjmfokpmdcjoaokhahbjkp,1
haidmebdafcginpnobdbicmampbklmib,1.1.0.36
dnaongpejfmmnpmkmdgkfngiigfkjekk,3.0.5
bdcoohmkliaemfcghhjanjphfoieokml,1.1
nffmfpihhlmegldokbfmmkffccfbgkaa,2.0.1.1
ngggmckedcdhpleghkbkcidhmghjlffi,12.1.2.1
lmgnmgbkmmkfbpncjkeinfaaeipcciig,3.6.9
fljhkpbnflocmlnibjdfppinagckppaj,1.1.1
nglnlobgejahfjjoihkimclmjiomdikj,2.0.1
amidlafaihpkheieacnlmcpnibbmpefn,0.0.1
cbpokcpkhhiiafchdifcgmdgbhcbfmdk,1.4
klmkjkpbiicbbldlmeebjnifojmkadbg,2.1
nkhdbllgdnapmagaemenbebdblcooepo,2.1
napmjlafbhpdoiggpchegfafepgdppfe,2.8
dkcnhccadlikheklmjpiccmkbihppbgd,2.2.1
fjadbbodmeifhkgepjjkeneeojammfag,0.0.0.03
hhlofanfogckmaioihjdakeihadhfcck,1.5.8
okkjlglhhbcmpipkkibdkdbdnacbidle,3.4.8
cmnfgkpgdakahclbpekkppahnkcbogka,1.1.0.35
kmaajfolbdmhlbpdokkmoemighjmoecn,1
gbfojhnpnondkpjjjabmgglkmncamalb,1.35
fjnhmdjokenklehjpinmnkpepologkih,1
pgbfcciincmgibmknbnioieggajijcmh,2.1.2
nipdfffkdgodnajmbegpljhbfindafng,0.2.3
nafdccbgkafpfgafnlmcpkcgghekglke,0.9.0
aohjnbbjmnopjjijoklalkigpmfgafip,0.4.10
abeifpdohgfdcpefjngmaobkbgilbjlc,2.0.2
anlhakiodmebohjmkbciohpglnjifjaa,6.0.0
mggikgocakmeahcgffajljnpnbcoaddn,2.5
gheakeccljeakclompepcnjbabbkakeh,1.0.2
kbehlacdlbldkoajppkpkgnjfbjjkkhb,12.0.0
nnekjnmeaaiciedbooejehmofjnbjajd,0.5.20
ehpmmjainhjmmkfkaeangkmcohcgpema,0.0.7
modbopcgnpnkbfhgpbohbnfolaicmchg,2.0.1
onfoomocmhbhldblagplaibfcmilckke,1.4.0
eeedicnnmajcnocjdincpiilecdpijdl,2.8
mlelkcmodocaedjkeeimekeabnbidnjm,1.87
kkcfmnjbinjoccfplkoiandigomollab,1.2
djlfmmacjgjiakammidjemgkhndmaapf,2.0.2
pjjojfjmefckejekdniilmdjjddkddpe,1.0.3
pflnafmepenkhmnppgcnhoaffjoppjai,5.4
kcbbbkjbjmkgeclfkhdbekfgnkcefaje,1.0.1
jfomkigolfdggmeibpjpeipinofkikfp,8
hkkocfdooecdlkmaecgfibikamicpbof,2.1.6
cbajickflblmpjodnjoldpiicfmecmif,0.1.16
jadjbhhfdenjlfnhoamefngoppkpcdah,0.2
jicgjmeiojnlkeoghommlhpjdnadhhhd,5.6.30
pombfgacipaegomodjolblmamppdgfhg,1.10.9
nfofcmcpljmjdningbllljenopcmdhjf,1.55
mcbhcdjhnkkaphbpldlkdfakjhnlibfd,3.7.3
mjdhecbihfaeddljbkdcnamhbjlafofo,6.4
ihbodihckpjohkadohoabcboangjadph,1.1.6
enoiikfkndboceajnjfblfbkmpgnccok,1.0.0.19
gkceflekdfolimipejlmflmkolaeckom,1.1
acpnpoldhggopebaikbeopeheoebincl,0.0.3
nnaceiiigbcbpcoedlmjpafjeapcgdbe,1
gbjnbdpndjkaepfjbaekjgapbaekghpm,1.3.4
pmjkdklggmicpjakgbbfjmfklmliidfm,1.3
pcjkfabahciinpkaiapnkbhifdmolkeo,0.0.1
ainnclddlahnkaldeeppkpfgmelbilhl,1.0.4
kjmcladloncmcofffimnaackpepicpfc,0.10.0
ldphmdmmbblncafghohamidmhcamlonp,10.0.1.4
dlecfhpmohjpmbifdjhmdopjcpifndgg,16
hphlbmeciiabiippddbepabnlnddcmbn,3.3.8
pfnkbcagkdcehmnpkopgfkafdpchiand,1.2
infoiocbpimnebnikhpccckchgpbpaki,3.8.0
lkffioigpphilbeeohhnoanfchdjomhm,1.0.3
kkfcmdkaogkdaenkolgknljbkgldoahf,7.4.2
icmiegehmfofppkjggmbkmiolicclgll,4.1
pcgfhmedmlfffddleeogifnpoiomeakd,1.10.1
cgcaljgnjpnddnmbmkohffbjoiccfcbm,0.0.1
kejggiploknkemnoekmncndanjencefn,1.10.0
ffmnhdbcmnhijfohojdgojlfaplmoela,1.5
opjlpaolkodcfalohjogjdiboaclmnbg,2.2
pgamlijkhmkiddneaedbpgmdadaedahp,2.1
obdagapfnjjiihahgfpgoddcpfdbinep,3.5.0
jienmgdlnpbbcmkodibijmpbgnkeingb,1.3.10
aiknjhjbjilkcndfplfdekjhmcjicpfl,1.1.11
aiaggippohjbgjbdbgfohnapefokfhgf,1.2.3
hiegnpgjbipdeeojoohopcninhhnbnpa,3.6.9
dodbeddcjdljdleecnnneehacghlkcpm,1.93
ecfaiclpokecdjgdbnoogehobmmgalah,6
acbfffookooknjnhcmjpoahgpkegpcld,1.1
hdeomcikgjnhehlffmcnaogjeoebkkhe,1.3.10
amholbfmncjajeohohomeagmpfjjkipa,2.10.1
obeolenehnecfenafkhhfdalgcngbopb,1
lajgldipbakioalbjefclfeoppfplago,1.3
icnohjifnboncnjmejnpojiglgdhaanc,2.3.9
ngnmmnppfloibngkifccjiljhnjoleaa,4.1.3
ceijkjoccmmdbjgmeenfgcooblafbmcg,1.4
lafgngakklbkkhhocieleeplhnalkndg,2.7.0
akdbogfpgohikflhccclloneidjkogog,1.0.1
mnjdfaflmmlmppkhibeaapjojedhcljo,2021.2.9.1
oakikjbbckeiimobabgnklpjhblhbffi,0.2.0
lmjbpdnipcgfcielphamfjcojdfmbiop,3.0.5
polpdkmjalmpdaicbhgmhnckhhlfmaom,2.4.7
onecabebcbhpcchjlmekfcpepcaicaji,4
ehpgoaohjeapnimnfbpalgicbmghdlod,0.0.3
abdddpciiiojfjakdbkbjfmnpkjhbekb,1.10.1
pdgohmelilhmckehjggmhhgfgbafbdfh,2.2
kgpnkadpcdfjpddnfhcnapdfcjdgifod,1.9.9
elahfkenlknefeiaidnglhodajllhofi,1.2
fblefiodbpeakkhlfpcaalbhgdoelklm,1.8.4
gbokbbpfobjhodbkdkjamiihpnmgmgod,1.6.2
efjlhhoiippfoomfmgfgcfpjifgcmgfi,1.1
jgabmeflppmjecenocfhfflhobpabkdp,3.3.8
bfdkfjnnnilidihdlambmfplpmleekml,0.2.3
dpfccmkmfoampaoieckfmgamokjcjfab,1.1.2.1
bfllnidboadchhjlofjkanmgdmefljfk,1
abjimbagkeccnklimalibmfikjmhlcci,2.1.10
bnfkebheoednagjjipcbaoaoldhepcga,3.0.5
leelhcfcnadamgmlcpjelmenakhkldep,0.7.6
afkfgffekbcfbonmjekkpojcbcgpgpdb,1.1.0.11
gcjoaololnaeojgknblccoldfkmfbkml,2.3.4
pnccdifkjnifpoabfcoojfgagnbgjkei,0.2.5
gefkgejfcclhaljompmjcdihebgnlcda,0.3.4
mepmikmdchejndolhpmbepplcaahkfid,3.3.8
illknfpfpeibjmefpbnfilndbjoepffi,2.1
kgpflabdnjkbcgckdiigbcgfngcgacko,1
iafbbaeojpcnmipijofpmdmjjmljkcln,1.10.2
ppgapekffdahanccmoiakjgljakclgjh,1.6.2
naingjgndhkllfbbkjngfkblemaiacdf,Vex 7 Unblocked
lophknlkcpdmbblijooghaiccnadibab,0.0.1
lojdeildlkdjhapoebnfffjhmjiabcae,1.4
djpenknehklodlohpcgehdbnpnnkokif,0.0.1
akfcjbibociiokeohbmkcdikgcooplnh,6.1
peeonflghdopmpkkklghamcgjpnhcgkh,8.0.0.0
bdipiiclnfiplbcoepekgpjgllpkbfck,1.0.0
lfeeakmbahgflopfedakhlobiehjpkig,0.0.4
bibjgkidgpfbblifamdlkdlhgihmfohh,0.1.3
pjbbgkmbhjgikpglcbbkcpbmopcioojk,0.0.2
ifiiaomjbhpndnpbchibphcdanholepc,0.0.1
hcfdbehehcacbdgcgamehlnhkfokohdc,1.0.0
oladknccfhkgbpmefjjmahfbggapdnnn,1.0.2
ohbnkponobbigakoajhjbmkalfoedbnk,2.8.2
obgoinmgmnpbnhojfndlaiegoahakned,1.4
gaffhldfopelnjondfaanbpldcelbipi,2
obcmfmeficnoghcjcmkafpmmbnkbmbfo,2.51
affijnkeognkfhpeecgkgljnecdenhke,0.0.3
knmhgkhpefjebjdfocejmmbfdifcogpk,0.1.1
cggpjlfnblednplhplkohdlakefjfhbf,fan
jjkihjekoffhjnegdheopepdcjeodale,0.1
beplfdlafpknmdcgjdcikilnhapolekj,1.5.5
bhhpkmlaacngenkpngnknljdnjocdild,3.0.2
peimmnfefagcmjoaeagnonabodipfcba,4.0.0.0
lielpgdmjldpaahfbpfdflkbihaggghg,1.8
beohemedcbhkhfnjpchhkfpgchciceck,1.0.0.2
jihdoogckgkelblnonnlkcoinaemlbjo,1.4
nimemoidacklnkobjjbmjclmdalffcjc,1.3
hniimmenimdhfhkojpfbpkjmphmlcepb,1.2007.0
mnjdfeljfpojoefkmjdaiemlhibkhkkd,1.1.6
aoejlmedglaoolokjhmdpakjpplbkdii,0.1
jljincmkbgbniimimgmdfkhalgmcfing,1.1.3
bljablmjodijgbdpjkcaloocnocbgifh,1.0.1
nidhagoeookeknkclehbokpcjnlmpeof,1.1.5
ccaieagllbdljoabpdjiafjedojoejcl,0.3.2
ggnhijdmjjijoghgnbkipnhbekneokkf,1.2.0
ooeiaipmimpbmjglakimailpohfheapl,1.4
pbdmbldljahmmcafkjlifjjkpdkhbmbl,1.0.0.41
djmjmieefdonghklbekdooomkcemekij,1.7.8
lemhjgdbbhdidhcekefiielgjknabmao,1.0.1
hkndpggkglmmjapagndfgpfhpdoimeag,2.0.5
opbbpcbaofeplbgbijlmjjkmgpijdgec,1.5.0
mcnddkhbnggfnclobmamkhklhkjmegoe,1.3.0
onobgadjpjdkmghdbigpafcndbndjemj,2025.1.0
kmhgibjibkknicneafaghckkpopmjhnc,3.3.5
ibhnlbefmbeikiejbhppeknepgebeddb,2.9.0
gelkdmpaocibihnackajdgicajfdgdea,2.1.2
gdemhkifggfjiokpmhhicbmnbclfohjb,0.3.4
ppilmhkfbndjnfeepmncfhdoghdlcigp,2.3.1
lefcegoibfjolojdafchleedahnlldhp,4.0.0
gbpmcibodlmnnlfpepikclgbkfpbgbia,1.0.1.6
eailpjnhjcbboogdgmagomhkfaahchlf,3.6.9
eoeggnfgnpmomdgbjfcjjoaemnobipfi,3.4.3
agppaifndgnecaaikioeecmmknidocpk,2.0.4
egfdommobpfddelipocoipmblbeikhgg,0.7
eklikjinkehhlnjephphkanmeekglago,1.3
elfmkhenbogdihfeicadiddjenggjnoh,2.10.9
jnidcaddmolngplnpoloipnmhpmbgikn,1.2.0
ahhehedojpmngnbmfjejpepldfihlell,0.4.10
deaggfnohiebhjlipkmodgpfgnohdacd,4.1
ljojnegnbccggfpfmfhmjnikohipilnm,1.0.1
blbkmkinkmeggnicfnchgmooobkgeagd,1
mhcfcphhgipcgdmdidoffhdmgbcnkamd,1
doomfigiikcpinpmdgkmlahjickpggng,6.1
nilnjekagachinflbdkanmblmjpaimhl,0.8.7.8
fnmppiadoglgoneipadopakdbibebnnf,2.72
mienlajbpgnlkkladmgdgbcjjkohbeme,2.4.7
ibnegciibhadhbmabhdnnillienjhnmn,1.0.2
picecooepnneofbeikgdaiebdlcenafn,3.0.0
pbjnbneghgdchjkbeiifmfigjcgbefoi,1
hjjfkniifopdfpiafnmoncogajgbhncm,0.0.1
ojfojcjaiejigmlhkpbephgnmljemiip,1.22
lhlacjloijdlgmbiaiefjpoeedakagcf,0.0.0.2
dlekhjpegfalniphfigcddehdcgeafgc,1.2
oenpfnohhbpicnklaffepigflalglkhi,2.10.9
fnopadegejhmcljnhimliodfbbopfafd,unblocked-1.1
bhojdmajelpkbbogfcnjkoihegehnhfm,4.1.3
pnioamagjglclpkfmaimcfkmflhkjfch,1.0.7
lpkpllnbpbbfgkjdfhiengkabggphpme,0.2.8
hdgjbladpkajokcigfigcminaabfnnad,2023.03.16
bnigioiebdghfhnbgbgceadkphmoaacl,4
bocmkinbfldkhoaikiiabgjdehkopdnb,4
cpcgdaenoepbgkgogekbkhphnlgandfp,1.2.3
efhclhimnebhnlhgmabihkdpbfdffefd,2.59
kdfabndgampjonhpgfajeajbinmkcocm,1.5
feeaefekgnocmheegkmdfpehhdenpleo,0.2.8
jgppabdmpmhgpbliopalgjjhhbcbnppp,1.0.2
ahlkbflifcnfejklnpbgelhdenahlhon,1.1.0
dddpeopljcjbcaofofjenhncdcmlaoob,1.1.0
lpnoemadcefomjfenlaflekhgakfcmmh,2020.10.15.1
edabijohjcpapcejpfeibabpodbicoef,0.3.4
annhjmgjmmegdiepajaekgkckgfgghlf,4
fbebilbomfcahbejmokdoieedjkngfcg,1
pgbobmneffokkomagadlhfgcofgphjbe,0.6.1
foagdlekmopknnaoaofdhmgfgbflhlil,1
imknkkmgaojlpjihdhockbhgglekloki,0.6.1
aocjnihianoglndlmkbnmbicamndckij,3.6.9
npkicljffihglpobmdpfhdipoggmoklg,1
clcfboeicfpklofoldmkbadlhgbagpfg,3.0.3
jhommbpmgckalgplilpbolekcepdcoin,1
iceofolgiblcopdbdpconajapemjhelm,1.7.0
dphnjaeiinieomigihkfeghbjlcfmiia,2.1
hchfibdbibcddobpajnofnffmoofkgfc,2.0.0
oobnemdfnhiimlaojoohgmjhbicgangk,4
dhgghnilhaagniaobpgchofklmlmfifo,1.5
aapbbfpikojndljdpcocejicellikpla,1.2.4
ljmkhdklmbokckakibcegbooplhjdilk,1.4
eghbfpjalecjeojappaenagigjjngckh,3.0.10
inlfpmlalpekkmpnejggchpkfhocpdpl,2022.9.15
apmgjleedckimlkaconbcbangnigbnog,1.0.1
cmajfhkcojdaopkobngoiinlihclbdgc,3.1.2
icbhlpeofdnainmeojihchbgfffhpaeb,0.3 Beta
deojpfhenkbekgnjbbhnbooakegpmlol,1.8.3
lpmkacgmkeknboeoomgmhjgdgdfhbdjp,1.20.0
okakddeofbilmfelefmmhdpjbninmkgh,2.1
mdolieakfjonlgecbeldgjpcmejolfbj,1
ililgnjmhocldfplinnocngcmlihllgo,2022.11.30
jphcbdknlpedjekhpfolkhoebimmeplm,1.10.1
nfakapfgfjieigijbbpgleacdfcdddeo,1.0.5
ihhbmpkjdilkmlcdbmcelkipfijepnji,1.0.0.2
ibjgkhbbcdendkjelgeejmplomociemh,1.5
jcfaaildckchafcpjaejklhdkembpnhc,1.0.0.93
nacbfnmaablelojcbniikoodhdbhdpld,8.0.0.0
ojbdcnancpnljdcpdlcbalncjlnmgcom,2023.4
iohpehejkbkfdgpfhmlbogapmpkefdej,2.0.6
ecmeljollapajnomchmfnnjdbfopkgli,1.2
mgclcadanadkdeehnmedknieigofeenc,1.0.42
efdnilbdigepbjkckljemoifjnnkamob,1.0.3
jcabfhfgbikofbehnfpdjenjimfclkni,0.1
dmibemgagknbndacofjoojfahhfbmmpi,1.0.0.2
loocaafdibcniadcgkfanjlmplmjhbia,2.6
oiiihppmkcomjhgoampoinbbcfgnphpa,0.1
figjngddjgohbemnfpidfeemlncjipff,1.0.0.0
pgpcdjgfmjocneefieplcakfcnancjie,1.1
njecldccppjlcehebffjefkbfamnaclc,1.0.3
mjbbahofihggnnjakbdghonldkpnbjab,1.0.4
dopccgfmbbcpilgipdofldofiiddljij,0.2
iffoioecflpiifdjboeihngllbfjhjcg,3.0.0.4
epcgjjacbpngglmbhockidigpipapiam,4
bdhjoplknohbgbiihnjgakkfcejmgmmj,4.0.2
andebhpkndnpmofgmnigdahpegdeklha,0.0.5
inajakknmlcfmhmeghiknfmnfghhennd,2.3
lbeodfloccamodnjkpklnikhjbelndea,1.0.1
ocohphohhbkcebbfoffeobdiamhckojh,4.1.0
eekibodjacokkihmicbjgdpdfhkjemlf,10.3.0
hcclkobidmhofcjpdbaeomndhdabboog,1.0.0.31
lfhdinkalkpbbhnnpigdoneblecegkpb,1.0.0.1
ckedakibochaapkgecidceiigghccleb,3
hcafkklbokhhjalmlpaccpioojgllipi,0.0.1
adnebkigaaeckjbdidmnilmjcfodmnbd,1.2.2
nmpmhiigddebfameahbbghhmplmjibnn,0.0.3
emmpmknmghaidhlopkckaibolafggbgm,1.0.0.14
kdgipepeekcahneeconkmjfkahppjmdb,1.5
kheajjdamndeonfpjchdmkpjlemlbkma,0.0.7
hmbodffdamndpndafckcljigijmnpken,0.2
flapondhpgmggemifmemcmicjodpmkjb,0.0.2
achbhienokcpkbihljiopdnlobpjcpii,1.0.0
ggmnmnibchdnjbihpbfjanoiceoedple,1.2027
mbibhjoejfgphfilkcidhdecijbiblfo,1.1
alfhggaofpaiikomjpaimdomhnhpflei,1
kgccdimchmkmdkjlfojeahbfadgccipl,1.2
lflclkheckeenjkemaljgekajmdplblm,2.0.0
heijhiolmhfnbaeneacobnnjmlaljbce,1.2.2
cppjipeidelbcikioiealmcbjgbddnfl,4.3.1
llmkmpfhmcgdebfkjnkkpgkpljhkbhgb,0.1
eeoocmnmafkfilogdnnlbggkihcflbod,2.1
chjhnkfpbgcajkfidohljkjjlfcmnahi,1
amhhjibmkkeodkekchhdlpabecdghggn,1.4
mfhjifcieknaihhaidalgcafbnalkdfa,1.0.5
aalliemglapliaagpcgcjkcmidodoicc,2.2.4
jpnagfapbbjhokinpcggobcgpnnpdjmg,1.2
gpbjbcijgihegebcjhnjchggcndpimca,2.1
fpdbkmmbgbmeealhadhemokpipepihgl,2.2
hopmiapnnbalpocjocfeabkkoedkppim,1.3
cmjbgdclphkkaimnfnbobfknpnlepkbp,2.6.4
jimieihlfnjobhbaihimmdbaoamphmnn,3.2.5
agfmkdfhnjckhkjkkhplnmeloocaagoj,2.1
jnhammcbcjdffepppmefhdlpokhcnlfc,3.5.8
lnidgnognoddhihcepdhcgcbokefomgp,2.5.0
cejbcplelmofigodojeombjhhhfjocbi,2.4.6
pihabdjhhlanghbmidpfcojiinbcefjm,0.6.4
deamhkpifjoclkoahngfnnmdcmiklcme,3.6.9
doghgnenfihebiinadgchmcimhhemkan,1.1.8
bimaigbdpkmpoacbegfhnchinmphocgc,0.8.0
pbdmpfjpllcchofdpgkkagffmcnfldcl,1.10.0
pjibacoojebmkcminakkpccebppkkmfa,0.10.4
pmnciminlhofnkjfkkienjkimokchjok,0.0.1
pcaihkbnpdhjomgjjpenpinacnkcbnhn,1.0.2
npmkbngbmandpppghaknilcifambhmad,2.1
gadfhflhbfkbfgenmkhhiiflpocbejla,2.1
fjjekdnbnjifcgngejabhoahhphnidci,2.3.4
bjongnefdmjcapcogjnikbalachmbccp,1.0.0
mmllkdmdmmmpdhpafonbkbfgamcaojjl,2.1.6
aemfabjeakapcknallobmhnofpkfbodk,0.42
pkdpgnlcnfdhappkneacfoefhoimkfic,1.3.5
dmdmcgiejbienjclbdemdmddahhhkocp,2.1.10
lnmihgdocommegopbkfbioilbfnfnobn,4
eblkniiaohdnallchpdhcglnekhgabgg,1.1.8
gemnnobabdkmkebifmnefndnkfhpdbbk,3.6.9
fkmigcfjgnilaomkbkfbemllolcbihbp,1.2.3
jpibbndekgegmhhnahliefogfepppagg,0.6.0
lnakgifpbggcdbdlfaelhjpjnbkmjngd,1.1.0
indlcdcikdfhpmmpjoeeaakpijkcelcp,1.10.2
khcghkoailmcmhkhophlkpppkmjkijfm,unblocked
oofmhllcmdhpenpolgiefgjmdmkchaai,2.4
dimcdmencmkobkmldelchjnlcdhabflk,3.4.3
kamfekkdakhnnfignljkdbgljameonap,2.8.1
cnkkbojbmngajphgldnagipgajiedpbe,4
nmldagbjchoafbpnafhfdkpocjikomek,0.2.8
imfoheponkdbhpcdihgndgoebinfjiml,0.10.4
okepjaplmgbdmnnonlapnekkddnbmkki,8.0.0.0
hhkcabppibkomngfkbaadgkdoehamlji,3.3.4
labbcpgnepglmnamfgfidlpmoekihlha,1.10.1
bdbhiihmbdmgcnpkfdkdkmnnddlijcae,1.9.9
cpkolchkfnbkbhpojbapkcnhgflcgcbm,2.10.1
kciigohcgpnianhdcndphigfapioodcp,0.0.1
dabiflfnooplklnfgaogijdjhlnidmen,1.1
laddhncfceijjacjmdolefidhmindpbd,1.1.8
megcaglblbhlblhphbfenopcpbmdfcdh,3.3.8
hkacioepahacgohgklifocafofhhdohj,3.2.0
eddanhgbijjfcidbgcbjeboeedlmcija,3.0.2
ofngoabjmldbjgehgmfeljafcgbieafa,0.2.8
coieacappdllhldmhinacfnmojamjmjc,1.2.2021.2
nifjdamnjnnneepnfmmhbociicejnaha,2.10.1
bafnhobbnapjapapgkippakmcdneflnf,2.10.10
hgdlkjmfnonmgnchdmckihihagleklbe,0.3.4
ghllklppkpofbeccgfmodkjhpbafdjaf,0.10.4
fpnpmlgcohkildjlfdlcgcillfaaffpo,1
dgfjfodmaddeemdmehdeahjplbackbne,2.1
hhlgnaceapfjfjcooeimccjhiafaocao,0.0.1
pkmfkppnghnpkogppgphbbldgcfmdcgh,0.9.4
nkijoakikfjeldebfkifhnfpfkandoaj,2.0.9
jfjcgninjbminafipjackdaagoibklah,0.2.0
bpifgdamojnnicladdmhmefmcglfjihd,3.0.10
ejfnenpalokimmeabacfoghmfbbmegak,2.10.1
mmghjdhmpnmlhngnigelbhiepbllhlee,1.0.7
ackpllnpalfngjidnkgblcllbkgncehk,2.9.10
gbjlbfhkcihjicncopbgkahimlghkhnk,0.5.9
leogekddgdjnpfkdhacjbeikccgkiipe,0.2.8
jonckecncicocndcfncghcjdgjpbinll,0.3.6
opicokiomfbfepncpepopodceggdklam,4
ajgcknpbnogbhlglcehefonfbjkahbng,2.3.1
dhmpkimkimhbjcnokdjbladaamggeopa,4
ebagfmobaebiaadmfealidokakokhndl,1.4
ehokcomjcnajoglilnggellogjphpccj,1.5.8
blhofkhhflcjpnnlaepkfmklfjjgggib,2.1
plboanihcjalhmhobmpggpikhnemdhlh,1.2.3
kkhbbblncmpglacdjpmabapmjlchmboa,3.0.10
bepclheccmnmdhmnlpfonaffefadokmo,3.1.7
jngefajfcpponblennhhfpagjicomfpe,3.0.5
acnfofginfpbfimibaadphhlbeajecfk,1.6.3
kilelkcgjjplhjpljdmknmaimiedegjh,2.4.6
bihlmgkihcfcggbehiklpeaecbepmngc,3.1.7
pfhkdhgcdnikibhoefpognogefiellai,4
nlnffmmpehhbdnbeanaaednmiifdmibf,0.1.6
fgidkdadkhhlneofhbimpdkcmpkcffok,1.6.4
dlnakmobfomeoojfhnfmkplfaddnbple,0.3.8
hononbpllijgohfbbpihhblioiaibgdl,2.5.0
kifipfpalmpidngbmnfgojifjipabknn,1.6.3
cioibhkhnhfpiaeomjinbmfhdfdmjjkn,4
jgbffldgkcjhjoddpjfbjcibjhjmdcgg,1.7
jomfobgfappfdlidcflcnacpmnljmcha,3.6.9
miobobofmacdephikompoenohjkkhfcn,2.1.10
ebmkfkflpanpfdaocjdcnbgapnikhkhi,2.3.1
dgalegchahjdkbpopddoakpakkanchfa,0.2.8
jcjnnmpagppfclacfiebpihaopekndib,1.6.2
bpcnigkniihcnoecokmnebbchjlifcel,2.3.4
jkgppmnhocnechiagofcpjagdgdohncp,0.9.4
bpodiodanhhalmogpclfgakehipaalig,3.1.7
mmngekcgajjnkicckfnjikooeiaejlpe,3.3.8
jnngpedabihajlepmiepfnhkdlnadgoe,3.3.4
hncimfhfpnmllmanfpapaafiibkndlen,0.6.6
ojnhniohnbmlgndfkbhhfnamijddlimp,4
gkkknpmmmfpjbodknbkcllkolpmbojki,2.3.9
ebbbifnikinkdemgoeadjjjdcdjbjmin,0.1.6
memcpcidjdhapepcfajfbadcdipkijae,1.2.0
bihioaeebobanmjfemgnjdamegomlgoj,1.2.3
jbogfibcppnjfmeopfihhepdkjbadpan,0.5.9
ncneabkhefclbadccigenoabhgpnpnod,3.1.3
mlkmgnnpekogchkhfbigbcmalcjkpaon,0.9.4
iamgkfjbmmehfelfhkiiecihaenmaooj,1.2.3
hkigacgdpbpkoodjegecjclehipgohln,3.3.4
hedppglgmldklopomcgaigpkdhkcochb,3.6.9
gbmfelobaidkoocapajeladbecplllgb,1.2.3
fddlaninbccepgjagiomcgcphnkhieam,1.0.0
jkpgdmbdnikmekloifcjdamnjhjompli,1.6.2
ohkhmhffpckpkkbdpikabciodkcejfkh,2.3.1
jaoeiifdlgedhpplcfofonlfjkiomodp,3.2.5
odlgadcomgnhngpoaffmbafngahhjmdc,0.2.8
bnhhgjafchpbioddcblfdmgifdafcoep,1.6.2
chciaoidjadpfjaodifadmkpinndnadl,0.2.3
pehmeegofimkikmhabpokiccbpopjcah,3.2.5
odcegbajaooboaopkkacapojilbkiiej,3.10.8
gdbnalhihddjjofmkhgfoakokiegphkg,3.0.5
oajjkocohbjngdlpckfmneldoinclpeb,3.0.3
jcghknajkeibillnpclkhiaklcfcpeal,2.6.4
nnpfikjaleanmpfabljlfdnbjlogfpin,1.2.3
haojmeibhjopogcfimpdjnjhidefnjjh,4
iegjaikakjpohdeijcjfkpfaahhmkced,2.4.6
hcopehnpfopibnlhdjdjkbldkedbpgkn,0.2.8
kccmojijccjmeidhgdjecddgepohkkei,1.2.3
cdiolgmfoogjpdjanihedlflgmggaecm,1.2.3
ndmcdlnpfeommlbajkkkohkfbnklgjal,0.1.6
gekfhnminakefpoonglfbkojdalgjdin,0.6.0
ennmbobohgepipjejonpopgnbfkpkpdl,3.5.9
nmgkgacbphdebhkpebafihghgaanjhoe,1.2.1
anmkflkimmambijlcpfmnlamabpnobop,0.2.5
bolpegchmpjkegbeehcmkadonoicneii,2.3.9
jklgcpcpdfikbhgppioobfjlajpmoagd,2.3.1
jjdncpcbidnehbffdgdkcgdkkligkgbg,0.3.1
ieodgjgmgpifkgpcokmffoohdfnifjno,0.0.1
nhhfoilohcbfnfigpbgiodopkbmfompg,0.3.8
bhfnggediefkilamebcjiglbfnfphdoj,3.0.3
gfnbgifkmdbmgckgkbcolfgmhobjmkgc,1.2.3
odefbielibnpomcpgnldpkkhafhgkbep,1.1.9
kgkfkdlebamfknmgkeagnhonihnffjim,2.3.1
mmnlcnbhloobnmkcccpghpiglaholcoh,2.4.6
mlejjheiangiebdefolncjmaemmgpegf,3.5.9
nfnnbjigmoiekplgjcdglcoilnfkenja,1.4.3
nkldingebmceglkpfpidlafgcifkljmi,0.10.4
oepafegkmjfpbnompgogmmmhindlmadi,1.2.3
femfmaloeimlpcjfkliakcbfejhbnhkc,4
icanjomhnfjkaaednlpnpkikoebjocpd,1.2.3
pndpjebhhcphflfialbembhjbcgidmkf,0.6.9
didbjjgjnohaoadnehfjaameliibldok,4
fkbobcljoggfflaejdjmknjejfecacbf,4
eaemicbiafpljeajialmjfempdanbgef,3.0.5
gkoieckmcfiapkpkaghadecbdhigpjaj,1.6.3
hnodghldfgpmkpkhcaadnhgolmeefdna,3.1.7
eogjemjgpebglljkgdlpcbnecndccocf,0.2.3
kpmmohamnhoaiggkkdlffegmhjomaaih,2.10.1
klinhlfmgcjnnpfkpaijnjbgbkdlgjph,0.10.4
kpoelobeipbelionlgpdfdikgnfeealf,0.2.3
oidgebbakpagipihcfohioibiampnkab,3.1.7
kgdaoojhjekmgnfhbdpipmpkaigaolpg,1.2.3
dldblbclbolieghnjlbpfklkknajmgff,1.9.9
cfeciigeojdlbjdogpdjecolkadhmjbk,1.2.0
acobecakgpjaejedmolccapdjnomiafe,2.3.1
fjkneejccnghkjgfggponnhbbkolgoei,0.1.6
lkadciemmfianbjcdbpdbhoajlkafopo,2.10.10
bdnpihpolljnpgcdkdhfgelfpccgcphl,0.6.6
giepbkonljfffdihlindklbdiahcmaim,0.3.4
ammbiaflcbhdfhejnfccechcjhnkondn,2.4.6
gdhgigfbfhjdkfedfchpkpkhjofnfkkm,0.2.6
lafkfkognhgboggbhnnafpaibemekblo,3.1.7
ofhdbceeciinoaoidbjejmlffigocoad,0.3.4
afggfelhjbfdfofmkomfhjcnjmamaldj,0.3.6
gidmadjkcjenbahgncbhgdlhbfbblaog,3.3.8
nchkibdaiadcpbmecmjaanpcgjeopfgb,0.6.9
jmlgblmmcocmjaelekblfgninfjgpccm,4
lkhmijnhmcobcfafkebobcoagncldkpf,2.3.9
jaoachfgpmjbdejgjncpibgelfboagco,0.3.4
jmmbjmlenodhaohbnjnhafbenljkgabg,1.2.3
ahicbbnnohaikdbgfchkddjdfibhhjnl,3.3.8
hknoeghokfaiogpjhminknghbniiefkj,1.2.3
ijpaciibpmnfdljhjipokbnfcnlnndmj,3.2.0
icfmjfiflehmjpijdhabkhbhpodcphoo,0.0.1
oablgkjoncihficnpnmlbpjodehelfla,3.4.10
hlacghacigkpnjidllcdgbbleonppbkk,3.0.3
gedfmndfmgaicecgjkgenpieennnallc,1.9.9
oilkmbpjiaioaieaejclnkmkmoockflf,3.2.7
hfljlochmlccoobkbcgpmkpjagogcgpk,0.8
eaefknkfdojaedegpkgbpchfeigpknpp,0.6.1
dmjlfahajhimnnipbjllekhcoeeidbho,2.3.1
gghgaobapkdekmkknnanfamblklnjjfd,0.3.4
nlkiighlfmnlejffoolejonghpfiekpi,0.2.8
dochpnjbdnbnminikmnnmbbckpiaabfc,1.0.8
glkcpolnkchndbknjaifdbomfkhhdblk,2.10.10
mkebofjgjogemnicmcihjadokhlhdahe,1.4
jghmhnimmfcfnfopemicdeagkpjnflai,2.5.0
adaedbocnmgajgnklkchnkjilcpebkpn,1.2.3
fbhfekibijajoljipgfkjmchpijepcmj,0.3.8
mjjhdblacldheogllcimonjfdfnhdfhn,0.3.4
clbkaphjdkmpnfljnhdocpdlcifgcbpf,2.3.9
gljjmklaaanhcmiboplkbelpmblaeobe,1.2.3
fojjhlehkjdbjbhonkaonlmliobncaic,0.5.9
nblhfeoocpocpkdjhkcjcohelfdolcpi,0.3.4
mpldkghedjnckigjnhfdkninogplgjjg,0.6.1
cikjppiogkladclnkhbahadaighpjnkk,3.10.1
jmfmgignhpalkgeobiepmahbpgjbaibc,2.10.9
fpigfoaepdlobcachamgdgbhnmfiggop,0.2.8
lolblnniljnlcmmoacdhiijaadoffdaa,3.10.8
lcecadilakhcblmnnppopgnndnppigcd,3.2.5
kaaaamkenmnodekeogoogjfeeligbdbc,0.10.4
iagpcdenoabnpenameeckcoimgdhigae,3.2.5
mfeddghhbbmmibohdhkdkgkcckgdljgp,0.6.1
hganmdlbddkgfhbdemlgejlkpoalpjck,2.5.0
febjnafgjbakccbfplcnmbggldcokbhl,1.1.3
ppckljeinpfiagmdnlebpikioaiglhkh,1.6.2
lcncenhijjfpdkdblllljhiknmfmooij,3.3.8
llihamklpkjgohdmklbihcmnhfkbflfc,0.7.6
fokelocmdkapijieaaephicekpdiogbj,0.6.5
dpingikldbdlemcdcfmgpbjgecebbcdb,2.10.1
hjmpbmkpcplbdbghjjlnndjjobcacaep,3.5.0
epndbmpomliclikipalgomphciecoide,1.6.5
lcpcmjajhbkllhmldonacpdeddnoegpb,2.1
mokdlndejpchmohkignimikkndhljfji,1.2
nddjcjjgmhcojnodgcneelnpigjmdmbn,0.3.4
nkgfnbehknchihfjpenkgcbncoilncjc,2.3.9
kiomicnkfdhlldpfncgfpnpmlihpkcdb,2.4.6
ejppfjggphkepcamedbpecnjmobpkled,0.2.3
gboebcfhkocgpmgabfbcdjejlegllggj,0.10.4
hionhmklnpcddknbaeidbpgfcmdecgfc,3.2.5
mnjahaindabhilocdonocbdemadaahhm,1.2.3
aaepccobikbmcbahecmgciiailnklbga,4
akbmdckkpiocnmgjcmpokeofpkffofeb,2.0.9
jnldhdblibdggpkohpjhoeebgmohpiol,2.1
oepckgbipmlicjeocajleahlhplmmkll,3.3.8
ipomccfpmoikdgkmdbbdfeekdknkkeon,2.10.10
nknpodaoiapidjflllihoplkkfhfbpij,2.3.1
jlpnemiggbacemfjeedbhkfjejhlepcg,2.4.6
illmodhicfmddhenojnjkallodnnfcfh,1.0.0
kmjkinjclekhlgfpngmljbddbbbacjpn,0.9.8
dekcjdboeiplnhghhlpgfgijhbebnggo,0.6.9
hpdmngnjilhlmoadcclcobohpiogcjcb,1.3
opcdniklpkempcindbneaakinlemghhc,3.4.3
bjgbjikphilbifjdgdddokhfhhmbcggb,4
kbaamfkkfcgfhkhhjpapldfmeimcmnpi,10.0.1.4
ppckbkecdcdlecbgpoigdddgbfpljbhl,0.0.9
hgjejlpdibnnolajelklihhiamnpkdfd,2.7.67
jlbeinfecaemdfmomcgknblknapbdaln,1.4.0
lldmlefijmapdpcejinablghfjmbemmh,1.4
mgbbgpnbfhmaiihcogfebpmcaegljmjf,1.1
mkdcakepekanppiaommfomohipocpkjg,0.0.2
fgnfemcjibiehhmglegofleanflopdef,1.1.1
feclpcjfdbhdfppomjopjnhbcgdbcbol,4.0.1.0
hjnmplfbfofelmpkhljhadjfldgijhob,1.2.2021.2
gdeljicacjfkikakemhlhmnnepbinpgf,2
pcjjkghbnihffeclkjabhalikfagkfbc,1.2.2
okihfdbfffodbpjgcfcgbijljjefppob,1.1
cniidnafaeifbddpmnfclgjjhokbgdhm,1.0.1.14
ackndjkminhdomchgjplhdljdpgdpefl,3.1.2
miknfejhiibkjchjngdgfbfcgafhhokg,1.1
gbbgeakcbkaedannmekjnoemlfglopaf,1.0.9
mbihlfjbcpnmpjfcjojbaafjaajgaona,2.1
bcimglmahjflnpkifkgbcngldjojbplc,1
jkoppcobjaopfkliajcmlbmmbjnhnflp,1.1
oeifdodoafkfcomlofghfkmkcahbghkc,0.7
fgaapohcdolaiaijobecfleiohcfhdfb,1.3.5
kcopklndhjcmijbenhlbhfomnhpbiljb,2.0.1
anclogclanmclkgpfgkogfpapddangkl,1.3
oppbjbgkdkjpnbnomghkoinbogohmikf,0.1
kokioaimonnhflhnokljfnebkkaphbmi,1.3.0
ogihlpgicaicccfhkolkimhlhmmbjlal,1.1.2
ccamaongonmhfodnbpokhdlpchkligpf,1.0.0.66
gecemimobjkminddpaenepbmopdfhcdg,1.0.2
hpnfngpgodbaldakfnpacioaigepjnfg,1.0.2
fmdojknggbckokpbnkonfefnapooapfn,2.0.0
hifdihknbffglefaifbmgbdlomnhfacm,3.7.0
hfmekbocfigpgomcieocelhjenkfoapl,1.0.8
hkigbbbmcleddgeenakfkgojjjfbhlmj,1.0.2
idjnhobeacbchofgjpaidegbkbfdpdol,1.0.15
lfiagleblmiccdjjbddjklhlkkcknnmk,1
gfekfjebnbjoalfkhcecendogkdjpjil,2.2
dhbfocbdphhnleonhigndeleccedgech,1.0.0.13
ffcdpegjdoiiilfjageoimchcbhdjfjd,1.0.0.1
dlcgileladmbfijjmnleehhoebpggpjl,0.0.3
idoimknkimlgjadphdkmgocgpbkjfoch,2
pcfaanmbbffamikejeiainfnocmgcaog,1.0.8
ejemaimfhigedccpmjdhdnbdmmdehjkn,4
eomkbgehmckpokpfkmeefkbimbpkbgmj,1
holibckkhbplmnepodaehbcajidklggg,8.0.0.0
ompafndkajgkoldjbgnbikogdkljinlb,1.2.7
nnjimmkballpjefahjokciclbjgeilgc,1.2
ojdbclnlddchaeacegfpiecnihejdpjf,1.2
gkohofekbopmpbfigdjibiamcoocbolo,2
dmjjhkekpcojffdcahdljlefgmoinbil,1.13
jdgjcebmnedflhcckkkgeaglfohmlmnl,0.0.1
jabkibncfocaaiclcbpogiffohhfbimb,2.2
iihceldnpdmokbahgiihjoddnnehkdhj,20.22
hehkbajbpfnigdbnpkiojcgejalfnoec,2
bdenlmmbgcgpkglaphfakphaodgjchgb,1.4.0
cbenolhegeikcbpkfblddggdpofpbchd,1.1.8
mppncelflpnhclhbjcnobjnnfdbmngkl,1.1
bnmiepdiokhplhmaiaamdmdkgfkakejo,1.1
lfpifbbdhmmplmfgkdpkejbfpbeegpjm,0.1
mkhmkalnahnenledodkkpfaeboippieh,4.0.0.1
cmbflhaijmanhdcofidiihaaeppjcifa,1.2.3
pgbckkmfgjdnhebfdnphiiahlhbimplh,1.1.6
fdpemnkkfgljchcamfdpgnmhbagloeai,1
bihmkgdckbelbghjdmakdhnijhhbgiem,1.0.2
hkanhigmilpgifamljmnfppnllckkpda,0.0.5
effglehmnhneamjihaffmcbhcichnhce,1.0.0.49
nikmocloenleakdccdpldaephmkjekia,0.1
fibjlfhgmldbiidgcfoejodjodhphiep,2
ejegejbfcinnompejfcmjpolljkfkgfh,27.6.22.1
fggdiepbckghlebjbpjkbamjgmckbeac,2.0.2
paddhbgljiencjhnmfacdejcdegielbc,2.2
meoncndffaibbejeiddbidhonghlmjom,1.0.12
jpoobmnmkchgfckdlbgboeaojhgopidn,2.8
bhfacpelohahnefmmccfjmjdpmmhhhlf,1.3.3
kkiljcdkjcicghbeffokoapfibmgiann,0.5.20
gnlgonidiifongfpojcfpdfnpfnldfbo,4.0.0.2
aacolnmininhljojiohdbdhjlnaocaai,1.8.0
emgkbcmlfbdnegliahdolgpphgohhnom,1.1
djcpkdojgajgdpjcdplkjdaplkkbgipd,2.0.1
fihnfajcjahbkdeaaghdcgbjjdigajin,1
lfdlhhnmeehlolkfoeghkjpeanjeaibp,0.0.1
ccoleplhoonicalhgneceojomilgpgem,0.1
ffafhlldnfofnegdfhokdaohngdcdaah,1.0.3
nejfbildlldfchfbldcpbgnkongehpec,2.5
kjkhljbbodkfgbfnhjfdchkjacdhmeaf,1.0.0
nimnhhcainjoacphlmhbkodofenjgobh,6.2.0
kbaofbaehfbehifbkhplkifihabcicoi,8.2.0
fbfldogmkadejddihifklefknmikncaj,3.1.9
oelngbppodofbbffdicjmmmnhgcchokd,1.1.2
hchmfokcihnfaljjkdafaclojmgibcgm,5.4
gikcjnmpegacammmaigabkhiifjdacec,2.6
aeappkljnldodahakbojjhjelfpdbmln,1.0.0
hiaibekocimmjocgdhaljjniihpkhkbk,2.0.0.1
jeofdoncbhpeaheilaegboepejocfnjk,1
ebencjielcghdhbbbbgmbpmakmmpgifd,1.1
opefognnnblbfceboajnfhnhegbbaeml,1
igncglgobpbnjkijelhaifhfpeancokd,1.0.3
igjbhfceapllbicifnhdhibgbnbafpgl,1.0.0.1
kbelmmdicbanggkkldjanggpffhbapfb,1.1
omlflmmdkmkemkhacmjmffpjgdiokcnk,0.6.1
addkfcpbbggejmdmkolgmaomfafddjip,1.2.2
hfnnhadhldfcfidckacbabjakbeanogp,1.4.9.5
gmkngheddleanbegcpgalafahabefpcp,4.0.1
ngfmaegenlnmgcbalfikhkmgimkedlkb,1.8.42
hloakggjkelpmmmfmeoehekghhcgncpd,4
jgkfgambongnfpaenojcljdbhlolgfkk,2.2
ilfmipippehccndknplbfacekhmejbjm,4
kmhmhclmhffccjjkhkajbbgakcbilieo,1
mndfiiacknlpfjhijgpjmiojamknnhle,0.4.0
fckbakiilcnbhlbjdkmphknbdlclaace,4
cmkepbbcpggdmfbcobpjockknjidpmjc,1.0.2
aolnmddejkiolmcpkekphaengocgfmpb,4
djidonolbmnpeblphccfokpncdnamikh,4
obfggjjidalkpemppllcdjfkkalhofoj,4
gdldkdgneoenilcinnchkhonjlipkikl,4
bikcjlbcdfakjkbpnbbmhidpddappgif,2023.01
kpieaabejelfmfiokhokbjhbnlgcknke,0.2.0
ifplfbdfmhmmpiemjeapegfpffeblkbn,4
caoffoknpkpicfhohillgdfncchdefnb,4
famgjdddnccdelkanplggcgdeghnaijc,1
hamfbkmjoednpkkklfecjcoppfmnnfck,1.1.0
fklbhgklnhjcoaopdacijfafdkehaekc,2.1.5
hcbjpdipegnkkncccmhlljhpnbglgbjd,4
kacecfgilglpfihlaebihlcjhlhfakjd,4
jjbphcmhdckgjgbdbmfmjmajabcbceej,4
ljhaeonmhemncombbgendlmdmnciaoah,1.1
moififopjdmigclpkmeeddjlkomdolgo,4
ghmcncndgkgggphdadjlgmdogpekodee,4
cjoelanfhpkdfmhobancidbecfpdealc,1.2
dmlkcgcodahdojoomelljkhbopllmgap,1.1.2
nfhbhdkenifmbkfnaagklfihkjmmfieo,1.4
chdpkffaoejachadfpcibdhaidmgnbmc,1
khfmhlccaeijkcjgljcibiocbmflifpm,4
bkhflfmmomefolpgnbpjjcdahmoppbhl,1
jinffckjmbfaopbcbphkcmgcgflfdkkg,5.3.2
habhfmmdjhkhchmaaealncbmgomjnapl,1.0.9
epfajefopggcplnanplojkcakffamnjk,1.0.0
mhedlebcihcbknjpbacphiijdlkmnodm,1.2
gpcokdilifmpebkbeogefoccnlnfmpfc,1.1
mbipbhncaohiiogfdpipmfjjdffjddnk,1.2
bjnlkgkghpnjgkonekahiadjmgjpmdak,5.1.13
fhihghagimdafknbdjolajbiheoaaphb,1.1
iilfijnagcnjhkihjjklghiomljkhpea,4
iglfkajgdnnkcpdcdpkdbmhkbgoeiibd,1
mmbblncdnhkobkcbbajnflfejcnipobl,1.0.0.1
lmjjeepjhfiknpaefhgankbghfeghgjm,4
fijpmfheooefcfokmnmdbhoobdjeejje,2.2.7
idelkiobjpcdccnmfbpdmnkghnnpgioi,1
dahmbjlpbbmgfjgenaoofdlfamkmgalp,1.0.3
ekalndaaofhmhbpfefbcpielekakjnmo,1.4.8
hdflopkjonnodfbdplkjjilpibkeihjm,4
dgdeljdmmigonjpgmjkocoaikcggeogj,4
fkmiecdgmmjbhjifimjfngemeniabppp,4
jjeegljnmppifijdgccdkjdpgjocbnnc,2.4
fillolkikfokkkhiahhohcocpbhdbfia,1.2
hmllihebggjcbildjcmgjjpbipkedggc,9
onlnehcfgkgeehjanldjljidkcfkponk,1.1.0
gjhlllfldlhckbmefpkdfcmdeiaoapgf,1.1
anilbihbemhdenmbmipnaoingkbpaojg,1.1.2
ghmafhlifjiaaaimkmhdolllboddcphm,1.0.1
ckpddkdppbgmjholfjbcihpohbcahmbc,unblocked
jaiidakeldcnpbbibnaemaooahcboagh,5.12
emkpeeacchfhlndgimjngljhlpciomnp,3.0.0
opajlejddbndoaaibjalhoonollcmnga,1.2.0
hpidkbbgclindolciegmahgighmjkoae,1.0.0
hbmpabalmfboblojfpddkdepngjchmdl,1
mdinknncjoknjjcdkflmdceopmkllgll,1
bknajoeehikpglgfdfaflgjcicjkmenk,3.3.0
pbmdibcifmempicdafabdakcoamfobik,1.2.7
ifnaibldjfdmaipaddffmgcmekjhiloa,1.0.0.6
jadhahocojhplofpafaakplfbfiakfng,1.1
hgehpokjefghgbjkecihjfipnlddknkn,1
lcgmfbpnhbhkbfdeallcdbfnbdaedeep,0.81
lklemaacfgiahgpbblgmlmegehaacank,1.8
bolihjoncifcebmgddceocmcdjboinak,1.4.1
npcechlhhlbgkejkpcipihnobpjbniib,1.0.3
macdlemfnignjhclfcfichcdhiomgjjb,1.1.2
hajaognebnjehkipgkebgagkpoadlibh,1.1.6
ngbgojgpnjbhkolnnhihhddnokjfjnde,7
acglmdobnfhagomffhfedgaggaicefbf,1.2
ffalmebjkaiibindkopgackhficngkpd,1.0.7
gjbkejgdgaihjdacichaebfahecimjpl,1.0.2
pnnddjfpgpopbpacpbbncaoehhjpkemk,1.0.2
eppfpfolmpkpclmcpgplmfllbnokngbb,2.3.1
khfolcpdemhcaolpgmjcilbpfokjbfli,1
ablgmcckkkolgljgbmlpbjelkglglpoe,1
ocjcpekbjobclpjjcogacafmacggkpap,1.0.2
ielnbgfdoiibbkmkckonodaebdegnlcb,1.3.0
clebopblbdhfaeabdiafodgkakjhifhc,1
ohafompdpdflhjajfhdcjlbjihgdcioc,1.8.50
icgjmkbbejmanhmcjiciobpikpbcojkh,2021.2.25.1
mkknjfjoknklekclfmkagppfpajhjcnd,1
akkbpjhehadgopcmmpljaflnmcpfficd,1.2
hnfjjbkabmehcmnheohbdkfnpflpjpdk,2.4
hccigpmoiiigpfpeioedapkpifkkndnh,1
abopchhieidccebelhoiggghofnffonk,1.1.0.10
mmnnkiioglfjfaglamekckmofkepbdpk,1.1.0
igdmbplhlbdbdogakjlbpoaplfpjommn,1.1
nfjjfalolmncdcakbgoklkenkhaddonp,0.1.8
eegcgdhpghdeadalogbghglloelcmlma,1.0.2
jelmmjaebjppmndeemjpemkbedopdhnf,1.0.5
gkkdokpleemmommgfollhapmcemhlgnl,1.0.0
pbicnfolkndhhjoldnkablhaoiblhmoj,1.2.2
dkjmidgnmfdfdlieckcadcoenaholjba,1
fbcdlinmlgfcgijfinaadncjcmflgcfn,6.7
iloegcjfdgjnfpdllndhgfhopakgjafn,3.3.9
offkmphnmlbniagadddjachfhlafjgip,1.4
pgabbofflcpobmailcghdfcfomaohbnc,1.2
dalgnhcbeddpnefmjkomdjmmfkibljhd,1.7.0
bknkgdeenljobaopgnipaimlecekblcg,1.0.8
mphbohcmbhdnancbodeadfnidgnnpfpe,1.3.13
hnpgceaconbdbbcfmbmbngkkpolicdhd,1.0.0.69
fpkfbgckibpjeolehbbjhhlahjlfompm,1.0.3
ndkjnjcmnbhfokibmlnnadbbnhfaloaf,0.0.2
idaemblfanobojbjbjhnojebblbdflma,2.1
cghhliihpdbebpeohhpnmjinfpocakca,0.9.2
opflnjhfokfdemiabbcnkffpiccpfhdc,1.0.0.8
jnmhhfheilamjjnhfjnkfcieneciiebb,3.4.13
dgeipaogpfbgdkfkfgpakjdjcddeibbj,8.10102
ieodphphhphnlmamoioncnmfhpfhapec,Unblocked
djlnfokielnkgcaalhjflappbcjlaobj,1.1.2
pdloednphgihlmjohgpbcanpidgnebad,1.0.3
dachmjaingllkdmljlfhaphbflehijab,1.24
fepffpfkaihofgijlloipdemgkleeche,1.1
kleaodjldblpicdjfmhdmmbajbocppop,3.0.0
efijiigckadpmcainaclleockpippigm,1.1.2
ghhlekmonbjbpaogookapbgdflaoboni,1.3
kkdadfeeoaobpjppfohiooibhcffjbcb,1.0.0.7
eoheionpolelmhikppgbchjkpblfdedk,3.2.0.2
djgpllgfmmhamcjahnepabijkfgobkce,0.5.20
gfgabnkdnajjheknhhegbpgfmakmacmp,1.5.0
odeekopcdhfdnflklmnipkjpcnggcbjc,4.0.0.0
ighmcnkcppbiggbfeigkjhafoacbicma,1.6
lpaabmnolgbmdbbhkghfhalepjifdano,1.20.22
hgbpcdkcbjilahheobmgnifpjoamhfcg,1.1.3
papnkphnclkaifccobjlkbacgdjfjojd,1.5
objjdlekohkfgdnoahneiacfgpaikdhn,1.0.8
nahgclhafablpijcmhjnliejkcehbkde,0.1.60
lmdddmgibjodbfgpgcpjopkaafcfjknj,2.0.2
gpdbhicakgiglemjdfhapbhpifeeljcg,1.0.0
fhefgpiaphghefedibghhmikjepdjfne,0.9.8
dolkekeohjbdpclenociegcnolpipafo,0.1
dcmbdpejfghlaehfgfmclicolgnfpkfd,1.5.8
kgkcjmdkljjpcmdmkpcmelmebeanoblm,9.3
pdbpchopfcmiopjiijdfipdojgdigplf,2.0.0
fndnikhlifmhddpmjghdhlpolimnjhpd,1.0.0.1
lanbnojkfmjjgbbpbckdmoimokfcchop,0.1
mpecfcamcldmnoaimfknbfmleejgjhcn,1.3.6
meageobplgcofmneahbnpnppgjmmmmjc,1.0.1
bjfbpgiigemimbadifkhkfcnadedgdlm,0.1.41
lhjbamglfbbiknkofnlabapomnkdeigi,0.0.2
plgdnekhipcapjfnioehiffiionkleao,1.0.2
pdbnbglfdpdkanhoioieclhiockhhchp,1
iofjpkdkckdpneheadnlbnmcjpjidddn,0.5.20
dejajfbdoopmmmggphckcmemkbahldfe,4.0.8
ankdadkdbccecgcabhpagekmplaapnbk,3
jmpegbnhhcceenpfjfdbdmeijpifeind,2.2.0
aecdpohkblmikeocaoahjalkpfgemojl,5.0.9
giflllblfnlognmoikgdldejejjlojgf,13.11.3
hpcodkgmihkeonepelhigpapngpnepni,2.3.0
imbhekiklpncpdaieedljgpjmimleida,1.2
fgofjngncmkgakikbokidpnlimoepdpa,5.0.1
ighchblghakbnmjeilbffecpbkefkjbm,0.0.2
loaiohhibpeldnddbfckkcaonfniiefe,0.5.20
ejeecppjjcpcclomlodghpjjlihfcbkf,3.0.2
mfpnjkdjnmnmoegiollingdimcpnpeem,1.0.0.1
jindagpbfcmaglbelpbcdbgighbanbcm,1.1.0
gdiiibpckmkiipcimdhkcenododohnpe,3
fmkngclbbofcoggohaleemnjkodogfmf,1.2
dcjbgljaeknkeipccgpajaelaooammfk,2.1.1
deaaoghjcllppmcpoamepmpanokhbpki,3.2
jgpangedefoljhpijicpcbgcecpfjokn,2.0.1
eahllmefodomfcdknoccmnkkandfkiee,1.2
lpobgiljanehefpbcbcnaejnemoogfip,1.4
jpgkbhploimngoikjnmggchkcekleehi,3.1.7
iefgjnajiflfhojgafmiapkgfilimheb,2.2
ahpnamkmllgmoeheckocebmhghbcijfc,1.0.0.45
kahfdoepgakaaichnpoohaieekfdemec,1.02
achijecdaokoahclipncimpjnanpjbpe,1.0.0.0
nifeonjjjojeeblkmjbkkkjkabdlnkah,1
nolmeomnhelgjbpobnabjgglalccjhpn,0.1.4
ccjijkfggfpmfjhpgekiombgkgcaomfe,2.2.9
gfaagpkkcbgdcbkapnngknoebpnjemem,0.0.3
dbmejpgdhpmabehcifpkkfblecjennim,1.0.8
nhipbdnhkdgblcdeehpfjbadpehnjged,1.0.0
ppdofgbomnffhdmngcpibhmdkdmhpdan,0.0.18
ohpjlcphbpkgkchmllaaiieojidhjijg,1.3
gmpgomjdackijmibfhppogckcofejacp,0.1
nhiafglcjghpmcipelflfhkckdpcokid,2.8
ijhbioflmfpgfmgapjnojopobfncdeif,4.2.0
hnemnamljgncahobplccogkhenakahoo,3.1
mpojihkgdgjfnhbnfojegpkcfcbaabjd,1.0.0
hcoddgphpakpaegepfhnofppehbkklil,1.0.0
ggngmjlbihlnmldffldepepdflhbmhjj,2.4
bdodanfnechhfccidchokdnhdilbamga,1.6
cofhkpihgmfommcjbfjbmhiifdeginbd,1.2.2
agadccbjihnobgcjnpmcihkagkjdlpgf,1
kgcldgkobocdcjnmdakkmnloajphelfn,8.0.0.0
mnnkkpolkfbhpeoldbblaciaikdmlmfe,1.4.2
agkilneihpoaffkpafngaccacnhmkfbk,1.4.0
dcbikjphkkgmgmjoohmbnhccbndgpmin,3.4
bclnopbnegpccoeknjlpbigcggibkmje,1.3
laoklhophdhapdodelhnnibomcmldgdk,1
dcakjihgffagbpclnfanlcbiheagmgjc,1
foobgbpkopgogoomgmpjbbedkbfehfjp,4
oapkfgdaojmdiololmdnfchignobimgk,3.1.0.1
gepfjjpekpknpnockainjnbigkcilojf,1.3.3
nhjmafonbpfepkblcjdiklaihliddpme,1
gmlkgoadaldppgjpnfljkncoiojdefmf,1.2.2
ccjalhebkdogpobnbdhfpincfeohonni,1.2
oaoljbjaideadgficlcapjohfejfninn,18.24.22.3
ekiedlgflpgoiijmdmhjdkdngfenomib,1.1
ccbadbjapadmpnphkkjcknbmbepcbckp,0.0.3
pgekffacnedgnmiichadeamgklbabmgk,0.1.8
imijmpkgjcnmigiicacochlpnfeflhma,4.0.5
egnfmleidkolminhjlkaomjefheafbbb,3
cbhgcefheecjanhpkglglofkjhenmdnd,1.0.0.3
edahijpmiojbcigbkhhgejcmapagoblb,1.2.2
cbchmocclikhalhkckeiofpboloaakim,0.2.2
ilimgfbnohcmeefhekpiofopocnckfjf,1
onijgpcohbncagohghgohhpomjjicajj,1.0.0
mekafdjfkpoolbffpcnifcmmgofimpdm,1.0.2
mgkcohegahdkgbiidklncbngheepcnok,0.5.20
fjaddbhlmfochendkhjpdlplpjpepgbb,2.6.1
madjpppncdddhkdlnnoolncpgfndacfd,1
fkfpcodmmfgnobagaljjeailodpgedpf,unblocked
khjeemhgahnboakehjkdngaffficnmmh,1.2
jbhhhlpkocjhjddgbolganjlmfpplmic,1
gjdlncdpcadlacmpomklmgkfidddkkgn,1
lbmomhljaphhnmnilbadmafdojodaghj,2.25.5.35
djdgnhemfelkcchhonimfpjjahbmdpgd,1.3.5
kpafkdpijhfomgblpobjjbcjdcfaaipl,1.0.0.0
hhoeheiejkfdlcildpneehfjlijmgpca,1.1
kheomkcalddodedieoffnbfoclicgdmc,1.0.5
naoagmcklomaofaecehddkkogimghopl,1.4.2
bcgaiaoohedkokgnicpaoiflefpnohda,0.1.8
ckikeemnggejloobhcihckhgmbagkpje,1.2
eokjglnofflojohmemnigcogpkocmajm,0.1.4
gdmaancjlgnldldiiecdokgocngmdobl,1.0.1
kefibcpajppfmmjbfgmifcidgljcecdp,1.0.0.6
ihmkhgkohgcejmjfdagijfjdnjaejoeo,1
fmaahbmmdfjlkeaigjocjakinhngncdk,0.5
ckfgadbnaonafggmlnhmemjbpmnnmnpj,1
jpgpemnnehdfdeoooopmdnmeeipiolnj,1
iblkagfilngdpphkkndadpelhfoomefj,1.0.2
dghofhnaccpfigedpddpmplelcegaaen,9.5.2020.3
jfididmdpnaajdfajhlohkejmjmjbgkh,1.0.3
ahgfjhfefonigkengebhdjikjokkgjlp,0.0007
giodahoihdogdjobkbcopokokddcjeff,2.0.1
aanohaaifnggigindonkpllcalbamddg,1.7.0
jhlmheomonkagdjjdnhbjpjplbkfdbml,0.89
lkolfehkajahlomeongnkilfngfmabhd,0.0.5
ooehaeeehjmgeeldakhhehdjflkocemc,2.36
cpmhdnalkehmhopaeoibalmapoppcfai,1
gajbeojfphdeddpkfcnabbhgceaffdbg,2.1.0
nknhkbinpicomgeodcbabkgpbobchhnl,1
ocigjkagijfpmcfchapkceopkenjhdpg,2.1
hjpocikkkfgdceecgnadamnoagabkfhh,1.0.1
makobegkjnhofmnbopdgkfkjlihfmkda,1.0.2
bdikhpniedhbaobnmljajijelpdmcikp,1.4
obgimnokeebenijldfokibbebhcfhlof,1
pdamfbmflbpkcogfplepifmegocfahkl,0.0.2
ifebaancnnlmdehpiojjndcolgbcjcll,0.9.1
mmonnalnmgkpgdgclmjlmeigahneeeid,1
edelajiageibfghchinbclbdopbpnfeg,3.9.4
fhhmkpdkcenlnjfdagfeohmaemhkaffk,3.2
djcglaaabagdgamigdkpbpdplieapipg,1.0.5
cajkdbmcnaekalmcjcdldbkjmfeidkko,1.0.2
pnafmlnabgcefklfljalmelpbnnofgdi,1.8.30
nlopdameljpmldkfdkfcmfdfoppbjmob,2.0.0
okheepdeheefgnejpioiihkpehidmoce,1
mmndbedgjelleablcblppbfkdaencdni,1.0.0.17
nfefhmalfkajmfnfndpbedemhmbcgglf,2.5.0
ofhlnebdagoooipfaolccbpmpmhhfmmd,4.5
bmkpibhkckdgncchaodfphkhipmiinga,1.0.7
pnfjlhipoaoegknkfnjfkbalhphhgdhh,1
fchhjcelbfojdlnlbknggllodeggaife,1.5
dcpnibpdomdpmmgcmmbkmjomjdlinlgf,1.1.4
mdhglgdeloclggfofefmfadhmanhobcd,1.0.5
oiljjkgfclpmclbefpibedchbeoofnoj,1.0.4
emkijkajmpjjgjgmmelekebgabjkgnik,1.10.0
fedgeldjebdpbogaoicplodpjiadihfi,1.7.3
mklamnhhgdfpiembncpeoaeppofkhlbj,1.0.3
nanmmlkfimloogbijjmgjckehpfpgpea,1.8.33
jbogfjkckdhkfepndhgflobjacjcnjfk,0.5
pnhgjnaomgaflpaaihmehdangbmecpmp,1.5
fneebbklnfnnoioldokiakjhalifnlkg,1
fffklngidakipcdoihongaimadblhgck,1
glboaeamimliapahbkkgcilpngphplnk,1.0.2
bhkjaahmdkmlkpggnnomjjeoeemkdkhi,1
nmefdfijflgppbklejiajkmdeimehnoh,1.0.2
nlkicdklikknlgdjfbncdebfekjmnjgi,1
fjknppfcgokhfkmachnkfbahdlhgiafj,1
npeaidhkmeofmfddagfoanhigfklongn,1.2
picmajoedplebmpapgcidmgbeonfjhcm,1.0.3
dicnpejcpjagebpgbaeohohcggkhkgme,1.2.2
nkdhanbibpnelmhhjoccdjmjoiakkjnh,1
dpniggcejlljblpiccphofhblddgjikb,0.0.17
nogbfeeekjjnikclipoaaomckelmhlgc,1.0.8
mhpemfdjlkinpjnpnoplbmlnlddgjjka,1.5
nnieaeamepldehcapembminpmplfleaj,1.2
kehdmaabncnokkdocgplhhgblmjigbhc,1.1
edpmonpchldnfbibdfafpodmimdnhnlf,2.7.1
hbjngghaahaggibgbhmjddaokokkodnd,1.2
mhoekmcdfpahflkdfgejnnjjigbagbpl,10.1.2
ihecafdoijpoonglpkeomkpofodbgpbm,1.11
hdiobiedhpmlnnooopagacgfejhppfon,1.2.2
bkgocpbmjgnjlfinjjmicepgfohkchmi,0.3
ciiacecimmmclmmlheoacmfcmanmgaak,2.1
plkinenillckbgfgpkkbcbfcejoejdie,4.1.3
pfhaklhniohenkimdhndkhommdanngko,2.2.0
obpcehkpenbcgdcgcklooheheaijddpj,1.8
mdlefipffipglnekgijnemllanbfbcpm,1.6.9
hccjmlplnagonjploelddnahfkljjkii,1.1
ghdaihincmghafenmaheppkoimblmloj,1.3
anncdeahgnfbkpmbhlmmcpkbbibiipmk,23.9.21.1
oefomkdnkgfaodiphmcbokloplakemfe,8.0.0.0
akkhgepjabjahpcgingfleifedmhclpc,1.2
lgdgckhbhcamfhfmacjnagfmbmkiifnb,1
mmojmlnlmjddhnkakmgoelajaibckeem,1.2.2
ldnbjncokcakipbpkpmgpaeklpbjlpck,1.0.0.1
mjchleabindjfacdongmjpbonondbkpa,1
hnbhncfjedmghlaagahlcjdapmladpae,1.1
jiabidmmplhhclhninmolniklklaaifc,1.0.0.1
kdemfcffpjfikmpmfllaehabkgkeakak,2.0.0
lfgaikioonoeogaemcemhffpgegfndic,1
ihojfokeoambhkgbdodfdgdfcghjlcim,1.2
gggkkannodcpddhlkladmnmfbbeooogj,2.8.0
goacoioeoemdnheacjkepjgpopjppfho,unblocked
gdoohnigblfkgnoidfndpghlohkanpfd,2.2.2
nbgbcgkkmdhpdpkfoeeildkmgdokljei,1.1
ikkdmkmbggbkkpfkhbjdappggebhfpep,1.2.0
ifilfhdcjpdfmlhdiodlhafihpogidij,1.54
nmhffidklnjcdnmjbapjkdgodhdkllfn,1
dlppbcgfhkchbpflblmgiiopkgopihdd,1.0.5
ggijckalddbmgiandjhpdafepkonjifd,1.0.2
ipebbjbimcjcpmnfoehikfebjpdflmlj,1.3
lljbcgiljambkmnbjopkancljjidlgkm,2.5.0
cnicjfhelepjejkhgcmlgjipdpobhgoi,1.2
fjplahmfnnodnhefejoobocfblaadgnl,1.2.2
ejandjioeehngnlgbhleeifdjfbgjggp,1
bmhnikjhlalcfkplgjnealpgaofopiba,2.0.0.1
pobknfocgoijjmokmhimkfhemcnigdji,1.0.7
fegkabiemonoemkndldajekjnpbohfhf,1.3.9
kefgmhhokoomfaoohiciopabpfcpcagi,1.1.0
lmiigijnefpkjcenfbinhdpafehaddag,1.5.2
jhfdppknfmfoahhdmkepppbffnchipof,1
eojmklidakelcfllbeajnflnfofmdail,4.0.1
habcacpehlobfhmlojoepdknolbhdaee,1.0.0
lkhmlohbaooabmdbllknjbdokohdakoo,0.2.0
hlhbbehpbmnnkfpaoongpgablckfjjml,1.2.2
fpadehmblcfpaaoeamoiopbbkajepdbn,5.8.1
clofhoalnehjlhfojilnkdjnchndldkd,1.2
objdijdaaggojcombifiiccadgfbccjn,1
ijplfhjpajedfhlmkjangheakafhmcmg,1.6.1
pfhjfcifolioiddfgicgkapbkfndaodc,0.1
efdmlconomhnnjcbflbdfblljkfbbicn,0.0.3
nhbojecnoedpeldiajpohpbpljeldpee,0.16.0
foifbpkdgkacfopbmflpfkbdamkljhcj,1
beopmldcebdkemibmjocpacdpidnokfp,1.33
jhfacbgnadpipninhhedcienhojknlgp,1.0.1
kdfggkaojobjdjlacioknifcicpnbcjk,8.0.0.0
cghfcjkokenbiihahkboffhimgmlcbge,1.0.1
cnopgdknncjnaadhabmajmljpofhecdc,1.0.1
mingjmacjheblfbohbncdiligabcmjkk,1.2
hhllgokdpekfchhhiknedpppjhgicfgg,0.0.5
plhbiaicncdhbifholafedadmkhldhah,1
edhhjimalnaembejbnnlaimnkdghedhe,1.0.6
ncgcbkjoeegkgkgdpjjodikccmdedklc,1.0.0.50
cmmbbmmagdjfnimmbbomhfglnijdklmi,1.4
lkihfmeogclcpkjkfpnihfggdjcefeka,1
moiddpacjeekljodgipaofmcfejnblca,1
naoekdiikhhemlbimjcbenhneajdenbn,1.1
ngffmoehpefnpjhifpnlllpmpgpcadgh,1
fnphobejllajeoknolgcipjkkfalnbjo,2.0.1
cfodjoeakkohkcjcmngfpgdiaeecmdpi,3.0.2
lognnekjcpghhhmbkomjghelojcnhelk,1
iklncjiilgljcjaglhlfpnegnjopockf,1.0.8
aigllmlnbjkmoionidfjkbljebahaiib,1.0.5
oemkimljdkkhdfhpnicihelhglbplana,1
blokjigdgiicoadlfjjeffolbpbmbapa,1
mfokhgglpllnffomhackpjgdbjokmcfg,1.1
cmocjmmbmehalagoobhjjmejcljhnmcj,1.1
jbmglfbcmbdjnmeinnnmofaboaknbekn,1
dlfpbnagdjndbnljlilfngoikmijbjkj,1.0.0
hjaincbefbdhfckgcpjgdofbhnohmlkj,0.0.1
apomalbkhgakbkafifgipjeijocobopo,1.2.2
pfngpmmpebkdobphncfoccmgofaajjob,1.2.2
dmmgbkbegmpenohoaodappcdhhnpogdk,1.0.2
jeaohjpmplflcbndjliekioomblnjljl,1.0.0
nojlfpbcaikfnbihdjfjgmghjdagkado,26.9.21.1
kpppgglooipcmkphcemndacoecgndkbn,1.2.2
ifcdidiejkbpcbkinggficpnmdfennph,2.2.1
cmdjbcgkegplekmggddogfmabibheakn,0.0.3
ejfddbgnlgmadfpijmeigkmhdhamkoge,1
enhdbgnfgmfejpapbaleopmjcbilmcei,0.3
koliafcpnoflfpbjofbcopkelkklchco,1.3.8
jhjicmmfiohcjihndeobadamhmnbncji,1.2.2
jdjocdkfnaggpjaijabgeemhkpagomoc,1.1.1
jhongfkkkjhnmobibokcnanbpdblibko,1
eignicpobacfdidiecgenpjibcnjckpm,1.2
fhfpldmadjfnochajkjkfnoegmfmbmbb,2.0.19
genelbomcfhbadbamegngaclhoiehfgd,1.1
dmieelokindegeglbbiolghiofhohfpl,1
dnnghbdmkhkajmfbpoipplmmjhhhiedg,1.5
bleimlgnnnfgljiadfkmohhmllgjebjl,2.1
cbieckjjcncbcgggllnojnicmionmchp,2.1.0
fkdkpjjockfabhoehpechkjmllpogdjd,1
ikmajiobcodpoabpjlgobmapmhjgbadc,3.2.4
lldibibpehfomjljogedjhaldedlmfck,0.0.3
igahfocnhkbcanecjbcohbihemekbgbo,1.1
hacogolfhplehfdeknkjnlblnghglfbp,0.5
bpacnmekinnmopbcmnbbdofgcclfbcip,4.0.3
ncjknbhcddmkiocjgamgamgjhpbaddjc,2.0.0.0
ekbbnbbfohnjjgmblkkhebhjkijjkoee,1.0.1
bbbhfceefedngeflmhdganlcomejfmdp,1.4.2
bjbgejaamlhngdmnamgcdlknhjkdioij,1.0.8
gfahjcdieiofalgdbcbebenbmhofjnle,3.0.0
mgmcahfimcgmppemoegbehklcmikhfll,1.2.2
nagoldhfflglaglakcpgjgbglpfkkbgh,1
bpnehelahbiofjfonoceophlapnencac,1.1
ijfddfapbddhdakcgamonnokokmobfpf,1.10.3
ddncbplgfmldhafceekgfloncofjllcd,2.3.3
mgojlkbpmnmlkijbcmnpiimlcboojdbc,1.0.1
aihlplejdgpkeikgfoendbafbcalpkam,1.2
naoipbhncioigbhaoiadaaoiceccpmam,1
bkccbabkkkaclgadcaipldeepadfldmb,1.1
haaamiofodicfeiilkhadlidpfkhkclc,1.0.0
lbmkpkekkaipmbpnfkdhdogpbkeacnfd,1.2
jholochhmokgainbdbpofhimamephakg,1.0.8
ifppgbaeiikkolmkngpnilkbbpibmnig,1.0.0
nkeegpdkjjnmjgofjdedojflleigdjpb,1.0.4
hcddniijdffdnlaiaggmipfihhlocihc,1.3.1
kjladipiiaappdaaclnlooeeopnnefmf,1
nlmcdmjapalgecleddnldekmbaoplmdb,2.3
kadkfchimogcjgfmanoloknppdbpchmm,1.0.2
picngnipppoccobolfhmphahdonmnaej,1
jnfjenmhafcjiffokkgglhpkegnlgjmd,1.8
mabdjppmcjpjploliggpbonahnjjlgkf,1.1.0
ibeelffognhbafdihocpmdpfengenhjl,1
npoiefhinbnjjmkhflanofklnmgkppbd,1.0.2
bhhiplghgbmhjnfcombalimfgnjeieik,1
faihnblmeedkfdeghdhimhgcdkhcaphb,3.0.0
bmdllmfgjfjlnmodnbmohibdjjkfiiln,0.15.5
ahgnapbndmandiaocieehphjmaijajoc,1
lnpjaheemedbmalflaocnefpbpbnmamk,1
afpabkeobdjgbfffpnnjmbjjodlifpcc,1.5.7
lidmpchklhbcpplpgnaajiiiklodbfdf,0.3
iociclklfmihcomjmejpfjmadmejojbm,1.0.2
iaplgpfafphpagfibmelfnibolnnahjb,1
ahigffcppeckapijoopfibjkaikbbbhg,1.3
lpdilcmhidbkkfecjmibefnmnicempdb,1.2
kbgdbeijkdpnnjfohhmiemlnbgalmgkm,0.5
kocoknobgidmhpjnncaehofdnnbdhohn,1.0.1
hghcdpnioeiafalhklpcanbdjdcooeoi,0.0.5
jdcpdfogghgjennipcecomphpeogdckm,1.2.1
nofjhgmdclbcgaphoiifokcgcgilpdfl,1
mgcohloglbehmidcnaedcfagfacpfonm,1
pnbaholgdolgjakijddieeiccmgabobc,1.2
ndbfcodndgfnghaciealdagniffifcno,1.1
bhggefljagiaemaioipnmbfddmfooljn,1.2.2
hhhbnoombbcffemfgmcnfcndhhijfcol,2.1.2
fnhgcocifppmegedncapkdopochngbnn,2.0.0
ffbkikemjbiggakaamppokilffldnpeb,1.0.3
gkhhaokpfelnkknjbpampjiboffiogji,1.2
cffhfjdlieicnmfmljoceicdlldpdfje,1.2.0
blliabnafomkeocbnfoplgihbhiabdfd,1
ghbohpefkkidcklpjcppkmofampgenoa,1.2
baphdmhicbpfggpebajejmcfehiejepi,1.1
immdefndjcfhfeogibmngncjkjbocice,1
fgehlkggfiofhhgabhcknkaanhigbnok,1
bglcnlpfjmigmfgppnlkfeimoaoooahn,1.1
gbcadkldfoojjmkplkgiaphbdehaeiih,1
kmadgpepgppokghgloppheiffgogjieb,1.2.0
obidchhcnfegdckofiejlnebejfgekep,4.5.2021.1
pjdgmcijjlglkpfbfnmgchckbhcogpdi,1.0.0
feaaffoffokcnpacmfldanpdpkiehgbg,1.0.6
jikcnmkchehmcgeegnnefpilnhhjfoij,6
koophljiahdecmmjamanlpphpaccpkdc,0.1.3
faaapecbbejcllckafljlleeiopokmij,1.1.4
fkomfklkkikjkfdjpeimiphkiohkjmmk,1.0.1
dgklebkelnejefnaomikabpmhooijpbl,1
hfmbapmjbfcjlofkonpbkmcibokplkoc,1
bgodcfnekdlfnmngnhkfhdenmalkooma,1
oamapdfeigdnoeeflcmjmddljfofoioc,1.0.5
npccaiahacakabefpaamgabgnefneejk,29.09.2.289
abjaeeophebbnghnphkcenaejcdagomk,1.1
gclafainfbkgaanilhldgonkijclcknf,1.1.1
hpngnmnellodpdohknpijjdbbfokkiam,1.2.2
nkjfpbkfacmpacbfhdcdnkhajfnfnigl,2025.9.02
bbhhchfnjjikeilgbflmpgneligkoccb,0.0.2
gjjmooihhmjnbkkigbkkhneemdogejbj,1.2
onodcoelplndhaecnneclpbpjpdgclam,1.0.4
opcpgnpdjmlalnmhofidbgphoabcbmbk,1
gbhahfhlgfbjoelbimifnebfibnpeeca,1
ipkokfdbebkcgdhgndmjcnlpdpmmkofh,0.1.10.1
honpmfdodofiaoagnfbhffnfipadhdgm,1.2
djmlnjfkgolclllleomgpgodjkmnjoec,1.31
bjpmogkkehaggkibajjlmjmlgcfegakm,1.0.0.3
eglapipiljcaccpdehipjcnfmkmegbpi,1
ijiogcbiajpepolaeeppaeblcgpiflkf,1.1
lanoekmplicdhimlkiohbehcjkoejloi,2.6.2
mnodbekdkcggdibgcnohoobdpnmelnic,1.2
kjojkmebajgkfndjfpchnifcingnlaki,0.1
hodeopdpgpaaehpgnelofkbnofkdjald,8.0.0.0
odhmmipiglhdcinbanccceelkfmopeeh,1.01
cipigicpidgajhihpiphdafldklfhfim,1.0.2
gcpcpbefjicdhpiofdflmjbdjhdglnep,1
gblbpkamphdifojbjiddfboabgajcheg,1
cmgplnodedhmgpfkbjijlnfoliofegcd,1.3
bdnjmfbnneainkoodongiokfpcomcpog,1.0.0
gfpdmohijlnpobkmjdeljdgbaakidkbe,27.10.2020.1
gdblfkiegmdaipljlapbhkkdoppddggp,1.0.4
hkcfjlkglpnonbpnaaigkphmopieblfk,1
dlmilchbhllellobnblpnaemgepgdboo,1.1
pmimhkkkopgnkalpdehhihddnpbeeobi,2.1.6
ahikmflnijdjabjlncekkceikbiloinc,1.1
gahfkgjemfigkedbonccopoeknophdah,4.0.0
jdmnhgcpndbhcokfpiohkclgjohpiona,1
kioinbhpaiifnkahbojmckgkpdnphinm,1
efkibjbchocfbdpmlllbbhpgfilmlekg,1
hjmdjkalpknkiiebonflmaakinnfglkj,1.0.0.0
dlbmjjglhklgdodnkdlenlicpgppjcdd,1.0.0
gipgnahhehfnlopjaijpfppnkjfhicjd,1.1
nhiimabmjdakbbmbhdfjabkomfkpknlm,1.8
lnkkpafnkmpbcliakcpeanakpaogkckc,1
kfjboncggimjpakhdaiagmfppmgjbclf,1.1
fifmbjfdihdkcllhjekamifcjfbgadal,1.2.2
emffameekldhilpjnnaegigkeajllmhd,2.2.0
bkhappdcfainpgnkigfnnenhbdpffmdm,1
edgdcdgcoiopmbafikmdcbheloiofjcn,1.0.2
jjjmjcmpgfkjncjjlkhflbdjngacoefi,2.1.1
gdfhhpfdbmjggoaedklkoghamofdfjid,1.2.6
llkdjilmohhgcobfpmcfglnjnojkdcno,1.8.4
ojhckjeekmppibgneocpjphbdpgmdnfk,1.1
jbnmbanfllmdlnbgicfpjjdpmejanhmn,1.2.2
ckbncklahcanbdmbgeololkdpfohcoog,1.0.2
abkkambhhkbgnfjihcbnalajhnpgoiij,1.2.6
acahngglefpafkddendjgdfnckdnokdi,1.0.4
fhfmnibegfgdgjbpamfllmlklbhclbph,1.1
dfibabgkjdmbfbknefpabdglfpbmbnhh,1.2.4
delhmmkclbggjhhmddhncodpjkdncnkc,1
jpebipnbnahdblbdniinnlhaipakfnoc,3.0.2
gnkbgaoojdpehoagjikgheklgbphjgbp,3.4.13
biplpjfhkmpifgdnefpcamjklbekmngn,1
kodhjjhldjbpdieenagjlceoidofncca,1
iadiaebokanjcplfffghmppdddikhbme,1.0.1
fdhgccbhklmahhaggcikhgpddfcnhhmj,1.2.2
njkaamidkllkjcpdlkkfcdallkihdmbg,1
pekoeonfngkimlknfoppjgmojnoafogk,0.1.1
bclffmhaemfgnffgnfamphgloadmhpab,1.1.2
lkjhmemfgioekdhmnefbceemfklpmhgd,1
kodbgmdpjoleichlfdijbjmcpnkbdppi,1.1
gfdfdbjjfehdnpbjjmnhkolhdldcfifh,2.7.0
oilfnjlhajbmmicicjcfddeoegnmpfcn,1.1
fjmjkabeoabaolmaicfjejlmgflpecao,1.1
ilpeijbdlbppdbpcjjhkhkijolencoeb,2.0.0
afmoiolieilajobafgmecmlgjjmhkbok,1
ijfaeipoeibjacclcijemjcolgleogdn,21.09.2020.1
ehegolpfjodgonnobcegghcnbkaogfao,3.4.9
kcffomcfaggjpopccghipgedpiciecbl,0.1.4
adhhjcnnhljepgnjjebnkcbpkagnfiho,1
ecmdieklphgdicmbhbhaomnmamnljcek,1
hekomaphimaeclejbiledlljoghedkif,1.0.7
ipaafnmpmjbekdobhoaokmfnbocijclf,1.0.3
jepfocnaecieiaiecnblnnmajhhnickb,0.1.9.1
khemnlkdgckgmilcihjigbafafdcocal,0.3
gmpjlijiaganglaeiekoomlokbjflllg,1.2
kfecibbilhaogicifhajdomkfcjfemei,1.1
ahbgakjodhfpimnodioikaakoddnknin,1.0.1
dmpjojjfodeaogoljngojlcbcdkedfbp,0.0.4
ffmojdkcgbiepappjpenimeidhldnibk,1
plnifpcobnkpnmalpfnlhogjklpnincp,1
cpfabdekfmbnlehhiplikjlonfajbjjb,1
diaholiapoknlaeamdpmeobbcedbcjnf,1.0.2
dmandchfiaeakionhgilfnfnffmbcmkf,1
mckobdkdlhnhpmafmmdbocacmdncajbl,1
fhcpfeldedgljdlfckemlfhjlococimk,1
kmkhmlbohpacjaihkakmcbdjigfbaeck,1.3
landcohcjeanignalhnmjbonjmpbalpg,1.6
oomfpiocmlckglchfciochocnnilbnmc,1
igijhohkhckenccnbfchecfkinnicpcf,0.0.7
hemnmafhaeaghohgonheifbdgkbaollk,1.0.2
bjailgfojebfmcgphappahlohbpabcma,0.0.3
opjbclfkejjhdkcdgjnikcoaeliakepo,1.5.1
bacmnpkchcoogefhmlaplhjibdncdncj,1.0.0.3
mlmkncnecjjmhjfdlnddgoegiclkblic,1.2
jmddknameofhfigjdffgbkonhgkifemm,1
dibimaojdoneaeiilgbkbgokiiaomnld,1
pjpbffbgnpgakepbipcnkaknplkmmebi,8.0.0.0
jaboicdaepooojgfakfofjbcokpbipko,1
eneklmlfbmnmohglbiiihdnkpmfhbdkc,1.0.0
hgemlndilcffpbndfemmikhkphppeeon,1.2.2
mkfjakcoapngobbnpigbhkmdknnigogf,8.0.0.0
lkdiojejaaffpdgbhgldjlefaglmmplj,1.0.8
afidilagaigpemkofeeclfehmnmlmkpb,0.17.0
hmkmlnijilpclladphocbbeofdcnlkph,1.0.0
pmaecpeehbdibnbnfifbmadjbehoinan,1
bkcmfmmdnkfnlehcgbalccppbbibfocf,0.0.1
dffmbkmoldjkmefjlbmpggdcjfanfdod,1
knlppemfedfheingcjkmhaafejfnhole,1
opafonleckjchiedbnkjocehddfceimo,0.0.1
ejmnpgfkfmphpoikgdnionldahnnohbe,1
bhdooagicnfephjpcfbfnpehagebicfl,1.0.7
clgoipcmgpignbbbfhfiabpjanmecfgf,0.1
oiljhokakpammdnldmedcgkmknfaniaj,1.3
pfapkpdkgdjloldkkoafacogbhoedcod,1
bfhnidnddcjdbflkmnebbocbfofhlnfd,1
labhkkhiianehlifogogbfclfhnfkehj,0.1.1
fljgabhmnoagenfbhkkmeglhjebgeiap,1.0.9
fppeadnghjibkeipplhpfnoibddjbjnk,1
bbkpcpadijeikacpopnhhhdcnhlfmmlp,1
dfnkojdgkmiihbiijkoajlediofgapil,1.0.0
incokfipcafeobanhggpleokmgjhjoke,1
dngjgpmebdahaagflmkjflhgmanooelm,1
elfblphbgcaimaiahobkjbpocjolneem,1
cpfnmiechkmaglldjnmmplcggmblcgkc,1
cknnlmblehnjhpnjahpmkjnpollmoahm,1.0.0
chofmhlmiokdcjdondljngfklcccnfeh,1.0.0
kggcgaefjjkeeifmphbkgcnilkcneidk,1
omaakakjkplhggaabmbmcbmipdiboenn,20
dcfbfkemgnehdekbfafloonjdpdfjafa,1
plkcbbelffhicgebbpdpfepjgpmfmbdh,1.1
dilcladjpmfemhmddodpphghccggdjgp,0.0.5
cdmpdbheodlgbphegkcnofpkkcpilfao,1
pgpdehhlbmlaoaackghnoigjbakpfnbj,30.10.2021.2
oaajmalelhcgnfkimgbiihiknljmnlfn,1
gojiiagpdkengimngpgdmaceoemmnhkg,1.2
pocfdebmmcmfanifcfeeiafokecfkikj,3.0.1
enlibhehckechfcgendhcglddcmhpemk,3.1.3
linlbnhaklgcbdcdhokncnkijedjkcek,1
galdalcfadkidgbgkimolfjjjkiedbog,1.0.0.2
delkebhlpflnfjeanliigkkljncbbjeo,1
eolfmblkddlfeikgjnkbboefeocojobk,1.7
fghgdapcoaknmdokpaafglkbdbjodell,2.1.0
lhfgpkbdjfgdgcmpfdlcldohckepmidb,1.0.6
ijmmcoddpjlkjaifcbebidchpmojiccb,0.0.4
mpedbhnlennenlnhgkicacjlhigapbcb,1.3.2
pccfdncolkcfelbodibeecencohbbeld,1.2.2
mbakglejopaonjjbcbcpfcjpiopnneoj,1.8.0
aklpmbgbopbakmonedhieodfgclpggal,1.1
oiddjlcmjkofnccgfaifglggpceblmne,1
mdaccglhhmcinaamflimaagdpoacppkn,1.0.1
lfceggoilfhfchahmkmkhochikflghff,1
mblkbbabkcmjnegndgcepingkhcjabhh,3.0.1
lbfckldmjcmeeloafnnnnkobhblofmeg,1
dchimebmiinkoaeopfiijcdmpjhhcdfo,1.0.10.2
fobfjceoiedbidgbdadjjgmbkiniobbj,1
afinabikimphipginmleffgmkaoieekb,3.4.13
bmagdmabniipbpkoiljnccipfibbjajb,1.0.0.1
maalpcjgjfhllhllekckmcbhbjjldamc,1.0.6
phdppcgnjeipmpbmhkbajaemjkdibacc,1.2.6
agnambiegbhjehamgplhoaddfnhfbilh,0.2
aekamnpobichkefbcmlbfbjmfoabfnnn,1.2.2
dcgcioiddpopbjaoaokoadbapnipopka,1
afibnbdlnahcgimgohfcojcfneojinbi,1
bopfgoeldekmkohpjghlcfkjbeilihpp,1
oonaffdalieidjppjahogamepnmhgacm,1.0.0
fhpobdhjklokecommhdoblengdfoieik,1
ljknjodfiiojidaihdehhmdgjhfiggpl,1
kojifclhmpmjfnekhjfimhcclmnengmn,1
pdnhdddkoccchmbockecbohnakddkjip,0.0.4
pijphekphpccokjmkdmlihpmddhoocnb,3.1.27
bedfjmkldjfkbhnmeoffmiefimafkejl,1
mdblbmmnmgoglgggphofecocdniamacg,2.0.0
jfpeejjoacofogbffgifdookgobolbjo,1.0.0
opopladcebheinoiibpeehkelfjdfjla,1.0.9
hjoocpbhffffkpjkgjphofbmmbkifefc,1.1
djoglmicimncinfacgdimcndfcgekjho,3.1.0
ihfnieojlojmnnlahfhhgocflfadpehj,1
cahnkicpnhppglolkglbboipmogeojdk,1
aefjdkljdlfdigknmcpobapgneankidl,1.0.0
ipegnioabijgkdgecjmagfjaimjkeoma,1
phnhcghnnchhocmagamicpcbblodfpia,1
gombiigfpilopcnccokgcmhjoclbmhli,1.2.6
kgmgichlifipidoejdogocbgaaacjchc,1
ekobaoambbbdoipenhbgplpoednihggc,1
jcelajmafpodindhjgikdmgipflcnfga,1.9.2
pmbialiihlpjikkjccnomgcghhbcbipn,1.0.2
fbomajndpaeekhemipmjgpkpfiogdhmi,1.0.1
boeadohihnoimibleopjjieilmcoglpa,0.0.3
ehhllmfakkojdpjcmocofjmpgdfjkjgh,1.0.1
dlgjonpebcjdnabbnjfalpmgnmnjijfa,1.0.2
lpjkofaoimieehdgecneiolgeeogpjja,8.0.0.0
hmcoiagnmbaapppjhkfpdienclnkgapd,3.9.2021.1
kbkakgmgcomldifdpleecekfkhcccppa,1
nahhmahnpcknadmgdejhinnjfkdjieaa,1.1
fbainefnpnngecinmjheamckppipjdco,1
mjfpnohaalcmjoclhhbadlbglihlcjea,1
ffhcdbebponkjcfbbbbdobicpknmcemf,1.0.1
kjfkkephgipdbedkoipkjbalgnbkmden,1.1
ljafkjohghgandhehgingbpibfkdgfml,1
jbdnmdoamjjkdpadfbdplmcabpocbbpo,1
jkeglghhaldipedjknecbecjefmjjjkm,1
lelkpadlgnmggpdhfcemnjabkhhlleei,1
mfhibnfmkoflicfidpdifglbmobidaej,1.2.6
dlecnnhionldipnfhooklheaildogkgd,0.5.6
mhhhjkheidaheapdkbflbgfidcohmcjb,1.8.0
bffgenchofejabmdcdmbdhncededaboh,1.2.2
ibeiaebmgefajlhddelkccjacopelbgg,1
nocfjfledjolmgcbobfpimheockhdbak,1
hehefcjmiieejahmfpbceakcpealogcm,1.1
daoefekbhllagmnnbjnamcpfddbfkjin,1.1
dcilpelaaeikeojbjncgfippnjmoaoic,1.1.2
hlfhjginmghllbifdmnokjaplamaeige,1
jkgimoapjlbgppogmpfikfobicbbgejo,1
olfpkiabgjckkooinmocdjiikfgneoci,1
kcegooobjemlbgcbidkgnencnojgjeej,1.0.2
mnflnkjjmpeeokoopacfelfpgenmlebl,1
nemgalilanlbcdepaifklmboiojgmded,1
ogombidipnfhcidddjjgglfpgpnljoee,1.0.0.1
daenjdgodjckkgjjfaopgdmebmfmoodj,1
kbiffhjnennjfcgadcopfhfoologofah,1
cfjnfmlcdfjameidadmnoimmfmpkjegl,1
gaphdgiciagcoikgdldobainboocpoid,1.0.5
ajpfnfkojjdnmkblmmphecoefnphiikl,1.2.2
nejkmaadibloihgjogbjgfjlohlgahii,1.7
jmchcpenoadkbibjokfpmdclgpeabmfp,1.5.0
agbbhgoffimpoaifjohcecjiamldeccf,1.1
akpegjdoelapmalgfdkppfgflcoahand,1
pnbnjaiaahomakbmaoadnmfplcmpcokl,1.1
aglmdpcnhcebcklgilmffbhdphpekfdp,1
hpbjdieflkpgkdjpkhboeohmmdpnbidp,0.0.6
djifbgdgeinbbjmpmakooegcdgfiloen,1.2.2
dfbicnkidojmndjioonfklbjpnifaief,20
opfgfafohicfojfogjjpnceecljildil,1.5
pckamehaapabppnidkhdbblohpgeijaa,1.1
jobhpajfmhjfffmifkcodfpencmgihch,1
niiglmkihkcbmffgpghnhpjiaoglfmii,2.0.19
akhkpkbolmgpcfbhffcbfngnicmdbbko,1
ahpjmhhgbdeijbhlomkmjfjmejipgajk,1.0.5
ejdniepnfmhcohebgcccakdfnchfblgg,1.1
kakeodngefhbecjocpodefeddkncphee,5.9.3
iflbenooknnhncopfpepjlhcjfbilkoa,1.2
koffbbfiodjgpibaahdpodppdahhppfn,1.2.4
kojkaeilgbacjaabdilfcononobjpmmm,1.1
dhdcgdabcnhahdedghgegokbfpolgggk,1
amknekimncgpgdenphdmkadaajhmcjda,1.0.0
oidhidkjljhoefijphghhgoicbdfagco,1.2.2
lcmifldoellkfpdiloenknpfnjhckclc,1.0.4
ckamjcdojgmlnbbjpobcjokijfoencjk,1.9.2
ggllglbjogojdamlaogflemlnmhleoio,0.1
fidjllmbhpabnneahdhdceocpmnkdflo,4.18.3
jbnehgdgpkkbeikfkeakkgjibafnbjdi,1
ggcckjbjghglnkfehiepjfdieapigcfk,1.1
bncajimcnmeaamfmlejeolnhkddjmjkf,1
hmflhpijocoaobcpckkegbahlhjienod,0.3.9
acembohjdbialggnedlfipfdmpekadak,1
ofifjfplkneigdpgaigbelehapnkpkbp,1
fpbehnhiogppahhijbjlakoiifgkehlc,1
lmnokdagldfbofmekdcnmifgnikmbank,1.1
fcbplaihkphickoajibfhmmbcncllcgg,1.1
eaifphmldckmcgahebfddccefgjglkie,2.5.0
mbafaikfiihemjjpkomcehdejeganmjg,1.1
iapghnjojipoabpionfghnknomcegegb,1
omnkooknflakelcknljdanekbhipfckl,1
bjadmpeepklljmmecjpfpdapgohmomhp,1
nmgaihdjdjallhhbcaciboocahmlnbal,1
bidnjgcekfmklliedipekgphkailjnga,1
pmookjbdmnmelengdmiombfpmmcokmge,1
kjabhblmkmapoffifkoiingnanofkjkk,0.3
oppomhgjcmknmlajjmeikegnoebakpoe,1.5
becffjijcgcgeijadfdpcbfencgpkdci,1
mdbimoepbjchmkaplpblnlmfdkciiobn,1.1.1
pleppfjaifhghopeabgmckmhncahphfh,1.1.3
emjddalnoblnbkjgdbbhgbpngafhgjac,1
fjhhblebefkhmpnhogcgdhgebkbknjca,1.0.1
lfoidiicljjngccnakbmdcobofhdlhda,0.0.9
dpalpoodoecloaaiflbmckippebcekpo,5.0.4
kjdapnejlcphobgllhhmnjhfbnmclkih,1
lecgnfehfijnciehidfgkgnnbpdjklgd,1
aapgkgpokbhnlcpfcchpkholmagdmpkl,1
jpokgfpjhhipilhpkjkclnnmgodokljg,1
bbhjebamcahlbkdlgigippmmfmfalkga,1.0.0
hnhipbbnifkpgbcgkgeiekcpenmhndko,1.0.8
mbikmimmbbpahdnkeomakmiaijkeiadm,1.1
cgigmofigpchhffkhmemakodbankhiha,0.0.5
nlehlnmkajgpgghabnahiooibadkilbe,9.5.1
goacampfgbfkmikikbnkdhikdblnodil,1
hepegpjnceeelaabiagnnfigjhjppnda,1
ckmhppjcdfpapdgpgomdcfkkfmfklfig,1
maldfnhgmpaahoobnlnllopphananocn,1
pmpogleledcpaohlibcobihjfmhphnoa,1.0.4
dekpmpjgndhfjfpapbngpbplhmhkddma,1
fbnloknapjiclcdkdcofjnaadfcegbii,1.5
ppilofdmbdeodaibpbimmoehhnhejioc,1
dnamjpdhiogipipepngimncjedcdeemg,1.1
elgeagdobiehoofdpokjanmcdogjilfo,1.2.3
ekmpdbmapomefndajbiaejkihahggpli,1
ghnfploeipkpkjegefnighphpijllpah,1.0.1
dhiecbdnikddgghgpggfckhadpcdnlep,1.1
fmdbpjfdncdlmpdlhobkckbgcdkccdbh,0.0.1
lpimhfiinndmadccbmccikgbobocnbfa,2.1.0.8
gaedefljdcailjhogknankbjcfjakckm,1
jpidhejnbkeidleoeglknjilnoapegho,1.0.0
igjpgjieplfmhjmgcpjeocjkbchaddli,2.3.1
bkpggjkhmcgihpbefigjfeflmlnjinph,8.2.6
iibajeibkeaibkkgecoplmpecfcgnbeh,1.1
knpejakokegoaocaaigcpmnfackemcaj,1.1
pfplbifbnlcfnalhkecabmomcmjaecbc,1.1
ncneiigagidhagjnioajbgiffjackiic,1.0.2
dfkhgcemmdaambhidmihlfecjaloabmn,1.2.2
iogcnciedglocdlhilpbdabfoemmfiae,1
iladelgaonahmneamnbbpkhehhpmkplm,12.4.2021.2
akkjhhdlbfibjcfnmkmcaknbmmbngkgn,1.1
cpgcnpnipfcekcnkhkfdmoacogmpehpo,0.0.1
jeffkmhbdnhjnhchmfjaegkoailgnhfa,1.0.0
pnejjnpcdmebagjfkokaemllahdpmdae,3.1.8
oclobokedfpnnnmfnadlacnbooadeibc,1
ledddhdbaoapleoocglpoocpabbfodic,1
daojhkfjmemjfgjbheabpebhlcncajko,1
onhkkgkokpggbonnlcmbdehmimckpale,1
mkpjjkbpnjjfafjpaalgcfmbijgpeffn,1.5
omhbbcmabihoaemonmadmgnhgpjgiffp,1
oagcjkpododhmoafjdlbgkndpdbajihd,3.1.1
jncdepfgclmjnhogajkbpccolifpmngd,1.5.0
hjcndbbbimlhcobcieejelfahnkjkhpp,3.1
bhlldfppkoimljbilfbglemjhninkpag,1.0.5
dkjdlgclehamicpldpendnpblnjobfng,0.1.0
daapgcbmmokebjgkdkadjbafjghfcaei,1
oofhfpocbppdopieehgadpfpmigbbbgo,1
cfdapbfdigbabhljedddegidfnnichfn,1.1
bdglpolojhbkamjeabpdojgmepkpncde,1.1
kednjegpcpnhbmoodjkkkbnholhggbcm,3.0.2
obobnbccfejoncmoocnhkahaecbdlaed,1.2.2
cglpgbilhaincfpfandbppichcidanok,1.5
giieanjdnajijfgfkfgccoffgldmjhia,1.2.2
jfffiamclneekkagaiejgmfkdpdkblhb,1.0.0.20
blgnjdojbcafkkjhedcklhlibiemjgnj,1
lmdaekffbpepmlejlalgkjmdbkkkdfpe,1.0.1
efpkneiigicenhnhfpflkjgkkfpaipdp,0.3
kapopadmhncohmkogpajojbeeoffibhe,0.3
ickildkoghgddiajcaejpijaodolmnbf,0.0.4
gmigkpkjegnpmjpmnmgnkhmoinpgdnfc,3.0.0
jddmgmmbhcgigbphjimdphkemiammmce,1
nmcpjcamlegamkdmaocnnnndckbklpek,1
ennmidjdpdpegflimdddahdmpfneckoc,1.2.2
nfniecjkbnbkidggjoljopnmjegpekfj,3
mhjaenkgponmnkjmbfpgfhgbhgaaibgo,1
alhcepjaanfmhpfdabnfldcboealdjgi,2
dmalbeecagciiokjbphmchelkbicmmif,1.1
kdfcamnfghccmcmikfafdoofmpinnekm,1
jmeiliegaiakkhpmcofhmjmdocpndejp,1.0.1
ljbfodfpgeemhgljiimnejcpjnelgloj,4
iejfgondkjlhagdjoaaoappkpajoapje,1
ghplcegbinoincnfcclphbfjicbgfhnm,1.3
aggdilmpacckgalodjjdoambhjdhpham,1
jhpommadofcinjnkkafdpjkiddjpldif,2.9.1
hlmmegpiaghoabfepjldddmjkoeolbhf,1.1
gfahfiieejpggbdbbialainiacgpmkfe,1
fiinkgcfhoocpnkdlpplbhgmfddcknhb,0.0.5
cjnibfffafkgikmcanafoinolodceanm,1.1
ogmejgnhamnnmeagdeikaommlmihpebn,1
fbdoonilnmmodjgiogpindcbaoinnglp,1.0.8
ldgabcbecodieefbgddblclofinmogmp,1.0.0
kiojgddaglkplpojppajahoooglfkecc,1.1
hoemehpoioldimnlgjcamjmgbiecjoom,1
npijmcpgiieacdkebpoldkpedckijlhb,1
kjgopjaklcnjajcginfhmpjklfcoaoip,1
ghkopihaodphojmclpljgegfmjebojaf,1.4
bmdmgjondfgfgcboknodnmodefjiiiph,1
jfpgpfklmpikpfklajaokhamhehgeagi,0.1.0
embinachginjefhfinhkamfopfakddlj,1
aamlgnmehpkmcpngopfjiliaaabmokbl,1
mbihopjlichooflocmflmlbobfcmkgbd,1
jnomhccoemjaogkdiobcpffefpdfonma,1.0.0
blhpnfkgdgehjkojlaclpbblebiocpkm,1
hjjghcbmgibfjipnaopmknakojidilbo,1.1
lpncjepiacpojijkcejcoelakolmakhi,1.1.6
pfgdcijajoapdcccoclnjcbgmhbiepim,1.1
ajcglokgckdgahpbiinpcnippjjgdnea,1
lmolijpoghgkpnofbopjaefdelfghkib,1.1
acminjgkgmgclgmaffoioockhdjcpalk,1.1.2
gdedcdccaiikljifphghnpbpanhgjcik,0.3
ocefimbphcgjaahbclemolcmkeanoagc,7
nehhipgcecbhbdhnimmgmhhmaicdgcpc,1.0.4
kkkjlopgbobafmfkockkgcokcmhhpnae,1
kabhkmhfcgdekaaeabdlmknlnmklienl,0.1
cfhiioeohnppbfaphahdegfipeocdjjg,1
nnhonfcpiklnhghpohglpdleljpllikh,1
mkjmhdnepphapipfgefeihfclijjnfbd,1
pbjfmeaanlalknieaclhiknkaogppemb,1.2.2
jhpbhmcjipkamdhapmjpchlfhjbhkgnh,1
mfbpfhccjogkdhkgafglbnmmgdidjneb,1
bnfpfndjicngbanfmfejjkhdoaeddcca,5.1
lgikmakfjbmhclgpkhlipilgbfioiglk,1.0.0.10
iaklabgjhdacebomneepclnflpnpjpbg,1.2.2
jclaohoinaanejlpnbgofmcgegadkdno,1
apbldaphppcdfbdnnogdikheafliigcf,1.0.0
jibenafikbacmenomgjmhblgemfhpnjc,1
maolinhbkonpckjldhnocgilkabpfodc,0.0.2
ndclcbiklklhddnonagblmidiljccobf,1.3
pcgplinkoggfbenbffgnamhhhblhdlnd,1.1
mcoeilbaljapapgpnokmhdgnmgdbimgo,0.0.2.16
mhipengmmebopbfnlcfnhhicehnflggk,1
dfegepmmnnfoklhpfeipkafkjopoccgk,1
mdhpeoojijjgdkpfbjhggpjkidfeojkj,1.0.34
nhffhnnlgkaodfeeilfeankgpolabaac,1
fpcgoedphoelilococbkeknchbnpppeh,1
pnbajinijgjkpjniimemmfhfghipealb,1.0.0
gihdiafbpkabhegjfhjiodnjmimickne,1
kggaminkdmadgohijkpbeijalkagikdo,1.3
jcbmndhpnkkobkogefdpaddkfolookah,1
jfgdnnmcnmnkigmofbjlefmiginjnnop,1.8.0729
holgnkcgelhgdoaalllhpimlehihfnco,1.0.1
fdlnbfnfcjgkkcafinkifdjbgkpokbli,2.1
iigfcfnbcjfpjnhoelehddjlcbdpibhl,1
pgimljmojfnbjedgenmmeklhkpofpjpl,1.4.5
mogddfdndjaljccpglcljnpggjgijeef,1.1
eipmfnbgdfhobffodlcpkkddjokebgmh,1
aggglbpakokajhppghajjmofjedkmbao,1.0.2
aaifkfdifiecncoccmfooomiajciblom,1.2.2
kkcmpagljhopoenclmjpeloibckccicm,1
fedadmcgcnhabdppaahegcbafeephbfg,1.1
dnngfeekffgechiipkiljbpoafmcigfd,1
epgcokchchkicpmikilpedieekccfaeb,1
mdfaebafmpidgkdejijcelcdcaflbikl,1
jjjegmanhfndefflofiafhcpjdmafejp,1
dcpelhlhcmoghcdalfjepmjcjchbnpgi,1
dklhfnidohplikpgccjdbofeoidllanb,1
ngmkfnnekiaaceakldlfhpmnblhkdinb,1.2.2
hinidihglhopfnoebfmgfjgnmhepcppl,1
banmomiakokhikbmejknmgllhockaanb,1
mlcjjgaidfbgmcbhbfpeddmjmhdgfgph,2.1.1
fmkmgfpihnlnamhblngcpafeidmpamak,1
kgggeglhiifojkenkcdjabgdgcembmea,1
ickiljldffpckgbdnjmlklbljejkfcfi,1
pmcjfbkimfmonlihbolhelncnlgggmdn,1
bamkmieklamombgbmgppehclplekmlmj,1
keheghmchoifimhjpkldajdgeifccgjo,1
pjcodnmopjheepbeabgkhgnagcbnjnjm,1
abhfpfheiidbeeifjmploofciakogeln,1.1
hlhaaoaobeaofafijmliinemlgmapcef,3.1.0
hnbmipbihnkifodfmonobcfdkmggenpc,1.0.3
fngnamhcickgdjllnkbloeimmefmhgbk,1.0.0.11
mcjpdgjhnohjmmfolojmfldeinlahclk,1
fkmgoicofahaglccplhihcbpijmggmhi,1.0.4
npfiplelkcjjbepkkpifgeghimdlcjhm,3.4.13
lkgniikhedjfkamielhaeebmebphjlpj,1.4
pbpnbbajaehccohklbfbcohcbfnblbmi,1.1
pamlenfdkjhnnbjgkopkcbadgenpepej,1.1
pjokdodcmalccfpegdpliapkemhekelk,8.0.0.0
cffefennfakjkfjejdpphhibdjfiakic,1
emjoabhmebaoblcegoaipjihgkjkpgdp,1.1
amdkoegfnbcneengbohfegcppeljmdjh,1.1
iihibfgjbdidfilcidkffpdkdcnlflhe,1.1
klhbdheeccjebmgfigmoojemjikdaefc,7.9
ejjoeoihbnpkhichicaclfgimdkmfdln,0.0.5
ikjdhcokbahlkebnfnhkjaohhimnidah,1.1
gjihnbfchjanjgefebndlajghmgchjgf,1
mpcefcbaljbmdnogejjognnfinffngan,1
fodkjeajliihbhcpmnlfnnmdgnlbakjf,1
llbiijijhckogjbdbdpbdgfpbfleihnh,0.1.5
kkfmlldgnedlaclcjhggoiljddpblhac,1
amfoacgamaifpnkmdbgfedbchpcbfoed,1
ipbnidifnljfdbjgoddaenhcmmbflblm,1
nbbacjiafapkjkfpindhfcepnbckonkb,1
imiaplkpcpmkhdbfmcpakbkcikeogkim,1
mjolajdihodmddbkalfgmdpgkbcbdkjb,1.1
hdlnegfepinegecpnmmabcbckcompchh,1.1
cknhedagfodamnbcooahninkfddgdlol,1
cidmpgcapkdmaejekiojlhlgjepnnbpa,1.2
lahhhmfndbafjpeicalckcfdipemomfk,1.4
leebaiceoljojflpcheenlckjjnekgci,1
kffabkjfnohopngcheiknmkghnbhoobf,1
bmlagbifknlamcdckcfjgknlaaeochab,1
amofcnjkjmkbglhjakmjhoobioiceeee,1.8.5
nfclcncdkemmmhcbfglghbnloenkjjcl,0.0.5
lmggkajbollkcjmiodefejbiogkhcilf,1.9.5
hfenbmpclkoeljfipdinohjeifhnjalh,1.1
ekbgbdcedijbifalinhplhbhbbaajago,1
gbgaclpbahokngmmngjcdaeooknfmdce,1.2.0
afcebmjpmmcdjdanmlnfggpmhieigjeh,1
mhppokjfphhocflmmnkgjjpmcgcffgga,1.0.0
lnccijoahjknmbomhpgignkalheadgok,1
gekpnhhoikfeampkegfmkfbeioefecio,1
pcahgjclpanekakkegelpaojacmoojlb,21.12.2021
jbfhikclfidjdcpmpokpnbhilcjdidnm,0.0.1
pfdagobmkplfclcpfkahaajkaibpjeah,1
mpknjbkendihndnnhgkjodgkcmgplglc,1
plhcnaklloikokcolijblgneigdboape,1
nbmickikpmpggbljdahkdekomchiolof,4.8.1
llgjjjgdgincnhbgajleggonphcpnibm,1
kbcchmadfapcclnjhcfimcimaadbaolj,1.2.2
gpmhmlblmknlcbknjibicjibenkpbidi,1
illoonjdkknifndcglgkfckledijdlmd,1.0.1
hnflmljcnfilfecedajepfkdfladaegc,1.2
kikljndnlfefjfalijecclhgoebkdfhn,1
ikgopdceclfholdghcdcohpjnackdepk,1.2
fbgfadpnkgjnknaechifgacipnibdjfj,1.2
kajhomlmghmampaaenplilpfpajepdfc,1
kakdnmohgmggjjommdejiohlmndefeco,1
djkdkkgklpehbaghpbpagimlhocfopof,10
boajecihihdjfegdbdcbbgpolcgajaab,1
jgldbhfcjgejndlhjgjoehfdkpigcngn,0.0.1
liaaadbgenkihmagmjjohcelbbopcnmp,1.0.1
jboofhhnbbkjgkkffmahjgecfolgfemo,1
nehgmdicledlaegdncghgfccddfoobmn,1
fldghnfckmjmpaphjlmhjegbgnebigme,1
jclnejopmcajoglfhgdinfbchbdemoga,1
eiiffidlmdpdjogcepifphimofofihko,1.2.0
klemmdjmpakiippaflanmkhhmgaiaofc,1
kgajlidcgjeipkicplkbpiilmgmnlehn,1
diffgifphchmoejihlachbecgjknbgoe,1
obbojiagnbihkcbgangflldklmijhijb,1.0.8
jbojkpholmbpmdenpfnkkclapmccohde,1.1.0
aeibljandkelbcaaemkdnbaacppjdmom,0.1.1
aaikoacgjkfcbocbpfpoaffhbnpcfnji,1
dnnfplhmimbdhkomfncfdeijimdmlgfj,1.0.3
nlkgkhbmdfjmmhfdkkpkfjejfdjdeadj,1
dcfpdfodgcgbhmiahcicbgpbeajhkdjc,1
emhmoefbcpiincopaaehigoloofkfbig,1
henfbgfilahmbmiiielabndifcbopnnb,1.1
mfjkhbbfjjdjniooackifemcbnbclgkg,0.3.2
ccjffnhkejefjjgkpjoifnpegpojjgec,1
ddjmhklicalbijaajbbljnmhlimfogao,1
gjlmbbgijmkikmfeblgapboghimfninc,1
aaakfiobbojanlacpbeejjimehmpoffh,1.2.0
gocednfdlbflaipkeeccliolffbjakil,1
jfbofjgpgogoblbinmaclchcgniliffk,6
lkgkkgfdelcefockbpidimdnchhjfcdn,1
lpocoldijliodfmkaaifmofifgnpgfpo,1.2
nkkfapocdhadnbeifhfglmmidnadggeh,1.1.0
lihfodaomhlbakochjokmnbhobddfcci,1.1
njikgmjmikmdkmflejalbhppopiidjgg,1
dcjlchlipjpnkhnhifdcfblgnmckllkk,1
jhadhoklfichickbhglmimcdnhkddnni,1
elkmcedcpbkoicadcfbcllejbejanipo,1.0.2
fhccdkgfjnmonaheeeddepkpckfphocm,1
eibfcinaccgeihfkbkfcelonhffdhpjg,1
ijjhjcghpnmoknidfjclndpemedpaeep,1
oddocjfcdeggdhejndmpcnbdbokieikm,1
ffkcaahoijdckpbmekifilgjhjpofpom,2.9.8.0
cgokajoneoicehmhlkebhmlkpipbmddf,0.1
bmklpbjjlnjkiddcohcffklppoaggjcb,0.0.2 First step
hafljojgnpegljlcpmkoeklljogfkbfb,1
lacdfalcbgopljnincihgboggfnabdbb,[v7]
eelgmaedmiiigbabigjcbapbnkdidhhl,1
jmmedfpadokpkacgljochkolkcpagnnh,1.1.0
dfkjhbmnmeephffknakgeeekhgdhpddc,1.2.2
mbhnnkkahahenofdoaplibopaboeaold,2.1.92
mhemagjolbpoimlkogfkgpdgcnppcaki,1.0.6
mcdmddimhcadhljjjemahpkoggodbdmg,1
phjgciflnmgdcppkoginnbbfdjghmdpc,1.21.0
bdmmdgboklgaplonoopbaofmnpbilbak,1
lelhcjpgkilldiiidgebeeheajicaick,2021.10.13.1
gklfaeklmfjjmpiejfemckapldbfdiho,1.2.2
icfmngbcficdhpmpcmlhbbflkkalaofl,1.2.3
ijapakghdgckgblfgjobhcfglebbkebf,1.5
lpcbcladdhdfmdfenjnadndkonljjcij,1
bdembikingfkppnmgmafpciggdjjgoge,1
hbmacbljlejdabnjnkaclkpgcifkccpi,78.1.4
lakicoidebbfpknbfblaococnfbofgpi,1
iolcdjcegfblbgiefhmnodakkckeboba,1.0.0.0
eofgbjgnbkfannmnieifolcgnhjhibed,1
kpjlgioiochflgilcnkidkocfddjfcgo,1
nhpckilaofecnfhdckhgfeolkheplicc,1
omefglmlpmhppmmfkondioiobinmdahb,1.2.3
dcinnnkhbmaoabmfmdifhiedenjfljpo,1.1.7
mcbhfeopeloibcjmdljfheanikfhmmgk,0.3.6
jfobhloengmeldlfjfbamkafmipcknih,1.4
coajklfnmflhmfhmgdledfmeacohelag,1.0.3
minfpaamahbpiipjkcmpjcapdkdmahkm,2.1.0
ldjjfpnelkigfbnoppngamkkhcahlcbo,1
iknhckogmiegbplbgbndailnggfihgja,1.0.2
cgfonholaikfhjpjmmjpfphacjkobamg,1
piinjlajcgjengfcndmejolibgbdcjhd,1
eabjhjdheglpailnjljbhlikcadbfhcb,1
jpfgkbikjhkkfdcefdpkcjepegnecakh,1.5.1
nedehbpjefmjkodejbkengkhkaikghag,1
edclfanjjbknpolcdinkfeadmajpjpgj,2
bhiibmginjfaoflclcpbkijochaimnnj,2.0.0
fnehecmnanbhdmfpckepjedfclboppmm,1
imhhilffbnjfpogljbheamhjkpipmfek,1.1
igjppobkhbcgboepapflcomehnbdijmn,1
hjoknccjodnfmmajlcdjgnpadhjjjhdh,0.1
cajaghcfpidecjapdbdnfimpngbdpmje,1.1
jcdiobohckhbimkiiebeahkddeiijene,1.1
iomjnbjphgpafiiifkfanhjlglnpkmnc,1
jpckfhpnfmagpjgknglfcfbhifclloin,1.0.1
pmknladdhlcphchhpbblngocplioiioi,1
dopjfaoppfonmbpmfbfhdgbilkaldoad,1.1
hcogcfgppbjjoegeiaiingejdnekklhd,1
hffaanfceglndcfpfhpepedemkahdpla,1
hiapfhfmlmkflebodijdpjofomdgmhof,8.0.0.0
hekhkjkphfgekngdihdlnccohomnmefa,1.18.1
geeejaggnhaeenbegeiboafaaihcpmgb,1
ilolmpniphngieldhifaeegfjfmmoaig,1
oakblnhkadcnfnpndmnogopkbolmlipk,3.3.0
bgnbfbpcjapibmmjmcdhlninoekeclpe,1.0.0
aieoinkcjmgfmhgbbhcedahlimkhgnop,1.0.1
fmhfihlpbbfaddjbamabhpiginmpgomb,1
apmmkjnfgdbjppglclkoogemfchfpjce,1.8
ejobfkgcipnjkodmmmhdecfcmbniebcm,1.1.0
odheojjafigpbhmhngnflpnjedohblif,1.1.7
majbgioccfiaaenoogefkfjloehimcon,1.1
pkdpclgpnnfhpapcnffgjbplfbmoejbj,0.3
pgoggdfoleefolmogdoliahgondmhbjm,1.7
ihdoocbdbcbkjkpanhnccpgbpmicamoh,1
icoanolphgkhaeofilahoeaemmhhgnen,1.1
jmdfenphgoidpifdbilikdmogndnikhj,1
kkkhkofiobdegfgdnoncfnhnaodkkmim,1.2.2
iollbpohfhajofmligfcjhefnlkbedhn,1.0.5
mjcgochpoogmedjppkklbdfmcmhefpdm,1
gbandfbflldjdmoepjkigmmaafonagdi,1.2
fpnbdipjhbmghjbclmflbcfbbcmnmojf,1.3.0
mfcjddmbeiabojihlbbjmgnbkjedpgpj,0.1.0
lfaadbfbmanbmnnjjfbalpembonajgmn,1.0.0
dpidmhnlgooopablgfbfbeakkandclne,1
dagmpamngooaojgmccbjejccliolpofa,1
ajjjbjkgfkemoedilbgfbcjipmpnfcle,1
maiackahflfnegibhinjhpbgeoldeklb,1.0.6
lbkiggpocncmegcocloagbhgoidkkllm,1.2
dghinpdjnaknollcdhdfimagjjaeebjp,1.0.2
kdngnhblpmfjdelbdpmaaghmgpecnedp,1.3.0
heahlijkaoacffnpodbecalhjnpcjkfd,1.0.1
kfiaihekfhmofgdjbjnahbljajgggofe,1.2.2
kgpiopajfjbeheegafljjdeonhlfjcnc,1.73
fjafdkcgbjodjfljlloeaoleaolodapg,1.3.1
ndlmempfaahmbhdjdbcoigpljpdnghhf,1
fdjpoicggpmalkohficcfjmhaofkjljb,1.1
lbgocjnaiakclmfepbnmehchioajpkch,1.0.4
chabnbknbfcfbkalloagalegpapmoopc,1.1
jbmmfgjhdglnjedpkeplfnkebpmdggha,5.2.7
dmifpacfdgipmhmefcejblilblamkeoo,1.1
dlklloicpeificaoacbhehcoejncjomk,1
mojlihejhjoijmgebaclmilagehldjhe,1
iaalahhoppiplclckmkbdbhmcaiddfbf,1.2.2
hdnbgkkcaajanafpkplcdhjgfijkfonc,1.0.0.3
jpdlneoinfoijpiodbocgjhpalhegaie,1.0.1
mlonhncghoihddclebniikgadlkgiaii,1
hhbebnlapkoodhkdehoknbpgkejgibdf,1.1
mfpndnjbkdkddolncdgiilgaolmpncjj,1
mnaiihofpkpipgjnnelnelkgnnbnccnj,1
gbbilodpoldeopifonmibfboicpafpjo,2.1
eamijgbomblhngjdljgbhjgdcoaakaom,1.0.2
fhmdkndhemdgbflaolpiaehlcjdjflji,1
lnofmekijgmbfifbalbckpobncooeifk,1
macnofinlofnpbpahoijokfeadlpkaep,1.0.3
jikdmlphjelonlkgpnbdchgcbnmoppcj,1
fejnoomnpbhmleblhllpmbdmnibikdgm,2.7.2
hiofdnledhgjjgdjjjgpfmdalgokiodb,2.1
cplejpdgabmnfpggcdaodakkfjekmpom,1
fdfijaclmjkgiofokdhefjobdghlfloe,1
liompoahdmoihogalledgddidblpngej,1
cfjccponcbhdcdjoalfjlflmpamlbhoa,0.0.5
cdgmcemiphgkibjdcfjhcokpailckhao,1.3.4
acginpkbegcejbgalhkmfilcaiajokbj,2.9.4
bhhlbkmeonlpbpabiclmgbaiinfakgcn,1
ddinknhgolgcdfohkpjgihidadehdnep,1.1
gdoladgabdknlbcjmncgobnfcfhhdcom,1.2.6
nahpoekaiclnmljbnpoihmjhfhmnddia,1
gichlpbapjlfbdcdjpailjldkcickefa,1
nhihgdhhgemjednoolknjfgmgiljcaii,1.5
lncmahfplhbhjobmebgpfkdlddnmkfep,1.1
bokjolpgmofdahafogbbbhibohppgaic,0.0.2
ccefenpmdofmphifgjbiflcobepkojlh,1
gejjgdilibjgmninneiohggdopmjmpgm,1.1
jonmifdigndendklbkbndcdedbjcjfop,0.0.2
dghfphmpfamajcjffhehbcpkceijjlnn,1
mkbgbadjcebhbcbeejfbeiipciincldk,1.2
khemaigjecfepmjpbdjnmiacjpbbkgoj,1.0.1
eeliadafjdpokladbdghnmelgpdhkphn,1
bcnbpojdalokhcfcmmkemckpikefabce,1
dmcfaeehaliohnpkpjgfohjncnhnkdoh,0.0.1
ajgjnomlmoobbhacbnifckeahlaommoo,1.1.6
abajhjnpdngoeeiocjacohlhadooibgo,1
odhpgcigcolicjcmjlgiccjbbbnbcggn,1
bfapppeicnihekcnhlnkjcgghokmclne,1
icadoajjghdmoecjklpnejbiedpkfbkn,1
hfknedmpldfcccojlniphhpjfbgaomne,1.1
hjeongjhbmnllgfbnbfphibadgcjbnld,4
fhdpkokiinhgphboloppjgmjlhlgdeif,1.1
embidkifgeolhlajbfamkjfafgciegpn,1.2.1
phpifahokbondppiheookdjolflgjked,1
ogpclhlfkhdoaophpadafbolapgadhbk,2.0.0
canlmnelbfphlbjjlocadcnfncdhejnk,1.2.2
kffelmjogimglpflilmieipkhnmpfmeb,1.3
leegjgppccbgnajpjgijlhplefgpnmdf,0.0.5
bajpdadmbloonahnhllklegnfekmffpf,1
bgbhffdmklhjklaofgamhpdedompocja,1
dcdoeifjiakkhdidpegfaidaldjdhbkf,1
fnafmidpkahcmlgkeigflijbcckmdjhg,1
ciehlhkcnokaoophomfcjhccapllmnbm,1
miadjhffliknkmljlggilcdabkiegifh,1.0.0
gefpaajnepfpgieiecgmgojbidnnimnj,1
cmncmcjaeeipjjdmaoknmihcpcbecmdo,0.0.3
ekillbghfejjofbohbfmaifolnlhgpmh,1
glihgempafbgflgpdbadoikiidigpldc,1
ajejibpgpkhpjmifcgahkelnledmamoa,1
dghfaajihecjjpolhjbmhiiafjfpdhaf,1
kknbgedoeckdpgahfohfpjockjcggabe,1
iakkgcldpfhnllckpfehohehpiagomme,1.0.2
mhjdckddkokionelpgidmamdljffeapm,0.3
aelhdcaempgadjgbkimdjipebilpdpag,1
egpmpllcjjicbcmlfdnghgkkjjeabdhk,1
ennncklalflommopfokhgeiddginoakd,0.77
pkkfpgnookoanejpccpmbhfpjghkdopg,1
ibndndbapgnklodmkdlcpmldhlimlonb,0.4.4
ijkollkfijemeollmmdjfhjfckepikhb,1.1.1
jkjgcnfclpofcjfmglfmbjjghedooibb,0.0.2
imogekibggacnhnoljimhbaojkbkkpgc,1.1
ikkgeldiifedeoiedboefnijkhnfbnab,1.0.0
apjhgljdjloihcembbigcendcbhhpbkl,1.2
nkobdlgdggefdecoglfilmffmhiggfal,1.1.0
fpakghdgfgllflbcaeaimkkeipmmedmd,1
hpaclcpbgabiaeikjfcfloaniekifflk,1
ddckadnkbfdohgacobdfjmniekddbpli,1
killpbafloanjbipnjkionmhcbblnlkb,1
fnojaghgfoogleamdamekikkkokladca,0.3
kjpfogalkmjddfhoghhcdobaclkdngap,1
enphnbeebhimghalbmiokmdbeidhgpgh,2.3
jfkdklmjmlfpikehnicdmbadempmdiga,1
pcopckddelbbjcbobgmcaadmgnghccgd,1.23.2.1
dgalioddjfgcpmnpmdoljpfffenciogb,1
mefohcohppcjjdgfdfodegdppjplbjmf,1.2.2
lcbacjgnfhfkpfofliglbjjopkbbpffm,1.54
imogiofkbhkcbimgjgmpoaamdfngcico,1.2.2
kcjgabeiefmiglleklbjjhdnfkmggmjg,1
kgbcanbceiccmiblhdcinnkjejafeilf,1
kpbkpgibhmibpgajeflomdnckjpbliml,1.03
domcbkielhenkcbpaijigldnakonmeba,1.0.0.2
ekcecnmanifbmhgehnhjpmjndebnfbol,1.1.0
ppaeopjcjohmmncenampahfpnoglnoio,1.1.1
cgoedbmigelglagfjmcklhmkppijkfml,1
pjdogobbmalgacgbjbhkjaalidmmkkeb,2.0.4
pfkakfmiimbkbfeiajieopkcnhjblepl,1
hieenlgcfpmiiklldbfneakjklefgeae,1.1.0
jodnbgfnifoihnbfgamlegpofdlkgheo,1.1.3
cffmdbkpkchbakchopahhlmbkkblacpo,1
medakhknojdnlfmcegekdanfiiejfikn,1.0.2
cadmpiafbfkppgllcngelbhnnefddcjb,0.0.1
kdfbbdgjfdinjogpmpnnciaefdabgieh,1
mmgegihmhklpdmbplogokicdmdjkldjl,0.0.1
flfnjlgpflkejlmkllggmlebjbagccpg,1
faelepmmggoocolhkppenpebkbbbimgo,1.0.2
bmognajjhgcpaecjmjekdadjfnnhmogl,1
ocjpemjcnjdkgioecegpjpiiomiccboi,3.1.1
objefmljodlmebihpeodkamooppoilmm,1
hhjhepdobnicgenhepckcjljapliacae,1.1.2
cdjpfiiodjaihphfbnajibbnncngjffl,1.1
ealidhdffgdnpnleccmkflgjablmmeid,1
climoddejmbcglkedicjmbeghagmobdf,1.2.2
njhcnoahmjkcopajmckoceaghndhfkcn,2.4
mckchfdffdbibnmlogdcppedignmimec,1.1
gdopollpnaheeipmogckimgdjghogdef,1
jlgphfbohlfkaddbgkapdbkmijjfmchh,1
adgnljjjfbancbochejkjidimidfmfmh,1.0.1
lpmkedifomneiellmkoaphomdcbpefld,1
gibjnckinmballkhldpchipiccdendeo,1.7.24
hcnibkndngkkdgabkfmogolickjijnhd,1
ambgoglehdobmjpifaeikeoejldgmmka,1.2.2
cbiciiajnlalinkkhplmcglboflmkeif,1
fdfnoohmggpcdfhnogflgdbfglpmnpfp,1.1
cjdhjfdfieepecdohcnfnncmedgmkgjo,1
naeihdglomnilbncgbfmmjdhiecmmohd,1
lhfcedbmcehkibpdkmdnnndnnodppefk,1.0.0
gdakaibogcomjnedheboidpmmfffbnoi,1.4.0
gebjonkpifkckpengggelhfcbmknnkbg,1
eeadheepdhhojpnilbiddodbmihipemd,1.2
kgnjjgfcekjnejodfgdhgmdmfmonjekd,1.2.2
acagjkjeebjdmeipgmhcmaddekfmdbaj,0.4
gegjfdnhaiojjndpikagdnjldpnecakl,1.2.4
kalfljpjheighgbckpaaaojdpdjilapg,1
jjaofbcokfnkacgogcnlghamfdidalhj,1.0.6
dibhehcbgokdfoejhfbnaaacijkapkck,1.2
dbjnllakpiknkjclmjhppjimgpnecckj,1.0.1
nojffppmoijmhinohikkfllkfhklgcic,1.7
igpmlhkmcfggbkgmoboiebeahllennfn,1
facbnkchhghfogeodhhpljonfgnpjcao,2.2.6
bhnkllpokbpechhbmigkpoeklhfiekin,1.2
pbahmchkbjmhicgofodfjmdbmflonmkd,1
ggodoabbcaeipknnaogmjmkfdgjecgjl,0.0.5
gamkdgnkodfkmfkgpdjkljppedkhmpnm,0.2.1
bfpdnkppicoigoijfkekbfhljoakfegb,1.0.0
koeilalcbobncnjdinanphjafnfkbnbj,1.2
blolefhenaollfmgghfinnglblioifia,3.3
bjaeanfdbmcbghliknnhphgjbclgigii,0.0.2
fplblonkhglmaefgdpkmakchoajnhecm,1.9.3
mbiifcpkgnhcomkechajkngnjdfafncm,2.1
pdncklamolbldmdfkanhffafbfdhkgmm,1
fhpajmmdeljjgmmnnlcnaiphalbnfdoe,1
piinifaincgdapebceplbiiogggabbnj,5.0.0.0
dpdahplfhigmpkkfcaookjghhbnbofjp,1
ffnpchleiajhaccfnabjdhcjeamblbje,1
fcfmhlijjmckglejcgdclfneafoehafm,2.0.1
eeagmbpciclbpgnngcimmfhfaldcjnei,1
cpaaleeddhjgccjgohemoideellapamm,1
ibeledjoanbibbnikacgoldnpbnlmnga,1
ekjbaibkeegigocafkdlpfpgomohgegj,2.1
mngipmnbffblnakmnogiabfdkcaamcpp,1
fcbciiambmkebfpfogkkdgokmejnijdc,1
klapkdihlepkkgcffhiehceckapeoamk,0.0.1
neebpnkibffidfnbmioncidehodikamh,0.1
lnceembdgjlacohaoilpgaojbejhfgfg,1.2.6
apafpmabkealibbgopomiedogkiccnoc,1
fdaplmmeokafemlodcojoblflaphoakd,1.0.4
dobjfiabpnacfjnnogdhmhcoieffjndb,1.1
ogimloifchpolfhjibpnmdnokiodgoef,1.0.2
hndgagkpiebekilmeddlalkjddgcceio,1
bmpkkaeohfnjdglapgmkdphglbpmpdka,1
okfajcjkenkdedndgbllkoocblkombdd,1.1
jcaohppnoloojalgohhfgpcfcmhdffgi,1.0.0
mffibhnekdnhddnmhocanfnmonhfjbag,1.2
kokfjhcdbdjokcafgccbhhlpflphopml,1
gphionjpcmlljeeicnfachmnlelolppj,25.9.1
jfhbiggobcnahlbbmnajejlchndbicpn,2.4.5
pmimpnciapogdnedgkdbkpbdajfaekgg,1.1
dgejcnpcpkpofjmdnjapmkipbpnkkpij,0.0.2
ekdjmpgcbocfchliigojokfggmopifif,1
hciicbgigbfiffdbbohhaiggikaojmfh,1
haklniakjjcfnlfdcakdghjngiplmlkn,1
almlchmmgfpnfdcjinfggafphomonilp,1
chjjlblbnfacffmdlhmehdpfcaplbidj,1.1
gneommjblofjdggocaenhlmbnagbjaji,1
nfpfcaecjodekjegkahdogonhljikjjk,1
kmfbhobieckelghhfhdndbfookcdhfje,1.0.2
gmpoimiljboabbiagjhdnpaajkbnfkam,2.0.7
ahieecpnklghkmgmbangnbjppjlepekm,1
ijkbpepdhbicphlapmdkdilpbdbhiakj,1.1.0
jghcpmmflokieejmobkpdeicngnhienl,1.1.4
jigmpemglfiokifmmmmikleocgjknami,1
pakhhcakgkhooidpkdfonmpaeeoagpnf,1.0.5
ngllpkjelongkacajfplldpgogfkgafi,1
gkihglhdhpfhfknmgchhabjghgbdelgj,17.9
jgbfgbfkjlmgkaicfgjgecocicpffkbo,1
pegpahfaipieebkhnbifbpahaiojdfea,0.9.5
dmigneggooddghokkbnpblkigghbcilp,0.0.2
bldlpjfckiebpcebdeonjjfddoicapfk,1.2.2
dfhggkcagbjekflbkmoonapncbeeamle,1
dojcidkleknmfgedoiffelhbkiaegbhl,26.21.5
hgnncjlklfmimmaakclelbepebggfmmi,4.5.1
locaiomppmnepmehcjmlmgdgpioipbea,1.2.2
fdpkdohjngcgoefjfdplhnpmeoamhcln,1
cifdnienmhonblnciojkebjgnnkjpgma,1
cdgadjhfmbokfflmgjpiieifghkmpipc,1.0.5
occiikgfgihaakdjbhilabfcohcmbhoh,1
bnjchfllaablfocaggpjfoplfnfhpcdo,2.1.10
engefonkebhlcepmdkmeopjiiejcbgjo,1.1
eccihnmafecanpjofmihjbbdhjijmlmm,1
nidamkbikelieinnikinihgnkffpifmm,1
ndgbodkbmnijmdibpeojekmmmkimhcno,1.0.1
cmagkikmlmmeckimlchilgfhcjlkpmnf,1
cdbgichmhaojignlkndlmhjcpgglgkho,1
aalgjjnkaoegofephhiilgbldjbjoacf,1
jnmljfoogodpfogljcbbhfmikopneadl,1.9
mcjblginnppnmedgcgoiikdkialmekib,1.4.1
ejfdidghgdmilihigadphkkfmfehcplo,2
bmdmfofaofmciigkgeehgmgffpgdeold,0.4
pannmckodioombencbfnjmkbdkgegano,0.1.2
lmhnlbbggihehimlneddjgfknngincij,1
bmbfpamjjioafnjflhjlkeglfjjocjid,1.4.1
jhcjgaphnffjklioibfaoglpgdenlhll,1
gecdhhmelnbidhkoghpkhbnmnahgacki,1.2
ikgffooodpcdhclhpilnicgefacgnkhd,1
eeaekaleleodohhkebfccbnheombhibm,1
ikieckkcoepdcddceiabgdhkndfekdnp,1
jeijcaabpambpdgboeehdcgkkobipfpl,1.0.0
dnnpnmpefmcaebjgcdfokginaicfcepo,1
fjalnfjgiddiimacikhcekcjiccfimdl,1
igfoiecehiebadciojhbikeiaajpmemg,1
klcmocmpojdlelgifcdgjpgednhmgolb,4.5.0
gjmaklcpjjoobahngamchjbimnofiigm,1.0.0
gmdmdcknhacmojgdkcjcdehpdaabbbgi,1.0.3
icpiffklfbncbepfooijibbllfdlhkkd,0.0.1
oigkinjojiafmgigapgjdenpapceilgb,23.3.9
chmphjibihegacjapmegphhdicodmmnn,1
nljgjjddpdmdmbcdndkkfcebnjhpnddp,1.1
gnhfnnalagnebopbaaochfhmkmmobhod,1.0.1
hgdmgloihbafmodbfedelpgapcmlbcdj,1.9
bljocaajaijncgdlcdeabbfplkdhnpfh,3.5.9
lhimebiappeokjnmjfmjaobgjldaeblp,1.0.0.7
kekgchhbbnhfohjhblcoifpdcondplkf,1.1
hngjllhfngplemldddeknahkpbdcijlc,1.1
cdmojpgbgjbehpnpglcbecfphbapgcdf,0.0.1
oaeckgemfnmdbpebllkjnnfnlbkjocgb,1
cldgfdegpkllbbpoflelmlfahkbdpboe,1
cbgncldikohplmoppolakcnoannmlmgd,1
dcnlpcpekbniogbikchllophdfnjifgf,1.1
djibipfpkecighdajenppoapcpnajnia,3.1
bnmnhalkionbjpnmgenohpdpjdmbcaib,1
ofpmknaiokngmfedegnebmfhhoacjmek,1.1
gkbpicncbeambbkdeefobiddldcdkjgf,0.3.1
adfnkbfbdpmfenflefdapjpekmpfkkdf,1
bkliepdgdhkmofhaopnfndahnafbapcf,0.0.3
idoeaoiaggimhmfjnabhibjaiikgeaon,0.0.1
apcfafhbidbdejkeehjmhamjikjenefd,1
fjacpgjaeikdcdncgfclaodehiocakei,1
fhahpgpjbkfhpofnbknfaaldbobcebce,1
bdbmiipjijndkbiodeepgocfbobkflgp,1
eiejbmjglcegimdggmfnpkmecnmgfekk,1.1.1
ikfjflkhliebgcmifgdiidgcefgpdkib,1
geihnnhpbmagakgmfdalogmolljkdhio,1.1
hjbdmjaebeemfkoghcgbpgfcmdkjfnee,1
apopgbohdmfbhbpbleioeodcflbpdlpd,1.5
epikbenebbfoalfcdpbdpehcoknbhjbf,1.4.1
lihiebhpaabaiibhbnkpofjhidlgnpol,1.0.0
bmpcicabjdkbpbbjppdeolaehjkcjece,1.3.0
onccofocdcfoafkkfhahpmhapbpjnjlp,1.1
ellcbmehkklkmccikeoenbhennamncko,1
jppccdcppififanoobmapdghcccgbbce,1
ahmjdeebpeeglalpddbgbafgnbbebhbb,1.9.0
cefnidjhchhjjhchbkomfhblfncbbahe,2.01.17
hcdnpdpknpiohpicebomffgocikopike,1
hdfcgcookbdfgakjpokonhgodpgcdlln,1.0.0
nlnddbfemgoeffgcjgnfglaiibifjbhb,1
ljedfaakhffjejlapgogmnllpgdojomn,Version 2.0.2
aknkmlidbcgbhdkgnkpddpdncbbnbojj,1.0.6
agnhbkcfceihilmnfolnebgddbedcohg,0.0.1
hfjmiocighapnjkbeoojclbnockcihgl,0.0.1
cnjggapnklegdmdafeagehlfknadiaio,1
hfmogiejamfhpkaniijffmijhdiiheei,1
naancnmfeihfpcpfdaohcedionhchjfm,1
adijcnmgccljcblhhdfacaingbgaincp,1.1
kodgllpnhkclbigliaedpfacolpodnoc,1
gehnlceonnbbmeglchgkomfloodaopco,1
jgboifgdgpfjelehigfkiajmiengjbjk,1.2.2
meonanljdjjoedafibopckjhnlanbdod,1
hbedppckpaofgbnbgdemlmhccaploapi,1
fconfenpmoeanblikpphjllopbmkgcof,1.1
cnbnfojcnhafphamefefpfdedaeapedh,3.0.1
eipakooomaimbjllgnidhicideploddn,1
oofcpkngpocnmdbfdpdjcfigkcbcifnm,1.1
mhdombkpjljecmbninahnhaogcafajbi,0.1.4
ojknemipgdehjbnkimadeabdimcjabmp,1.0.1
ljbpffmonkjnhebfecagiifbcnpkmfpa,1
llngkfnoomlglihkpkhjpecnhdehdjan,1
ejhbbfdbkjickfggmcldfkaijkimocjh,1
imckeikdkpbnpodpnckdjdaljkacfomk,1
kefonbajlaejoooapjncpeabjpgmkihj,3.1.0.8
clnmoejeolkknjemcanjchlalddadkjf,1.2.1
kcallhbkbaocgkmoghkipbbjpbjdcjmn,2.2.7
deeebcdgpcofimpecblimaicegojdeio,1.1
mjkgicbimflmibgncimppcdnolfnimch,1.1
ngdkodlehdelgeaebaohmndkmgkmapjl,0.4.0
efgknmmaedlhokdboedadmbimpbppmag,1
ilnkmnkiadlpcchfapihjnemjlehbkap,1
eencjfkllplheejkmlmaohhbmeicdhpi,0.0.1
kjhjnbdjonamibpaalanflmidplhiehe,1.2.3
gkojpoglfpcadcdehoofhekgieamkffm,1.3.0
elklfdccimelcpfbhhlmokiofabiflep,1.2.2
goepehcbmbjkiakipnbbmegnegibcegj,1.1.2
bnhnijfmojapnfadebllpchbpflbabdo,1.2.6
dcjhpckomjbgghfifagmjbahmpcgdgpi,1.2
dklagkjobohmdihdjdnogdomdgcngpci,1.0.0
fchbbbdhfgipajbpoekmdfcjbhkfafne,1
gjbcaflaahkmdidnegffibkhcailodkc,1.1.0
aajhjomoojidhmpiplpaohnhbeijjgkh,1.2.2
hakjnjlddchmblcpbepomgphmmhdfpif,0.0.4
ldpidgjhljicekiijeppolafkhdodipk,2.0.1
jnidmggndlkicnkkjicphiaodcmapmlb,1.2.13
cdglpjgcebpokdiadnkflilekkdjhcaf,1
fmogcglilpjgomnonjgbnoliidapkfni,1.2.2
khjdnlccibhooloeionanhiileeiackf,[v7]
kijnjlmdpmbnacecloaelbenaeeihgbm,1
nmcgekefjhgphjhpflclibjnndbdmlbb,1
fdlnocoekebipdcnjbgbgccifajhhohm,1
ohgommodgabfmpgigcjacmjlobbllajf,1.0.0
fhekjhinhdmnbfhijpofcicjlcdmbgla,1
oglniifecibogoingnoghpofjofanoom,1
efkkaigjmibepnnbdbndcjebfalpicaa,1
abaojbjclmjlmgombpcahpmcmkcojmbg,1
bmjpejignkfokopdlhkgjdhfoopomomo,1
haeplfmhdfppfkmjbiologkpfkjkohjo,1
mhhcnnghlpmobjbanbjmpafnnnlhkfae,1
plhhkeafaifedfjngflojnhbnejeogen,1.0.1
pmbfdejmiglahedobjddkhaebpaamkab,1.1.1
dpecighadjgkhjabmpfcohpheibeckbm,1.7.3
peeindjojgkdlpogadnplpdlcbiaeoho,1
ihcdeplpfajdahjiakglinpfphnemipb,1
agedhamojckjggpohiodkdokgbgkjakc,1.0.0.51
ekeeehbiobccanepiankohaahdphmbfa,1
gjhlofbingpjbggglllpgkpacefjdaik,1
pmbhpdkmjnelhhphmlcokafagndlcjfk,1
ichgchobemhnecpjohopfgcpadkokgne,1
jgdhecmnmopgjhpdkfbnenhpcpgaekml,1
ogjneoecnllmjcegcfpaamfpbiaaiekh,1
plllpijgkdnfmpeofdhlpcekljhnhinc,1
helgjifkkfmdhnjlnbednomgglelbdpf,1.0.1
ahifcjlobkpdbdkeeedkbmhnkddhoedl,1
egkadgohencgbhmobpkacijijaoabdkj,1
kambhdjepahhfmianbjpfkoapoffaodo,0.0.2
flhpphdiefehbpkanobklmoikdoobcke,1
cdepnbljkpleklgllnefpdnffcgphago,1.0.4
ebcaabfkjojjhgepjolclppghpecegcn,1
plnmkiodijkcfehopheapjjcamojhaoe,1
kaaicadddiinkidkmcnddgmjfghhfdik,1
mpdgbdpoomkegphalfkdohedlecococd,1.0.1
knpfmofcklmdhddcifnnnpkkfcblapmd,1
mmadidnoknlcifdppddbnpboddocclpe,1
npgcooolljgdccolicmhdkeckhmpmkpm,1
mbpgfijddahmnaonmpkenjogjaclghko,1
dlhaliedmongpmjlpmmjnbejjngkndbh,1
fdhfmnhjhmnpibipofbdjiigbnhcbkne,1
adhclekclplgghbffedcaijdlgicencf,1.2
jblenabjmkckhfopmmmeldahjjddmpae,1
dnaageaddhgghjcpahcfgkkhkchnnjgj,1.1.0
oigliadodnaajlpimaddbkbfpikigoig,0.4.2
jphchmjifkedbkhpkboeiegkbbjegebc,1
ehajhngchbmapamekkdhacnganabeopn,1.1
lokpijplpjenhfdafbmokmppafeklfbe,1
peogaeeakpecoaffapfdgmkeoikhhifa,1
jdgnfnphjldbaaanpgfclhkdddkiolha,1
behojedmnmihldjenbbidoklpidmmmee,1
dkonddjmgpncbdgpicajbdhdpccnjkmg,1
ndphjkmdgdfjlgliiehkgojdmjfjhfae,2.6
jiagmmceedjpdpgefgdkobogimjcabfe,1.0.1
hagogkphcooaepmbdjfdbkkldiioppog,1
kjiblcjblciodakbbgbbaclkmgbklejd,9.0.3
mklahccpejpebmhbahhopmnkpmbkeadb,0.3.7
knghmladceiaaomjdlcpgmeoknnomfnc,5.0.0.0
pcfiahkbglfnfmlagkgakfkjbcpmfmma,1.1
hgnglkljchbjkljofckdmchacglndeae,1.1
aidhniakemfmpanlndojhdfgidgnbfjh,1
henkmbabkaeilpgnioaaijeebgnphbho,1
pcaopibgponbmanbofnedhclpaocpfag,1.0.3
aldnmeppmlabfbclghjaaipaaglfhlgp,classic
gookcdpmbcgjmoepmednmfkkkdjldfhf,1.2
nnfmpeffbfkmeaiogafpjojogogdfpcb,5.0.0.0
oiiegmhfibklpccpeoegpblibiljinap,2.0.0
nhdkhbeekgnmhoihphfebgoimfpaclad,1
mpccacgaifhiebkmdlmamndobnemnekb,5
bdheigcjngekcbgdnfoaphjffloleakl,2.1.0
ibknpiiohlgldpnmlnjljphmfenoiibl,1
hkgkaneikbobifpienmgmnjgefaakmeg,1.1
cmgboconolpidemfjegkfkphegnkokdi,0.2.1
kgecfamigkokkgmiipblfnhjcfdpnejp,1
moilnhajefpbpgaemkjeobpdimdhicog,1
aacjkgmlaapckhoabfagfacokbdapgpj,1.1
ahkmgndgdmnibbldjjnmcmkmgehblnpl,2.10.1
ckddjcfkbomcifdnlbfgpdppjcjfnneg,1
eldoanhlpghkjhlbpkfkpaglcmelmpjm,1
anacglcdpkfbbimecdffhhglnonejpec,7.3.1.1
ifdinimahpjflpflcgfbbcakpjkjllfo,7.7
peedjahmhpeeckmkcggoleddkjgdjdab,1
pfhedjpmelbjgefclcnjmanhlbbipifc,1
befiogfmmcdhacehpcopimfaeckngikj,0.0.1
cakgojmegjpphcbibpcnecbpdiglkedm,1
jehphkhakiaibmddpndpfagdgojlijcm,1
dgdmdjjejhlhigpblmickdgnfjnckiil,1.0.6
iljnokjelhafabfppkidacpamkogdnpi,1
jeklfofdhmgpbmeeobaddedehdidmkio,1
jkinaoicclhiepfiblakmbpcmnhllemi,1.0.8
lmlephcephcihapicbjopjcfjhbeicjf,1
ekiejelpefmiggkoccoflfdnkpgdppef,1
achpaaigddpcgmdoabhkhddegccgcjbm,1
mdocdkcjlagkeeihmddcnenjpclcmoli,1
kcocbldgbhcebmmldpjpcopbdmmggdcc,1
nkokkhmdehadcfpnflppmkjnhiehkaji,1
aldibjlcjklekfbfbmoenhjnfkabkfni,1
ogjookpbbfjdoihbpdbjnnneicmolepj,1.0.0.1
lkhbodnngmenbcjdmcdcbpmbkebikgjf,0.1.2
nnifbiohcceplngnaheibhdohmmoglhp,1.1
obhpiollhalleededlblhojhoehbcefa,1.0.5
lhdpjlnjmedhmbjkmmhffciokdpebjkh,1.0.2
oaffcpoppekbflgnnemmnnbinkofidbb,1
hchfmcgdfjamokbcmbdeojccjkbfacoh,2.30.1
mmilgpcfdoclfobphacdmodkgbnifpck,1
komfnejamobkhjepnegmlijeaadlaibj,2.9.8.0
dpiajlodhlnfdebpjmdgmcognmmjmnia,1.2
ifonhnddkdpinlpcbheaffocmbgblegj,1.1
imaajdplfdgfjcldnohnkkffblkfkhpd,1.1
aibpcidebgfboelefbngpfkhapmjmhfb,1.1
pdadhabggldlnpbcnlipdmkkooclbhmo,1
jpliljjcfmgnmefmiamacjelnkdaonof,1.0.1
adglhhddohjoijboeejfahimbkfcdlgf,1
dpcfhieomgcjfblkklafnjfgcjfneflm,1.2
bjifefjpdoedopfbchdhglefjfleadnp,1
bocgjecbimmjgmaaliaofkiijjgnbfmd,1
ocnbaphmgmcoocnhphoepgmjlabccglf,1
cdmlojmggedehlnblhffcaldnnnelabk,1.92.0
ndahelfnlbeehieibjgpemfgpbjclkfk,1.2.0
ppphjnmebhnnacpcnlkpdncglojjjgcc,3.3.5
mglhadfabfcacjfhiaicnkgekohfkelo,1
ebbjaacbhnfdkehilokafdfjgeohpohk,1.1
jccflkpcoilgkdehcmbfbkfihgciibke,2.6.9
jbafjbkfndkjijnapmpcflcaemkfaenj,1.0.2
hiplkjbejoofacjepahllpomdpmoidld,1
jhkebhjcmlicbapbnicphplfkjgefgia,5.0.0.0
fcapbielokpkafakhdagamlfdfepndig,1
mahhmdkgfbhnpecfdgogjanhbgkdadfa,1.0.0.1
climbaakcepcmjemacolakaffhofdkmf,1.1.1
lhbpkgpeibblobhbaadijlnfpmpnhkmg,1
lglglmlddldokhilopggjhjogdicgbfl,1.0.0
lelpekekkpnekfbifmjgbaejgnhglpgn,1
nhhkoiagcpfcdkdpchdibgogeibnnccb,1
cbfbidnefjepgeondgbmgjnkedkjphje,1
iifmbaficppjfolfebnnffkedbjgdpdg,0.0.14
pkmhagomllecocoifafkbnpfhgelanfl,2.5.1
adcogalfkdcbmdoicgcadaeanelenmbc,0.0.1
pchmaebphnjhgghjblnihmpcdemhcbna,1
fcmcenkegldpakobpdceigadeofibgmd,1.0.1
idcbnhhdkjalehjenoojdajihpngjnba,1.1.0
lpheemalhpelaeljfnpoidjacpnlncac,1.0.3
bhmcfcpdgfmfnipnejkkcknaafjobfbb,1
cmljhcfcdhjnajbebkhegddcgamnnkdm,1
iccpbmdajkcoeljgomdgejfnblldgljd,1
ccclhocabbpkphbggcliklbofdjkfana,1
lfhoimcclaoglihoklmhaldheegdjond,0.5.5
ginihacklaoihckoggepnanioekdoohi,1.0.0
lbaacjnkaadnellhbdghaobmnifdnocn,2
hgkljhllnninlkekohiacfgifkdjmklo,1
epfdpadhccmkhbdohlaikdchpfhkgmii,1.1
jklkfmjjpjihlhebpmcokmhcmbkjljje,1.1
gjdabnicghkhecphhgjeoocmimajdlko,0.0.1
maaighoeojoiecknlcnnmchnfpabjbpf,1
mkplgofnganmjihienobclddjcnhbcof,1.1
oomgkkjolhkmmonioikcllfggicdpfbn,1.5.0
cehfekeogandiciflppeldcipmhomhle,1.1.0
gbidpijelaamnlieklfgjjoceheiohaj,1
adbdkjjfnelckhbelpjlfmjicbkiidlc,1
iciebngoaimmolpjoggceddmmkpkbndg,0.3.3
bpkpcmkponikfbmnkemhmhpdfgcjdfel,1.0.7
mfbmajfcigeddgocebbcppmheongbjgd,4.0.0
bkljdgddmojlkceofmlbkefglnhhhegg,1.0.2
lndnlfekaehkmlajbldbecejemcngljm,1
honmnhcgifkenfeiokakalbdflppfmib,1.0.3
fgbocmcmjmdocekklikkfpneegbehefl,1.1
maapkhngkfilakbpbalchhfoofkkpodg,1
debemmbgidhgnfjmpjeidhpobekmejdh,1.1.0
hnkggoofbpnfeajddlgifcdedgbhbajh,0.2.8
oifbgijdighiifinlcbiahljnkepcjge,1
fjalmhkbdnaiphidomhdjkjjmdelfodg,1.0.8
lhchdknodmiopbiakgflkikhkdlpajpj,1.1.5
ncgedmdjigkoggpjjcnapbdpadnmoang,4.0.0
cmaibbmbgjkhhejaelbpbgongkiebocc,1
lafgpmfmmddpbfehkfehpgjiohfjmoff,0.1.2
bikilnianbekmjmkmfdnmohjippakjch,1
mnidlndgekjphgonmenbfonnbomakeao,1
oolfgipijgkhkopmiaonlockdjjhdklm,1
pgampojbecfcfnkggojhepcoogpjegjf,1
gohpmnccelbhgecgicmfilhnjpnkjofk,1
icekjlmicecbpopkndngofhjklbcpcgj,1
jmpbahapglcjkllhpokmpdgneedkdgec,0.1.1
lmieoiichadcchmbfjmgdmlnmhifogkb,1
moiabojhiimnhaldjmlpibciggbgkijk,1
djfhifhkfcijkmgldjjiiildpeocooij,1
mpdneipdaikjibmelghppcpgfefdnjil,0.0.2
iknipmehgfgdcoohbiihokoliaadhdgg,1.1
glojfajolghmdlhbnjnlcjhnfefacggk,1.0.1
fochkekfnochlljkekaahmdbbojdchke,1
hlgblcemnnemfljecookdnpadfbeckjp,23.7.364
jclodhmageldnomdalllbjlfcecmpdeo,1.0.0
mdgcadialpbolceppaoojgnbkgnbihak,2.0.9
kpckbapoipcmknedpdopcaidogbokbfm,1
anbjmokjfabalnbhebeegdjkjlbljmho,1
dalobofpkjdfpacopcdmjlgnmgbifafi,1.4
jfhapjdeegpejeplmjnpiphbfkmcaeig,1
haoagedlkgomhjcenfahmhagpogceief,1
eogjaflnmpbffdccgjjmggjecjkblejm,1
nipkpgbjpmniclcfbkoojmacdaagmgeh,0.0.1
jihmiogiifachnbiagafjbiidhehpkgc,1
eeijbplimmbockkpncapkjnciocipchf,1
hccfkkaceokdbcbppldkpkmpfalcleeh,1
gbfglpjcbmhcjjpamdcndmdapbdjcalb,1
pcbicmbkbcejefeldggfnokhmmhmbflf,1
flnchoeojdffnhacaailkgbchllohlnj,1
iaemdpdnmdkaphnmcogmcgcmhhafcifd,1.1.0
cfbffdcooklibppdkabmhcigoiagnpcm,0.11.1
pppdfgkfdemgfknfnhpkibbkabhghhfh,1
dggmbnlpknoaclafgocccdjafgcmjemo,1
imbdlpipkdjhcbgchnpcjngpdakaaapd,0.0.1
binhipaabpabkpcmpokinfanlblndbpn,1.5.4
gcdifeagendnacadcmfadljjcnoclgfj,1.2.6
koaapkfmbjglijdmglhcnehnpkaaicmn,1
mobajajolhcmpeahikajngiamemfnkpb,1
bfeehbijeijhgiolahgeipcmpmkoighk,0.1
lodgfgjjicnajmbnlgjkcjipjbinpifn,1
pkmmcmgajjljjckmaooankihpcklkdfk,1
glllaifiggcglkfghngbogfodjbpnmgf,1.1.0
pclkjmdgokdeeieinekphnelakkcefjd,1.1.4
gmpnglcmmdkggpckmoeemogmoajeohan,0.0.1
bkphkfeibfgjlilaoaadkfkhdolndemf,0.0.2
cpljcmekhchiblmjomkpkmofebdnkbec,0.0.1
cdjgjimnmcmlfloncbfmdmndncfdjpfi,1
hbfhheegckkghcgcajeeklgcaffoioab,1.3.2
mbhmacafhbneeeedhgnangilepbjobdi,1
lohddlbamlcamdghbieoebkknejabpdg,1
mcenjmhjcnejgbllemkbjhjkjfjcicaj,0.0.1
gggmkfkahkholeljogmlhihanjdbgimn,1
oaglngkelgennhneghapbifmmmhkkcjh,1
hddgolddfnlmihnaaciickplpdohcgpp,1.1
abhifngalibnkajbjibpgfihondgpmhj,1.0.0
fdcmlplngbjlllfkmggddebioleinhkb,2.8.4
lhnaadfpcdgldikcnppfpphakjgjopgj,1
gpmlbnmhfbghmljdflemmgpdmdjmkkmj,1.1
gejeiipnbjigipnigmdoagenpclbgell,1.2.0
halpbkjnlilnfapglacnahenfmnecoon,1
ccdiadjemmmmddlfnpikikhjfmlpffam,1.3
dnmbkipdfbljligogamfjaehfiggkgei,1
fmmgkjjhcbjdmplhdfkblbjdiddppnnp,1
fikjdiodenbmdahcchlbjmeegpfhdoeb,1
jaijgkjggifmhbnigieghadnecapaaij,1
hdimcgdlfmekbbfomnfhlfimegaigneo,1
kdnedcpplghodnmigfbhoceidjknckdm,0.0.1
gkogaplfdiecoheaohmmipddfjjgkach,1
hbaamilhgknggfanbiceijijemigbbah,0.1.2
hbghfkabaomclpcofjbokbnigcocfdla,7.7
ecllcdnipkodilehakpoedmagddkoalg,1.0.2
jkgmifcomadbdkmnhindmccmifbjehcb,1
hmjohbnbimfjaakmlmnjehpmjbfbmigo,1.1.5
kpbjjpamfoiihlbhkcamdmcdmanggfgj,1
jmfdchcgihlmginbmebghipjpoclcnlm,1.8.19
eikfbkfifafganccljemifmhkmbbdldn,1
bpgkbkkjcfjjlpnhjedphdjiaoabcomn,1
fnhnelbljekbellhnjabgkebjnahdkdl,1
iapbcdeikkeacpnggnkfgfhdldfnmdfk,0.3
mafopnkligllbcloklebimkafmdgdfbn,1
cddnllbneniedcedfkcncpngpllabppb,2.3.9
pgiompogeiagplnojmdjoehienbmkfff,1.1.0
fchlkklfiflmihhlabmkkcfbkdfmemhg,1.0.4
pncbiafjgailfmnpbdoihhkgaongceie,1
adfdaniofiemechceiknkgljdmdmipmc,1
kepemnggomplkoegpghjpmlnkdhjfdan,1
lbpenlomjednjhhbdefelkmaaccljelk,1
kpciboakomdmgekpjmlaingcafkengif,0.0.1
jakemfbabfkkndplknbdaglnleaneofl,0.8
hiajpbhahppmpekjhgolnpagdciakage,1.0.0
dmgiddhnhepcpfehkdcnjejbdohjniab,1.0.4
ohcdbndejfppcjpoddakbpandmknndpk,1
idllbapencbndaelbimiiefofchaknil,1.1.1
mmpkpcgffdklpdddmimgdkofpbmopken,0.12.271
ogaahnlmopiadkbiolhbomlogbfpmofo,1.0.1
ljgfphfgpknlmgdmiaeabgcpiaiocaod,1.3.7
gdifngmcldaipmdekhjmbgfmaklgmcna,1
oflkpjpcmmimbhimiohkkgehbakecjkg,20
gppfdgfmndbmgoadbmcnapbnlkmangnn,1
benbhgegiomiocfphhmoidgnhkheicla,1.0.2
hadjpghdfkbepfejeeibcgmblebakbge,1.1
mhejcjophalopcmghijjoipcgkifbipg,2
cbobfpamebglhkemlppfhbeecdpneodj,1
glbjapamhdfjlphclflpgnidfoojobdi,1.0.2
pfeileejihlpaabajekalkjhgfmhedpa,1.1
dmkiclhannhkagjghdfpgdjgaadgeaed,5.0.0.0
lkdfphgcchemjlkgllecdolcpoiiommf,1
lhnbejcmjligndoalgkgkojieflnfhgp,1.1
hjjmklnohieooommibidleadobppaahp,1
mkopnoaoeklhogahejpeckecfnmapncc,0.0.2
kjibcbliaipalbalbelcaalocepdgckk,2.6.8
ngalpnepbpnjejeidffjdjjfnchkfieg,1.2.2
mhoipemindcjcofefofobbohjjfelfkl,1.0.7
mnnnfgjogbcdbmlpbieghlgplfdjjkch,1.1
meflcjdimpedlmjalcnjiimhmolejmbj,3.1.2
jojgmbkmipjkgioamnmgclddfphpalmj,1
omomlikdjoapckomblleiegagpjjillo,1.1
kagabineidmdhgcipbclilpnmcdkinnp,1.0.1
dinigoddldecpooehphefanjkjeifjpb,1
hnnolcknombhdbboddpmbaggknilgikb,1.1
clnmonhkmpaiompaeeodhapomabicbfg,1.0.1.0
fiicofllofjkcllcecpopagcfmahhlpk,1.1.0
oakgfaffmgcgioibejlbgapmolddlend,1.0.5
dffpbpokjpcdenlcdfikaoefeacopcgi,1
ebkhdpfjhjmpalgdnfjmohmnjhgfplhg,1
kdpjlapllejegckdmakacjfbdgmdbnkp,1
aagkajbjdfinlpmmlnbedjiefjekandi,1.1
kkgbepbgnknalbgglonjplpkkemojnbf,1.1.1
nkbkmfnheignncgnocifpkjgeihbmipp,0.0.2
ckkgjaghiehhenagoecahjpmkkegidno,1
bgioobelepnoiijkpancbnncjjnldfcb,1.0.0
cbnajhlhcakakaokbneeplgepapaipnd,1
ichgphkplgmpgiofbiiacjnebdfcknae,1.1
elngcknaloaegnaelohgicoafmllbhff,0.9
nfajdnolbenhelobpabmlneapnpedjin,1
mjeakcolobacjhnkhjjcenggbahgkbpo,0.0.1
kfgomgnigiobijamnnpgckojgkhmoigl,1
lokcaiminjgkcheeafahmhfmanobfeci,1.0.1
oflmmkacholkkmfllfgnkdbpfnlpdnjb,0.0.1
cpjanhbijeojdljdodojkghihbigpccl,1.1.5
cehlpalhammhcdhhmmpcfbfkpkfniejb,5.4
bnioccifkikjbggcgffdeiihnoelplkh,1
facgmclhmlhdfchaioagopnaaloffneg,1
npogppgpndbjhhkbjfocoghgojaehmib,1.2.2
pioggpgadlgbmkefgbmjmngocfmgkgcm,1
kcdcfeoaakfoicgdklpgfifflbiifoek,1.1
ggblcpaimcljhnkmfmbidnhoelmpebho,1
nmcehghhdjkgidhphcjmdaonjdkcoppa,1
obolgmhdjcolebofjmfdoakjdbffhelg,1
jjcpikbbejoeopjfbidpidelhbjmigag,2.0.18
lahfmcabkcpppdjcnompkjlkihcmpimk,1
lhnoncacfichapkfabfbiipapfnhjnad,1
midjkpoapaplineklnjcephklcelbekc,1.0.0.0
odpngncolllmcdongeemolmjmkojimhh,1
cmfjgbhocmgldkepodnpkjapmaldeafi,1
cjfdgjkellngipjgeinkapoljllkkljg,1
fdalcnbadnmeabomlkpanclniielmclj,1.1
eaoogkkmhcbepdmjdonbjhdikglglbad,1
ebmchmflpjojklknflihbahicpjnncoe,1.1
bjikbmdhbhobakbbjicgapmemmcbfnak,0.0.1
nlhmbamcakjmbcihfodbbamkdbbgoiip,1
fcbdopkkfaffhdlligebfdcojiamklfe,1.2.0
gbkkobhpkpajodcpmildkjamhgkcbfbm,1.0.0
enemjpdjihkecbelogdampnplhicodbc,1
kedlejllmjccaifnphaonbmfhdpbkpjj,10.0.1.4
iameblbinbdjmpbmfcjnccjmjefffpgb,1
ecjcpgblkpocbnpgcgljgkbpankakkcc,1.1
dohmiglipinohflhapdagfgbldhmoojl,2.1.0
jeicmhdmnjaacjckbebpbimeafepkpen,1.1
hnbckfkjpcjdjandoighgkapbnmdfjjc,1
nefileelolailpgclakbjiijnepockpa,1.7.2
kbofoeeakckpdpamfgejlcegnfbdhoog,1
lklikghiehhpkdejhkgeaecepfncblbp,1
lpkfbndjohjddnohjjamekdblfpfccki,1
feohhfpgcgleobckahekmjcmdglcbmgd,28.3.2021.1
mjdfkmjcekefkmoppifabajbnogfieil,1.0.2
fnkclpehoomeibicdcgcdinmncoijnen,1
gblooggbhellbdcpdfapgnimlckabgdo,1.3
bghckiieipfdpohkfnmnbfcenmchlonl,1
nepdikmnikjdajbdebhcppldpjhghbfo,1
aaolggglhihlcmjgeimmnfpligkmindl,3.10.2020.1
pcejefogmfbpgdhlogcblbmhfoenbobm,1
ldbgbgmkamfhipjdknbkipgcanllpkie,1.1
fgcidcflfhkklnihiblinebpbanancgh,1
ikkhmnolihpdfanefacanehfffdjmabn,1
pfgafbckkjkdjppjcalgfaigmfgjgald,1.2
odcolhoodjdjgkfkbeccbojiiklenmml,1.1
bmodapcihjhklpogdpblefpepjolaoij,1.4
gbhejjdhhjaabckeeidapkpellcgpbbg,1.1.1
hanhgccmopjnfplnmmgghffeobgapgep,1.2.4
mhpogbeoidcepkgmbdkopminmdidmmld,1.0.12
gfkccgagcopjcfpjjllhpleagbgcpphm,1.2
kdcdinjjgnjhbnphlpcnklohjdkimjmi,1.1
gnnhlopnddegcehgfnkcjfaleollgjno,0.0.1
kndppopomliaocfikkjpmkhoegfdnafb,1.0.2
jbekdieijpdppgeplooiagiacciconlh,1.1
pnbjchkgpkdpeaodclpjcmnpfmbdlgfn,1
hidblpgdafbkjfnkmhkpflikgbmghbeh,1
mkfmmlleobiimhfpoelclchndnpffgfa,1.0.2
pbofcclfgpebhnbjdpckpbdjmkhbjecn,1
pmdmeffcgmhnfaoleflhkihmlgiajgkb,1
noffikdhlcmepkgiddppfibijcmhnmgp,1.0.2
hedlkmlldkopchojapphcmlnhjngmdnl,1
jafgajfklinpdammkpaiggklbeekolom,1.0.0
fccljnnloafjdajfdnihpommajaieicc,1
lloeaimhnaphdejeldmcbdnaehomecke,1
gkhlanmdlhfoakfphiacmipcoadchjhc,1
mklkojmnhnemclfbokgnbbjobiamobhi,1
dahoidpbcchellmnamhmpalijklbipeh,0.1.1
jmjgebhgpodbgccckjnljoakcbiklofh,2.5.0
chjhhjkjfpiipdegehehidcdecdedgaj,1
mepekifdnbjgiadfilkmcgggjhfpenaf,1.1
oiacaneeofcicjdbngpikcejhikfpehb,1.2
hnohjhdpnjkfkemnfmigjdelpedajigh,1.1
acnfbkgjfgchhabcnkmlohommcaoplep,1
bamoiglaejkphbekeolkbndclhhpkhok,1
amkngnmpkicmjcfjlbdlnlebcaoejolb,0.0.1
hebjiejbfmlhjlnfgmdfjocpkhcgacjp,0.0.1
llhegphdkiieabbmcjblepifcckajmpn,1
eigialfnpbebjdbifopcehgdpfipbocl,1
pkgmbdjghgbdpcnjkpnpilamoiopbobn,0.0.2
cloedneamecpkmpdhdhompdnjeighajg,1
eonaohfkbihfmblhioechloboipnmobi,1
dlfjcfimjfmhbplibcjeefbglnnnlhlc,1.54
hlaclafdjndjgaaoemmhmlmncekiapcg,1
bbmdgmbanncpgiaikjajmedkkmenbhhb,1
ddiabahgcomniekijnipmcjfipkidhle,1
gckeinaemakjllipmkjapfkpiimjpcla,1.0.1
kfhpjbopcdjfhegecgbfogdknfdgghfi,1
nljoccbhdgdalcoggklgfdagajlpjjnk,1
egklachgkbnpgbjpgfokppojjaoepkak,1
iajekaiepflegijenkpkhphdapedgndp,1
pgnefkpnljfhbbbjllhkmaokefmgfdea,1
laddcjnhjibmiaemcgpamikmlkalidpk,2.6.8
hhhhdjncldiadmngelcpiimmeoalekhf,4.5.1
iincmkhdnfohjenncihahhjobogaomgg,0.2.0
begehhojhlmclekkdbebkbckpjbaclmg,1
nkkiedefhgbpgeocacknmfofhipgikki,1.1.1
pgcgjdcgbclidjlnmnbkgjmdadnnpgac,1
femdgbkickimoncjellkfbiihpojjkph,1.3.3
mcmmcjjbleekcjlaopapieinhgpppdpc,1
caocddfdjhgdgggaloilhhafjlllibgl,1.2.6
pmohnaiahncoeieipjlkipbkkkplkgnj,1.0.2
cdfcfkfbbmdmknoknbfhehbhadmbipjo,1.1
lhpmndkdopmoolghfngeeolkogmlbdok,1
lcpbaadkjeegopkoffapefeffhdcchmf,1
negmemcobdfgamkgcldgbddbnclhidff,1
galjfdiojpcglgfekaimmpjmepangfod,1.3
lbedbcneljllgckgmajlafbfojalggae,1.0.1
ajnhpflhfamhdhnegpbeiajbagcjeopb,0.1.1
akpjgdbdlbggeilppkjgplocbnaancgo,1.1
bcleiklikphmpekfjhnamihliccabnjd,1
gdgfefnhnfjbmeclgjajkggmoodboodp,0.0.1
igccceikejipcjceglgkcebgmcedadpp,1
flndjmlalhmbmomgchfijinmncgpjfoe,1.1
eaomnbphpcolnidcibimdpbmbofljmdn,0.0.1
diomjnchiiemjbfdbefhcahopedjllma,1
hdncjkdmdffebngeblikceenmmfhkglf,5.9.2
ppnididgbbnadppfajjcheggdioijmmm,1
fbpjkdccggfejobdpoehogclgkjghcla,1.6.3
ojebcaagedhekdfbmakllkdnlpeemmgg,2.15.1
jpeiaidnfgiacklefgcklhbhehdadbmm,1.1
goajfdicoaknikbllnelddfandlnkjje,1.2.6
encgghplehamndileajpfnkgpfndahcp,1
llmjkahdkdndnikmnedndgdfbmianaao,1.0.0
icikjbhbdifkfgfhcpneakphckbeahbp,1
mccamnoobbakombdilmmghegbpgchmpd,1
mmlggmilkfigkhcphapcngjankgloffd,1.1
kjcepnmgabhhjehhandhhpjelnbeajgm,1.1
kdggccedfjemogbfmpepegakljkhghpa,2.7
npgcihbekidngmmaanddkbmkjbamoege,1.0.1
dokdbkipffhppogelcgjknanpfpembif,1.2.1
mdcaelchhbgmoljccmmoeaooofidikgi,1.1
lnknhaiojbfpehehljmmhcncdkihljfp,1.0.6
kacldcamlpfoklhagjhpccjmpkcdakcd,1.1.0
bkmiceageahcdcmhbjkpkcblhedkcadc,1
homnhbjnkeinonjcndkkfpeohemkfabl,1.0.4
plbdecidfccdnfalpnbjdilfcmjichdk,1.2
glchmefjafgblfpnodikgoknahkekbmc,1.2.2
jegmafmjppoahmdblhofnpdhdmfihnkc,1.0.3
pcifbmllnmaagjoffdljcacdmpepjhei,1.1
fbbbhojpbkkngalkeipladjocbbdeefh,1.1
fikeeepmgekijiellcjplbklnpppcmin,1
pigofnijfbijpokkjodgkddgkpkhihhg,1.2.2
kokeblhmofepiecmlaoembfgobnapaid,1
bijnochligdckbemlobamdjmjldldfif,1.0.1
aiikpmbhmgnbhcfhidldpcbgoebidogg,1
dopcjefnfjoeojgjpafpjaknndkdmipg,1
ieplajmbholijiohhajcplabmeeegjib,1.6.2
habkoonlakolmlhnnmbiaiifkcjolcgh,1.0.2
ncgojehgecoeliiejienekmdcpmgoclg,0.5.0
cnigokkkhlnakbjakfeegccnjobhnjkn,1
jbkccnddglifpipnmbmnmefjnlmoolid,1.0.0.0
inchinkipngaojfokbilmgnijgggjgei,1
mkmblnoipekikmpkfbnhaapanheabgbh,1
lpbinnnaejafljddaoedmkbnoicedpbg,1
dmfllbmbcblfomgcijlbdjgcbkdofhok,1.1
nabhcfbaakelgjpolfnjmobaplnlhadf,0.30.0
ahlpbgkkenohfimkdepdbpgmglehncjb,1
gdnmdokmedlmcijbcfjnmihljbekiepe,1.0.1
dklidkocpigljekkpjbmkmnapobllcda,0.0.1
laeoabkdeciejhkelkfjpheedcnlihpp,1
lkobpgbdeagcmahcolmofndeaekjapgj,0.1.0
ojngjhlenapdbhekmakbdnmnnmcpkijm,0.0.1
blfinofbbnhkoohemfjidjdikpmaccan,1.0.1
cdaalnpkpljkmmecmlceghhognlpnljl,1
jimokbpphhlfmhkigllcmoikcjlhlbee,1.32
jeendkomjjjjbmjcedgllheoofipldno,0.0.1
djdepdjmmgjmlihcmiopibiehgcfpdmd,1.8.40
nahogaioipjfohhbhamcmjoeocjedidj,1.0.0.1
dkcofpjkdbjineffabfaplbdjlgjpeje,0.1
djpdefhojopddagiepbnfeondhobbeic,1.1
acjibfgegjdkiibjkkgmbkhfaajlkphg,1
imeifjjgcffnldppgnaiejiekdohgofc,1
iohjnakdlfgmgeojbeafoabkpeeceegb,1
cillhjakfcmnkgmknampjnpodihgejkb,2.4.6
aejfpimdbppcoohefamooacmgdpediae,1.0.1
pelecdfbmblfjedfaicnnmfhdloabbgm,1.0.2
gehbhbcpbdflpgllkbcaneohdapllgba,1
bjpiahpbajlcgikjmabefmhmininoieb,2.2.1
pjpoajbbegmfefkhdhfmhjdclijfpnba,1
neoondegfkcompbdpgkljoblmmgmemil,1
jplpoeaindjfhmdifepjagoipjdpohmk,0.0.9
kiocjlbkdegdnohhkbbjggopmfieimmh,1
kkaljlgnepofdjnhlbflnkkbhjaojmjn,1.2
cohibhlcjekfggcmgfodnpnlfnjjgbbd,0.0.4.1
aacopjfidaiegiodgeogfbpahinkande,1
iofpehcaopbgakhdbgnfpednhioahajl,1
mngikcmlnjgoddfgaiffbibabgaeikco,1.1
bgbbjankpahnfcningjmadmgeebhghkm,1.2.2
fdbfelemfbkflgccilagelfaalbfchgp,1.2
bflpdekggobcninjkhkaddaghcdnigkn,1.1
dkpjgnffgdmgkdmbhjijfachdokbhcip,1.9.1
dnfcinnmlpfcdjcaajemapkkcbfkdehf,1.0.1
fdefakhdghenojcbknidkmijbbgafkbl,1
cgmicjeanmkenfbomkpdgjbnihjbeejd,1
cnjbkbdngccfabppfjloedkhglcjcpdh,1.26.20
kdnmeedimlbdalldkndhobolhblpfcha,2
pdgghfndbkndiojjojcmbkfianekifna,1.0.0
eikhfdiglgdaepeemeccdldkeindclem,4.3.8
bnfahbhjcfdpkhoomhmjcejmghgjhkjl,1.1.1
aebjlpcccnaombnofcdjbfckggbfjgdd,1
fbgaomdpopmhniopbaemlcagilaimhip,1
adibcoagoelfiibgifnfhfgfcohidonl,1
ikbalgkhcopnaaflnbaiobdagjainhhp,1
ncdnlafmollkkdfbdbobdnlnocikbpfk,0.4.0
gkpncjgcghdgljfldlinilibigbigpho,1
bjmoleloeodekobnohjihhiemgbfempg,1
gmhidjnacpmnadbekkglanalplfonhmc,1
onlfplekhflgkkahfknbomblkbodojin,2.4.6
hpchcnmeoccfameafffmifkbdbeoofag,1
goifbhmncoajfimiecodpehklnkcehch,1.1
bhkfjkbnkjehhlglaaecohcdjobeoodf,1
cpjlhabpbegnjogmmbcfhhdffkecfffd,1
ebhlmcnbmkgnlaalaiiljdbbojfigemb,1.1.3
pghpaiiokhmphkhhdbhmpmjbkhhhblke,3.1.6
pbhipmpcckjkblceidpookaaedlpidaj,1.1
nkmcaeodfhkfhcacgefaegmdkjciapga,1.3
fgppkkldgmcnjnpmjffcfabnjkgaepnc,1.0.0
kbdlefgfhheighfenfhgipomgckphmgi,1
gcfggfleojmgglmedhpfgdoppgklcgph,1.0.0
aphdmhjaccgedbhgbhmfgdfaoaahlagi,1
lengancnlbpheodahdkcepghapcjdjnn,1
kgegfhijglmiffddflidoihamhlokegp,1
hbialniicjlbeipffehpbbocmhhcemec,1
jjpfkjccnffenghifhfonnompbbdceeo,1
bbmfbocilgfeeicmeldeiemhbbclidhl,1
bnjmjingilhanbfhegcpkikbdckgmocl,0.1.0
miahmkbnoadgcpcgfpgbgkdedmglhfah,1.0.3
ldajdddnfimcmljiemhoocgjennpdcml,0.82
eglkhncocjofalhffmpfkgefekojnfbn,1
gjopdjfidpcbpfhccplhegfjioecchlo,1.0.2
jlbepicjcmojhmbbnookefgloeoppdek,1
clbkjiialomjhjocomffbeoioglgindh,1
ggdkdjaofcpofbakfcpnmhcgnifbmdne,1.0.1
dbdhgpamgifekknmfbdoonfgpcahebdo,1.0.0
amgkfanpjpnjmdlmenepnmdccicebihg,1
olpnaiaecjeapkpeaejdenchdpnmkjaf,2
hhbiobkaelheecnkfiknccbjijiilgia,1.1
ojnbfhejdpecmddheaomkiiokcpnkheb,2.18
mclbaeknhehdannofbdlolcfmpcngbmh,1.3
ajcacjnmmkbkpibaehiemlcenfhlfmap,2.8.6
hggddfoleckfceahblelfmmmkljeljik,1.0.1
ldkaiibcdboblfefnejphmeacfeobeff,0.0.1
cdekckdjepeinmaobllmjmacpgghpkhk,20.07.17
mmcfbgocfjfcocojdkodkflkhjjameea,1
bmbihkhfmlgnjifgjilaoljfjdmbmbig,1.0.0.3
ghpbfcejgcmfepknnndjdfaeoamikafn,1
bmckkcheojlalbgnilioimkiokclanhh,1
feglfddhpnggaiilcnegjaeldidplpcm,1.0.3
omnocjgnhfmjbelfimpkbobaekbfcnno,1
iimndjafphfnhmkpacapgambhgndoabc,1
pofofjmkbnegfmokmjphkifhafhojngk,0.0.1
inbpbcfleninlccoplnicklolnimcgch,1
jcanchffbmenngnkaocpheekjeacfief,1
oibkmcchfipmfodmplcgdelmmjjincbj,1
kebfcdikpdlcnaleeflbkiimeipaablj,1
gkgbeilnpmpfdkpojijmilmimpmnkebe,3.3
ifkpcpmdlbgljcdnajoiagpjhfaemida,1
fcjbjhjacjkddncoegoiolgdcieipcdf,1.0.0
lgnpbpfnpoednbhlflbejfiaimomajjn,0.0.1
kkbnbdomboaniafojabnlpmpniimbblo,1
apcdkjdklofbhfogljnfhjcgkimnhfmp,1.0.0
ncfablofabdclgfaochlfbokcgogeonb,1
imopgekciglkgflhodpnoincpbidjmfg,1.2.6
mocmenfdgingikhpgpkekdkcljnopkbe,1
ephebanpmnmnnoifgijhbdjbfjmnajlm,0.0.1
efjhldoknkhcekbhkfopclbgjencdibj,unblocked
fpgclfjhlgkgbcnomfbmggmoakhkhgbj,1
fnhbmpoebpkkbelncechjidhofenlbma,1
cekgdjgimpnpokmdddhkmjgcleadkmon,0.3
kebabjlneopcdbhhofmhapnmiabmnjjk,1.1
epcdngpcnmpccoompafgodghbldokgob,2.9.6
ofgdkdbalkiolkidlginbnblpaadjhpc,0.1
kbeadebndalhjkdlfchciblolifapcmp,2.5.7
jeleilepmafnahkidcbdjjlhnbjiiblk,2.6.3
kdffbfgnebgkbhmdpkfgklemnhcjmcdf,1
befbdabdbkfmobkhkjfiljdpgpfgabdp,1
gcheafmokgdpagfcjalambbjdhbddfjb,1
fppdeimcihcogalogklfajoklhnhfbha,1.2
dciiladanhbllphjofjcmbgfcdjihpja,1
mfpdnfaibfccokpilgmkbgpapkdokofb,1
cphlpgpkekgnchaphdmmmpbaniloghee,1
mkdkfgeinakghfnpfhiecmfceefggekj,1.1.1.4
phfhbkoaphigjcfgmiamofolcnmcpiep,1.1
emghghngjdacfmhgjegmligkpmkoipdh,1
plejjmkhjoeombkhcnkcpjihahnflkdd,0.1.2
khabnkbfklephnhcakdjanjcbpielogc,1
ialidpgkjfoblldnmjnfohpfmgkmelcl,1
nbepnjogdjgcpdjhnhjgngoaimmhompb,1.7
mennpmbachfkegaoiljojlkkcphnmdic,1.0.1
epnibddmiibhadincfolcmcgbgfmokme,1
jcehlahcjeagfpdcljefegehalholldc,1
nlbmneafdinhmccdejbbjmalpbblaohk,0.0.1
lhopmkfjkjdaehghooppodgpdknednfa,1
kggeefgfabhcepjmcdbbgnpnpjpoehbb,1
igpmnelickmfmkidbcbiadmflfiioold,1
njmflamncnifnjlapemaeijdibflkpok,2.6.9
pabflplnjpkjbpmjjlenkajlohjfcmgk,1
ijdikeeplpmkneeabchidggomoboaadm,1.4.7
pobibddnngiabbogilfdkdjiohjkjhdm,0.0.1
jggghkpbacpknhmlpokhpgfdacdnejhd,1.1
acibdaenihfcioaohbgbdhembcahkcje,1
bcmeiekeiebmmahnngkdlmbecghchbhj,1
genebgdnccgblbkdnhplijpbijkiccda,1
ghfdpjogpgghfgmjaebgogcgmanjjoof,1
dgnaifmgjllenjpbofdkefkiknglfiko,1.1
ibgacpcioakbejblnpmhgglhmmnfbkoo,1
ajjblbnekebhdajejaemmboahjgnedkb,1
hlciiephlknoeeaofigjblippfhdhpnp,1
edkjigfoomomjmnanfcbifhoopemlddg,1
fmmhpahpnemadpnbilikgoibefmcignd,1.1
mkmkfimlojlgajbdbbpbpfipdjcohjhp,1.1
illbphiplolmkbaadeggkklmkgeibahb,1.9.0
aoccgafkmeepfkiifbofkmbpficlgjmg,0.8.5
epcmgflbpljchipeljefcmgnigkpoihd,1.1
dlfehajdeeboemmfeeleegmkjepcmgmn,1
anbnplhaghkihfmbeemcconojkmofbeo,1
kmfgiepocoelfljbogegjidfnneamdca,1.0.0
cjndmohamfnclhepgchgagkpacjpahnb,1
cabcnhbilamicegcogbbfdbleaochikn,5.0.0.0
dgonecimebdbedhlhpoipkoikojcnkdo,1
ceeeodfpdkjmkfcdbfifidolklckpibp,1.0.1
higcaglfoofogegdekbidcaoidkekdlk,1
ebfebpndkcajabdnjbdmlfhpinpcnjhf,1
ffmfnniephcagojkpjddjiogjeoijjgl,0.3.3
nckeeflcphccdhngmpogcoplhckjakfh,0.0.6
coacdjhhddogcjddkkgbipfeoaplnfmj,1.1.0
mdfdcngkdmjiakhgcnocofggicbampnd,1
okmamcknbnooanhgdmhggiohcmncfanb,1
jobdeajghcpplimjhmhejofiffjhlfjb,1.0.2
poaeohpalmlfggdpllcgeghahdhpnfaf,1
agmfapnglfaieejigjjllgeachojpjlo,1
kkgmdjjpobmenpkhcclceelekpbnnana,0.0.3
ajkhdboapclabefbapoigbonaldcbmaj,1
kaloefbkcmihbdoimeajgfpcfdaaeljj,1
mhbdbhdkkgenecehlmhjcfpdjpadcdff,1.1
okedioahejfkbpaooagpaklogmaghjae,1
lnfkicocdmkgjiomhcbjhhmdgknnpjgm,4
lfcpgefamknkeieibkdpobgcdeaiahkj,1
ckcfkaikieiicfdeomgehmnjglnofhde,1.9.0
oogmmiicpccjpojmhfhicdamdhdinmkp,1
dhbkflbhcaemacpcfnnfaapamcpjmdmb,2.14.8
nmgmbbpbokfgolahjgohkfgoihoagnbe,1.7
oepnhigknccocfffgiclcjmjfkmhfebl,0.1.4
fllamigomhmmfdmcgnbcbnbpkiejopna,1
onkaflenledklkbldailhoagokmajhpe,1.1
iffpafibenljhlikbhnneafehbmidiio,0.1.1
cpigbbjhchinhpamicodkkcpihjjjlia,0.0.4
fgnkjhepghpndagaonmjimacjdpcbkol,3.1.1
epgdlhfhepolplipgodbejpkcafldolo,1.1
gpgcdidnndfodoomilhdebefjknhmnek,1.0.1
gjhghikjpkkimnojnmlbbbbjblbhhilk,1.0.0
blcifapephfpnjkkhfohpbehgepkkhga,0.0.1
haobjeeabeehdidkfhemmiamjpkfjpod,1
moiffdbfdjlgihdmlppedmfpjmpghebi,1
lfokfkidlblcoeglniimdbpkkdccgfed,1
eefjbhjncnacglpbaeefjmlajlfjkiac,1.1
bmakddcgeholamcclegoignckaopiabb,1
hmbplcdcoilmapomggclicfeldbfbehc,1
jfocgcgpcgdejbmmahdidnldjbdogncb,0.0.1
pdonealeomoojeceggembbfbmipmjeid,1
llagfnlhanielpgmideepinjclnnmlce,1.0.0
gdkoggdcfbgiaendognejpflkookfgbm,5.0.0.0
fnbgenlnkpfpehhhnkblmlpnpldndibj,0.4.2
jbagaifheeamhaffdbbcjbchlaemobbn,1
bjpfmmgmgpnjndchhlpjcepkdanlcodh,1
ognnngnaeldjbcklplacpjjbkdkefhme,1
blnjkeickjcjfjcmkgjmaomfggddmjcm,1
jkjmgclpelcbdhngmjoinbpoaadmkhmg,1
mecboncmbllikjphmccfnbajenfplboh,1.2
jmhihmoblepheolnghhhmkbjkolcehck,0.0.2
ffodnimfejbfabkkmloghfafjmahejep,0.0.4
lageioameegpaknmegfomnjagbneflaj,1.0.0
pibcmcpbnbjbdboiggfffknhmihlgdkp,1
ofmohndbnhpmilfkgcehdlmhkacbgbck,1.1.0
kmepblghhaekggahoedphlpdddlmhppl,0.0.1
oipbmkkoeljhcmmdgbgnpkeenaneoold,1
ebaomokghiclkaocfhecbfgpcchkfopg,1
ljddcigofgoooeohmhggfebelkjeceob,0.1.7
djohmjjdcnidohgpjdmadajnnoebdnpm,0.9.0
idocgklknohophbffhijghfcbikbhjhg,1
gmldfhhifigkhohighcknoamblmfhmjb,1
dbkjdggoigfkphejkgnakigjfjpkgbpm,20.0.24
didabgdkbjdnfpnkngkbkmcnpokchlap,1
opiodffmgagjhjagikoalkpbjgjdlcfp,1
mobgebnebeiingomgjdiceganhjkpihn,1.0.3
nmcflcnbaglakapbgclfmilahoadeale,1
poablcaeamnklmfgjhmenmmcdkeccnlo,1
ilmfjbokbfiolcfgifhhkadmackdlmoi,1
hlphdaelgdkfjdkbhnbidohgielhhhaj,1
gcdbhghglmkhpogmnkhfhgloimccohoa,1
djieaocfldklaalkpjgkkncmnldionpa,5.0.0.0
fjffdcdhdckkkhefmodkpamjmiglldpb,1
lndebdifjnplkejnkiaoafaeifonpdln,5.0.0.0
nipgmphjhfabaabnebljgobjmdipdmpa,1
becihhdbmhhdklbpbjbcmpgfgiphfhcj,1.2.6
plekbehiaamfadmdlbkcobclflcaffbh,1.1
heaahcdfejenfeiofohfhboiefakhmbl,1
kjmjiepmjhjelnmlllepcejjdlnljjnj,1
mknobopbfeoibhdncbhiilkpnlolbmdp,0.0.1
mghffoldndeiadcpchkkmkgfjilnkobl,1.0.6
diifamfkheggjjocepbnamcppnkbdkah,1
cpoomloanogfpcennecljnolnkppgbdi,1.0.1
hoinndhaclpgoahhfdikdbkelhjnhbgp,1.0.4
ghfjbffhndjidekcibnloaacpjkbokea,1
hcdfekgkbnkgabiamabfmkomdhdfenae,1
goichmlpnadfmbdjpmepfnhfgalibmle,2
kkohedgebhmabcdhimcagbgomcdekdke,5.0.0.0
ldhhdajoimjgnadngpdmpefkjnaaeiei,1.0.1
olokneliiebnhfhpmpbkeeikomhjmecb,1.1
jjcpjnojomdapgblglknblgecnmpjblo,1.1
fhciddaggelimaikphcoibeigamhlnde,1
ldnfippgjggelpjhanfapmidfoekdbnc,1
iejiejhemfcbgmbogjgiolbbjekjkmfl,0.0.1
cfdafngiifgkeadghijpdgenalodlema,1
badlkgclbjlogdijmhjgoaahmekeoamc,1
mlejkfbelcakjdjabcdiplonahniggab,1.3.0
aeekgeheemihbdckkckocecgljhlopce,0.0.1
igdimlcgakcfaognmboehpedahldbocg,1.0.2
dieoijojmgapgpcjabkieikfmcmnadpd,1
dgllegaeebpefjnceokammjhkghghbek,1.1
ghahkaldjnlohhjmnmdieeihcnjhebhm,1
kighnablmbhhmnagbdfeikhiccblcghd,0.0.1
lepciieojdeaokjnofbmcjckbipahoke,1
hoamfibcabebppchneddllokncihfemh,4.1.1
kghkmjhgnpgdfglmahpgdldhpmcaepbf,1.0.1
hcdoogbphgofpobaeceldaehbglkampl,1
iclamhhhnggdhfflakfjmegibgdfikgf,1.6
bgnjfiohmdlbiibpdedhmnpihpnnjjol,1
dnfdgiimgjpcgagogdlibimglippdpfg,1.0.0
ieeldcedghbokhhkfkofchimhfcglham,7.7
inkhhognkaighbgohggjnjgeoebmccha,2.4.7
clbkjjfobnnhlbgmkeneealmaokbdael,10.2.53.40
mifbaokcegkpapjpkcndakkibodhbfhp,1.0.5
ejmfemchnobpkbmnidhbbledmajpehnp,1
fgcnjgiabagbakdpmlbfpjjdmhmoiiel,1
mgkeeaifbmdpmoloobekbgcgmbalmjef,1
gnkphigkikendeeccoplgkpgbbncimff,1
cidkobmhjodefgdnebolmncpgkhnedhl,1
kcmagdokbfhbpplofkkobmklkilgdpio,1
gcloakidhjnghpdfcmhgnchbiaeneimi,1.1
ldogpmflfdilgkgapncbmkcfmjojbbll,1.0.0
likdcgchnpomhmhkmblhhapgfpbmbhoc,1
ioojgallijelppgnidnhhfkppcolgicp,2
afmkkeffimjhnhhkkjaeomlchhkkcplc,1.02
moadmlkmhhkmbbomecbglcnnhnjmfobe,1
lgfnkfgfpaflaohfajlbdcadbniogede,2
jkdjncjkmaninmhjmfcamhddgaohfemo,1.1.3
ilmlpnpdjgnmmmjhlaaobbnhaailognk,Extension 202.5
phhmanfgcnnamhkjkeamljakomegpphm,0.3
jlgfbajhpdljfapolfkhcjpejenghkbd,1.1
bkmmcnikfgbndhphdadggnklaeahmehl,1
hcanlejdgdadkafefmcjkdogbaliakmk,1
dpecgkjpbijicebbginpjdmhbighpncl,0.0.1.0
hdkahamnaanpmmnfiggbpflbgiadijid,1.0.3
cnfipdcmkinodnhfgpomjmdkijmpjgde,1
jccghjeliakdahcpljidpokanngodflp,2
paaeccfoibcldelbknjplgbaofcmnafi,1.0.19
mplbmfdcnolckjbpkikgcanindnienan,1
dggiijnidpemefefejjdkiiphfcdnnki,1
lnmdecpohcoldgmdoahlenmgoiekaopm,1
apbhiehjkgmablpdhohbbkchgjecefom,1
lmdmecgjajiepnpfjjhmdiolmcljkbmk,1.2.5
jdkhhcfmopgnmhdkcoaopabdlkenbgoi,1
bnckomagcfkgbbnoeddhppjganbppege,1
ehomacelebphbgeebibdiekcfnlcjkfl,0.0.1
ofodhcnafikhmmfdhfeohmgiaamegbje,1
dajbnbegohpdodfdlagcjhjmjomkpeac,2
gjfbnkpnekkhfooddgjfapipihipdehc,2.2.90
jicbjpoacbgoedaaeganllpfjiaaelic,33
iahokckcblkcednimkoebkgkncibojlp,1.0.0.0
ealekgljgmecpjdcgfkcgafmkklhckoi,0.3
gkhckancimmcbhmaknjcehnfgbcgncog,1
iafmbjiobknabkmoodgmodpkoefgcgbk,0.9.6
bedplcicdaoeleijioaeedejkjmncocj,1
bmecihabjfmkdngkhegndaeellmolhji,0.3
ppiefihglbbnadnfaaggiichlfdnlafc,0.1.1
minkneghgfgkmmjdaahfobpbeicaipnm,1
kkhaccadddckhgnnahopbadnilpajhge,1.0.6
cnpdeheidadjafminiofeeahepmnkmbh,1.0.3
pcfibiacecjcgapfhnlfagnjhiolndoj,1.0.0
immdiljcakdfblnjknnagghliolkalli,17.5.2
kmdhajihmagkdpgfjkkambahlpcpicgp,1
fiakceijnmfaaiogcajmlkjggdekeenc,1.1
glololamcnfcihbbajncmglcjendnkfp,1.1
deldfmlipclmgakmpibabcbepohfcekp,2.1
efgdlpekafohnfobgcigcnleafdohfoh,1
ldokkbpecmapgmgmiiapjolgnmfnceip,1.2
ippnlbbhjnnmlpmpgeokodjfindmibam,1
oglehojkccolpppaaahcnpgdmokfmhad,1
nilkjggbmihibnidpfbhpcinlalbaahl,1
coecaoinhlofpcecokmiibdlhnplmdki,1.1
nlglgbdkdjhmlldphnpmadbalkbfdfld,1
ihjphgnjajehbleennajnhdeebklobef,1
bnhgclicnmiagjkekheieccohnjdmjhi,1
cecmjacfgmeabmphbgkokeabhmlnmjfc,1
gifbkkdcahenijlomnbhanjobfjkgdjc,1.1
pbjjfocafpoinngafboakbjkdibifgag,1.0.0
jnoapjglehpghoiifandnakgbjcigedj,5.0.0.0
johjdjgmofdangienlegkigdlibeneaa,1.26.0
nnkdfpdnnkmflmokdacelmhdmgldkocg,1
fhkefkkjabpbaehdconfenipdjpgmppg,1
mckhooiolmdimlbkdcokleponbgeiljf,5.0.0.0
dkkcmehpbiefjoghhphdgjafojleafei,1
gljinmgjmgegfmlnghjlbbimcpaopmdg,1
plejehajlnanhagckambbfbkmcinebdc,1
ckklbgoekjojfcaemhgnacgljlfhoghd,2.0.6
obejpfdapcjhbbnfoolpmgainknhgagp,0.0.1
niphamiacgbfibkenmalpamlpmcikppf,1.0.0
cejpjbmipjbibnjcbagjpdliaopfaipe,1
hadbngdljeniagdkooaiefogohaclnie,1
bhocgehbjohgpieibdplgnegkkaediaa,0.0.19
dgdcjilkanjadpjdjpiecoejdlfdbkol,1
ccklolokgbamlidnnancioppdgpegjen,211.89.51.61
kipafjffpahaabmahibbjlafkfbdcade,0.1
jpbkgmamfnkcmmakaoacpcjboglfmhgn,1.1.1
compkahgohmjjjmhankplnpdbomhpbjc,1.1
ckpdgfddembebegafmnmngmnfcjhhcom,1.1.2
ebnbcljbmflljmipldgfoghhpelbkban,1
egkkcihkgmikdkakjkjkjdiiekgoiejb,1
jahdajdplplbjehjdnejnpihdjbagokp,0.0.1
cmcccolhhhikeibmflmhinnkekihknni,1
liocoklanikgibaogimhhaogldcnjpee,1.1
bpmkmoinopdjlbhncejnlbkjageafpec,1
lflmlohejipkceimedopibeimfhganod,0.0.2
hlpgoodkhkmlmeikbndlfjmifdldgmpc,1.0.1
lnfmjfgmgfmmaceheplkmfigcfkcfelb,0.3
gpfiaobgnflpflklmleepmdokimoooba,1
okhiphbijhcfcdmghijcbljnoildfhih,1
ljbcipenhepeipefcpicnbjojphodbjp,1
pdebkmggpgbinefhifopfcpghmijkdho,1.0.1
kdfgbmongengbcmplknofafechpnfgao,1
lgjofcgcapobklilbigmkpkpfppmnpcb,1
ojnmbelhcnhmggbfoikhfomeeipijjll,0.0.2
ilbhhhfkngphliojhndegbffbidppjga,1
nefoglkjljbdfhagkiddimfeejmjhkmf,1
dlnponoiadhboljgppdkdjoadiggjpih,1.1
colgfdnmdbobdomdihgddjoboifjghmb,1.1
geaogmnafpdolhcpkiblhlcelmelfeip,1
obbmnbebbgadhjfnacppkdfmffepopnm,1
pmcnnnhkpcmiehamkkkbebcdjijgapkd,1
jbbklefhcfmboadaeefjkomabppdoelg,1.2.2
jncijpelmfbgiifekffnjcalhaccmgac,1.1
nlidfclccabaghacejpnbofmpghieacn,1.2.0
bpjnkgnabdcdnmgnllehkfgfigehccpf,5.0.0.0
cmlcbanebpjaekopehjjjpljepelhckm,1
bipfagijlnofhjlecdlkcobmdlodajmf,1.1
mcpcnkpdlgnhmnpepncnpmfabgdmboec,5.0.0.0
obhmjanhjmmgoamfpdkkeeglklodjkdc,1.0.0
dikibleedpgcmecncchjnndkdhbfkdom,1.0.1
opmjalbgcbmfdiidljadodpklmnalogk,1.1.1
omcfjckhapgiapddnnmajllmcipjadbo,1
mecmfcdodlldploanboomabdhhgcfpeg,2020.11.8.11
dehbjbkkahfiamfgmlffkeidlhpkhnih,1
lkfhhoohjnkcjccefmfcgmefefegaaap,1
ionfofkcchegfikfffippkeiebpoaapm,1
fhkdfimdedhihhfefjmggogjcmembhfd,1
hhelgajjnnnhjgajabmmdmjkmkcjllef,1
gapbmdadliphnbmfbphoipplbhjofppi,1.1.13
lbekgcmokapnlckaeoaiaigckaffeboa,1.0.1.0
pbfodadoanimohbcognkkjbikcenfcbj,1
jkchijajggofeedoipefepdiiamecpei,1.0.4
onoefhinajaefjoindkgaiakbpfmlfjd,1
eklcnjinikleleikfmkcdfjobgdhdapb,1
ilfjdjkldbobmefclljfopkgpamaolnc,1
ankkbgjcejlkniopibogbapbekllkhlb,1.1
kjdmgpononlkgljlfhfblibjgcgongic,1.2.2
pnlpoemljibjcgiliepmnioaflfkfpel,1
gbjippcdchgeeickgepkonmjegoonjpf,1.0.2
mjblghckhdlhdeinhblilaogdibfahap,1
nnfhagnahgmceidcegkphnfoncmpemja,1
elalmpmdblegnajbpcnkhhkkhffikkcg,1
enhebpoagcpgoakfgcffchmfpiipjkjl,1
pdhekhhkfdidhalogplpmbihdimdiijo,1.0.14
digmekgnbmiebdhlabddhejilfomclda,1
labfebbbpnmdclkaiilkchandflakgbg,1.0.3
jneeclppcolmjlclbdfiijeikfojejag,2.0.1
dejfnooibejppeidiglphpoioohfpfol,1.2.3
fefichbnkedhkolnndfagkalldglghcb,1
fpcpanaaeocedpghhjiibaljdjnhmeop,0.99.01
bchmlipobjjediimalbchlknddeljoil,0.3
pkepojhekkhhgdepndkgdnaiofleddhk,1
fpfmlajligldplkghaangompibofliim,1
oiofjpnhlmeefnkeifdabeeoedkddgid,1
kdpdjcfommpcdgfchkhkedgnacbjoddg,1
ogbbpeeeacaijgpkkfaaoifccllbibol,1
bgibkmmijohgcdiecjgdfpkpoembcmbb,2.1.4
ebmmoillkjncnkdeglgleoemojndkmnh,0.0.1
gjgnnicfdcagjkkbhmddifplfpemnngn,1
nhpdjmbhnpgmccikclbmhgaogjfoaplk,0.25.1
bokachcmbbdmlaaffdiondcdhahfgllm,1.0.1
aadedgbjdafifbedhggggmbkmkecjdpm,1.1
jllaeklbnphpaiiengdjdcnbffiinmah,1
jmnmdphimgeingjlnkfpfnnhnohbacmd,1
hlonmjbbdmcbpheljmmgiclgdgmbdkgl,1
opbchabmimpechhkiddbdflafolgfmnp,1
gkoemplpghaenmehaeledfkefceihppe,1
kcgopbkeafdkgiahaicjdaimenonaabj,1
bnlkejnhnmekicjnjedhbinhloemodmn,9.0.5
eggnknhiggpemiobjbinhnkngkelbhbj,0.0.1
gpfngdnaolbhjdjajmhkanolknhjpckl,2.1.13
lhjpkedkhokklakmlmfdhapdflnjkaep,1
nnndmngkcaplbbfalkdkghkkemaomgdg,1
hgabnnbpkglcehfdkjpimibjfgkfokml,5.0.3
eljacfkkdkaknednlchjfogneleiibpo,1.0.3
fjofkhmdhllhiplombpnoedfidojioll,1
beobflipjfbpnehnmfmabgofiflochdh,1.2
gpbckhjalilmehlknghghfnmpjjenajk,1
bmdpaeejjjeapdopdfkblmkogchdeeec,1
dejncoijpkgddjemdleiajphgfljgplc,1.1
nkkjpfepfndekikeagmnoclnehbkmdbb,1.0.0
ebabbompekpkdlfkejkgnmandfehjbcb,1.0.0
cpnjlldfakbmncmnmlcohnodacdlfnoa,1
bdlmnaneijphiaadcedgnhlghalebmda,1
bkeloeimjihpplckjpaklancicdagacb,1.0.4
ifmdeekanddhajdnmdoeonnhdjdnpgmg,1.0.1
gkhnfgholfknepkhdmdejfmnhhijfpmd,1.0.2
okhfinfdgpoapcfmmdjhpdmlhcneiggf,1
nhinldoeapclmbpkjkmgihhcdmlnpnjk,1.2
nkjikmdhdanjcbbigggghimfekgknkhh,1.1
iollleecgjoekfidepckepckiekdchgo,1.1.0
njpfppaiehhoihcbcmcinmfjidcmlhdm,1
ajbjfkkfkgenmiggekejeiopibaeolnd,1
kmjhmibnmkiemdjnaoeehdihcgcmabfn,1
fpkfleobpmdclmbbdpfnpjkpjjibbcok,1.4
chpkdhbmagjnaigkbbkachkniiclefmb,1
fpmndjckghmheiflceblkdllbbaeaomh,1
ncpelecepdafbhajkibfkdmncokgiagi,1
onbjbikdfghlbokemppjnnljeinjndii,1
fipknepebclpkojideghibcokcbjhfjm,3.1.1
hkclnpampknbpcadhcdifpipcklcpmml,1.1
lmacjhjbkecokdkeggkfffhmaphnhgmg,1.1.4
iofoeaghaiiaplplabehmlopfhjnmgjo,5.0.0.0
bdcbaechinpkkibagokdlkbpmjmcpmko,3.2
gjimoillohhljgnkpgkcclmpkdoibckf,0.1.0
jaodjjppdelnhfpkpfknnchanbjnpomp,1
elpolgahnjanoljgnoabdjpnjpmeojbf,1
okpelpknkmncjgahodacbbimfhacklka,1
inponjenomjekhmongahjmlopbgeplpk,1
bcpbeincgmjdakigjkabpeioopggohie,1.0.4
kgmblnlfjpelchiefkaheplbejjfiepc,1.0.1
bddamlkkeinjheeiimmgpabcoclagmlb,2.73
pkmlchkigipchifloldpafdikcclbiae,1
kidhfkdbehdfjfcfopjaakkgcpojkhlj,1.2
aelafbcfnonogohjjoaepiaedlhcekmd,1
hfmefihofmnblmblceinohmgkaafnpji,1
gcinikhhdlnlpibccnggpdcoodpfabel,1
akglnfngniolfheljgplgjjeckjpkhlm,1.0.2
fkonhkonfboafojghamcmbgmkkcibnnm,1
kdcfhbljfklnfmdlfenflladkljnfnop,1.0.0
aokmkafhjbiapoolmeelkemnkfekccpd,1.1
facjdkiaohakemcdbakgfjkfbhjjangk,1
dgmfmfhdegmkllobflghllfjfdnahcai,1
gfjcjbgoafcbjmjacpakmhomgpgobcjp,1.1
idpjenflfimmbnoeggdlkpplpipnafei,1
hhknhebgkddacncloekhagpjalnmfplp,1.1
cedfmlifkhmmiolnhmaceillogcfblck,1.25
klapjehmhiciceidacjfhegllaejiplg,1
ckofedcgjncbecobjfgeejlopndcibfl,1.9.0
daemlgmileefmbblllmcakogkojfdgae,2.1.4
fkedjoghhabhbokfhkceleopfegkgfla,1
mamhojninoaegebmadgechgfibolafpb,2.0.3
khhodnpikmfeeacillkjmmckefdblele,0.0.6
bdhccobdlbndgpghlkjppjgfgjcoofgb,1
fhljbdincjkfhjollnbdhhlomcfonemg,1
anegppicbcjgfgcaghjggmefaphiadal,1
idabfdnpbcnilibildkelfhehjamndfa,1
ajmmnckmoholockcjngddlopnkmlgmad,1
pcibljmoklffnafnjkmcmiainmpfnope,1
bgngakdmjonkaibihcffinjcjaecegkp,1
okbboeaiofmcpmapcocmldbhjebbpbei,3.1.1
dhifiadmmhbhfoienbmeekakadblfdoh,1
ccknghimedadjfgelmkahmnkjecnhabm,1.1
dfpchljmnhofcnobmnjgjmnobckiamhk,1.0.1
ciipdpmmmpnipdbkgbnpedeiiofpleje,1.1
hcmbimkddpfppcliidckggmfghocfafh,0.0.1
cddehfbfpkkdfnlacdlpiplgbchofbia,1.1
aepclhnbndcgconpkgemlafhkllijpmj,1
gbkehmajconljljmcfplgoehplhlkghg,1
ghdlhjpmcnldhgoalbcompgbabglbpfb,1
cifogiengkbnknfgoiahbgagdbkchcjb,1.0.0
fogjkepgllokdnnnedjlifkdfggaejko,1.0.0
icipanhjainmbjkmpnpkfdhcpahibofo,1.1.0
gckhpdmklieaanllpllknlefdcbacbbm,5.0.0.0
cmklmmbniboeaknincfcoengcinpmkda,1
gnahiobgojagfdmfdfccboompihnknia,1
aojoeicacfpamlnagcgfmadjiaopmjhe,1
agdmhfpdedhoonnachpdfmaenfonkepa,1.0.3
cjofmanihaminfkcmjpfildipdmibdkh,1
pljmoegbfcdgmeoleifobdaldpidbfeb,1.1
fmofcfacmnoldaogghjjbgfieekhlpjd,1.1
jlgomfcfdhnoffaenhdfhkepdkfadpdp,1
bejojbggkpgfjmpepegpdigaikhpgibo,1
ffpbldifhhejjmjpcibcecggemkobkcf,1.0.4
nganhgalmlhfkjilemjceoffonaablib,2.1.6
ecoikfddgojbdhgbhmnllffhnfgjmell,1.0.2
fakapbbbebbplcfbfkdddobkgcbapnce,1
djgkjfhnmidcenpbpcffcogogohjdbpc,1.2.2
jlejemblfhoaabnkabommaomhocjfkgl,1.0.0.1
mancoaooefinghdialgkoknjbpdmkibj,1
nkopfohlfnaobdblfhclmdchempgheoe,1
jhoonnbiegmcijcichlicoeiilpkfjje,1
dbneeabmlmcpfipaibmfcbiapioepoem,1.0.2
jmgmicepjgadllakjhlpkghenbfpclmp,1.0.2
affobinabogohoipfmaijfpdmionmgle,1
hjhohhiebemdpbfpfailbnekanljjhaa,0.0.2
bbiagmjjoafnnjfaehiecbdogogdmmbp,1
nnfmojokiecmmdgcfdipifokenimamah,1
onlkgpehhefbkfdfmgnnnokihnndciof,1.0.7
lncecobhecpcogdnlcjdeehikkhcoaoa,1
daabmobekldgneihpenckdbieinpdbih,1
faickblfgioidlfldommodalpemalkcg,1
ebkhdfonldebfceonbafcpddbpfbhdho,1
blhojchjpjcoleakjkhlpamfblefdbcp,0.9.1
aclpfboaiedabkabepmkdhggdohkobof,1
ilalghglmffckhmpoooplogoheoaamie,1
ajippdnocdhionbblikhjlbdfldgdond,1
benelceinhjhkojblkgmjflamoclnfcn,1.1.0
mindjgnkamgejcfhggajieealfmbkhlp,6.3.83
fopcioojplfbelinkgfclabilmjnobie,1.0.0
icklabdfeajhpbdpoaebflooponnobac,1.0.3
dhjdppfjgndniiohehnljalmbckmblob,1.1
fhhbcfiockmmepgiohpgchmekfbbdfok,1
kooepnhoaepbjllhoejlfpdmciiglfok,1.0.1
bhpilfdfpdlklgimmebhfgpomgjjigle,1
hhjcgndcconamamfgkeeoboifognodne,1
hdiepglipedcimndkleaialpkohhkhjp,1.1
aepgdccjiohelncefknihhjflajmnolm,1
khiccjekfgjafbdocfjfnomimddjejaa,1
oigieaapjcflkkgolggmhjgpjplmaamj,1.2
pchhiccjenmajkncjghpifhiblllikgo,1.0.7
knocjobplmmiofddplbcbgookmeembfl,1.0.0
dphbpadailnfcanoaaiaghdbdfgoeelk,1.0.0
pocecdaogbncckhkmndifmdfldcmklnm,1
jocipjndcbfpgoknlbchbmogdhgmcjaj,1
bhhcghieobenkkhmlkmeelnaimmlmdhj,1.3.3
ghekebgipfibnpemfohjnmgabjopomom,1
cpikncicbdghdikfhlccniiphkkpcnal,5.0.0.0
ekhopniglndjpabkalgffikdkjdmpbbi,1.864.107.675
pfkfmhcdlhmimpbkcehfanmngicmfiin,1
iloagjhgcmdohchkdhoibgmjeogpahgi,1.1
dmabdplalaghacgomiopknhaojnjddma,1
gjjogkndajjgmcopcgmdhpiopgiodinp,0.0.1
laefbhjfobpdfjodbeepmibbdeflclpp,1
ngigdjhnghaehhdpfdmonhlbbdijpbdd,1
okcbgfckmdgjgfelhgdkgoejdclegmme,1.0.1
jpbplkfagpdbcgaglkademlnbdohemjh,1.1
gjblcfamnecbmloclcfibhonpaenpngc,1
jfcbnnpnjbkchnmjngekcjbhcgggpdpm,1
benahkhjbpeecpnonhfncfpgckgjeilo,1
gkdhlkfhhkmddmhjakbeblbopddnkaij,1
akckmdappplkffkdbmafihahkniioooe,1
pafnnfbncdigaeodijehpblggdkbmfgm,1.9.0
mpabeojploiipphcnfknejggmpldpaof,1.1.0
nllncdmomefdonnhjfcdgfkpjggnjddl,0.0.1
jakomjfjaiajnfciigacaeaeofkfkioc,1
nikhhindfeelnoogoalacnbigmdkkbjo,1
fllajnhcnggmbgdimbdlbejjibiceeej,1
ihedegnmjehlbhflcjnhfkljiceojnej,1
pdgnjgldjodanaidmnbfkhejlhpghnfa,1
nfmghhjmkipfemmepjmmkpchdabldoef,1.1
gkglknmieheggphkodfkeepkdlpajmge,0.0.3
kkmkekjbkohgbokgiapjjcddielnmmdh,1
hgneokbpijplpjhheohfcfpjmllddhac,1
fnencekdpfcpmmoggejjkhglngdpomef,1.1.4
fcdjhcdodbidbpjmkaoooimdnaolmcjl,1
bdcmnkbhgdmlcigimipknjjmnffoaikh,1
klnjaekjjohlgogamblemifbiobpbnga,1.0.1
bjechngajbjoabeblegdpilabhjkhgdc,1
injjmpeikmjjlibpfibonbkkmpbgbebg,1.2
hpeldfgcllfidnflohlgbhicmhlmimpo,1
mppdibhppkejilhomclpndemddffmhci,1.1
ohianjicfacccnnokflclpcojfiecaib,11
demcldnfcnpdnbahaghpkkabgdnplcki,3.6.9
lfilahlpdnkdgihdabnnciojmhojoena,1
likcecpdbliihnanlnihkhalhkodafbd,1
ndibolfapcdmkdmaanealjbdilclfleb,4.8.3
npeckccbgpmkjknmcgphhhcceamhefbd,1.5.8
hbbkenflbnmnjgdachhlakkljajaijgo,1.0.0
cjneimmdgjpjngkjlmkehbdgfmpdjahc,1.3.05
njalmijkhfilbmkdiegmdgnjmjpoojfk,1.1.1
ieneeiecgkdjhknlccginjiinoingeop,1.0.1
cdcalcpkoehppbnlkieahmjohnicgjfg,3.6
bijgggddcklgikhahocbekhhncacpnkj,1.0.0
pkndpfblglglngnngecdoglbifminnei,1.0.1
calfkdkldagckidpojjehljcfglhfila,0.0.4
clabdidkhcmbhkjnggoeecpldlegflmk,1
cihhobjclfccmdphechekhihibeebdeh,1
alpdangdliclpoimahonlggopnjcidld,1.1
iaeohdibedcaejkehhekmeajblahicfg,1
maiaakkhmfhoalbdhnlnonlbepfbfkhc,1
cjmbdpkfjiemiohblifplbbfgkifbebo,0.0.3
igkinddbjlamgcflilaampeecdhlgbdo,1
gajcfekgoimkjnnnokfnoiemnngjpalg,1.0.2
icmoocafanegelplfoaboimgopdjbaia,1
bgdcoeddkokpnieipeenfkogdmhebhfg,1.1.0
ceaiaclnkmjbckickfdhnofjpekbdokh,1.1.0
mbacglnlnegpcgehpmhhbelghfaibial,1.1
mmlafgpngcjlfgfeloeacimeeihnngdp,1.0.1
nccphfpfidmgplajjpbeomleclmcfcja,1
agmcdpjloeklolcgmplfbdjopckcleoj,1.6.2
dmocdihbjdilbkcnohdnffaleecmbhia,1
nncmhjpdbfmcopfcakbjocfgfapcgmlh,1
jkdipcjdoaigdaiogpkfjajdnphpgbdm,5.0.0.0
ngfnejgkkkeffdlfeicgjjbgbnfdbnag,1.2.2
jfafbpphibjghglkpminpemecajckmic,1
gfjfnpmjpphdjohblkcpmdkgfmeioodi,1.1
mfeaodgmicijmnohldiggknhdheoolmk,1
hpieliaoigjjbomlllmjhceioajbjgpj,1.1
khalobedaljfnepbiieelfmpojgofmbe,1.1
kophmlckioebkfdnjpjmdfaennfmmffd,1.1.1
ohhgjonafjgiialpichmagjmhoklpbak,1.1.0
pkhkbmjkknbabopibdhohfifjhhmjlel,1
cdcigjnjpoagcjoalboipnpogjjmddci,1.1
hipdbihjhmphadjgmpolbpgoedljjlho,1.1
cmhjbnfoopbachgbcopdcdghecblnaal,1
pdjlpfiepfebeofldakkjgjldjgkcepn,2.0.0
jglplkodjlmkmdkdoicdjhcjlmnajfnp,1
jmelhabhjcoencfdjgmhphompdjjlenj,0.3
jagmncioocmeibbogbncdfmacdlnaokh,1
gdeihfdpbckcnmcefddkcbgdohhhplec,1
gobhgokoafpbibheijkmjlogklomncip,1
aokglkhecmooekhgimbehkohbddecoek,1
jholjbdcgoohhcihkinkfmgimffacpgk,1
loindmoblcjlojpmmecofpagggdebmgk,1
hpjbfkimabepncfhkepopkkmblfkgihl,1
hkjlcddfdgikcgllhkgidpfdecbifgnd,1
bbfnndfkfhmnmmmjnncfalhglpflfkeb,0.0.1
mlajdichmnmcmodakeiddjdnehimbcai,1.1
lfkbnfaofkkjmccgcialmmfigemcciej,1.1.0
pomellmhcefnidheifgnjmdonkpgilod,1.25.7
piocphhchncfkjhpjddnklcdjdepjoio,1
lhdjppjdlibblbbckhnkdehjjpeojhmc,1.1
hjeeemigdabjplpfonifabekgloaomod,1
dnhdfgdnkonhpcijkfgfdmkcodbflcig,1
lmgjppgjbjjmmfjppflacllbkhefbmmm,0.2.5
mddagilifjoooooomnijdmocodjhajja,1
oihbfgooangmicppajdajcpejcjicaif,5.4.1
hdamlfpjmhnpdcdlkkecjpliebndafok,1.0.2
kpnldkpooejfkmhcgpldljnjggkinlma,1
eafhfdmckcnjnimnkpbmdlajiepeofjp,1
aemnknaphaogadelbcdmkfpackbckeia,1
ampemdfbohnjmnhbckglholakgaegbcf,1
egifnhpiahpkjicmofgbobcblmigimcn,1.1
ibejmealdhkbncpikdobjdkkkfipnpmi,5.0.0.0
jghoajalkdjkmlhlabbcelnjngdgajce,1.1
pmfjdpcfnlbbapjlindolnnicgodabda,1
gcfnpigcnbgoekefffcakcaibifdcfcn,1
dicamodiokplffcpkmagiigphcdjakfk,1.0.1
bbpglfcgoahinlagangaomfhpkkejllf,1
bmndcoifiplpbhbmfkadkgblnohjnbpm,1
bejlaikipockongnfmecbclnohnjmhmb,1
dkpfobfjdppkmihndlnanmgmppjkhbdg,1.1
pnndidjbgadllpabkhobppcbdddjafgj,1
khcflipgolgpkihonllgiflnkimfhffm,1.2.0
mchckpejkmmahbbldidojobcibgoecog,1.2.2
clkhebjdipddbbcchmlnokiojefpecbk,2.9.6
dmbmdbamnnidjconoigbhaleipjcebic,1
fbngcmbbpnjemcglmbmeologbngfgood,1.1
nlbnehnaohdecopianfipmidgccobnoc,1.0.4
gncbajlabeimcoainpcjbegabcdlcjac,1
mcipfogedfpeejageahpdbkkeljelbom,1.1.1
caggkclemgeckgoacpknihlclghkjpbh,1.1.1
cdlliambojfeapdncidgbdjackibeiic,1
omhihlngohmnljjaknijmbfjefdegkin,1.1
ogikhmhpkabfdajkmebjilndaooiafmo,1.2.2
agcgginomiolafolfcggfjdamagkanio,1.0.0.88
apcjcklmohcddnpchfgcgfkgpcccjcin,1
hokcmoganpomhjpgjlplpjldommjodlh,3.1.1
ndcahmkjpabhlakhjilmnpbjmcpngien,2.0.2
ookiflmboiaagnifbjefpmbkibanfijl,5.0.0.0
jljkahchjbaghacganplhigibabapcdf,5.0.0.0
plmkghfpacoojdheamidfcapadkfkbhc,1
konjehnocjgdhiamjdjhkppkgfoflgec,1.0.2
ffbjhipcifnmdahmleagkmonhimnhjjp,1
nponjhclielopdfkkdjfbegnjbefjhpl,1
nhedkmnkfcjapjohpilefpigfbfccnhe,1
cmdhmfjakfloighpjbldjapoahdmplob,3.1
aabffanmkejlmbpgdncpfmhllcpemojm,1
doklkdbnkgololmpcdlmffedlicckmad,1
gfclngplofmjneiiafmickbbmfbjnmfe,1.1
fbacebhjpoobjdmccbnpmjkdlbpodhab,1
cgmiaoegjnggeacponpfcochmejepdka,1.0.0
mgcbfilpmnaiffkepclhkkbnngkgkmeh,1
mlmjknjfddmhonlcbdkcnnmdlbfgpdnn,1
gbhcikniiojehemepnjepkakhpeodhnf,1.1
kfjinflchlmjibdaohbkbaijnhfacjie,1
ifabnedcpjghhlbjeenhkcekbdjdhpgh,1
bigcjakecfahndehdehedldjpdnhefbn,1
dafkafbfahcghkobojkgpnoboeaobhkc,0.0.6
ioclogdpdbikhcmbhdajgkkhcolpcane,5.0.0.0
hcmfembahkonfefomecelfdhmhpmhflf,5.0.0.0
bmpbbainfafpbimpacgkfdlbpppeiihc,1
gohgbhlbofilglgonigggonkacpgionm,1
cfeidmdnjbbodccnkoombhopijkgbbom,1
hlabcpcdkecfcjdbmicclemmjlnibnpa,1
gbfiknpafeijdjmmfdljpchgmomagbfd,1
bmbckphnpecmmbkgpijbfaolgbapceam,1
fpbcaocfhglongljaedajmfcljdgogfe,1
glidfgccbjoiglmfhplcccaekdppdmdj,1
mnhjmkomaacbnmlljhmnkbaagdeefeca,1
lnoinngljnnppebnodamjiekjhebinkp,1.0.10
ilpibiofchapijiakbgkcgenmcpdoada,1.2.3
dndggiplblkilbhhpfeajjifkgdcldep,1
hmdhdelmoedfklkgbleddopfgacmhfik,1.0.9
aafibkjcplagpjkhkeamkpaellnglepe,5.0.0
njpcocbkdofoailanmgbaijichcbnkdj,1.1.0
jejifplcapdlbhjagfeginbledjpggod,1.0.0.32
gkboaoaglmnpgpglkfpphcpmhpcebfbd,1
ljifhgojkanmfkmmndckjgbhcajkfdij,1.1.2
ehdljfabencdimlaahfikcdijjpfpnge,1.1
bkjnbfaofmdjniakjpelabipbilfgcgl,1.1
ncjjildcmhnmidbhkipmaeinfamljoji,1
lcohoojkfdmbhniifcgbnidjakjdiaic,1
jebcfcaolflfjogfmmolabkbjehjhehd,1
gngkcgbplmgkdflnpfbmbcinobmefjck,1.1
fiihcelfnchgbkplhjfecaaakdnpmhjb,0.0.1
mfeccijbjajjinlgmlkplidniedncnld,1
jiaahmfefibcmpmlfldljkhiaimoeali,1.1
biofpgiheolfiaadcebdppbclpbhlfhk,1.2
lppfcibjnaejkjlfmekjepcmiglngfng,1
pdcohffegleekoehjhafagpohpjckcgh,0.0.1
igpeijjahablggpheldhmiodnmpdkjkg,1
cpkbgfhhfmanlilmlknlkkbflpapgono,1
lgfmfblhppejijaildjahkldbooclijd,1
npkabkdjbopdllanehoglonkaebohnim,2.2.0
lmdddgjidiaeljkjmgigcpdlgdbcaacl,1
jhoieipgafomojdjiifdidjebfickcaa,1
bhekjiimnnjcoipjlkcnlnkljcdnnmnb,6
hjnfblmbgknknenckdblmlpafgbaobig,1
eckcbfhcdjenfpdmiljfjkgbpdijldgg,1
pecaopnopiehbmemeipbipidghgcnpab,1
ifmddeefngoeaeoflcmopgcifhaoafjj,1
jkiikhmmpdhhpdgaalkpdmfbpcadkgfn,1
ohpideghlekkmfkemkemhmkojblpmbch,1.1.1.1
bpicgpfggcbjhdmfbcjiabpflamkgkef,1
nconmakmkccliflfpbanokjcbdeojdij,3.1
njhcmggcagcnakapeaikldmbfidadlcj,1.0.0
aejnpklfcflekkhjnejinaokinkmbnbp,0.0.1
jhmocpflmoahdphcledlddafmpmijece,0.1
gpindhpekhojphbkegipjdfhlckpjghn,1
ooenjagjnambkgclnpdjaeopdomclieh,1.1
lkcddabmikgbchjakjdpfaphkdnbjjkp,1
cnojjcmclphhjpdepeemcljapbbgmoec,1
hamlkgcaljegdpjlbinlpkjdepmdkhmg,1.0.2
oclbaclmdbicdbjngepibcogfocdmjen,1.1
japbgknpobpohbnhkgemdmmjgllcadbp,1
eiccbomplcmnhjjalfkpmmonnekmajpj,1
adblecplfjfigblmnhoadjbacekjlcmh,0.0.1
dlaokodngoioahkdpfaajhiicdmimfbc,1
pacgbcnkaipllabnmojhbifdgdbmlnpk,1.0.5
najijfionopkbpfdbmkhllppfdfpcfag,1
cgaomikjncaoaobilhhnoklnbkjeneom,1.1
ipbjapconjkldggmjnmohibfiflbigjc,5.0.0.0
hhlhldcophjfeaiocmmghjjjnmcimpib,1
ngipjkjhbecohmfechlidoedilhbbkei,5.0.0.0
nbephenccicmdikdclnohgmgbenaphio,1
apfpeopnhkcaanomondeammkjbkleoaf,2.0.0
fpjmbkejghgnecoinlacidmikopmhcmo,1
cllcgpdembafohpefncghphmmpledhng,1
aojbeboifdmlgjoflodiojjfkaebhoel,1
heifgflnanebbohkcebcajhgjnemmgcp,1
ikgipoflonmejnomnilaloedhmbdkeng,1.6
mgdmmkgpehmhjajahjapmapbjfcapgmc,1
lbciihjhdlcdhhpeagbijhochgihdeic,1
aifemhnghignebcfiifpkmkhgbkhbmjd,1
efeadmdjdfmemllepfcndbdnmmidpaen,1
eaknkbbcfnjdppkbhagpejobemcggcjk,1.1
hlbbkifpgeagaolohpcfgeheabolpioc,1
ohhmombkgconbonmlinpobinkcmobhdi,6.2.4
ilpnhoogdifjkelfkihlhboflbleghhi,1
meibbicfenlaiephphifbabbfjlcffcd,1
cchdaaifkbjjdnmoljfeigpaoddgjenl,1.1
cmajgjajnampajohlekckbncbjgpjbbn,1
gpnjlngdgenegdoodigleckcaaefjglp,1
ikjdnndeedmojpdfdmccdlfiphgojcmc,1.1
kclhnhiobjdeceikiaibkfpeehgcfgin,1.22.4
kpinahgghehnnpmpmfeadggibkiimiaj,1
aaeemblbjhjmmcfjpnfikoghlcnadail,1
edclghlcfjloillnoieeikolbinjdinn,1.1
jfhiiehglnogdemlgpobeeenglfncmii,1.0.0
lfbghlmgilambmkllodlgdlkkejjngfa,1
nmnghbdboocjnflpadaejmhnkhgjlhng,1.1
adlajonnjgokboloeilfbhoiejbomfgp,1
ngocconcnmljhlpmmpgkbdllafnjbhen,1
cbhilfkelibaaonbhofhfmgpgibdjhfa,1
hafkjfkdpcobhjpjjiolnidmhciphkbi,1
elllecbjmfdjjlhemfemaklgmbjcdpdn,0.0.0.5
jipkhpjkogdolkgkomiafmbmakbdolgp,1
cllabcgbgflodlaomijijjgodmknimfn,1
gocgoinklnglpobdifmhmikogfibigke,1
pfeiocaacimdpaccgdioblcdbnfledoe,1
ccnpdmeomngiiakejifpofohklnmjekm,1.1
ffcgocoijkfdfdoconlbddlolalnbbld,1.1.0
dagkkpdfjhgmalfohgfcjlnfcdcjdnpn,2.2.2
goaiajobnddlilneingfccmjbjambpfc,1
jccjgggfpdkndpmpfikngljdbhdmghem,1.5
ahnaehglfkichnhhppenipbookegckkh,1
nkmognnkomnabfbfmdpgljjijbgcbaii,1
lnhkcakkceakeobmbjijbcppofaicncn,0.6.14
efakplakoolnbpaboopicfkbdhapmlmh,5.0.0.0
lbcilldjdgjepmekcobgfkgepondpedn,1.0.0
fgmdfehcdhghjmenaedalfinpemndkeo,1.7
gigappaffiphfopfgndjaeclnffhakaa,1.0.6
gidlpkcpbdcgbpfkedekhkieoghfifpf,1
mapamdibpebejmjcchoffhbcjbmackll,3.0.0.0
oifaemiimimkihbkhggedffnmcnogooa,5.0.0.0
nkflofefaecngcijikcaidfjchecaidd,0.0.1
bnhophkdoimpdmddikkhiipbbpedmbmc,1.7.1
hogbcdfacnconaimjjnkkeeaioppjlop,1.0.1
eiljbgcflcaengankpgejhiddfpmenpj,1.1
bajgjkgdcgbfneolahpgakjoagknnmmb,1.9.1
kdgpakdfpnacbamfcaejdkkbgoehhnho,1
dhjoadhieadkkllchcoicodpgfjgemhi,1
baahcpjfgpbnjiegddmjkekjbjbnefma,1
klccjbkcjdkpcgmbkaphnncegbhodild,1
mlmgnfhnaaahhbofebbmdmjakhhaldpf,1
ddjgjgmlpnbfknbijmlonhbajphgedci,3.0.0.0
ockhopjfiikflpfnphgjgbdgmancncgf,1.2
mkcheiciligdenhehkcakalnfaejdhmn,1
cdgdhnaphafhaknhncpknaddpamogiid,1
oickhpdgffijjbnaiahpjddlbbhgoeaa,1
dibomblccfgnifjfjdhdjjpaflmdhbhe,1
klamedkkojljpknjjbonjgimimgdcemh,1
clnlbgmabkhpoinffhajjkbpajmhkega,1.1
fdjoekiblklepehgdheagmdlaidhbfdi,1
hfcikikacpgfdiekfdacdkhhccgoijie,1
hlmgcebmfacnjcjnkfkodjdheajphiha,1
laljnegkfacojeeencjjignoimhpfnik,1
jjakiloaboooienacpjlebcamlhgoofp,1.1.1
bgemdhfbobfjncddlmfcoalgingjfeon,1
gkllecbpihdchhkaoflkhggjciiihomm,1.1.1
odhmhkkhpibfjijmpgcdjondompgocog,1.0.8
kgkakdoaiedoffcjadckpeioffdmhaph,0.0.1
gkofbpgddbgbeamijbjpigbnddknkkco,1
aenjmbdlpeiopacpcbfkbjeppeocpkgm,1.0.0
aebggbdhddajmeemnbhecmkiaoanjokl,1
ejbfpindalkaahcaonnikcmdiloemcof,1
jaaadggiallncfelncmpfmmkolhodmok,1.1
iokmalfffkbjfehdciffgclhnilefjbb,1.0.5
gpffjiaipocggpccbfhinldhinchafcc,1
caghipdhoadiadkkefldggeagklablia,0.3
jlomnnppgmhdbadfifbglloipkpadkak,1.1
jjojfokedkhacgeafaajjekcnaagknol,1
ofooojcdbhnklofmjcfbbeiifacmhdgn,5.0.0.0
hbpbjbgadbedhdnbkpckmgnkngnhmmji,3.0.4
aliknoicjeeionbpcnpimedddkmocpgi,1.0.1
hjjbhffhmfgcicoeaalnpnglaoamcjdd,1
naobfabkopgmokhaljdgdajocmpmjdie,1
jnjnnhflfpnpmdfalipoaagkpbbmcjnm,1
inppljkhkjdkifeecdgdkaaiaooobkon,1
npafjcfadpngmbhjhkdmdobgkhfihamc,1.3.3
kdmoecklgkddlhldimhbhifobmlbgcoi,1.1
pbickmhfjiecniedphfllhfknaafiahe,2.4.9
hlcfdkgaonnpjmpcmlcjkhjedoimipka,0.2
jblmadolekhnlmlfjdmbidbfahemdibp,1.3.10
dcjmekmndbbmimffamnojomhknfppipa,1.0.01
cklhfdhnbcbcchammllnjbehpjjlcljn,1.0.1
hidmjemdamppcimmldmbagecoicbleca,2.0.4
fnggmieholpghiabenfneepkfcmpbekp,1.0.0
noeleajnomfpoblanhgkpkahcdofdiol,5.0.0.0
nnmmbkcmbpmachifbpnoojofnoihbdbb,5.0.0.0
mjjmamceefghipgbifnmleplobegaanl,1.0.1
clkngneajfdcblblndkmmfdedogchbhm,2.0.0
iblmlhhddpnlachpokmekihmblnfcjea,1
chiokajabendnggmcckkbnkahbfehbna,1
emhjehcdbdimidbdihjdaddempedojag,1
nifbjfdjhbfkblnmmcihkdbbeaicdfja,1
nkibebbfnpfijofgbbllflbboklengdf,1.1
nenohhdpahpemlmdbdocaolmekhndded,1
bklaccnachfcidflaimkadbmhabmfgcb,1.5
dhdnjakiipemlkocbkgnfimkbcbpbeaj,1
ngdphkcnamoncloedjgenfkegckeobkh,1
edcnmnjbfmlhekhmpjcbkmnfphkjhocl,1
pjgcbpccecjofgeccjgadbjngakpddbj,1
pbcbdopmbigfiaicbpopjeoapjjmejda,1
ljhplefdioglmpoclakcinabchihlgbp,0.3
hgfmmdejanfahicbhnckgchajnnhffpb,1
hfhnadbejkceajchccckhdnmjkjbfeol,1.9
ailghhodhaokkjjepkhhipipkaembglj,1
mlbdmbmlobdibpkclpocojbbdapmfnck,1
kahfblkkgddhbjbekepjmfjebmlchomi,1
iecnnjhcbjanfndkfnnmmpcnpajfgnga,1
ekfhgglifaegminccmpbpadcmcbidomm,1
lcoajkoglnnnmobbakokgclplncngphc,1
ialgnpjjcokfknggajknclomkappdhdj,1.1
aiaifbiceejhhkfbjdgonjgljkpcdhch,1.0.1
nobicpembkdeabfakjoajnigljbacgdk,6.8.2020.1
kdijbkbccnenjfnelhccpfopfoicbfdg,1.177.840.866
glknofpoifcjmlllokaaffhhfgllpppb,1.2
hmadkgfbmaccafghejhkdpolllcdognk,1
oehnibcgkeemfbjjppfnhilndhjbpbgi,2.3.1
cpmnlkahlnbmanahlpgieojnddcfopjd,1
hkekcfipclhncenkmgpilenjfibdjool,1
fjcmddbkghlgodekpolgkojkckkninai,1
bihekdjoeheoppbjdopiekodelajapmn,1
nplafkifdhdohbjciecoaaadmnkpblpi,1
eefolkgbcfcjapbjapohjehkpimaflad,1.0.1
pihpbkjpffollofpmghhpomenbbcdpjf,1
oinciflfdgkeadkmcolhjmbmhmimmapk,1
eiedoiobppegkahkjanignmiaanhhdgh,0.4.1
ckknplcjpepmdnjpgoginlpmimkhkhlm,1
nagmkkmohfiflccjplgijcnamjjcognj,1.1
jilkbhekbknhmhndnklpjgkjjfcbnapo,0.1.1
eaeikklibabhkbdfjjinchbifgbpaiin,1
jpncdopjlighnopdapieejnhnajnbhom,1.0.2
abnhjgagpaccbkbmcfmkjmlmfeaaaojj,1
emhfapeieogbofheopnibcffkhpihhen,1
jimcbhkojmjbkaocjkjpeiklfodnopem,1.1
bmcbnhceblgficlibggdibmijehocpjj,1
lehcnlblkdbollpajmoeoaienjhndikn,2.1
foddfdfkbgnalkchomckoaihgaolhbli,1
dellkmmpnaklleanaaglenjdoafanefj,5.1.3
ompmcecmkkhkboofoojkgnndlennjfke,1.1
odlopliaklhobmfcpjmifnlnemliijok,1.0.1
gollaggkodbhpplhklgfnfleifpcajmf,1
gggipbkanofjbcpoibjingdjnahgclhn,1
kfnjkhlkpfeoelgifloilkgdedghhaok,1
ligabikbmalagdjgedddnlcmmdflcegg,1
elmkjdicpmoelmjpjafjcoknkiholfcm,1.0.3
bdfmhlompeilnocdlkdkdmcaceejmccb,1
njnkidgmannhoejfmpncjfnnjofhiahm,1
heljkmbcgklolgdicbcefmjplgjebofa,1
hnlpadalleojnidfeofpadcpnilokdlf,1.1
bkaofkeddjdgfiepamiaogdhlampheek,1
chlccfodhkndjbpoeljmfcklijeeaofb,2.4.0
pidcenmdpidoehfgfiefeakkfnbmleja,1
bhkecokfgcbmgpoocngnaeajppgkcahg,1.1
nklffamkobiiecflieeoibphjmdhjkdg,1.0.0.18
abifjpaoepbhhknbpcnjinflmaijdmka,1
dlhcndkbmefegkgcgdhaohgdgldbdkfm,1
khpoceibihdbjpchepnkgjmkkjiiakoe,1.0.0
fkmnkelakhnlgdfmkbjipmoakifdaapj,1.1.5
pfppjkgglibcjkbfaeggfodcjhbljocc,1
cmkmclhhpdpgfahbnlbcmokoebpgcpam,1
jjobmmigcolfgiekbhglhfmbpiolmpgi,20.9.21.1
elkjmgioeicefoojpidmonjblnnmkfmp,1
flgcnkiaddjeldnmemcedgjdgeddcdop,5.0.0.1
gipegpdnpbmcgfjlpfgeacabaihhcfad,1
nannbckdmnedbiojhjomiilicmfkeccd,3.3
difokbcndkdokfgnnbepakeefbbcodhp,1
ejnbmoofneecigapbnbcpkahnfompikk,1.1
gcbfanoeemimfcppaojffffkpigemell,1
foofidkjhbchfcbnecbgemhgmgimfipd,1
lkgambegbmljkfiaiapnbhfkjgjifble,1.1
jlkjlbdnaeoifobfcnbhofhnjnodaooa,1
anjnkmbiioopgbpgbdlgmhahcjcddlpi,1
pbppblhmlonjbhpkbipekgncpihbhhed,1
mjhlclfmehhpaogppclmjpeikoelagnd,1
cgbpakddkbdalcnpbgmaoalalajoakec,1
jcgklgepainibipddedilobodhflglff,1
ckdhjfkpdonapgmcnhdckcalkonigjhf,1
amgolipgapcljehjcphkipakjnfaldpm,1.0.0.17
endnoidpjmaofafkdmpkoiplhahlllgj,1.4
fcdmnnenilimkakjcjmbdhhedoibcffd,1
ccfimadllgpiednhfjeipdalffbekhke,2.5
ehkacjfohcplkkckodadogmgiamekamd,1
mbpppojijmmcloblafiaphddmpkjmili,0.0.6
ngiaodbdepkchkmacjhflmfhkaapcmfh,1
kcaaaobkgfhenockgalldplfalofngch,1
ohajjhpkajkeljcbmejdplhjegamdbof,1
bmpdahgfnodgldgihkeioepjkbbpcfib,2.4
fbgafnoadekefcmhiecbmefjlhmigkib,4.7.5.3
bmbaafkbfcblodogckgnndnahioijpie,1
oajmpomnbppcahgccmcnpghajdmdcoal,5.0.0.0
bkhbefagfbcoelbddngjcnnfdcpipohm,1.1
nfkcccodmaondlbnaecahceilkcbkemg,5.0.0.0
eikjlmpkeenjbnllenabgcdlkmpejmog,1
lfdkmmeecpjhnkicoalikppajpllgkcc,1.0.0
nigkpgfdfiipdjijopbbkojfbkchfgoj,1.0.6
iknjekoebkpkhhjpcjbfepafahgbkgil,1
bbnajjhbabjmfjemlkcgajfmklmglfdo,1.1
ebopacflcjkcinchdeefjbaceogiofkc,1
oafbbbmeolcjphhkckjhchibjmacpejn,1
ncghjphikkjpnhinicnfjibjcbakhbpk,2.3.02
mibjdnaijohmallelicaiokgenlgeibb,1.0.0
lhmnfnajnfclehennobodlmbcbpjkmck,1.17.0
jchdnaklmpcejpkhiknahiffjhefnpdj,21.9.240
gjfngpdpllnkbblkdfjaboceoknkadif,1
iiemodljpahfpkgokmhlnchmfcadkflc,1
fmdodccnfbfojanfoiikjkidcnnbkjnj,23.6.2021.1
bmggbfanmlmjlnohfinpfaincjppjccg,1
iabniljfgloldphgkmmmhifcchldoeoa,1
pgiadhnfjcghlnpphobcocjbokapdjfl,1
odajgibdifhakpfbkekeghgibgdnaian,1.0.2
oieleekjlnmhbadnaohbpmjmjppooofi,1.9
jjjaphfcanmfokdlhcphkgeckkddehfk,1.5
hnheibghnenpgmmijpanhbhadiiflggl,1.0.5
clmalfjkhobmollphndedbibjobamkjd,1
obofjpagbocceooalmalgmelihblgagk,3.3.1
cdmgjnjeonbfapehkkkanofmjjipbcka,1
dgodmpnnjoldbnecdmkbdecdcnfihlhg,1
fnpehlmlojbmpboicnenhknknpfiecdl,1.2.2
jmjkjoeooemocggjacbonadkkpebnebf,1
gjckahhkahcaeldedlaoancbigbkkhbn,1
gdfdlhfoamoljjebbdfhknhkcflhbeij,1
dpkejhpefbcaclemenmigcjhkkebmjgg,1.1
kipdedfnpiekocaagbnjgaingdojnbbj,1
llpoilhpphdoijjmogfelncbcflidnhb,1
nncbgnpefmkpbgbagmoaecdclcdffjam,3.2
abbocikjfgjdibgielbleedmedbghmna,1.0.1
googbfahdefnecipppkjgcnmhaaaccap,1
mjiilnlnfbiiglkechmeoagnhjodpmcj,1
mcifeoleecbbhalhkefleonahhdlgfek,1
kfppnahnencdhdkcoldccmhmdmfdagbg,1.1
ogmojgelkcfogdjakifmmgloboiojdbd,1
acekijfggmaacgjgmodlohljlfdinljk,1
epbpehajojfgjccchedaconfghioomei,1
akdllllmpbhiifblbgipjghcihgfdkdp,0.0.1
hbdhdhlcnmlanhmiofhhfhkelimapagn,1
fcihjjeicllgohlhdnmjjelfefboemng,2.4.6
oeipepgfobcikdenmapfehhblpeijeop,0.1.0
hnhkgoffmeohaeejapejbakbdbpdnjhj,5.0.0.0
fenebepbidcajbaoiblldiajhkklfmoa,1
joabadlggpdaoeonlfcmlekfcnkjhhcg,1.0.5
dmamcngbocobbfkainacceabaldcbmdf,1.1.0.2
ccgjcnhgleplpppoaaandladbpbjogii,1
ofmhdnmfoibnjdhdfonohncboncincgd,1.4.7
knjcpnfllhieaenigkmfalcdnfhmfdag,1
ppjeialggnmjmgpmeemhghjbkndgnmpj,1
fplkdkeomamhbkaohhpbblkalghbnmdd,1
paiggbdhfeoifboghkhpcjhiihkliilg,1
iefcieejplmidmeenbcmldfpiepgfmhn,1
ddemicppgllnbodcpokakabeidablnje,1
haifhdjngehkofnkpepihiafhjdamhob,1
jhiagkllpogjdihalkdielleampipifm,1.2.0
djifinncnpiapkilcjiljfenbhifofff,1
kcpajgmlanfaeohjhcklefhnablhbmnc,1
dglmpghhlafkfonkdifnmioadhdngkkg,1
blcpnpchcdekhofflmpfhmdafldghokd,1.6
fikdgpagodbohlogfiaadkmgnjpgmjoa,1
codookhlicnlfjlhdjmikaopknkgafol,1.2.2
didgmeljfekdmokkoachidgaammacbih,0.0.1
ebkakdnlfmfdkbbhbhaigikfddijjhnm,1.1.1.0
gnfbpigpmakdpegnmjhhfeaonloeonnm,5.0.0.0
obaogonfpdpkfmphifjbccfnlcfkgbjg,1.4.5
pbkakahepkflnfonjmkikmcdgpaclcki,1
nbmeaefhfkpdaakagjjepobbjabjlnfg,1
npdhcjhdoeaaiehibamnpliboecaoaaa,1
mdepnoapnadjpoppijpfegficbianiba,1
kjiefmokfmddbkilpongoiaadpnkglkh,1
gbgfcdikjnoffdbebbeikiphgopldfjj,1
dmolcomchcgdpeimhhmhglhfjcgeeejl,1
klckbnjephknmbiodeiancjklijfhdki,1.0.2
ohlgpjdpcplabpjehekjmjnilijdblpe,1.0.1
namdnnbdcjlecccnidflhinhhdggljhh,1.0.0.11
opbplgfmnjhkbblccbklnejmkinnkege,1
cbimaijfmpchomehamphkimhmblohlce,1
fajkfdepfocmldckopjpajcmhlhnicib,1.2
nmpaanekceghkccfhaciacadfbnjjmgi,5.0.0.0
jjabnhimeedidigbdiccbbbdeonncdkn,0.1.2
bgmefkbblkeedgbadbmdjdlajcbkbjka,1
fialdckbpigpdfefmclahhnfcihoclhc,1.1.0
amjlimcfpnfakdahiheekaaghaohcaco,1.0.1
bijnliljadpgfibfgfljpkbicflckddk,1
dgggghdlebpndlacogghibmcmaodhmdg,1
nidbkgofhbakkcepbcdmdkdfibkjpflh,1.0.3
gmknlblnjflgghfpmefmlncddgddfagp,1
pfieicgmicmjnenjammhojfhnhmckgdc,1
imegefojkkmpegjmaakcibackfalcdoa,1.9.0
mmehakepclgoopbkifpmhlaaaanpoioj,1
hbepjfppbllnbeefndnipmooecgbplil,2.1.1
fflgdolokojldcapakkgklgfkljlmbjl,0.0.1.2
pkmilojmfiokacjmdcmndleolkffefni,5.0.0.0
nbhhgdljfnpibedejjjmbcgfhkomfdjf,1
ojofonpgljjpipnofhogkniibifepggm,1
nambdkehhollbnbahjelldonimehedpa,1.0.0
jfkmnofoljkeddfgbnckcjnoilmnknei,1.1
kpfbncpnmhnbbbfpnpcachppbaijeokk,1
kcjcogkcebfnmloijkngamncnimhefoe,1.0.8
lnfekngbfjgofbkionnmfmadncfcncko,1.2.0
iocbgfeimcjdcnlppmhjpjonciejmhnp,1.3.1
gmjaiogephlohpeehjfimmecekfanako,1.0.0
cgnddkenpppneohmlnfajilhelljeiio,2.3
ljoinkecfhmbfehhdmnbpcdncbgkffgd,1.0.0 Stable
ghoagfhlabpingcilncecimoegncljmd,1.2.0
hhngeobomadcaamnncdaafhnankmmcic,1
eapiikdkkeanajpaipnfbkhfkkalmglb,1.1
pkcoengbinhkccbokmkldlfhjbodffdg,1.1
dcdpoaalbkaabniplnjcpmmmchpbjbjl,1
mhggifjnfhjnbofmagakjhbiijnopelc,1
nepfomcifdjhaejkcejaomcdbgfmpmjn,1
eibaafopcjbpfbaehiggcbcjgeblgfge,5.0.0.1
fgmjmifjgdomddncgbemegdamkjicmaj,1
ndlajjnoopalbckoomjjefeifnlmihaj,1
ldjcbbonhpipjfdjfaiokfmiimamgepd,1
abpgeobpfajbkeagghckklkijlgnhaod,1.1
jlicfobfeilopieblhibapfnohdaneik,1.0.2
bgmppjccinpggblpoilhmcmkbjjichhf,1.0.2
koojliknncbpmjnhghekhlmanefoppmn,7.2.90
bjcocpeighceamfamknlbaojcagcpmkp,1
fggpidhodekcmdkjedbablkgdhlmfbfl,1
gagpmipeoocejiekbnfhnncdlhflihkm,1
pbeihkjfiikajfbobeegcbnegpciccie,0.0.1
kdjhgddgelineleilcenapomoagcijip,1
mecmoigoiaklmnofaecepcplcnbjdanh,1
nfnpghoacaefhglbllfnkjimgodmojdj,1
haafkelgjhiekcnhblofoicnbmiifccb,1
cnbdbbeplbapmeckenifcbbmpldgeeac,1
oiajknlmckhhlbpokhjdbongoammpkcb,1
ndffacockhkgkjgaoniloeiegjopfflo,1.1
iibmbihkalofgidchonpbjffhmffkigg,1
albbceecaogopnfobmfieaogojpnapok,1
ajmclpclpajboglnfkjapjbhcagfgemm,1
bncmbehljokcpdinnnlcpalhhelfhdij,1.1
lejdfobkmnepnejadlchceghljbljdgm,1.0.0.71
decjabpdagncplcekkjeckhlieilmpjk,1
nlckikjejnibkpglgapifphcnbfemmki,1
ehfpolegjnopocioncihpfmeohidbkbl,1
njbmdemmbpnfjagjeoagaelhnnalphbi,1.0.2
eoheobgbfiamkbfojdhdmcaofpaodlca,1
mpfomemgcepekccjkkanofjkkpamhino,1.0.2
fbhfkgedfkdcfcgphceogmnehjcaficd,1.0.0.11
flhaeabjlceaelkomampcfefcnipkmgb,1
fkbchmefdopjmkeafhbennmdaekdleej,1.0.0.1
gndpamlpfbkjdbimffhmobjgoekekiml,1.0.1
odimbpnoiaggfbicnbgkokcgcfhbibci,1
pjlghoooonkffdohdepjbkkcmhgahiag,1.1
eigkjjpnjkmfhoobpcicdjdeklfggnjk,1
bnhcgjncdcpanlpallocapoinnjfgkfe,1
oocndmpfnjcdacbcnknjmokmcnbjcnjf,1
cggebgcbieiopdaalobiogdemclkmboh,1
mockheidoddklojkliijhndhpcjgplbj,1
jjklkfkdjkbpadbccbjeckjamihmglkc,1.1.0
infhffbnpbahooncipplmebfgjjpjmka,1
deinfgllpkpkjepomcbfpdnbhbdefleo,1
boodemhiegnepbcfahibgdkemmfholfl,5.0.0.0
nlfognphhcenmfkbpchfomlhojfcahni,1
glngfjmpdmgejbahpnnkhebfdkckpdjp,1
hopojihaokbmnpjbcncaleepjgboglja,1
lnlejkgcciikocnlndmakalnblalghkn,1
oblfdilnbfpmnbbdiippnfimmjlglnic,1
cofhpakkpagoedhmcchedfmghnafeblf,1
fbbgmikepeofkbibhpbpfomhcbfmaokm,1
dnjibgcopjhjfgohnipmjcglcofdlodh,1
bfkogkhlhebphmpdlgnamagndgggocne,1
mehnabljddodgjfjegbajolbpeopkpfh,2.1
adbplbkklcpfeeclogcfkkhnjdnmcced,Extension Original 0.5
dgbebmgjmjhlnefjmhdjjennmacamldl,1
dophbjogjkalanlabbckafdijncileki,1.1
nhmbgmbdacpmlhbmhebehiglikfgajhc,1
jncnaepjlbgjidameakaccfgnfkfanhp,5.0.0.0
cnejbnejjgcdahabnmimgjcididalohf,5.0.0.0
nnhbakapnnehdggmdnlfoeigenhgkkon,1
hemkchdchnbddjfkpnpnhjcecilmejei,1
hngpdaogbfncandpekkfpmbdmgkbibpo,1
nlgjcajgdinoboojekcgdhcgkcocipdg,1.0.0
mmcplonnnmgfknkggjjobcbpbehfdjll,1.6
hlgikldjejjcmillnajcfbgblgahodnh,1
ldbkecagjeodpeccgbemdjobfangjlmn,5.0.0.0
jijpgomicdahfhfnifmdplppojihlohf,1
ncdgphajafjckkpejdhjcemhgcoinmlg,2.69
enegfpjfpmjekhldhdohhdgaejfncpen,1
nnkldnnphmckfongegkclioihgndoebm,1
fnjeboodhegcnpinfnodndomlbfmfgjh,1
hohcafcknhnbipndbclgjkcecfgkhnlg,1.1
ookkfakcbljpombbkkndmggnjlhppngn,1
pfccjnaooodeflignlmcdmhkbibccohk,0.0.1
kdaeilijmiffanmlmfjkjjjhieonndol,1
obeogkehalmjgdbcfedflmlnbebnafeo,1
hdeaojmkahdplcpfjnenccdgbmojeeeb,3.78
icbkdhklbfojfcijfcpdpogajmdefahk,1
dblfbceiinbmlgebmjcjpoioacedfkmp,1
ddjdgcamdobajicendpbmhdplkalemjl,1
oiodmpcdoefobcabeikdncmmfbodoebi,1
ednkpohignngoaamliddekhmkobenlig,1
cknlghagdkmnjllbbjimagmdicmpifcn,1
dgjhphgclchgopbhjhepbjhelllchnof,1
cnjkcleacepdefajomgaenoplakcdmip,1
clecjbckhnfljgbbdaccehbeieffamdh,5.0.0.0
ajhjombdaccieebbficddpcefpehiboj,1
kakddfdghmcobadnnibdafkncmkhiilh,1
efjiobjkpcdokplopmjkbamcjobmmepa,1
mnhidnfnloeanlajhdlcmhpjgcamkgkp,1
mmfkfhkpmmhhjfnndiigbnjabnpaofep,1
bfijbhdpimecjoikeknmcbefleleobae,1.0.5
koieignnegpilnakkhjlobcajeeeodpf,1
mmgiaaicabklbapoaonojmbinkkmmleb,1
mdgjngckacjgmeemmolallognogjdkbo,1
djjipeehleinnojmhmaohaddbbnnibhd,1
ngojngagmbihomkckjonhodcmlladibp,1
olicbhpdmkfgjjljmfeajlpgoekjpgdd,1.0.0.34
mjfghpnnhjhdimijmaeadpbhlkdkihch,1
doijlniepgjobndalpnblijkfjelnbpp,1.1
fkamhoioonfcjhdkdmliiccimliacmnj,0.0.1
naffcjmnjidffbcbnpgjpigjjegilkbk,0.2
pcfjekggcdkmnmjlacgcncjienjhcchh,2.0.7
plfdnajbeaddmlkipdkeaflehiikmfmj,5.0.0.0
ogkajgpdnhdfjgbaadapckecdgljmomm,2.8.7
oehmacanmccpamjeemiggiojmhhildbd,1
dennhbogacdbbpelclkpkjpljepmbeon,1
adooplidfomghcmagjgccifmlmnlondi,0.0.1
fpjnpghihffjjjdnfijpbccempnfmfeb,1
gmadcjijbgkincnoogedbapkkodicbng,1.1
dbjfnfbdkcnmibimajmffodbjfficaih,1
ofacpbnoennoapnjbfbendpeobkhlgki,1.1
dgmchdbbbihpmdhlppchdimldlhcjjaf,1
bpnhfnkgpkkdjgdeoplfcejhhhhejfjp,1
nmkcleifjoibbgfbjmbakelffejbmlbc,1
phdfcachnndbclmcfcobomffoekelhcd,1
hblgmgohhdgnneiopgenbppjoklnjhjo,1.2.17
fcnmjfbippcnmcomooigdbgapbjdpikp,1
kkpnlecnojmdkgpbneaojfjhffhcikdg,1.1
odjdgggjafajanjapddicagggbneeeii,1
ecflhlbjobpmemhmhnnapalgalmhgbfg,1.0.3
gaaabffdmccjkggkdgcgifokhkgmmonl,1
oooepndpgpkmkiibcjkcmeljgbkbmkil,1
kgoljenkjplepeokfbophodhnfeolbon,1
poofjcnempcobokehoackmpjohlanabo,1
ekkbinbbbcgjfdlhfkpkejpccalklmmm,1
lllmiallomckgkcmcbhoogljjbngdbon,1
djnlojjnebobpboccbeilbfbfgfpocfd,1.0.2
jaclgglnlfbccchigekjddhecdcghhgd,1
gldodpfeooffdnmikckhbogagmgmedim,1
ndoocoagndbaeblecjmdbhibeamlohnl,1
kedfbagkgacdkihpcdbgdelciglhchpp,0.2
pnbmkgfkloknpfhfgioiflmnmbongooj,1
jbfkjahoefgcanpfhhmjhobjhmokbbmg,1.0.1
mmjgcajgphebfflaapbcikmejjnfkhpm,1
caghncipfpphkmmbjhkibjjafhjkofca,1
kcobamfpcmgamdkaekloafpinfdamkbm,1
oefaghbgapbnhpbpafmkfkoheehgfilb,1
haooigfonblbkbjbikddkcjbdkgldclc,1
libfpebkfjemahpamdadohimdjigomjk,1
fobhnjofekbijkngmgmpcgiddlimibee,1
pjdmdmmalhffkflhapjpjfhoccbimhoc,0.0.4
oldobigchnijgkgfenjiahloghogcjbp,1
chgbffjhjnahpbagjackkdmhoimmalhk,1.0.2
oaijfmpepefgkejecbgdhpaaokadgfeo,1
konejdailegoedkipmphfknaheknnkfm,1
bapmjjekggoaejocnjiijanpbcebhdml,1
ohjidlkfmcomlnhncagijibempagkaoh,1
liefiiheaikopcfpmhcajahjbidgggjf,1
lolfmcfblnkheoikmmbkfgmliaaibapd,1
fmgjbefojconmdbkppjapgheakhcdnnp,1.0.1
dimimjdaiejfcjjejjiaialpelhjknba,1.265
gfeepiaofapiaiddgifjfeikhlkkhpfi,5.0.0.0
hcfngadeohdmmgcjdahdphlkfhcaeage,0.0.5
gkbmgllegajhaaddebjieifccecaolgi,1
dhjmnenjcinhkbjnbafdencpoonhboek,1
gmchjfhknldhieekaohnghidanakaipc,1
eajgooldibdngebibmfpolgbhjkmfoam,1
fknjbibbbddmjggoaihnfgijllfkfcfk,1.1
ehkmjcpcichfcjmlbiembdeedeanpjli,1
pjapocdlmanfbjkfkiebolkjcjpcldef,1
nakkmppppgdghoddngkfenljhacajjki,1
ipgifnfhpebpofgfljachlhadcjjgdfm,1.1
nablkjammaplfbakecboaolpmnknpohn,1
fgjlchknodneooadbmicilkcbeclpnpo,1
mppialkdibdpecfgcomolamaihgdnmck,1.1
idhjfjkkiikbenmaipfglgookfhgokbi,1.1
lbmhmpnkpeainpkphlkgegcinbgdkfhj,1
bolpcjognmhogjmdgcadlclgjfgnngce,1.1
bopklmibglicjmbnjmpehgglelmigkah,1
cbjnhbpmiiffpbmnpajebpiokhlbebhd,1
nidfelfngflfjfmnkfohfehcckpmfink,1
fgcnnecddhcbcnnldjpaihgkalemghig,1.1
lggjcijkmpinopiemhpoaolflfgclakh,1
paeclbkagbdbegegedhhnmddeajeijnp,1
gmpoioehceklckdcijebohagopijaika,1
dpjlbjhcedpjadfofajigpepjhlkmenm,1
pabbjcgkbagnbcfankdnaopppkklciec,1
hcbahfejocbegooiohcminfncfbkhidf,1.1
ccmllenmgnofdfopdapbdljfkomfmhfl,1
koeicpmmdnmldmflnpophcfkadhjndcl,2.1.1
fjeeblnlnjohambadalppjhjikpfjlip,1
epopigeaibplcphgalgegolhpffcmaom,1
cjdgalamicafciadoodmaokicncfdopi,5.0.0.0
ocomcghofhijadogenfijjpfbbingfad,1
ggelmmcgmdcmaflhmlfmcmdghfhkhcbj,1.1
bamkjmcdmhihfilaojgilnhkaljdpobo,1
knkcdjchgdpimmnnmcbhpdffejadjhpk,1
kmeepailneaefbedllihjkbipgapkkho,1.1.20
cflgomkmfdkehjdihfajgmnkmajbhkek,1
khgfamoabceallmaelkmeahopihmdgbk,1
mechncjddobcnpehcolokhkhccbkbhhl,1
hjhhdpfmklefnjfkopghfllobgboonkp,1
jdofmdaogddcoghcepcbmndhajalemfa,1
jpgldlhhelgepjlilgfceifolgpidhpa,1
filiphijeeemaikcbkppjebcbdcinded,0.1.7
fmnhhmmhdgceckjapkdaipfkigdjkhbc,1
nkbdhaanhbbahjfgpjffdcggojingfki,1
dnmpebpeflnjojdpgmpabkacpnoegjbi,1
glhkiihbpbngnldokdmlpabodhaemjnd,1.0.1
appnhfefnjcgeifdnfblciljkpohpanh,1
amceakhidihpkdlgdkgfnojmdiechage,1
ldnonlibkacdkjnnigaodmafjkfnfbko,1
mhfdmcfpdgopiadiaocjoojonfbdkjmf,1
mcjjojllngeheahgjpcmnlikbchfgjbk,1
bpepfnlllelaeeamdhdhibifafnilbil,0.0.1
npolgnbhmbopekdbdimcamfclbkcfame,1
jpcfijgmpdpafkinienbhfbccjoilchn,0.0.6
glhgdjmhhnojphelocekkngaekapoepc,5.0.0.0
dmmfpioehfkiakhoncoamemcebdpmjeb,1.0.0.11
oeajaipoepceeakagebmmcajemapbcbc,1.0.1
jlekeianmbcbnniamedpmonjijpfdikg,0.0.0.3
hckmclajflfjdjecbikohmdfjkekeiim,1
lefahheekfbpoljimbmchnpijgheipgd,1
aakhhgpkpmenkeiigknhcbhdigacnjme,1
ldfccffpbfdhkjhgoknkhfagejabhbfn,1.0.0
jjcgadmjjdcepfdmcilednmglepilgbn,1
hedbpenbjnhmahckahalbbkjjmmhehbh,1
egkcpagjnnjjmkfiibabgkdjglihlgem,1
dkkohejiafdglhkdekaboffkafllpkgm,1.1
caedhfchbkmddagjljgfgdefjfgoenme,2.6
kndnahbipglkafblmgbomenmcmnfjlmc,1
lhidikjpinomalbbamiaanjljogghdjd,1
gaonjfgpjahcknjpjanpkngdncmdfijb,1
obadejohhkfmoieedmnocghmaphhplab,1.1
okdhilacpllcmhdipblhajaipinjmdck,1
dgofhhdcahjcjkanjmjeniflgcmcgidf,1
amhekcbmhagmkkiicoggjpjngjggleia,1
lniacmbnlidfgdcpcnbhkanljhkpenfg,1
hikknehefdbnakfhhghjiagjgmkonfbj,1.0.0
coenefihlblcfoeicehfmconnmphdaob,1
kpcmeieidpknoidadncmignfhnnkgogg,1.1
clnaocniaconnjnfkkapbpkmpkboclea,1
dnegphkojfhnbhdcmafkpnkikkmejgam,1
clldmeppkdibbajmjehblleaffmooolh,1
onkjjippijbakmbepbhbmhkklfbilhcc,1
fknebcgdodfknfkjcnpeiacnjdkinmkl,1.1
enkljalipkpaadhnfghlblebgghiojgg,10.0.1.4
pkjalimekddgaoifadnfghkmfhoalgjc,1
kifagceheillcbmibcfbiblolkicfdej,5.0.0.0
jadblocmiclhbndjoeiglfaakdfkjjdd,0.3
ingppapndhnbiifbjdlomgakpaffiini,1
cbmjpnablocflhbmdgefgpipmkbmecba,1
hmmaknieofhmpildecfjpieminncmbmd,1.1
feiihodfbfdnjlkhnilglkkoekblikcg,1.1
ihkmkpapkgnmnpljlbpdcnffbenjhcla,1
apbopponaahioijfpagbaadiaedoaeih,5.0.0.0
agkaclmghibffddmemgioabdejmmiigh,2.5
fbacefnmlbomehlcjacodbolgdkmnobb,1
gllbcfcjhmddocaieldcdmppekeemfnm,1
najmeeandbkfmpafikekmiddeofkjalj,1
ccdcdagijknfkbflnkjbkegabdecmanl,1
cjhbmodccngpiehgpcmpdboephjccdke,1
iabgchifmeijikleedffnaemapnlobel,1
ipedldilondnijcdgaigfdlibcgdakah,1
ojdbnacpejommphjenpliifnimfhjgdf,1
npakabempocpclnkodlcdiikpnppjeho,5.0.0.0
gbhcgoomnklbhaoadgbdklklklgocodn,1
hcfcmdkblcngpdjgfbkoadcnpiaildin,1.0.1
enggpcblgblommjfkihhakkpgbiincdo,1
afdafdepglhiamanifiefahnoeadpled,1
ljbipmlgpgkmebhabpenmokpncoifffc,0.1.4
bfoojnfpnocahnbjdmlkglpnadpbcebo,1
imkebhclandnncpceadhganmngnkfemg,1.1
hhdkoijbbaboojfopbbdnmchiacdnokl,1.0.2
elpmgbhfbgpgbndhfchbblnlhbfgoghl,1
cmdljlbfdihglbecgejmheahnjnfedmj,1
fpggkmoojdiogpbgdmchelabhapdjaak,1
eeimbhjjoehocehccbhbapfgmacpgind,5.0.0.0
hiaemdgdeekbaldedlhdhfodnmhbaabi,1
idmhligomijippkgkcmlmdpcbpajkenk,1
aonekjnfgilhpknilpgpojnkmndcfbio,1
lnhbkjbdhedojhmnhajaiajokcicnbip,1
inbalgnlhfpgjijoicmepbfaclgbeolc,1
aplmfioieakmijmpcmhchofacbhdapop,2.2
iliilbpejeilaebedpkdpfdaofbchebd,2.6
aehkllckpalnalgoeleclgiemkcedfaa,1
ekjbaledelnfalmneifllnjgnibnlnng,1
ddngdefpajeihkakbdnanokgoobmgdhf,1.1
bgcjlpbfcikehnegamhdnolefgnkmokc,3.3
pbbnkdbmicgdijbgbeajgkmjnboppkle,1
eoglljgmbjdijmmhemnoojheckhbkabg,1.0.0
nddobpflpbkeanideidekdlhggbapbde,2.5
kgocfjbffdcekalanfdhijnoghoebnci,1
hcfcpclodpcbeaeljlemkkpcjgofdiei,5.0.0.0
dmmdfhfefhnmenneajocfoeopjfglekj,3.2.3
pfbdbfmlajijilbpihcoopcckdamjgge,1
bhhgfdbdhfnbgelhcbeopcimembgfkgh,0.5.1
anbfcdgabpepcncciofjbhdfjdejgfep,1
lkgbjclkjccmepajmmafokchflhkgglc,1
aahcibnabjhaikbdhpgpoikhefgpeoal,1.0.0.60
pacnaabciikmlchlgppomlnegljmpihj,1
ellbgpcelbpkcoapachmdkacapknnaal,1.1
ildhhlkaoeidmcifaacbghplcncekcaf,1
plgpljdlbdoaemfhplpadnjhgclmecil,1
pjnonhjbpglmadjkdcafflplbefijmnb,1
ffkgkfbfhibdibedbmgjojealmfoogdf,0.0.8
mdjnmogdhgaldniafedleehdefkbkadb,1.1
hacljbebmelmddeepeonglikhhaglcnp,1.0.7
oplebdakphocpoeblmhgcemjfahlpkij,1
aibbilplinlehgkmpepfnfclllancheh,1
hpnophphejkeaipgbfomeedjfnlpdchl,1.1
njldnnibmccjbdohfpneihhengfbeioh,0.0.1
ecahfkldiggbokjamhimifklglnjgbih,1
hnembjoojhpmjoggcgcdcccpkaifhhjn,1.1
mheelimhkghfmjabfgbpahooogkfgpmm,1
dachmbbcldhobnllbkfkigcdfpmikllh,1
dpmobcfddeaocmkihkpgbmfmmolionne,1
jkgbjkiajgijfcmebmaaibinbcogeaeb,1
kiahjdbjnkmlglpmjlhomippegoeogfb,0.1
phconnhombbegdpadnhnceiibclllmpo,1
jkgakmknbeieanlhpopofdkiglhnmoeh,1.0.1
fjofffnadklfdeapnhhngbfbnlolllag,5.0.0.0
aljaaplfhdpjllmgcgccilofjlddmcae,2.1
igcmfjhcjkafaaodgcfiincpfadgcane,1.1
jbmicafegjaffnbjolnkmbbaleolcgke,1.0.1
aeleogklnlndaafnmglkeboofgagdnab,1
jfmnacibgcbokmbfgogkbplianboiinc,1
lldhajijhenicbmpoidbafdiomofaekp,1.0.0.21
jdaioidjldfaleiepopphipbbadfomlb,1.1
biddmihacmilghfokimgibdnhkekahpj,1
jhgjgkddknecchojjildlggdlnlaipaa,0.1.6
pmkogangnngmkjacegncicfckpohgbli,1
iogpplajejnfjoajpgealhlokdpnlmon,1
cofcgohgbioeapgnefdkampgnhmcbgim,1.1
ccmijcfnnpmcpobpeibplpoenoooamio,1
phpeblhjeehcnibljjpkkphfipigiiep,1
gogeciompbdfhnnhiejhpjdpchbgpnna,1.1
ijbbkojheoooaojacceedbklpkmjpnkb,1.0.0
jepifconpakjcdlchbojlmkkaopomcmj,1
igliicfmdmdhfankilajokpngaikkecp,1
hmcldbejkpadahphknighljhbbnchike,1.1
mppplldagfmlfbofdmlddbiianpgmleg,6.13.1
bmkfmfnjlhkbogokboceeehmpfopeohb,1
meidafoeakiodmpjenoehbblkbbhhnee,1.1.3
gchlagfpcaaaidingingjliapikhcdgl,1.4
lejoeiocmpndfebkkhlkihiikolbooep,1
olpogjpdioapjolmfdofkbdpkegbeeoi,5.0.0.0
ejjfbajbhpkpaojkonbjbngchjgomdhg,1
oalfdkknmflebegdibhcbpnlbbnagojf,1
monlkiioippadgpcfmhokekjhkckihil,1
ibacolamggdonajembcfkdnjcomahkkp,1.2
pgfhknebpnjijmdhbnbcbigbgnfenlni,1.1
ipphjjalkndcegmoceoligllleendade,1
hpgpiggokcbklaejlccinlfeapbacmhb,1.0.0
efkicfkolajkbliaonligceconpldnkn,1
gpplmmljedanomafinlibafaofkgfcin,1
gjndlhgknopgfeahjdedlmopdckfipbj,1
icceekinilfngfihhbnmkflkfffeodej,1
mhhngifiollahjokjoblepdonehckhnh,1.1
faeohlhpgchdkocidkkfhdjmgbbaniom,1
afeoebedbbkbaiggmfdfeaojclgakapc,1
hboiahkcpfhfkhbdemkoegpgpkiihgdb,1.1
ljgiahddikmmfhnppaicpoogbgglaald,1
hcefjggefcglhihnladmngpldkkinkcj,1
gbmdbeilfpjejgmhckmaddakbgiohhao,1
lffeekboigaeoopfgfdehcbcljabhejn,1
binnipijhdaklfhgnddggadjddinmfhh,1
gimieickficnmcloeobifdopbeccajom,1.1
aonebombknjpbpdanflhiahdpehdjkmm,1
oaofpallildlmgheapgjkgkphikikbhk,1
ndgocmlneccpgmhllhibdihocbmomocf,1
kmleonjoggkikcedmgncfhmjkhplkcpo,1
jpfinjceonclmiglnhhkdmlcmnbphkig,1
blkadnemjabckmeanboechgolbbkpccd,1
bmaahnhhlhbanibnmnkeboknjabigkdl,1
eofcfcnekjdnlonklpfcfjdabpojfgnn,0.0.1
bphkkklaofnoijgohjmokkdakbalkmik,1
oofljfbcpjpepbjaajaaieopbcobcfee,1
oeookocibenbhdoppdkhindggkllcdan,2.1
lhagmdiplakmcmbkhonhmnniiccohebi,1
kifjdgpkjafbjhnhhbfkcbjofojommpa,1
npkajcglemepigigimaffalldchkgfni,1
eokcllcehilmodacdafohanlehmlheml,1.0.1
hoidnpjdnmfckgodomfghphhaibnpgfp,1
alijidcikjajokmgibiicmkmaagcahna,1
kkdpmbmccnipnihmkdcfhlopdloelldp,5.0.0.0
miencflpaoclmfdegllnnipdelckmmek,5.0.0.0
jeoodlkddjohgblkccjmdkdeojcdcdgh,1
dhkgochpdhiehcmjmldmfipcjflhngde,1
nnbkgfnndnbhckllchhfmnkhoighogdk,4.9
eidabmmgnmmkaekohemfdibifholkegi,1
gfjcdhmpjpgignfcbnlmlofjpdakeiih,1.1
ldpiheakphnfpmedmbkmdbdplflpdpol,5.0.0.0
hdmliebmegacmimgcdbcfmkedjpkeeai,1
kfnmgehoapmlciopofbjkeiennbplpde,1.0.0
jhifaodkefnmljofbhdflpdjnkppgjff,1
hohopbmiibnmpfhmekjhcglcbpfaaekb,1
bmbalkoadehoeendabiieledncngbnlj,1
lgecoliadgjiemcndofcmhgemdlncgio,1.1
akamdcmeplfifcndfpeenfgfllldheap,1
mpalkbgikdhiofijimahlenliefnggcn,1.0.0.0
emmmoebacnohnmhnfmbmmcabgaaibfjm,1
iemeefhclgfgbeidjoaolnhomnnapigc,1
gjeomkjpgldgfljccacpedncagefmibj,1
dabhfbeniiffkphhfimgipdnlkekbgjk,1
khlngbpjhgkcalgdeaibajogjnlbhlbm,0.0.1
nhhclljacgghnjfopcdcpnonmapekdde,0.1
labfbbdelpelpgfllcajlendmgpcbeng,1.1
aafaeecmgdnnohkjnlhcgnikfbdpbkpp,0.0.1
cpmjeenabpindkpfjflbbabklaodhoab,1
pfjimaogommmihemooegbngcddiijcoa,1.1
oddlnnloidldbefjkpieomjbdnheokoa,1
ddoigldmjccjigodnlaghgnnhaaeehpk,1
hdjcobhhmgjlldcfiiejdgeegjikdnkk,1.1
diefbpijblamjgocdiobjmghiocnedfh,1
mkgiihlekeaapfjbbliiaoddkcdffflc,1.4.7
iafgmjicenkgneijeajdeljlhabidemk,1
kogeakcnlkodflbkjacmndhjbegfjkhg,1
dgokhmenbkecfopkellkibpnkegbemec,1
hdgmaolbedojpbofjmcefkfeohllkkmi,1
clbcfjdjmdikepmhmjjobnhbdjhjnnlb,1
nclnhbcahppcjakodhldkapgnlkjbjjo,1
idbdbpdaodoeifkgnilaicjhhdhcmpob,1.2.2
afpnfakaegdednmekfgkieaddcnkhgea,1.1
kbllpikdlimneelloikcdjcnopdjpgaf,1
cfcjdcgohpimfalkhbioeibnlcdinddj,1
gpmfeknablhdogocgopiabbhgdlfnnkl,1
copmohkbkpajgimjnndpakjkbilalaja,1
mhdlfhjbifnolfinfaobbjeilfogmacd,1
jihhmpnkfhndhaajcaockpffojiebaak,1
lpbcoikgodijhimnnnjbgjcpbkpemjbg,5.0.0.0
mdmhfkmkjmajeopnjkpojgfnpcfjbohn,1
goehalojldmodgpffpklihboginlclfn,1
dnmnokhajnhjbgknndhadbfagmdlekbk,1
domnjkmiedbbnnpbmnhdilgaggdlenfc,1
ppdimefdpljcdjlkfpkopflcaojilidf,1
fiiogfgcgiccpidogbamgbepfmboojnp,1
nhpeadgkpadggjkggclphpmndngbbkce,0.0.1
ajimfbkigilioclcnmmgfdegmghgdjfl,1
cdeenhggfinilcofomiakngmkmepjoad,1
aejlkfelleidomoohnkccogpabbnppmb,0.0.1.5
hcilbegnojiojkjejapjbojihejeicen,1
nemieobinafeanpdcblghbkbihhnigli,2.0.0.0
jmnlpemnfddbancpcaajnlogdcacafih,2.1.9
efccgokimhohjmebdbgfdoeobidhkffe,1
pkpaicjmhmlgojokcoejdejklackjbol,1
odhikddodanjpjgjlejimbkgdkmflfin,1
lmmcgkhapfjjiahkkedbabddibinphii,6.2.13
cpdpefbcelofkegnahbdbfflgmpicggb,1
lbjdpifiklbojhginocbljclkdmgohgk,1
apdjanjodfdbhlocdibpldnokkjjhlml,1
incammnijhmlippbndibbbiejnjfphni,1
kpengoiekmpbfgbkelocdicigdlhpedo,1
jkidbpmbmicldbloeegccbmmkfkgokbb,1
hkebgciegfifeigjmnhamhgojgfmlbpp,1
ccihgonbniadkhiabmlmaglmpegphmhf,1
piahlbajpjpmiocimpeagikhgeencbka,1.1.2
afbeofooncanadifajgaojiaopfpelak,1
nafdnioehjgphclolnkeambdoejfkfpk,1
oimkjjbodkplfeknjihphcmdibipcgod,1
mmflpbbogeeplgmnfimkfmiofpgelefk,1
iojmdhklfnhjcbdpbilffkfobafpmlhf,1
aooapocbnkodlnpicknbkbfkkaimlpmk,1
dgjgffahlebigjpogpgcmcdddchgehbh,1.0.2
glikffjdkmdcccaafbiijeijffchacjh,1.1.0
bppaehbmgeingmiapfnllgbecmhkocmo,1
dgapfahbeoeakcobglejnlbhidlonaco,1
mmhjnfgohlloklkbpeennhpgjkanopnf,1.0.0.1
lbalkcahhfllnfokjmbfoloelgapoodp,1
jjhiaoolfljjkdcdnjffbkmiphajjahi,1
chpbaihcheeahjiffikoacehcmajlgjc,1
cjmejmbcmphdpoaciohgjhldbdgeoapf,1
bibcpipmpmcdmccenijllojajnnkenhl,1
ogjkccphnlkknoheoihinifkcjpfeepn,1
ddmlhpjmbemeeicfpjkbcndindkdjhlp,0.2.5
lhgnabmkmmmcikloedejedmiobbbefci,1
jkddgnclhcbfoooamkidgomdkejhilob,1.1
jjeljngfkdemgapkcejnpepbonppbhnl,1
jolkgfdhcddndjaclnffolfkcdepgffm,0.1
cfngnhmdekmmekipdkpmkigidjgflidb,1
hgagilkemikgmhhdnobnglhgjfpjkkjl,1
ngkmfgaiohiiidglgojbnjedcgobbjbb,1
oakiedojecmjdeghifcoigamgmnfgpai,0.3.1
dglmedfoalmemjlefdfckblmapaiobmj,1
dkgbgebnfkjapafoemkhipfhdikkebll,1
pnemdnfggpckhpelbgjeakmdoghgophb,1.2.2
jleaidcgpilfkmfflfdjoclclocpmfcp,5.0.0.0
ocakegolfdpbhgndmfkfkmpaholmajmb,1
cgicbjgbfjgebiggnimkpcebcjmakoeh,1
oonihkhljikpnbpphojndopmacjdipjb,1
hacncelndebjigiifegdcalhfbkdbpfp,1
kegpfkmjdafmbghhjnneidlojnhdbill,1.1
ofhpkflemhpnjjbakednndlaimmjnkoi,1
nmnbgcieholofigofjopipgdoikpibfp,1
mjiedfnlhmbonjbdfflkhbompipkpgeb,1
ejaljjhainbgjinfencllddmjfbnkolm,1
pdinadedompdfaomidijldkiofcghkga,13.2.17
hcnnkollmfinppckgffehkgphagcjiap,2.0.2
oefbfcdhgjjoinklmaocfigflmkoadle,1
nmnonnbnffojgceomdiakbbgbpgbcfeb,1.1
dgjffplkaaignmpenbcmhiffglednaol,1
cankhbjnejnfbnnphhgcjfnakaliohmg,1
egebdhenphbilcdfkdbaanepnchjicdm,1
loidabdbknhnbcoigmejljmofbcmhfln,1
ccadncbcmnhoalljehnpdeacpbgchgof,1
iphjjhpbcgfdchmecagplfmgghofkibi,1
lbaopjgncfbhkeikloehmegffoifphij,1
mcfigjpknillbbaaoaagllkdoodppgeg,1
ideaoajokcooliclcdloecjkgkiiedio,1.1.2
jeefdefoeoepmmdcadjodajjcigndjno,1
okccodhghmjmndpdmemjkdgjdehbacdn,1.1
kehokimkiehlgniapkdicjioollompcm,1
gdhephlgmhogecndhdinphgengkbfkja,1
mdghefdnhimifepchkkngcmlpkgbddao,0.0.1
fncdnafaapjeajhoognhbomaibbkbgkh,1
cnbjcjkacompmipmjcgmlbhlmkmjanbj,1
fcanpaigajbkbnefdecgnhjpiaolgclf,1
cjohigakmfjmajopohggdgcjhecmgdlh,1
ckofoighpdbemifbeioiembpfdgkndck,1
mkgcopeephmbnomnceoncajpnbkaphhg,1
aphckoogaegifadkehfmbgfdfifedgbi,5.0.0.0
pimbjiabhjhefieaofhcjmgpahdopogb,1
gngcglapflgdholgneaiomfmnlfdpfkh,1
liemiknkkabklcpmokkfapomlljjkjjc,1
efggfeflgehfjmaehlnpgpdogbpcfjnj,0.3
llebhknbjpnmbabmbcdbmcnhbifkapen,1
ffpebklhcfinpegnooekfelfjbmjpaea,1.0.1
mcndjcokmpnhcgejpadncdmonhmmgemd,1
ibnahddaohhmhnejgilnclamfdnniipn,1
fgikcgkdmgmgnklnbpofafnplmfiajpn,1
gcacghfackbkbdlnmckcpdjaglggaoah,1.1
kcibbflbinafifhadhiecaldknmmhhkc,1
cjpponjgekpjkhkmlcmjoolnimfabjme,1
pcocncapgaibfcjmkkalopefmmceflnh,1.4
boelpnfofooiaphogjihbhnnjnjabgno,1
apoddllnbeibglfckmkimflcjhmmbceb,1
fgpoepefgelooeipecajgompeekcpkij,1
acjmgcpmockfnmlcknkepekibcajddlf,1
amicbjnlpgfcbmbneihendkfdghjlljb,5.0.0.0
hmnekfnogiodfjbcaefkhmfdhnjcmpol,5.0.0.0
iigpdjlfdkjamgidhilfohmclnidckcj,5.0.0.0
kfjjnikdhaokpfkefeeojlbnhlckaioj,1.1
hmmcpehepbmdpgfmpkacakplamopnobj,5.0.0.0
hkogopaecagdllaeenmopijhdalpdclk,1
gjadfeojhbmkfnnaaldcinipimceioje,1
ifdalopcokliabldhfdcfgefbajiggnp,1.1
bfnnjbmliekckipbpmmbegppkpabcnol,1
odlipbggebocjaemlkfjaiglpepokeih,1
jplmhklnmcifccjpjfmecfkgeiigpegg,1
kfamgmohccmckkfmpmcmikjanknhmlol,0.0.1
cjpbjkeobpgmkkapnmglpplicjnnfbne,6.0.2
hkoojkbbndbjpdpedfofkcogebalbljb,1
fipblgaebijifbjchcghmjnhkaklchec,0.0.2
gahbhocofocmgjpiggnfhfjccbippafd,1
hbjffidehpdcdccoahlgiebobjeggbjp,1.1
cgdioddgjgkdbillmkmpoaiafaceldoo,1
gckhggfephgakeligjfojidljomfebnj,1.1
bbaijfbpgkpcekkngbeiifijnfoclaaf,1.1
kheljcoplkkgoefbobjjdojjkkddipgc,0.7.0
ddcihikpgfjcoolgjegemdanjkpiebbf,2.6.8
nfbenplodbpabiaphpbbdjflboiiagkb,5.0.0.0
bhmdpdobebkemkkkmoncbhcpoimkjioe,2020.12.10.1
dgaljmbidgidamejcmmdibkinkjmikch,1
bekmkkgkecjooplgamblbkifoobijggg,1.1
akmmjbmhbobdoiaadimldfocgcmbekeh,5.0.0.0
dhonehalnjdljflccpcmpjjbohidgjdb,1
bfbicbghcfggopgdfflhalifjbcacbkj,1
deeeklbjfcnfaobgeaajbhibaieelojk,1.2
ckhpjlpleihodebjdjfejhnjmheeneok,1.1
mbhnonfjjiikpbcnkdmnhkhddmlddhbm,1
pbkhdlbaajdknaingdflmlnapfkbfoje,1
bfpgegmgodlcddiipjikpggfgbhfcfdk,1.0.0.11
oabgffhplkljcbdmjchehjdkmolgbobd,0.8
habpbffiegobgppbcnmngckjcdoadblg,1
gfopanblkedidgidenmmfoidjpngeafb,1
mldijpnkllbghjpmbljimdiaklmgennk,1
headppgbdmadppkjjddbpekonjgpcjke,1
bpfaaikbpgkibfcjjenmfpchjgcfckga,0.1
icoenekgjdnpjmjbfngacjlhnlhpfhkl,1
pkcnnefhfjegjlnapofcodbcppiaeehg,1
hbaoiafhmekijbhmbjnfdemnheajkjib,1
jbinihkicceiljgioajllmdcjapilman,1
mfehcnckkopgeomknglbbblikbfgegac,1
jgigfefbjehjncdplokjfoacmjldcfpc,0.0.1
kioeoelbhjipifjdleglhdopfgbmjplg,1
mihcegeadgmkceffbpnkedfjjipnjkdh,1
amdkljmbaobaogkjlnkkecdgpgaelbgo,1
hjfjbokmimjoelpmmljdpglcemfenann,1.3
macbdljnaebgnbjclhgldfaecnanecdc,1.1
ioaihgccfgbioibpiageijpfchdimfek,5.91
nlgohdnejddccojcklpbmjneomkdlhbi,1
ofbagekcdfcfadgagkkcakjihdffhgol,1
dagooachcdcbndijbeackholigaonigj,1
cipjhdfmmbkcamhiljdokfhpkonkdocc,1.1
piigjbmbdnblmokgjlbhlkgfidfglhef,1
gamilgjkmlnbodmjeafpplfggoecgjgn,1
ohhhngpnknpdhmdmpmoccgjmmkkleipn,1.0.8
phnldnfooknnehinnjhehggilonbbhfe,1
fldhjkblpiboennkkpikpdminekjkknf,1.0.1
dajamkjlbkkphagimneohncmhlgdoppp,1
ncghahkoalbdcfoaeoajikepffiinecg,1
onopoladlnicjogiadokelbhiooblboa,1.0.0
edejjglglhnpelmpimgpnckoolddgfmj,1
hkojcigfflamggcmdlcfomadopkblggl,1
dcjpcpghdmpanmhhbllfnhalmimhjmfh,1
ajgmefpgdgimmfbdhdakcpiolcpajldk,0.0.10
cfppgjffpcplnohdokajjkndofdpbifi,1
fkeimppefnlaahcpaalbmcdlhdpbapfe,0.0.1
npcocdpmfliceekjpgbfccljgkpkakfl,1.0.0.0
kmedggjnfpiaanhpepldjdmonlbhcnol,0.0.1
dmbddnphkkegodddliddpgmkbbbffaag,1
cofaagajkokfibgfpiobmapegecbgpkl,1.5
ohebpdmhlannjabmjcngkdjciakbmfdn,1.3.3
anodkhjgndhkdnikhdhfgelpehdghhdc,1
jpbafkjjblhklipglfmeinfnngalkmpe,1
fpcjcefgcogobkfjohfnignfodnibicj,2.6.9
amiphgikhahpmfjoihgkgkdbgmmfnomd,1.4.9
jifkgcfcloeojmpkaoamcmgjpgkhbmpn,1.1
akmjlhcefojociplmlbcapfgncdomica,1
ddnhdneokkicdbjbdmdbipfeglbchhhc,1
naiopbbgkeniglcolingaefgkbndfjbl,1
icfdjpiaocneknpmdbgebdcckcjjcabo,1
ecajijblkedjphoijpoafoaakjbacood,1
lbipieienahcnaoenkbacicpaekgboie,1
pkamjbokjlhkmmmldmmbcbcadhbcgoib,1
lkeknncmkikbamjcjfobdfigonoonbnn,0.2
nlkdkpkajkofladbiddfpodkckamaljp,1
fonkglagljbmbhaehebmfgnmkjfchggf,5.0.0.0
mecmcbaikpleankcebhejhimjbeclfpm,1
nacgdiljdcbjfbeehamcgefddaanhdcf,5.0.0.0
njjmjokjkplgghkcnkjaomcmjikfdpdf,1
bggplkbalknkkiahflgmcijdgffggdei,1
lonledhkkhnfcklaklfnncclejghjkij,1
cdnkokillmmlombhdmpmbhhbikjalimp,1.2
eeiodkidmamlihmoanfcahmdoegdmloi,1.2.2
pmekelfacffofndfgamglekhcanjbfgn,0.0.1
gbfnflmpdkimejohbcnbjdhcnhhigegh,0.3.324
fneacfmcbodphnmmigaibihopjkdcmoh,1
ipjooboimcfokdiicoofeodfoakakkfg,1.1
daimcfnnpjmdfgllnckkfgiiklobglke,1.1
ofhfldimkakjognjniafpikkceophecg,5.0.0.0
ipiolfjdkmhlkfkljbfjiamgicpkemke,1
ccmiiknacfmdhjnepffhilhnhfobkcfo,1.0.3
cglkplplhlcbfpcajcaefogcjmhpomik,0.0.1
mneobocelbbbjpgmcohcngeapfclnieo,1
ceohifdjkhamkcnjiikjhmgobklhnajd,1
ddkhmggcaclkkcjmeibapkjhanpeidbb,1
bljihjcdcedoeajdlogpkjfpeaajmhff,1
phffahegihcnmkfbihgndcanfhgaknip,1
cmejleoadaeelcdbkmkbchhcalhmbeeh,1
icipimfjiomhjfancmbldfjejdipkgfi,1
lbdkndacmjjgfoeopgohbahpcnnngjkm,1
eedkdijnhamgmgcgifknpdkfjcpklalj,1
emiejdjhfcmfdnohgfdkpkojfodpddpc,1
ngkffpepiajfdhganhoifmeamnbcgdop,1
edpfjodhidjpkebpcjljdaekbgkoljih,1
njlicmepfphenhdpgbjpiodcenmcfkoj,1
caogjkelkkfidalpnlfkbfamedjiljio,1
eocbpejnmjkhagpgekabofkipebfjgpp,1.2.3
geemaiikcohekipfceafbgadnlhgpihg,1
meffoennendneiikockllomkmcddlmln,1
kacobgiinhdbkmlageibfkgofnnmhddn,1
gmhgecoiidefhkjpmdopjaecledabbap,1
jookpbofjhjekkdmijogoflniibodnnp,1
chccfgmapdabjafpkeamdpnecbggljgp,1.0.1
ndkmljhkmknieofjlfhpgcenljcmbbim,1
bffkdpeakegnimliokkhcfjmlnngpjnp,1
gaihboionbfofpheojnclconbhcihlip,1.1
mjlaljkankppnlcglgfaoiimpfiohipo,1.1.0
hagfcldnbcofhdbogjoglnomeodeapii,1.4.0.1
ojlhflgemkbbojkbfhdbnadpcimlkkdh,1
cmjnipmmcchlahbiihkbiblckcimphoo,1
lggngnimkmjeiklckdhchfcpjaoiinpl,1
glpcedmnjdkecfnlpmbcfjgiilnnpegl,1
ofgnpdimggpcfgpipgjcnclhbehjaedb,1
apkjdjljnnialkfnkijchjbbfmipalaj,1
knjpfchpaddhfldphokbpkpekpidgneb,1
lgcnjnpmocfinmpibcieggokipppcdpn,1
pblgfhlpfghdgpnkliibedenljmofcoo,0.0.3
hnianmdignopegdcmlnoidfolkiknnnl,1
aldodnlddaofghejejebdchmkphlbedf,1.0.5
pnjlghbaaaddoeophkggkndiemkjfhlh,1
dobmbpfaboeimodkdijgclaadnalkbgl,1
caimcdjhpepmfndikhfifambglelfnan,1
blnkepgdjbjfaikbpemmjjpfookiifhd,0.0.1
lagdmkagpnbikjnkggbncfajalopldne,1
hmeheleappbgjbafnnhidhdejidokanb,1
ebbnfinekchlgmimcaohbimjflhiijoa,1
cbgmbgacceomlaplhcednmkahdnmdhhh,1
plehbjbilgdkplfnmfmeopgomjiifmnf,1
kbhogbjcckpjmgebcjapedliobokagml,1
mpkbioicdlddhagdegkhakdbjjaclccg,1.1
pgnpepdfllhgneipjkmpkljlbbpokfia,1.1
ljglcgojgndnfljidiopfkijanghoihb,0.1
agnbecflglboohiabeigidgideggpkfg,1
ljhjphoffhcnhhobeaedlaoklkceennl,1
miagimnoidfdiemdpggdelkjappajnih,4.3
dcfokbebhamdpaplfadcdpdpongpgfbb,1.1
hkkgiepbfhbnfkojgekcgdlclfojcdif,1
ggknhcagbcimhfoioecibnohdglmnghm,1
ilfbghapmhionhdhpjlnnlapbconnmfa,1
opddcbocipacopialmiklpljpmfaampl,1
hgpkgkdfbcmdjphciihcnbcnddapccng,2.2
enmnmbkmhgiaabcgcloociopploahkae,1
kmnmllabeodpgmodokhaiogcopplaajk,1
lfobjeghnejkaikkgdfmhcdkohdjckal,1
eifccfkhogpjgmehliekcmapnoeoffbj,1
cglcbphpjmjmnaomgfdlibnnmhicaojg,1
hhhhafjebfdgnjkfgncbmeceonfdploi,1
phjoefoednahbmgjcighefaaananhklj,1.1
ngoinkdhfkdofomfcnpkmlooenlhhepo,1
bcmebpgnifpaeaagkiobkmkghknlaaad,1.1
gmndgmlmgbjjglnjbaiipiobimdkchni,1
ieojiddohahhlgcncpligidhjicmbklm,1
dmcephplgmeicdcodneonhbcmcikdplc,1.1
dnganmlohmjimoafopaeinliiehcmdfl,1
hcdmdfeoammlfaffcimedijfmlijejid,1
liipboiiokbgjelkbodgclcnmngaihhi,2.2
jeogkhaabegadnnjceimapongmhaogdp,1
giknnoahpoblpfckjljeipbcmalcflig,5.0.0.0
aboeheiejgloanknmgefljbachbioobo,1
lngacgpmciofdjegnhpolpjekdhcpbhm,1
domlpjcmdhfbakboacogiepngiekkgmf,1.1
fhaingelpafkndkbnhannkhdjganpbif,1
fnipjnnccnffjcceennjkjalepodnfhh,9.8.2
plebopeagpbanldjphocpidbdeohjjbk,1
hgjidafnelieingcgajjdlhfhfkgplda,1
kipcaidhnbbbgdmdkkbcdfcjodjfghca,1
ghmcjdhpmkofchdjfacjfjpijglplhhp,1
odejjophogihbneejpbpakaiopalmddg,1
lfkaogledifbkfagkdippfcmanhapklm,1
jiacgkmnhokeipeafjlohchjbeamkohi,1
ogaknoomlahdcnahodedhcpdenenpcpg,1.1
afjmmlljhdcooibkgeifeknhaccfmbcn,1
cgbkdjihcfahcjnijkogglknabjcmfdf,1
kjadonelibjdmioieggmdkjejbhholip,1
fadbagbfnckoebandocpikkgcpcdeegl,5.0.0.0
ofdpaelcmcpfgjkglhfapbdjhcibilin,1
mbbbodklanjhflmeedoonalboofnglcn,5.0.0.0
ihgfcaknebplpbknogmgjdeoeeghjfon,0.3
ndgcfhafocigaopjimlkaoijjlgnekjg,1
dliodcffhhelinammbofknpmiglpaekg,3.0.4
eaolaljefcpdeajhdomkppohjfpldfjb,2.0.9
hiinjodlejilbmifgdkaodkkcpngbalk,1
aaoldkajlekblgmbhnfamaeaimaimemm,1.0.2
pbgahacnmfhfhacibilomgadeejpjmng,1.0.0
apabglfafdceibhheieaebjjplfflgne,1
oapdmpjaghihcmpdmilcbaefcacnlbjj,3.2
dpkjhnjjkfdlfbinkfpgbalfpfekfjin,1.1
cgpjgogkpnagnflmmifeckogacgakgem,1
djimjkkefhbafnaniaphlbajbfmohlei,0.3
oibdobhgjeonnlkaicgljggejkedpbjh,1
phdedknpjolhaiigjedjaingeahmcmdl,1.1
nlbaapdejgoljhfgihcpnmeadclmidbf,1.0.0
jimndcbgehbpikilgijlbjegmdinojkc,2.9.1
pidedhhacfdbknobhppbgafolhgjghil,4
djnobnlfjhegccjmbapijbkemgdmkoeo,1.6.4
cbggibcblcmmkcfaecimggmlelffkhbj,1.1.1
alflcdljkjnamclhiepeknoofbpehelp,1.0.0
opkbjlbkejhjmnchhlllccoglphmimdc,0.1.5
bbddldccjdblblaoagchfccnpcjinnde,1
jikeagnaofamcihinkoabgemgohadnmb,1
lkhhhpgjejkmcheajgibhjgahjenalop,0.1
oofgbejegkalaklgdogackhgpinonhfl,1
jakhbfmbdiinnlnjfpdmfmficgkdnmab,1
nbgcebodochphgjladedplkpeemhcnch,1
ngooimnpoojoncdpcobhihhmabejegji,1
ecdcfkmbgcgienobmohobcjgbphekfog,0.0.2
bkkmajejhekgckjpacfhmccigdfhebad,1
hdegehnleoopkinnjeepcpoglkajhhlj,3.3.1
lkmhiolepkdgfjadehieimddcakjpebf,2.1.0
oanmeagplnlmenekkollagafbghohpih,1
cameogdcpmllmmfklhfljfhgdimbamda,1
obkfgjokigogippmjhncjlllnpapamal,2.1.4
okioonhcfdjnnopfheeffdebjnpeeoji,1
fegmpjpahmeaohpcogicpcnpglacldmm,0.3.49
emggnbhjphdlahfcgodkfcehgcelajop,0.0.2
bibndnjefhgojehobkkfbkjdhhnbnnmg,0.2.44
fpbbakdfedpplahiahkodhnlphagjeke,1
efljhkpadmdggghpcjjpiiifocbnjpno,1.0.1
ljpobmaojilcgfkfkplbjjgminjdplkf,5.0.0.0
aphfbccbpmiigiohhaheboimpepablng,1.1.2
eabfdmejpbmapknjaekcmmcfnmlhimcc,1
koplijnoibafogobafflomekkaemobnm,1
fgoijacmkbfojolegkkonooomejeahge,1
lfjhbclgjlbipalldbkegmggleciclah,2.0.0
pcjdafjgeheffgooamijfbpnnfaiplfb,1
imgmbfcnlppddcpacabmifhpplcjiabj,0.9.4
hdndaaeacoofkkbmjokehnfdkpagfcdd,0.3.20
fbllpaklngplgmkilhmbpkfofdpaogek,1.0.5
bpcijljkphfdbidckldagpilekdabmfo,3.0.0.0
elobgclldafjcaphoaafblfljmkjledk,0.0.1
gffidiankanadkonificlcbmhpkkmcak,1
aagiooeicemhfdnbnpahfpkdehlnanhg,1
fbijdmmhejhdafnijgnggbhhbinljddk,1
bjipacbkgfnfflfooepbbaohklhaogeg,0.0.1
mgndbnkijijmljaebicnmimmcaoaenjc,5.0.0.0
eadmbiacimlblfpeojncpiijhcmbikka,1
ieamlcppliogonpggmjijefbnnkopmfn,1
edikbimlgfmfdgkaighdppbacnpblefh,1
lbhmdlnpgcckkpjbkajgogepgbclppci,0.0.1
dadmmhhbpdngficpblbooopimjmbahjj,0.1
gpjhgfagilcnnlmeacihogkjmomccicm,1
ommalgonbpghlfajkecfmfcdmnhpjgmb,0.0.1
oeaffbpmflnejiopjmfdhngilfbhakbb,0.0.1
hbnjepmhlfgficjadlbmimeomgipgikk,1
bagkmlallikpdhjmhjdedfhampleokao,1.1.0
bmppcamdopkhgihcphjgaiidhfidkenf,2.0.3
calfcmadbapggbmidajelilnbbkpjhfo,0.3.11
hejjnplahodcbklgknmkmbddddildbfg,0.0.1
lmidfkdpiciacfcolmnbafkapdicnfki,1
pminnonjogioefkgdgincllbgojopgkm,5.0.0.0
ekobnpmammianjibbnkciogginbaenlh,1
niabofhdmhdlngkofndapfchidgilcpg,1
hkchbkjdnoagdfbghdmbdhodpcncfagf,1
lakljohlomlnpfhjaakeglmohonfpoeb,5.0.0.0
cfmndldgmnglnnieehmofplbpnchgccm,5.0.0.0
hjnbalgphbdngdhohhmchbdaclmcchpg,1
nlelajbjggcoeeebhapclkldmhnmepgd,1.0.1
ajagblagoabpddhjinhedbpgmgeofhjm,1
fcceilbjkibnhdmppekmimfolmjpenlc,1
blpcfjpihnfcbkielknpgkgflefhjeib,5.0.0.0
lmjmcldeehnfgcmjelckllkgfcfnmjlk,0.0.1
hcekoffgpbnkkgkikcbhacjdpgkmolkm,0.2.47
fcehbjmammodhlglnifjccemcbeeanbg,2.1.0.6
fbekjliiclfhdoldplapoaendbmnaglj,2.3.1
kmjhnoibfaphifhhaeejglocpfmnmmaa,1.0.6
bpaajfjhibcmbpnfdgmlgkojmlclehmh,1
nblaepobmnckocgpdagajnacebggdppd,0.0.10
cficimhlcjellglnopmpaeoclkekdknd,1
gmcepejinapmgjoehmpbncdkoaaocnce,1
ldhpcepmfbkjmfkdpmhloklkdfihonbp,1
lppehhkipgdhjhcnhidmlknpfgokekmm,1.1.0
ihfmnnmffchhiichomhfjbjemklcdbki,1.6.7
iellbonncbmebbmdjkpidlegjldamcep,2.0.0.0
onmjmpjdglefjhjjncbapinnoiaoiman,2
efhlaldfkeihihkeeglhpfbnbfafljbd,2.0.1.0
fdhjnjggfenkfgnffpfgiibllehailof,5.0.0.0
koibaccafbapdkaaaikchjabkfpiibgj,5.0.0.0
pcjohhiegeocfldlpkkmhdeibbfodanb,0.0.1
pmabppadhlbondffbiinhgnfppblmgln,1
fkjpckigfdfkfifneeocamkjlpbiacik,2.1.2
nfkpjkkigaabcohfpdihnipgcikpjboa,5.0.0.0
gmipenlheldndhemkfpofkepijggdjan,1
idnnklakmljanphnofjlkhdlgngmlhlg,1.0.0
pjbcpmnmiodcbpcaljfmkgppbmkmgkdf,1
ancbhfgglhihfjbfohbfnnpdagnkhpap,1
hjkmhapjniifgcaiffjacfeekgoillme,1
ljelokmfodnjcnlpjihdkknnegdnempd,0.0.1
dolcjfekombphingdabdendnpbiffmdi,0.3.1
njcohmmhbleoaofehldkonjpejclpaok,1
pmfkdafnciknhfiknllcaimdoppdenie,5.0.0.0
imjlnfgcpcdgijlnjjdmnopnbenphflj,5.0.0.0
gpkdefjgpkfmahjkklpmcohffmdgchel,1
eeldmdhjpmiofhngaaadondjdjgkkddo,1
deckabofmjibjnnglafekembmjpghnmf,5.0.0.0
hmapnjmgoochcoihlfebnkhljhocjfaj,1
imhkbjpfmilmckelkmdailianilcmgha,1
ekemebinnnekjkfnngiimpocfagijfed,1
pmhldcfhfdclbdlphgikfcgolgmflfmc,2.1.1
fjoadfjfhilldopidhjcdghffffeljki,0.0.1
gpecehooehmlgdogidjeholmmhpblfeb,0.0.10
lopaeedijfhcgnogcplaopiafbkjdbbo,1
dgiakelpjnlbpfoaohfpkbglmalllpfp,1
dpgjhilcakgmnacinncikaehnfhhbcph,1.2
peamlapgjhodknoiakkkbnpfhhgoplba,2.1
dbchgloiojkpbmkidlloabkhiedlbbmk,0.0.1
llphppdnhmclieefoaedgjdpofbmgmmk,1
eibimnfpmclpmdgiflmpdfbfofmcbcdc,1.0.0
jdmghnbjkapncapikcddcbljbdolekcb,5.0.0.0
khhemfdeeidfhdibabkbphiibkcmgddp,1
iedfcdbchhncfdjboepapcfaipihhikd,1
lbcifniidlghjkbeoflolbkmgajblpgp,1
filfeacigkeiblfgpcadhgfiffcjppef,1
hagflnohicjodkgelnebakknjnloklde,1
nfclhgmkakjdmjlgpcmdncmcbakhamgi,1.0.12
gmkcajkldllahihmjpnhenkkmpjlpphd,0.2
bjknppgdiggkfcajpmnabdlcpoomkaig,5.0.0.0
ehpodanpicgfifllhfjadlofdbppikib,0.0.5
elcfofepajbodnpldkjbamlmafcfmkpd,2
nadmpdcpekbbdgjjjcgehfcfadgpiioe,1
iegbdcadhkkihiomkfgfkbfcbcljkkgd,0.8.5
eeegibabifgopmpfjjpjbbpafnbnegpb,1
fkffpajooboeohdhncfcejmbkipnkblf,1
pifcikgbkimgljnepoebjmdciebjljne,5.0.0.0
onjpdmlcaikiddhfolpjpflpenhimaeg,1
kegghmhklngbpkljkiolnaaikpghfeag,0.0.1
gkclmoahblocdjcbmoiojffhkhegebhg,1
liflndphmboidjagalghdoialjlojblg,1
icbdmdkkakmebaekoejpphfbajffcgjd,0.0.1
annkdiacnbbbafnednilbkkijdichdhl,1
deijabgnoogfkhiepjpbnachcmcdlikm,1.0.0
nakfnegmbomdnegjejkmnpmmpmhpiabm,5.0.0.0
oneppbdjgefaiecaejfjjckkcjlhigke,0.3.58
blmhgjbkildmkcdilfflekkioghaaene,1
dfaofahplmelhbgcaocheajbkjdndkdn,1
kdoenackcgdjhpaojpgdibgjncghpnbo,3.1.0.0
bainlhhnkcllmljkodgpmbgknkabpjaf,1
kmopkohdkhclfjlhamojpjkcojcgknbn,1.0.1
fefpphdnlhdafhhfeoadgbkjankmcpkg,0.0.1
bgebpacjmebakkfigppcbdaepjlbenid,1
mgpedkeohfnpfomgcaabgcajnoniobpe,1.0.1
mmmabglkkpkidegnijfehodlmobbocpk,1
oilccdnpgogingfeejnhjcpankfdoamf,5.0.0.0
ifdidjfjabmagnmaeihhoihmeoejpmaf,1
hlndelmghlpldhbfllbmiookippedmla,1.0.0.12
pkmobohphphfkahgoebeldoipkhgpkcp,1
oadklagdclpphmelmfhaiacilddekjii,5.0.0.0
mfmciiaiphdeomjeachbfghhnhbfppfg,1
bagnnnpblpecmjjjcmjfjioibdpaekjl,1
obnfkoilhghkbjjbocnhbnmboliblmgh,5.0.0.0
kgekocpfeclcdflnnhficmallamljeea,1
fcpbdliooohalabjmicajcddekckocma,5.0.0.0
pihbcecnhegecldegldfbmoiepinlknk,5.0.0.0
khmpegdanajpakhgbalpdciiplcnfanm,1.0.3
igbjecfohkegdmjapeikagjnamfnkobn,6.4.11
glbiamenlfdmogfaejophhpamnpnapkl,3.9.1
bldmcmniiobegbaomnkgikmojhifipal,1
phihfijgonnjoabkoljkeilbdipjdpdd,1.3
iifngddpflibbhmbehbpomfacpljbphg,2.1
hbkbekodfcamidkjojicnfcgnpmaohmd,1
mmnmjaaahajpohkgfdicddpoedkdidkp,0.0.1
afhkkcoonemllojedhmanfogkmkimjga,2.052
llabijajclonjnmkjpfjhcnahfhbbkoj,8.0.0.0
lfdapmpenbaaplomiedbfadjppgijbcp,0.4.4
bipljakffkoncmedbjlcdnaabkakbikj,1.0.5
ipgcniefmljkoaelbdniplofehmonple,0.1.2
egdlbghplkchblheidgajlaepaagohfg,1.0.2
mngendfbcedaccgkpagfpojbdhmagcfe,1
cblfjcnaklopcabklbhikeainjjlkbik,1
bbiojmdkjkddfogoioafkkjmlcjhjkjn,5.0.0.0
eoollknjfahbmmagphgnhelinpfmhhjk,1.0.3
mfgmjnaocehhmcoacaiechfpadjcbfmi,5.0.0.0
gjicdjjfbhcngkmaecfbkanneopfgimn,1
nkdgahhpbggdonipagcjglccgcieafgl,0.3.69
phcpddabjmpleghlhkibjglbhknihncc,1.2.1
ilokkffblcligfknlihnhnhcjdgodogo,5.0.0.0
feeabkhakdennegddaggodfbklklpbpe,1
mmmmdgmhopbeheeihmppjgjiijjnjefb,5.0.0.0
eeimllcaimlidopnoiecboibebbokbip,1.0.0
oienigoafhbdakeeaokjbambfailmcbi,0.0.3
dmpnkglmkljhoibhalddjkhnpdeeockc,0.0.1
dikcepomeklghhghcpogeigigmpobodb,1.1.2
noknkkjlpbkefcadpbocfhohbbddicmm,1
jjpibfjelecomfcebknfbclagclmdbdp,5.0.0.0
dibglmdiojjepfbbgefdcfdcjaleclnn,1
pfgojdhfbjfihdklgodffhanpokbmdkp,5.0.0.0
lkjpagmeephgjpkebokcgadkodpgpfkk,1
dhhlicbmdkeojbbiacgaicpcihhiljje,2.1.1
pobjhjbjhgonhikilabnnhlcceofdibi,1.0.1
bndmhnhnnbhpphbfobkafkgmohafhkko,1
bhaddoiplljbnkdhpkecpdedpogiajgn,3.8.7
ioejfplgfcpknnjpaelafaknblgdingd,9.9.5
cbilcenmcbgpdkalajpmkikcbcikcbch,5.0.0.0
dpcagfklagkffmcanefpmeomofhhgjda,1
bcegegbkmniioclndabkmmggnmcimaal,1
haeacbdkjbmfogchphmflmdcbbnhmeja,1
edcdgahkjjnollpmlmdnijgajghnbfef,1
mdfbjmemgapodnlljneajniabonohnad,1
nlflonopifbhmalopgplfhmfddieijkm,1
ilfaacidifegcpmecllbhfjpmhjdkcpe,1
noknnnpknninlaajifgbhdgndpdkmaba,2.1
hedohblggjieamfmlpomngknnlbidcac,1.23.9
fhggncndbilphpjfminjhkmolieaifom,0.2
deoahkmflebdmlhplfljngndifbkbjbc,5.0.0.0
panpnbdfkfmljcgmncgllkkkifkgddhf,0.3.47
gfopflchlloiaccflejcacmeiakkcfam,1.1.0
gbncpgegfhmhfaicgojejjgehgclhlcn,1
jeaemedegjbbmddempkjpojojldkbaib,1
cjapogclhhicmjbcmodcfioamhlejbch,1
jenjmgcpeapojadeoaihcbfmecjjllhe,1
hekebgiipaakjnnmkhmlcnnhekbolgdf,5.0.0.0
kpfmjaffonnaicfhedbabgpjgnalbjmm,0.0.2
jbhdkagkdpbefohbbfhkphfghaihbppn,1.4.7
nofffencblpefpaadiiefmeippklpcoo,1
mjadaaphkjjljdcjfpponaeecgdppdde,1.0.0
laaiopocfiphlglelbofcbjjmgahabgg,0.0.1
dajkgdcapaipkpcmmllidggieddaiadl,1
dccdohlhnbpjodkbgdlimhldldbgompd,1.0.1
khimmcnkbpnielhcieaofakkhjaleiin,1
laplfejeibmkgjohkgpfjccdmgeoodac,0.3.49
onjjcoliflihkhecdbapodigobcfcmmb,1
lmlgbjeiogipignbncjleibadjfnghnj,5.0.0.0
hplkekhkdmldnneejelmoilaakjlljib,2.0.2
lckmfgckpokmldokblphegncmohpnmen,1
mipophmjfhpecleajkijfifmffcjdiac,3.0.1
dnicgplkmgnjnlehffaaiadlbgkgcada,1
odglhochmcnnbecjankhglmkeojnnjlm,1
jgkfaichnhjpanganmpnmehenhpjldcg,1
flgchgbfpneaihoampcnalebfggkkgdf,1.0.3
jnadflpkdhhdljcdklbpkeedjfacbegk,1
ecdfobimnioghakcpddjjdpkonkkmkkd,1
hndlfalacjjofficgklbfholpgdlppep,1
fjbalcamoehfekhphagpglggpimfhfci,1.1.12
ialiogehipneoeofmapngablfaikobkc,0.0.10
finjcplbojfegnbfhofibkbobobgcleg,1
fmgjgafkkahebnjnlndienogbbdgppoj,1
ddofcilejbfelnfhopiipdlhffnemfkg,1
hojhnjbgnkngpcnmpipaiogihifaoeka,1
bngbhbajehcbapcfipkikppenmhhmbdm,0.0.1
hngekmkmpllninenhdjjkgjnfebchnon,1.0.1
khkdoodcpfefhkfglmbmgegpnggceilc,1
dhdmceohaiajaobfhjloihbafplepcdp,1.0.0
fcifbccpkelgbliipcpghbenjpappidb,0.3.41
hnjlecmhdahngjjjnefadmlmgbhenlkl,1.0.1
npdjacbodiojfmjiffjmlepjffgafcfc,1
nndoiafiomkpockmmkabejpmafckllec,4.9.7
idknnfaldiiidinocdgbmglbnhhkpalb,1
fljdcomjincaepbojahabcpoihogfmkf,10.0.1.4
bgipklklgbkljlinnnihcknponndbdac,5.0.0.0
oenhhlaodlbmnmdjhfeiieabcmdjkiif,1
fpfepgjlpfbmboooihjoacogejhkahnm,1
mlkffalffclhpoapdndbdlegpmlkjkea,0.0.2
lnbedcbekmlfpghokakfgpggcbffkpjk,1
eigjmaaclolfkemfleljoepidoalafoa,5.0.0.0
lijgjlejeigmgdhhabccinecidkceela,5.0.0.0
hemmkkgkggfnfeenfbficbpdjkejhnhm,1
gdkdcaaahbijcihpbpjaijfgmcojijoa,1
mhofebaclniajpdjfmhhagjhpmaiaphf,1
elcfckabmkbdohdempokpioaboaanpda,1
pmdoecjakhgfhgeemkkmlejpmiloaodn,1.0.0
nockeejchjakenfgbmdhocoblbpdbmha,0.0.1
mhlncmnejifmobmcpgpmphijkmdcojoe,5.0.0.0
aakphfflabcgcdnciphmphmdpjlggdef,1
hijkjecoclhheidbmodbkfmjkdmonjfc,0.5.20
bpnbclmlakebkgmkjinpdapmofplmdik,1
jlmangaaclednfdiecknnapjjhpbpdaj,5.0.0.0
aimegbopkghlledemiiaaflcfclfjpmn,5.0.0.0
omhicfgiiohaadgnlmlpcaeeeojphegn,1
cgjoglhmmnjmnlnhokdjhlilbhielhoo,1
keghfbengjendpoceeljfimmigmebpog,1
gkejhdjlelgbgdkkpnlgkfigbdfcpobb,5.0.0.0
kfcjglibfijohdadlbmickgkaeickbcf,5.0.0.0
fbkpgbencmbmdbbahmipjihggmppeghl,1
dcihifiejoopabkjnlgaafepleeeekla,1.0.2
mjjcmfghmmgcnnmdhfmbjjgmcpedphdj,0.0.1
cjgadopepdokhlbohphejakoneaokjof,1.0.0
ecihkpglcgjaiaggnkicjbaehlnkjghb,0.0.2
mcpkeikopknjdecolcdlnhdpcncphigb,1.0.4
bjnfbnhnjpbpkbbajaookkdkiclnpmho,1.0.0
ofinbnmjecoggicfgnnnonjncfiniijl,0.0.4
ojkbmlikhpckolhicjgpjhppiaeklkpg,1
eccnokbnlkeldpmmmkilcaikjbenebai,0.1.1
jcbcpafhkgemkijddhjnbfghbggkgmap,5.0.0.0
iebcnbeiolkeddbceihfelhkngjehebf,1.0.2
cidmedfgajefadjmiolgaicmmpibiikb,1
lpafmjnapjncjbdgjnhgcdmjllmekapa,0.0.1
dgbpmnijaogjhbnhcefaiigejigdhjij,1
dpndcegikdioamceidhlhoeejbnekagk,0.0.1
mpgdnocebabgbeoapaecefmjlmfhdgfa,0.0.1
allcaaeafghopepdfjelndodbnohdkgc,38.2
kgambmiffofnaaffbhkfahpejgpainfh,1.3
pnciadkdochfdhaicdcghcbjhfcndkfi,1
coikefdafjhgjidncbclggfodbhadhmc,2.1.92
fdcncolbfphnohaopiladbhgmpcljodp,5.0.0.0
onmofmnaincckkjhjjghlohbfplfkhoc,0.0.1
lmjocgfndaijofmddecefaghkkfafcoa,0.1.5
cfkdilhoapmdhnaomgbjbckiknkjnflk,1
ainfiilkamijajkknbmmkmbfidogjlmh,1.0.1
afjlcdinellljkpmkmfgoabeffnchbeo,1.1
ddljbeackknaagdbckfijfainbfdcjfa,1.1
nangeckpeflmaikplaibfocakkdfklio,1
gjifgbaamccnljammefcikmbgnehijlp,1
dlknbjgieembnodoopiimepjaicifbnn,2.0.4
pomkgcmpjenlminabhdpdinpeonojeob,1
gcadidhhocobacbmccbhdlpjfkndedho,1.0.1
bclimpibibedbdcieiahmfdhmgcefmpf,1.0.5
nldoigijeobcpeeflabkpiijmlmfgmbf,1
lckpkcabmijofoedhgnbjdnaacjbbjog,1.0.0
nijkkeeakpbfemdgnkkckdkidobnkcee,5.0.0.0
nbfghbaekhmjmadhiahlanpifbbamhnf,1.1.9
dmicpepomggjpdpcangbmabldbhhjpfe,1.0.1
fiigjdpmhpgokjdpoeehlppdpdlimccb,3.6
jhecpckcehiloagggjhbbidgggbmflmk,1
kheplbkgbcalgaocgoaoifcjnmppkjmj,1.0.0.9
emkidcngglfbcdhkpdclpggcpfpicbln,1
hcdhoeoloikjbcebhhbnnafljakommnd,1
mhncoifgdjkfkgbliimpnlpmnkholjne,0.2.48
gidcomgfmmcnmakjiehbghjekkangmpj,1.1
kokbdkeolkfafakbfifgilcajhdolinh,0.0.10
ngnohobbfnjpgjhoapognclepijanpbo,2.1.4
jfohimaimaanldecdhdpckcnkfjmejoj,1.1
hgficfdejhbaleooohclpcamjgikimdh,1.0.1
ofplobflbiiifebhihmgmibnkhmlakkh,1
dfoiejkfeaenlfaojjhminhcibkobibp,1.1
ddgmnhcceadkmocieppnhfphfclkgaok,0.0.2
ccfekfcpbakegnfpklgmnmjbjiagedcd,1.3
khkmnclnkabeeobipealpdbmomeggoag,0.0.2
ceghpeoedikiaghjdpbajhciplcibnln,0.3.45
ngccmlknjjbohhpdjmdaecdfifiiaeoc,1
hfhhfmbimaojiedcoclgcgpnfnioidfm,0.2
nhngdndnklobmahogebbbhcbehmpohhj,0.0.1
iiopjpljeijngjjlckedkgajhfhllolm,1.0.2
pegmnnhpfjahgokgcheipfcolhdllcai,1
dplfmepllolandmfjikmgoppellbfekm,1
iagdpiapiejoepamkeolimjfefdjmnhl,1.0.2
pceilkglnhbbcbnbhnpomifdagpmijlo,1
bhgcemmkidpfffddhnedemnnbgcgmilh,1.1.1
flcheeoacbcjoglkgdhfgnfbgipncmpa,5.0.0.0
einlmbhjdiclmnbkgcpdhhinbcfbgdoj,1
efheancclalnlgpfjjkieomnplaaakpg,1
gcpejnihfjfdlkhakjbdphahkkejicfm,1
nfefbicboofldejdnkpdfncgdikgpmlm,1
cmadiiiggcaaelekacljabmbebfghaif,2.0.5
eaidgghonapagnnjbbkkpailigiefaba,1
ahmagljlniomnmahiiffijmfjdljodol,1
baoabkogdbhobhepakmcebeegcjcmhgb,1.0.2
ifmnlbgimdndacoomdlhpmdibfcdjnan,0.1
keafjbjkikikgjbdhjampgclhomgighj,0.2
dmmbffafbijcjpnoehdmdhhfjnbihpfj,0.2.38
oacmdikmemcihfgkgblabjifbehnpgib,10.12.2020.1
iomffedbnnjopibggnefohchepjimgpb,5.0.0.0
elmapadkmkkdmmjnipajdgggiejmlbff,1
ieijlglhhdjhnmjgelindfoepmfgidbp,0.2.62
nddibdcobgfmefpijmihgediggpckano,1
pocnebohfkekfmjkhfbcabjpdoadcdch,0.0.2
pppmpeiplibkkjgfbmgcijmdbfmpopgk,1
bndpfnkohnlhpjbngbjcdeackjdgbmpc,1.3.0
clljchkkejpfnbkihmmokkbbdjddpafb,1
aeclfhciggfjjpepjcmfipiebffgibap,6.3.73
ekkhjipbabdlpeblhapehcihidbogcne,1
folpbkbaladblgjpfookpalbjbclbecf,1
ecadmjlmaefgfijiinbkgbdaoelfdcio,1.3
jenepmkgjlkadoflkglegnidlfloeioc,1.1
ppmfbagkjobpblgfhaikocldkfjmiekl,13.2.5
pmjmnmfmiodaincdidpmhnonffmahded,1
kndjbnapmhicjdfakjlihfagaackmhma,1
ndophjnbmkbgnijdhgbgkcfpdeegmaco,1.1.0
mpcamdihecfnkeijcnnjcbojbinimbak,3.1.0.3
hhjkkoclhakeifnfemjmipdeamcohlld,1
afepgjhkjclhbibdhknejfgmgjcngnkj,0.0.1
hlneccfcoamalhmkfooecdgabiiagaik,1.0.1
hneapmkngooeomiefdckghafchfbnhcm,2.1.0
ipnefgpedjeknkhhhcppioljfdpphjfg,0.0.2
ikhmjndainjflmioplehklaiffmijaep,1
ookhpbbhfhhcfaodkkogagogakcfkfie,1.0.5
obkjnifpocjmkomhlfojhhlhbmfdphbj,1
enbpbiohollfdfkmghbbbhmfddbnbjle,1
fglfdkkgnnkplepkbbmhahmjnofcigdl,5.0.0.1
ijlijeaalnfihoggfnddmjdmnchfckpi,1.0.0
kamcjhobcdeakmgkijcbpnopdgahlpfh,5.0.0.0
manbdomelmbjjlhjdgdlmajfiimpfdce,1.1
nkdhchmhjleepphjbpphfklphiegjnhc,1
bcaipfgmplemfdeldngdjlnebpmahnof,5.0.0.0
jeafdejjbccmhklhijfgkaeifnblgpde,1
emmfpopkoiadfoejfadebaoipmbfafai,1.0.4
fmkejpbgmdmflnlkchiiknmflncpnhkp,1
kpkkonolcbcgaippkmancbjapodngdlo,0.1
aokjjgegdljhkkegpiefkmpfahpbebmb,1
moaejjgklfnmjjhjihhejkcmekhcoioa,5.0.0.0
fgchefmmhfkjnlpdpflldpllnlilgejk,1
cfllngcckabikegbicopmecodeaodhmh,0.3
bppigngppakjooidhckpoboboboaghdj,1.0.3
lemkcmamodegpifmlecofbfpafedgjmg,1
adampedbomfediajgfaicdaomobahmpm,1
lkjfnmhicbahiecdggnccgmegghoelmo,1
nppknfemnkbjjadfcebefdbdhjjdlgbb,5.0.0.0
mhkbbkbpflfgemomneagafgikppadjgm,0.1
pmkfgpjefljokeaccplmnllkmkoimkjb,5.0.0.0
bpjgbbdnhckkjjkacinpkdffjljiajhb,5.0.0.0
mpfgaefmhlmfnooegckpmfjghlcmfkld,0.0.1
pkofbjciamjbflcplagclbjbhgndcbpf,5.0.0.0
hchkognjkleepbnpnhaakhpdghjlpcpj,1
ccihlchgombfjldakcidlaaipkmkhibh,1.0.0
kigaelklnhgnpipiidlegcihefgciahf,1.0.2
ikpfnddmlngonohincohalclioockoac,1.2
dcipobdpdlholekncfmlpldmcnihbopo,1.0.1
cbdccdelclhdimnilpbimnlodoncihbh,0.0.3
gbpddpkkpghmlldplfknfmlcknjmegai,0.1
nihmijcomgamnmmcglgfbghimlmhkhdi,1.1
adedfgbplekfmeaglefmkpaknmbfimba,0.4.3
fcgbkeglhngjpjblkfmlpjbkkhmmigfd,0.1
ihjjgpmakpbonjocfipmcgfclmnphcbo,Extension CRX 2.0
icejgncbpmbbebbnebfdmfhndodcpide,1.1.1
fhbomffgbfblbadjhjciioogpgafkmem,5.0.0.0
nkmopcjlakiobfpfoimbggcmenpeklmg,25
cijahgjmonkoegdggdgifckilfhbibdk,1.0.0
incgaalbllpffcgmbpopfinfgfheocme,1.0.0
ninbdpalppfcllojadppajgekllhplpj,5.0.0.0
gomclenjofgajmleaeammhgdnjiljdhb,1
olapokplbkmdakdpfbjchocjkcknakbl,1
obeapnnjfoihejfolbamgmlfccpjecoh,0.0.1
dakjcapkhpgeemfdecceibfgeekadoho,5.0.0.0
eioilinfekfeekbeeioegocfldfpebio,1
aonabkiainjmeejgipbbejnnkcfhcmgf,1.1
ehdcdipenjbmohligogjbnjcfncjknoc,5.0.0.0
dcagbbleopekkgfebhjahdndfpnehban,0.2.42
gfaoialpajdjggddaldhcneaoniebibh,1.1
nflknpiinlpjkfbnennojakldbfbgggg,0.5
kagkbgghaocmcinjcddicgmjeajenelo,1
abhhfeimlknkmfjaphniebgepmpeahag,1.0.2
acaaknbjlhjcfbjpnphpkgalpfonnkfo,1
onfhpipacphcihanjjnkhcpkfnkaofje,2.6.2
jgkjnmfeldlcabhmifdopbacpdijpjmj,1.1.1
joegpkagnpnijdmniececoihmkcbmicj,1
mnlcgpbncnoaibbgjnjhafclijcbkhge,0.0.1
pefmhpedfjopgblleoeecbplmfmhlpkk,5.0.0.0
dekoaagdahapeochieknijaiiggjhkce,1.1.0
ionigiecehjaalkcjoipbdaapkelkoam,0.1
halaiegmadegalneejgkglaehcccjekf,5.0.0.0
pilbllaaonpbilchbidofmglnnlapddc,1
dgncfofdmpblhjmiphfpmblebnckefmg,5.0.0.0
mhoppgckbpjoebkgdiddhbecffbhgfhl,1
phojlnjhkeakmibmfoliblpfdmeejhpa,8.0.0.0
fmddlaajnidajghcaaojinfgbnkonnee,5.45
llfdkljnckojjfhcbccgfdoikemeijdc,1.0.0.4
jklagdkdpebfemimlfcafhahcglmafed,1
doibkkalmhmengppdclkjldiljhdefgn,0.0.10
oiipkemjdjnpljhgapalaijhdihmlhpm,1
jkdcgenoedbeehjbmdbnnjgehgihjkla,1.9.6
jeejiglbgickifmokbnhmjeoliokcnbk,1
hhocbbofcomifdekmbnlbmabffepckfl,1
olocdnbfkejaidcmnejcapcfgppdgmdo,0.3.89
noegjiflbbhlmhnjhigpnbljbdjbikje,0.3.57
ildcahdepgcaecfijhbbondkojmningj,1
hhmmdfoingkfagffnnijkihkgpaodekf,1.2.0
hglcpbhpgbcoikajdcmbgijeiejpemih,0.0.1
leojkheilipemkebgghbmjoldcidnhkj,1
bajljijmflbanlpjmaahffbjgcajajeg,2.4.6
jpifembjgpbhobbblfocpflpihjpmofm,1.0.0
cnpkkkoiajednhcjdgieadepjchihamk,0.3.1
kffphdbhdaggihljakbaadeompipmndb,1
gmphcahfbajpdbconjppehmhllakinac,1.0.0
iepnpdcdhoiembaacohcfkndapcboifp,1
kicboajfnjmcmodifnhakknkfbkoliha,1
flpmcnldijfagikeelinheggplfajijp,1
fngfnibiekfamknnooeemfacjhjeidlk,5.0.0.0
oopbdmcfcmmmddakobbnafjpckpgbfpg,1.1
eplihnjdoabcdnkodafgbpfgenacnhbf,1
lnikadkcglilkccahhmngohfjggdacng,5.0.0.0
lblogddmpolmjbhhgnjjcoeegaaiaoeg,2.0.0.0
fifnepcobphknmpknndpccolkcoifcdm,1.1.0.3
pegncipapnafamocobdppmnkjibmklog,5.0.0.0
ogeohenbeppoicgkogppbpdacogdcloa,1
gaeolcnkicipfdeagkdbhfkcgniadgao,1.0.9
dgalebhmjodcnkkhaafgckbcfmnjfhnh,1
kkjpapckkalinbnpnmnehkceibpnaioh,0.1
jocjnhmkdkbpmkaakihfpfjcppckneof,1.15
pnngckckcahkgjdfpjdljohgngpfkdac,1
jliaoneafilhdbkdcdaldlahkaaahohi,1.0.0
looccgibkndegdgeochplkafaeabeobi,0.1.2
gobidimfenpgbcnophlepdoomihnbhod,1
gjbeggdgdijghndganmfepihkledkdkk,5.0.0.0
menajmmebkjngkmgjakmjmhhglfplhbi,5.0.0.0
npkefklhgdgjnieknaaniplbeeocmkdp,5.0.0.0
gepgpjjajmmjgadfgcigopphflpcknao,1
ijadkhjkcmhofbdfoimacdmbnmhfkpkb,5.0.0.0
ilbponjapohanfcfgbkjoincmgjhbfek,0.0.1
odokomdhgdaeeipiaglohpnmigekemkc,6.8
iobgcclppkcoeomhghgnnbabcdpbfldd,1.3.2
akehpijhadbcigeokdokkaobmmhpahkf,1
lhpcmcanljgnggikhdbkepojeeaaobmo,3.0.1
jbanfelkdibodepaoaocbccpndgfgcpl,1
gonfmhfnkcalfgalkhijgfmolabfhkbb,1
oiokhkmjobnfchkehbcboipokbkgifno,1
jnemmhojmakpbnnadhgkmbnnppicldgl,2.0.0
djkpegbffijjclohhibliboeboljfpgj,1
bidbimnoddphkjmfbdihpockhlpoekhm,5.0.0.0
ndjghdeegcdplippdcojbgjcemdkocih,0.0.1
ifceapecgehmgnejihclldbigdpbpbom,1.1
ablnigankcagghbgbahemmbllpeckona,1
cncfmhiflbomdiedenbbfnhdcpkjlkcc,1
gfenlnfinglddecajabohfhgoimdnlhm,1
oiandiejbfklkaabcdbhemomambmkpeb,1
jifpkigjlkoaiafljloikekcbmkfplko,1
baoiochpjjhlenibpjaanmdjgigkcljc,0.5.0
ligpdhiofanlkdgnpppganpenokjgamg,0.0.1
apfpjagoaecdkppalhnfnocmpceaghak,1
obhnbmdjdolkdhfhphanoeggpglmomod,1
mjhgfpegahngohmdcbaihocdmmfabocp,1
ijkhlpjkbnggmgadcegfnjjidjcndnnk,1
edllpfhggpnlcmcakkfbcdnhgaiocbig,0.0.1
hnpcefihgieickjignijhefginnaohjl,7.4792.21001
dmgdabmeoahffcbjilhonfjickfkecgg,1
dcomlbkpofhakgpcacmddpmnogmbcjno,1.1
iejlknkpnhpncmpkbcmdkgfjemjcoihm,1
mpbapocknbhcjhdidhkbkgbenkceiiid,1
ffmbohcoopiknehmknnenpibndkhhflo,1.1.0
gledcjiccoemoebcipmikbmplcolnabk,0.0.1
fhidabajheehapebkecbpkdedjmloplf,1
ocohfdagikniidjgfkhbbpojihedbpfm,1
aadmphofdjlojoeakpbnonnkkckafanf,2.1
nigbedmapmpgmcohaeabnddlggblcmlp,1.1
gnigpggcbjoomoodoilcegpbijplfpkm,1
pdmiajkaknbidllknlokdhbjbeifkpjf,1
jmeifmhjnahdnlajabhagglmfhcnefea,1
jkcjeobdadlolecfipcnedgabanfhdio,1
gkeohhelelfemjckhekigbocodbdgpma,5.0.0.0
idchkmgjgggkdpdoidielipfnaknjbab,1
idegbgchmkdkijodfilpbaeaembchbpf,2.0.0.0
jlilcmjbapcdbfncjblcmklaafldlggj,6.3.42
ojncnjkghbnmfpcmkhadlodomkcbkboa,1
foegjkjighmedkimbghgnckjlipnmkab,2.1.0
cogcdhaoiblngbacnbbcojeicpppepgn,0.0.1
jfomofboomcdkaehhggpbaikomnldlek,3.0.0
mohphgeonfibipjodkadaeifngdbikng,0.2.42
fdoimdafdlligfdgnipgnliajdjlbglc,1
neokbcboimgppkbcndkdpenlbbemehgh,1
bhbeikbgefkfkfafocfnonfjehafflgl,3.1
edfabofngekfcogiaekfogabnokmkmhi,2.1.1
naikmikcpadplpgeoalgpjacbfmjcipc,0.1
ccomhpbopdeknniboccoeogoocmoeebo,5.0.0.0
nilghppnhjgohoobfpcakflpedbnkajm,1
lcgneodagnpecnfmhabgncckamjneefp,8.0.0.0
kdibalneigaibpekbmbhochbeoebngno,1
kmgnbonfpndhjmllafjhhgdoejpakmji,5.0.0.0
ddobdcbjacjipffmghkhameolgakbgla,1.0.0
pndhifnheapkhcfoopjbicmmkacdpgdm,1.0.1
ehmloeadpchnndhoelmjbkclkdmplfhm,1
giijalgoiplolmjomnmmhieamjopkfik,1.0.0
hpmjjnokonjhjbjpcciganaogpjbkegc,5.0.0.0
kbbdlfcnnmpjmajpihlkbmgodihojpfg,10.12.2020.1
iapaecgppbnlkgnbjcklhpobdjicahpn,1
hedjijpocpogmpagchddjealjkjcjdcb,1
apcmoigdfhnpdefifchnjapedkaceiob,1.0.1
ijakabghdmnncnookmafenndcpheocge,5.0.0.0
gidaoopceljnbiimgfkakhnklkbnpmde,1.9.4
ofhabipcchbdmncahfmaemnbolhbppom,1.0.0
ojokamgdigcmjedolnfipbklinkhbkbc,1
gpnbgjihpcjdcfigpmiajgopfplbipld,1.1
laghpfcohljlndcfckedigpohplaejme,1
eifclkgppenabeoppfjgkfdeianoplbp,1.0.0.2
ffleljfpalnbkdolnkpckjimmiondnne,5.0.0.0
jkajeaiachepjeeddopcbfopkoleeobd,1.2.1
dnkplkhnmhfoddoanflcodkkcngokbhc,3.0.1
nnbikgjfbcdccpckjlejoggpgaemokeh,1
ilheopgepgajckammooamgjgfmhidaoa,7.7.7
mkdpilngifinpjnaggfdpdofmhnjhdcn,2020.12.10.1
gnpdoklalgbjenhpbdggpbjbknjobemp,1.3
aejhmfnkombgpeckfpkbgkccblogeagk,1
bbeepkiopaohceodbnkbpnmalcakjnci,1
hahfbapoehjmpidfcfmgocdfeanondkb,1
cceaoiadlefndfnihbbeobpoojhfndjj,1
eelndfohkaheplfcehppiacgpcfpbkof,1
khfgdlpbpinmoogkdflojebdhaghifjc,0.2.3.1
iiakiamifeenmgjdcmmflapodjfecloj,1.0.0.6
kfdkiffjnbbelmcndlekookeifclgimm,2
blpakpbnbmogaeamkfblepkilncmbkha,1
mmkeodaioabjkjolalljojggckdaopoe,1
eofncdeghhhmeoahbgpdnkdldidlealp,1.1
dckbmmmfhfilndjdloibflgaclebhoie,1.1.0
einedmdcahohafhclninioenohoakjil,5.0.0.0
cdoliefcfcnphjiaohmjicjceecmfmlh,1.1
cbecdgggihddpdehhnpkneogblodpijn,4.3
bjjpcebccgedbbmedopmgndiflmhjlij,1
hminhpbmgefkbehgdppfnedanpgfnlmk,0.0.1
dbfoogjhgbjcljholmepifnmkgadjpan,1
ndhancajhahmdkpdhbkmpmbcndlmolgj,1
mmgpbmbhokeoppoklbpnnpjpibgdgonb,5.0.0.0
hnadoddkbijcpienjbinlpkofpjkcdjf,5.0.0.0
aklfbddpiademgogcgofjkfdpkdebeca,1.1
jmfgmbdangnpkblapijbklffkngbofjl,1
ipnkkaplfbolnomgopmeohcmiciocpkk,5.0.0.0
bpgpmnifbfjmanbidncdikhppmlllpfd,3.2
ohjlgcgdgifclgmafplpnbhekdmhdejj,1.0.4
jbgjgaandmdmhlcceddmfdjkndhnleol,1
fmgbcdmhedjkjgklnpdfdnpmhefckjif,3.0.0.0
oeipaapbekbpmmedbhcejbobpmjkjbba,1
ojmfgjdpikihkamhlbkhgglioccdmmkn,1.1.0
gmoadbledmaimkidpaajabinonhbginh,2.1.1
hokkagnckdkodpclembafmggnfefhmfh,3.78
kdhdngbpblmfifhmcaempmhpchbcgjoi,5.0.0.0
mjlkejnagkljcdegbeoaoogdlgkjipce,1.0.0
lcadabekonekboabohdfcngonlbpphnl,1
jhllejkeecjlfkghkkokdbbbfemagmib,1
efkddicekedndbnfdfiodbliphpjkkji,1.24.754.908
hndmcfjmnphilhcidhajnlonafoeeoli,0.0.12
jkkpkcnaoiniedidnhhbopnlehhchlel,5.0.0.0
fnidbnppjadghojemekllbmgkgfohngf,0.4.0
ojmaehgfbckaanflemcmagdnippijhei,1.4.7
colnlhlnclaobfloidfjhflodicmioib,1.1
bpgkpgpgfplefffejbhocnbkfiadmeda,0.2.3
fefflloaokamebfkbeghoaggfmdgppdc,1.1
mcbhlcabhnnjkofiajiegmpncbjhepfm,1
dikoiamamjggihldeamgpbjfkmiaiahn,0.0.10
bgfncjlclnkefgbdhmibpamkjhkokbbn,1.1
ogfahdcgbneoeddljbnbpifkhcplpjoa,1.0.0
emcpidcpdnjlddekfffmhkmgdccanjlg,1.0.1
fhjghapppmhpbkhpnedelpnbnpklgeoa,5.0.0.0
imkodddmagnnaobjhlmifnkgbjpflnpo,0.0.2
bkhdlffomgfadiegcfeddgamipcbmpgj,1.0.3
pilcdnilmnombobcmlnaajmaegmilbng,5.0.0.0
dmnbdaaliiiohjpfgfcmpinmogcamofl,0.2.25
dodaiflaggfmkknjifgmmppglfaeboic,1
aicbhcfpplooimhbhckkhcajpmmllddf,2.1.0
aegndpipgmkmkgmcplhgocihflkippig,1.0.3
defldmijcgoagjacfacocmkpjcgbifgg,1
oagjkcegeaocmmmfpnbmdohnnfkalflg,0.0.2
jgkjnjmnfbccpiogkbjnefnbahcipijk,2.4
gfmmefiinifndfcjakdjobhedkkoeofa,29.12.20202.1
pfjmcoahdnpaohpfbffnieokddngmeak,0.0.4
mbpfgggphlfngeoaeddinmlfhjgdkkfa,1
nciphmgajianggampijlenmeeanadmeg,5.0.0.0
lgfjhmggnpodiipkjefoocogiddnmkng,1
ilkpegcbbklnlbkkoonacicfhchlfahb,1.1.1
kiccplkobchlinledpicliffmiapkplg,1
ipmmkedpjhjpajlhbeailinohfggmehe,1
kgboihjpajebejlecknebnjgmpnfegnf,1.1.1
jaaldiniblclnaamcmdpbnldokjdpkop,1
jlmedhgonciiinclnfdjiickpchmbmib,1
oocmnincejchhfifnplljgackemlamef,5.0.0.0
kpjbmlfclhfolkibjmmaccdpapcnmell,1
mifjbcihpcjfihdggnhjfljbndnabokb,1
hjdkplcaponcljjecbikohcjgapeegij,1.1.1.1
alkcpkjfjolnpijeogljfajcpjakhknj,0.0.1
jefebpbnhffkonjfmgfjjfdcdnplaegf,0.4
mgdkjhdmenjanbdedbmbicgbgonlidjn,1
glodpjejelekhjdbkcbbnglebpmbcjbe,1
eddijdkacokfdapacnkefjaocknniiik,1.1
lcghdkfflinccpekfafomjhdegcokpoe,1
mmnmdjfabenhdeeogohbplkepnhkafgf,1
famlgeeaibiejnjheilbhofbbcieoini,1.60.2
fokdepbladfjlffelefpifdfckehdibf,1
cgdmdhlhgmkdconmdkhehfflkpcohpmd,5.0.0.0
fbgfclpfljclmboompbheggohgokdbfi,5.0.0.0
jhmmijojkjcllbegjjepbfjkajmngila,1
ihogghfgagmbloobnpbngionjmmphlei,1
ncbjcgoofcgeejhbcfjjaeilafhcncoo,1.5
ncegconenechifolgiaaoncdijfnbjbo,1.0.1
nbbjlamicbipjlahhondlomjcehjhijg,5.0.0.0
llhhndacjkjfgjaalepefcbcpgkfcdbk,1
kmieefihdooeljfljmaimohebmcojbgo,1
cgkbnahbphenopdichfonbbdmgiifmgb,1.0.2
ikdjampifikkoeopcllkgpieiiigckjb,2.0.0.0
kiikfcalipcpeplhgeipjkfjgajnmgcb,1
hnnnjimclidbgkmaacpaeljgdfnpgghl,1.2
okeepocaogmkhdlapammjhmdaamhifhl,1
ajgfejemjmhedabpafbmpplgnnahmebi,1.1.0
jefmbongpibokakgodilnbfegomiipoe,1
gbghmjfipfnlcicdbflcnlndmgdoimal,1.0.0
nmjoejmmnkmhhggopieoogmfhhngclna,1
dkfcepiaepcmfneionejlpebompiicak,1
heebbgmobfnmchndeebiemkdleojikdn,1.1.0
iinpchhnkjbcaphmapfenknacepieiae,5.0.0.0
alhhjfahfekigccepphlagaenainolbk,0.0.1
nfpckhabgiipjcldogpnmdieagagcjbb,5.0.0.0
bgiggpjnekfnabphchpfpligpibkbkla,0.3.87
dckajkcbbagobeppnicpbfpijpfjmiim,5.0.0.0
hhlccnlhajbigibcnbeainlofccafdan,1.1
hambbaanjkkkknamlmkbcgppimenbanm,1
bagehdkdbjdhpgmiiljmhgljelfkjdbn,1
dgflbcgffijpmkafapeeogelooibedjn,1.4.2
imnpicdoapgolipllgcmefpehjepdjnc,1
mbmmajmahlleheljaokicfambdkdcdek,5.0.0.0
oappinboneooknmfiopdpplehmhagegc,1
becfikcaaaodljfanlnajklibkeakibi,1.1
cicgbmmhpniolicbalopkbdaoioddfpk,1
gpinofepncldcnhefaejpbkbonbigbeo,23.6.2021.1
klofcdbemgeakakihahmppnjgmbglgkh,1.2.9
jnkpmmakckhacabobmacnobfgojcegnn,0.0.1
jnjcjnighicfhicfllbbpalddamefjnf,5.0.0.0
bmmifmbcoplnjpbbkbjikkcjikklchfo,0.2.49
obmdgenkomhlhknamgfijfcppndfdiba,1
mpmjiobipggajjdbhohklpmbkdfgckhc,1
lhaiabomaccfaomcejdbimhlngmcnnin,5.0.0.0
eghfjoecmmolcefgajgaiiobmdiedmof,1.6.1
ajmgekmnlbiaapcbolgegooeeojhmche,1
emilmidmkpoepgaecgknhjhimldpgbbh,0.0.1
mfojlhhocjaamjpekhmgffonmfnmddbl,0.3
ejkdodapjhbckdglagefjejghdfhjgkm,1.0.0
dhpmajaonoojpfpjmhodkkdlbahmdgke,1
cadmmpollfcaicgkiabkkahcejpdljkh,27
bpbhhpphfopkeomaflolfdmngohhhnlb,1
moloichemkdmbgnoaaibmgphgagdfdgn,1
dgbpbojkcfkaliidjlocghpjabbbejad,1
lbhiljklhhjppadpfofenoleiebjicpl,1.2
nbncifeojnhijkpmfejdccbfmfepmiia,1
gffiahpkkiidjhmfhndopelkemmlmmae,0.2
ofjhjkiejajbfimdlkbboccbgdkeejhe,1.0.0
gpannoghcpgjjbpicdngibimhnobkdic,0.04
ampnlknlnoaofpcmhmodcpahjnceofjh,2.4.8
lomdldoanmmlhmniodomhpfoaaglcgle,1.1
kbkinccamdeonpmoggfhbphjfbigkhio,1
ilnfgfdcadeljkikobohamajjlmjhlho,1
chbceikigfkoncfjejepmipggfemandf,1.1
bedghbhnbimeoelhgccnmpklbpmholfo,0.0.1
aoodkbjnkchnekbdfklomlgfmhaojbff,1
faeecdhhefognkdgjgeopffpgoikaeli,1
cjjdaibjjlamafajhdmnpjfjebaegpic,5.0.0.0
cjkngincmkpkolpgbcajimnnfjhdpebm,1.2
ehbagljiappkgefcpfiemjkghicghbfd,1
noaohmbljdffpblaeppmodlpmpkjefbg,1
haoihgjidpcebjblphbneihfmbakfbdh,1
obachncmeolldcpdpfmgplgddfdaholn,1.0.6
bbiplncmnnkgpablieiedcngbjfbbmeo,1.1.0.1
foeldkhldpcglopacajgpjoekkdenodi,1
ehimlmnnadbkoaihopliccgekfeopfno,1.2.0
iglgfcalmlehpnmlkliiemcccodliele,1
anknkjagihokfljegilomeiolhdgolkb,0.0.1
cmdnmnagmoifcadgadfbdcbpfbmehjaa,1.1.1
mgodmgjokflcbdpinbkapefanclhamki,1
olhgdlidgidjlfcaelfdfdppildglcim,0.0.2
ijegjagpboakhoipkgmlmoaljdcjihpj,1.2.4
hghnebdeggpnfhiekfcjlibhnajpnfkh,0.0.1
nmdgkognnanbodlnldhdhlhnffiinemo,1
gcljaegmmkdapibkoepdiahbocbcbelm,0.1
gnneopiddbjdebikehccbiodkihpehce,1
amadiajknghglhbdlikcmnmmdobophfc,1
apefdbipjkgaomaolacekkifdgfkfhdh,1
ghfjkkpbdjmdcnkbgeokjcepfhgmaaem,1
gfhgmfpkofjifoomboaafaafjccapiej,0.0.1
dbmcmcjglaeimdgfcincicmakdfjnfnd,5.0.0.0
ajbnnnapgofcpemacdfkmcfjbckcaboe,1
fkidhiihpkkmdlofniompgjccmjaghhl,1.3
ldbghnplngeoflgndkdakneeenccladd,1
dllckifblheilbglkeomaaedjiagopci,1
cmenkgkegalkabmgkbichlpaidghkanc,1
almpbecikeekpfbeeejcdehmpodpalpc,1.0.4
deopgjejfmfejofcgjdkidliigikdcpj,1.0.0
icdajkbmfnnmhibfbmienbkkcjjgagch,2.0.0.0
nnhofklipkkicgagaldmoeoodjnclehn,1.0.0
jeondhnkaomolahekcdikkohnogdffgl,0.3
cfbhdhnocefmadjcdjaecnjecchclmih,2.1.0
ahfdafcmioknlnbgmpofngbiiccffcmb,5.0.0.0
mkjkajfcamdcbncpgnidahhfhmibcmle,1.1.0
ecejglklkkalpcombbojbdlbmdmmognp,22.6.131
ljobmeafjbkpkehofkheekjomdiglagb,1
dfnnkglegpmbmiddfmiilkilkjcdhhgk,1
oogkiajpdialabmbaikpcbblaakokknb,1
jcifaconkcnoahkfcehlgidafclbolhg,1.0.2
paadhakdgddjcghjbilflfjnchmdciai,0.0.1
imokfhclingobhikainclmnpmboibiml,1
hmimdnnljelhflfoddkbecjfacfhgofa,1
dpeodfnkjdngaldkicahphghnbodhcch,1
ndfjbaceinlnnnbalbncphpgliocdbbp,1.0.01
jengjdmbcpcnihhlpkjniipkigppjgen,1
ijogmdodcgkiafiekefmpcibodoobplf,5.0.0.1
ilgmbfbilklalhgpnmkjandkopcfkdao,5.0.0.0
lhkmckopfhiepnfgonbghoeachgfabbf,0.5.20
beimpaklokohnknjcaicjlnbgbhfadeh,0.0.1
cfeafjelndlahdpkechpmdmphmiajacb,1
knfcneccnkkaleibifkhpdolgndppkfh,2.1
mkdddjpooghghjkokmdanfaaikciecne,1
mndlbacjolgekhjbbebjmejdmakpbpgb,0.5
oljdlggiohoakjdoeobdcgjfdjlhdfba,1
ephoikbdhenfpgiohikmnkmdacgholim,1
dhegbbajlccegpfocahebbggkklbehgi,5.0.0.0
lnfgegameeibdglojjlipcaibgdoemgn,1
kpfckfijlmjefalojfnhbejbhcgbnjda,5.0.0.0
bifjfomkapollimadlilfcfoiphehopg,1.0.0
nboigmanlcbhbfnlcbcbnimbaboglmbl,0.2
gogcjnnfooehnbcilhonfblcmnpfalef,5.0.0.0
beihijfmpphlipjlopbdjiijkjofajlj,1
bbbikigdnimnpbappkkpbehcimbilack,2.0.8
agfbonmandigbkpdllfgiahfcaahooeo,1
llgejldbaikgkjkalcekeoiijcbbbpig,7.2
ecbbcdjlmafelinddeomilienilbbdmf,1
cmjnkgaaeahkhgefpggmogipaljelajk,1.1.0
ejmeepafggoocbpkmcepdokeihdakkmh,1.0.1
fibemlnkopkeenmmgcfohhcdbkhgbolo,1.6
icfjkhfjdhegmighjpbooccaegckoida,1.5.1
ddomncdomoikkmdlbkgoaknhhmiafgop,1.1
fikojdiijdfdngghdfbmklinalojkaji,1.0.0
gjnhepnhbmefbfelafojipniieoegcng,5.0.0.0
ihebcblkkmenkgboojenhjgejfebkcel,0.3.4
ljicikbekcflmflgnkkeagfgkedllfdg,4
okhgonadpfhppmgobhnjicjpelhjndla,2.10.10
kfmhnmbhakiijibadjjepgijicfdbdge,1.0.3
endpkkmamcjdhenpegcickhcflfifpfn,7.7
ddhodpjidkbpkeheeenjflfjbgljgapl,6.3
dpahbfdjmafoonefgdecmmemamhbnnaa,5.2.7
ffgacbjeplimdnljijmckpmaggjknkgi,1.0.0
gaajcpnkapnemeiohoighjmjknpfcdfd,5.0.0
cnlblpfkakihfokngckhjgpmailefagn,1.0.0
ikhpipnkpbedjbmlgppdejmcdnjecded,1.0.0
akeliekmeaifanbdfknjoelhmmeblggh,1
bijgajcmgmhbhhedoghflcopfobfhngn,1.7
npbpfkbnfpblnahogmnjiffoimllllek,17.1
kpkcamnbjkdiodpgcengepidppnkjikf,1.1.4
